Timestamp,User Count,Type,Name,Requests/s,Failures/s,50%,66%,75%,80%,90%,95%,98%,99%,99.9%,99.99%,100%,Total Request Count,Total Failure Count,Total Median Response Time,Total Average Response Time,Total Min Response Time,Total Max Response Time,Total Average Content Size
1769685026,0,,Aggregated,0.000000,0.000000,N/A,N/A,N/A,N/A,N/A,N/A,N/A,N/A,N/A,N/A,N/A,0,0,0,0.0,0,0,0
1769685031,50,,Aggregated,0.000000,0.000000,N/A,N/A,N/A,N/A,N/A,N/A,N/A,N/A,N/A,N/A,N/A,0,0,0,0.0,0,0,0
1769685033,50,,Aggregated,0.000000,0.000000,N/A,N/A,N/A,N/A,N/A,N/A,N/A,N/A,N/A,N/A,N/A,0,0,0,0.0,0,0,0
1769685034,50,,Aggregated,0.000000,0.000000,89,150,2000,3000,5000,5900,6200,6400,6800,6800,6800,110,0,87,1244.1014636183602,33.853136003017426,6791.525815002387,37793.818181818184
1769685035,50,,Aggregated,0.000000,0.000000,68,110,1300,2800,4700,5600,6200,6400,6800,6800,6800,175,0,68,1118.5589696348845,33.24856498511508,6791.525815002387,40984.142857142855
1769685036,50,,Aggregated,13.500000,0.000000,62,74,110,770,3800,5400,6200,6300,6800,6800,6800,237,0,62,840.5699634727804,33.24856498511508,6791.525815002387,44597.08860759494
1769685037,50,,Aggregated,19.444444,0.000000,59,66,80,110,3600,5000,5900,6300,6800,6800,6800,288,0,59,701.4377495107611,33.24856498511508,6791.525815002387,47808.97222222222
1769685038,50,,Aggregated,23.200000,0.000000,58,65,70,80,2800,4700,5900,6200,6800,6800,6800,357,0,58,576.8248672193243,33.24856498511508,6791.525815002387,49979.705882352944
1769685039,50,,Aggregated,28.700000,0.000000,57,63,69,75,2000,4400,5600,6200,6800,6800,6800,408,0,57,511.62246569640723,33.24856498511508,6791.525815002387,51222.82843137255
1769685040,50,,Aggregated,35.300000,0.000000,56,62,66,70,1100,3800,5600,6200,6800,6800,6800,468,0,56,452.8939303826107,33.24856498511508,6791.525815002387,51911.305555555555
1769685041,50,,Aggregated,35.300000,0.000000,55,61,65,69,130,3600,5600,5900,6800,6800,6800,532,0,55,404.8758819720623,33.24856498511508,6791.525815002387,53164.97744360902
1769685042,50,,Aggregated,40.500000,0.000000,55,60,64,68,110,3300,5400,5900,6800,6800,6800,602,0,55,364.07469803512066,33.24856498511508,6791.525815002387,53868.97840531562
1769685043,50,,Aggregated,46.600000,0.000000,54,59,63,66,95,2900,5100,5900,6800,6800,6800,662,0,54,335.78114220554227,33.24856498511508,6791.525815002387,54327.34441087613
1769685044,50,,Aggregated,53.200000,0.000000,54,58,62,65,83,2500,5000,5900,6800,6800,6800,724,0,54,311.5652228438425,33.24856498511508,6791.525815002387,54684.26519337016
1769685045,50,,Aggregated,66.200000,0.000000,53,57,61,64,79,2100,4800,5900,6800,6800,6800,791,0,53,289.59677344493923,33.24856498511508,6791.525815002387,54897.45259165613
1769685046,50,,Aggregated,61.600000,0.000000,53,57,61,63,76,1400,4700,5600,6800,6800,6800,849,0,53,273.2600374605278,33.24856498511508,6791.525815002387,55105.66902237927
1769685047,50,,Aggregated,61.600000,0.000000,53,56,60,63,74,1100,4500,5600,6800,6800,6800,926,0,53,254.97522336615904,33.24856498511508,6791.525815002387,55426.11771058315
1769685048,50,,Aggregated,61.600000,0.000000,53,56,59,62,73,620,4500,5600,6800,6800,6800,987,0,53,242.41199994420472,33.24856498511508,6791.525815002387,55566.95542046606
1769685049,50,,Aggregated,63.900000,0.000000,53,56,59,62,72,140,4400,5600,6400,6800,6800,1045,0,53,232.00800246130186,33.24856498511508,6791.525815002387,55623.09377990431
1769685050,50,,Aggregated,62.900000,0.000000,53,56,59,62,70,120,4000,5400,6400,6800,6800,1101,0,53,222.83916471399777,33.24856498511508,6791.525815002387,55576.21980018165
1769685051,50,,Aggregated,63.500000,0.000000,53,56,59,62,69,110,3800,5400,6400,6800,6800,1164,0,53,213.75878266841164,33.24856498511508,6791.525815002387,55905.583333333336
1769685052,50,,Aggregated,62.700000,0.000000,53,56,59,61,69,100,3800,5400,6400,6800,6800,1229,0,53,205.17203487714252,33.24856498511508,6791.525815002387,56203.648494711146
1769685053,50,,Aggregated,62.400000,0.000000,52,56,58,61,69,98,3700,5400,6400,6800,6800,1283,0,52,198.7151960663197,33.24856498511508,6791.525815002387,56230.739672642245
1769685054,50,,Aggregated,61.800000,0.000000,52,55,58,61,68,90,3600,5100,6400,6800,6800,1348,0,52,191.6968850304712,33.24856498511508,6791.525815002387,56465.98293768546
1769685055,50,,Aggregated,61.800000,0.000000,52,56,58,60,68,85,3600,5000,6400,6800,6800,1417,0,52,184.97854645092295,33.24856498511508,6791.525815002387,56541.45730416373
1769685056,50,,Aggregated,62.100000,0.000000,52,55,58,60,68,84,3500,5000,6400,6800,6800,1473,0,52,179.85796540593762,31.224315986037254,6791.525815002387,56613.60760353021
1769685057,50,,Aggregated,62.300000,0.000000,52,55,58,60,66,82,3300,4800,6400,6800,6800,1534,0,52,174.70033737936913,31.224315986037254,6791.525815002387,56589.93220338983
1769685058,50,,Aggregated,62.100000,0.000000,52,55,57,59,66,81,3200,4800,6400,6800,6800,1589,0,52,170.36942389431846,31.224315986037254,6791.525815002387,56781.337948395216
1769685059,50,,Aggregated,62.100000,0.000000,52,55,57,59,66,80,2900,4700,6400,6800,6800,1660,0,52,165.1271960060589,29.252095991978422,6791.525815002387,56913.038554216866
1769685060,50,,Aggregated,60.500000,0.000000,52,55,57,59,66,78,2800,4700,6400,6800,6800,1728,0,52,160.6006856000864,29.252095991978422,6791.525815002387,57018.942708333336
1769685061,50,,Aggregated,62.000000,0.000000,52,55,57,59,65,77,2800,4700,6400,6800,6800,1796,0,52,156.36601158234194,29.252095991978422,6791.525815002387,57110.829064587975
1769685062,50,,Aggregated,63.400000,0.000000,52,55,57,58,65,76,2500,4500,6400,6800,6800,1850,0,52,153.22571086105765,29.252095991978422,6791.525815002387,57120.40540540541
1769685063,50,,Aggregated,63.600000,0.000000,52,55,57,58,65,76,2200,4500,6400,6800,6800,1918,0,52,149.61213676583463,29.252095991978422,6791.525815002387,57214.93274244004
1769685064,50,,Aggregated,62.600000,0.000000,52,54,56,58,64,75,2100,4500,6400,6800,6800,1975,0,52,146.73184244401304,29.252095991978422,6791.525815002387,57326.49569620253
1769685065,50,,Aggregated,63.100000,0.000000,52,54,56,58,64,74,2000,4400,6300,6800,6800,2042,0,52,143.62659940004258,29.252095991978422,6791.525815002387,57383.373163565135
1769685066,50,,Aggregated,62.600000,0.000000,52,54,56,58,64,74,1500,4400,6300,6800,6800,2094,0,52,141.30067808066343,29.252095991978422,6791.525815002387,57407.12846227316
1769685067,50,,Aggregated,62.400000,0.000000,52,54,56,58,64,73,1300,4200,6300,6800,6800,2164,0,52,138.37596924257656,29.252095991978422,6791.525815002387,57616.08086876155
1769685068,50,,Aggregated,61.800000,0.000000,52,54,56,58,64,72,1300,4000,6300,6800,6800,2212,0,52,136.44157990822572,29.252095991978422,6791.525815002387,57601.07820976492
1769685069,50,,Aggregated,61.600000,0.000000,52,54,56,58,63,72,1100,4000,6300,6800,6800,2270,0,52,134.19799604621102,29.252095991978422,6791.525815002387,57620.0114537445
1769685070,50,,Aggregated,61.400000,0.000000,52,54,56,58,63,72,1100,3800,6300,6800,6800,2335,0,52,131.90583165263112,29.252095991978422,6791.525815002387,57664.75246252677
1769685071,50,,Aggregated,60.000000,0.000000,52,54,56,58,63,71,770,3800,6300,6800,6800,2391,0,52,129.99166679331327,29.252095991978422,6791.525815002387,57715.34713508992
1769685072,50,,Aggregated,60.000000,0.000000,52,54,56,58,63,71,740,3800,6300,6800,6800,2444,0,52,128.279546271567,29.252095991978422,6791.525815002387,57882.83960720131
1769685073,50,,Aggregated,59.200000,0.000000,52,54,56,57,63,70,150,3700,6300,6800,6800,2510,0,52,126.29486229230113,29.252095991978422,6791.525815002387,57941.53187250996
1769685074,50,,Aggregated,59.600000,0.000000,52,54,56,57,63,69,150,3700,6300,6800,6800,2583,0,52,124.19717596431946,29.252095991978422,6791.525815002387,57975.05381339528
1769685075,50,,Aggregated,59.800000,0.000000,52,54,56,57,63,69,140,3600,6300,6800,6800,2647,0,52,122.4217812586573,29.252095991978422,6791.525815002387,58011.00491122025
1769685076,50,,Aggregated,60.700000,0.000000,52,54,56,57,62,69,130,3600,6300,6800,6800,2721,0,52,120.5171195376279,29.252095991978422,6791.525815002387,58067.09334803381
1769685077,50,,Aggregated,60.600000,0.000000,52,54,56,57,62,69,120,3600,6300,6800,6800,2778,0,52,119.09241243302866,29.252095991978422,6791.525815002387,58083.154427645786
1769685078,50,,Aggregated,62.900000,0.000000,52,54,56,57,62,69,120,3600,6300,6800,6800,2839,0,52,117.60202120783015,29.252095991978422,6791.525815002387,58136.355759070095
1769685079,50,,Aggregated,62.300000,0.000000,52,54,56,57,62,69,110,3500,6300,6800,6800,2904,0,52,116.09755964804529,29.252095991978422,6791.525815002387,58185.37362258953
1769685080,50,,Aggregated,63.400000,0.000000,52,54,56,57,62,69,110,3500,6300,6800,6800,2963,0,52,114.78989771275167,29.252095991978422,6791.525815002387,58199.07121160986
1769685081,50,,Aggregated,63.700000,0.000000,52,54,56,57,62,68,110,3300,6200,6800,6800,3029,0,52,113.378484895996,29.252095991978422,6791.525815002387,58231.77913502806
1769685082,50,,Aggregated,63.300000,0.000000,52,54,56,57,62,68,100,3300,6200,6800,6800,3090,0,52,112.14161403433866,29.252095991978422,6791.525815002387,58251.205825242716
1769685083,50,,Aggregated,63.100000,0.000000,51,54,56,57,62,68,100,3200,6200,6800,6800,3160,0,51,110.77639336014002,29.252095991978422,6791.525815002387,58240.425
1769685084,50,,Aggregated,63.300000,0.000000,51,54,56,57,62,68,98,3000,6200,6800,6800,3211,0,51,109.85373239213764,29.252095991978422,6791.525815002387,58274.737776393646
1769685085,50,,Aggregated,63.100000,0.000000,51,54,56,57,62,68,95,3000,6200,6800,6800,3283,0,51,108.55346532935543,29.252095991978422,6791.525815002387,58303.85318306427
1769685086,50,,Aggregated,61.200000,0.000000,51,54,56,57,62,68,95,2900,6200,6800,6800,3337,0,51,107.62393852573686,29.252095991978422,6791.525815002387,58324.36559784237
1769685087,50,,Aggregated,61.700000,0.000000,51,54,56,57,62,68,90,2900,6200,6800,6800,3398,0,51,106.60592692245116,29.252095991978422,6791.525815002387,58332.95526780459
1769685088,50,,Aggregated,60.700000,0.000000,51,54,56,57,61,68,87,2800,6200,6800,6800,3459,0,51,105.61661092325103,29.252095991978422,6791.525815002387,58399.83550159005
1769685089,50,,Aggregated,62.000000,0.000000,51,54,56,57,61,67,85,2800,6200,6800,6800,3526,0,51,104.59540306792854,29.252095991978422,6791.525815002387,58402.2067498582
1769685090,50,,Aggregated,62.000000,0.000000,51,54,56,57,61,67,84,2800,6200,6800,6800,3592,0,51,103.61747572734306,29.252095991978422,6791.525815002387,58456.577951002226
1769685091,50,,Aggregated,62.100000,0.000000,51,54,56,57,61,67,84,2500,6200,6800,6800,3653,0,51,102.73629656299619,29.252095991978422,6791.525815002387,58454.31371475499
1769685092,50,,Aggregated,63.200000,0.000000,51,54,56,57,61,67,83,2300,6200,6800,6800,3726,0,51,101.75031903992044,29.252095991978422,6791.525815002387,58489.21309715512
1769685093,50,,Aggregated,63.100000,0.000000,51,54,56,57,61,67,83,2300,6200,6800,6800,3790,0,51,100.94202151553525,29.252095991978422,6791.525815002387,58500.20052770449
1769685094,50,,Aggregated,64.900000,0.000000,51,54,56,57,62,68,82,2200,6200,6800,6800,3853,0,51,100.26267007703298,29.252095991978422,6791.525815002387,58490.74201920581
1769685095,50,,Aggregated,64.000000,0.000000,51,54,56,57,62,68,82,2100,6200,6800,6800,3917,0,51,99.54426966324542,29.252095991978422,6791.525815002387,58494.662752106204
1769685096,50,,Aggregated,64.700000,0.000000,52,54,56,57,62,68,82,2100,6200,6800,6800,3971,0,52,98.91057512686851,29.252095991978422,6791.525815002387,58472.981113069756
1769685097,50,,Aggregated,64.600000,0.000000,52,54,56,57,62,68,81,2000,6200,6800,6800,4034,0,52,98.18481182541215,29.252095991978422,6791.525815002387,58518.43529995042
1769685098,50,,Aggregated,62.800000,0.000000,52,54,56,57,62,68,81,2000,6200,6800,6800,4092,0,52,97.54329549036389,29.252095991978422,6791.525815002387,58498.70943304008
1769685099,50,,Aggregated,62.800000,0.000000,52,54,56,57,62,68,81,1500,6200,6800,6800,4160,0,52,96.85902054508496,29.252095991978422,6791.525815002387,58510.317307692305
1769685100,50,,Aggregated,61.600000,0.000000,52,54,56,57,62,68,81,1400,6200,6800,6800,4220,0,52,96.27031047314834,29.252095991978422,6791.525815002387,58524.05047393365
1769685101,50,,Aggregated,61.800000,0.000000,52,54,56,57,62,68,80,1400,6200,6800,6800,4279,0,52,95.69907966434576,29.252095991978422,6791.525815002387,58546.52185089974
1769685102,50,,Aggregated,60.400000,0.000000,52,54,56,57,62,68,80,1300,6200,6800,6800,4343,0,52,95.13409802527012,29.252095991978422,6791.525815002387,58555.00736817868
1769685103,50,,Aggregated,60.800000,0.000000,52,54,56,57,62,68,81,1300,6200,6800,6800,4402,0,52,94.61318215278637,29.252095991978422,6791.525815002387,58607.94706951386
1769685104,50,,Aggregated,59.500000,0.000000,52,54,56,58,62,68,81,1300,6200,6800,6800,4462,0,52,94.06038206645432,29.252095991978422,6791.525815002387,58677.63738233976
1769685105,50,,Aggregated,61.000000,0.000000,52,54,56,58,62,68,80,1100,6200,6800,6800,4529,0,52,93.41925576918351,29.252095991978422,6791.525815002387,58732.50099359682
1769685106,50,,Aggregated,61.500000,0.000000,52,54,56,58,62,68,80,1100,6200,6800,6800,4608,0,52,92.7098380956295,29.252095991978422,6791.525815002387,58831.682291666664
1769685107,50,,Aggregated,62.300000,0.000000,52,54,56,58,62,68,80,1100,6200,6800,6800,4674,0,52,92.1825289969387,29.252095991978422,6791.525815002387,58896.81022678648
1769685108,50,,Aggregated,65.000000,0.000000,52,54,56,57,62,68,80,770,6200,6800,6800,4739,0,52,91.59355874712037,29.252095991978422,6791.525815002387,58983.69086305128
1769685109,50,,Aggregated,64.600000,0.000000,52,54,56,57,62,68,81,770,6200,6800,6800,4795,0,52,91.30322812461951,29.252095991978422,6791.525815002387,59011.89676746611
1769685110,50,,Aggregated,65.300000,0.000000,52,54,56,58,62,68,81,740,6200,6800,6800,4854,0,52,90.89213563878187,29.252095991978422,6791.525815002387,59004.6347342398
1769685111,50,,Aggregated,64.200000,0.000000,52,54,56,58,62,68,82,740,6200,6800,6800,4910,0,52,90.97662673696573,29.252095991978422,6791.525815002387,59149.84460285132
1769685112,50,,Aggregated,64.300000,0.000000,52,54,56,58,62,68,84,740,6200,6800,6800,4968,0,52,90.749073005347,29.252095991978422,6791.525815002387,59244.28582930757
1769685113,50,,Aggregated,63.900000,0.000000,52,54,56,58,63,68,85,620,5900,6800,6800,5009,0,52,90.55324138262348,29.252095991978422,6791.525815002387,59383.34517867838
1769685114,50,,Aggregated,62.200000,0.000000,52,54,56,58,63,69,98,770,5900,6800,6800,5062,0,52,91.14213472353927,29.252095991978422,6791.525815002387,59460.372580007905
1769685115,50,,Aggregated,60.500000,0.000000,52,55,57,58,63,69,130,1400,5900,6800,6800,5098,0,52,92.85256068763815,29.252095991978422,6791.525815002387,59563.13985876815
1769685116,50,,Aggregated,58.100000,0.000000,52,55,57,58,63,70,150,1500,5900,6800,6800,5139,0,52,94.13658481252416,29.252095991978422,6791.525815002387,59659.85094376338
1769685117,50,,Aggregated,55.300000,0.000000,52,55,57,58,64,71,210,1600,5900,6800,6800,5169,0,52,94.82894401615268,29.252095991978422,6791.525815002387,59845.735345327914
1769685118,50,,Aggregated,52.300000,0.000000,52,55,57,58,64,72,230,1800,5900,6800,6800,5197,0,52,95.92143709053221,29.252095991978422,6791.525815002387,59946.71560515682
1769685119,50,,Aggregated,49.400000,0.000000,52,55,57,58,64,74,250,1900,5900,6800,6800,5236,0,52,99.26658916547524,29.252095991978422,6791.525815002387,60119.0563407181
1769685120,50,,Aggregated,46.400000,0.000000,52,55,57,58,65,75,260,2100,5900,6800,6800,5259,0,52,101.53538404172889,29.252095991978422,6791.525815002387,60211.07853204031
1769685121,50,,Aggregated,44.200000,0.000000,52,55,57,58,65,76,300,2100,5900,6800,6800,5297,0,52,103.9131360595447,29.252095991978422,6791.525815002387,60286.56937889371
1769685122,50,,Aggregated,41.400000,0.000000,52,55,57,59,65,79,330,2200,5900,6800,6800,5340,0,52,105.70437806188207,29.252095991978422,6791.525815002387,60459.99007490637
1769685123,50,,Aggregated,39.000000,0.000000,52,55,57,59,66,81,330,2200,5900,6800,6800,5379,0,52,105.64057747302755,29.252095991978422,6791.525815002387,60614.657928983084
1769685124,50,,Aggregated,38.400000,0.000000,52,55,57,59,66,83,350,2200,5900,6800,6800,5412,0,52,106.97865205939986,29.252095991978422,6791.525815002387,60741.68662232077
1769685125,50,,Aggregated,36.500000,0.000000,52,55,57,59,66,100,350,2200,5900,6800,6800,5471,0,52,107.50787999973818,28.651222004555166,6791.525815002387,60679.70974227746
1769685126,50,,Aggregated,36.800000,0.000000,52,55,57,59,67,110,350,2200,5900,6800,6800,5525,0,52,107.64115189365954,28.651222004555166,6791.525815002387,60786.115475113125
1769685127,50,,Aggregated,36.800000,0.000000,52,55,57,59,68,120,350,2200,5900,6800,6800,5572,0,52,107.64323923266114,28.651222004555166,6791.525815002387,60842.60319454415
1769685128,50,,Aggregated,37.600000,0.000000,52,55,57,59,68,140,350,2100,5900,6800,6800,5632,0,52,107.90177884256929,28.651222004555166,6791.525815002387,60883.078657670456
1769685129,50,,Aggregated,38.800000,0.000000,52,55,58,60,69,140,350,2100,5900,6800,6800,5691,0,52,107.98415539068847,28.651222004555166,6791.525815002387,60851.177824635386
1769685130,50,,Aggregated,40.900000,0.000000,52,55,58,60,71,150,340,2100,5900,6800,6800,5739,0,52,108.38331036649359,28.651222004555166,6791.525815002387,60768.08398675727
1769685131,50,,Aggregated,42.700000,0.000000,52,55,58,60,72,160,350,2100,5900,6800,6800,5816,0,52,108.3454609636145,28.651222004555166,6791.525815002387,60729.7462173315
1769685132,50,,Aggregated,44.300000,0.000000,52,55,58,60,73,160,350,2100,5900,6800,6800,5869,0,52,107.9413060407757,28.651222004555166,6791.525815002387,60721.468052479126
1769685133,50,,Aggregated,48.500000,0.000000,52,55,58,60,73,160,340,2000,5900,6800,6800,5944,0,52,107.3553932616555,28.651222004555166,6791.525815002387,60689.44145356662
1769685134,50,,Aggregated,50.600000,0.000000,52,55,58,60,73,160,340,2000,5900,6800,6800,6008,0,52,106.8802666776272,28.651222004555166,6791.525815002387,60649.277962716376
1769685135,50,,Aggregated,51.800000,0.000000,52,55,58,60,73,160,340,2000,5900,6800,6800,6077,0,52,106.28879459934237,28.651222004555166,6791.525815002387,60618.500575942075
1769685136,50,,Aggregated,55.200000,0.000000,52,55,58,60,72,150,340,1900,5900,6800,6800,6139,0,52,105.751703231685,28.651222004555166,6791.525815002387,60596.80387685291
1769685137,50,,Aggregated,56.500000,0.000000,52,55,58,60,72,150,330,1900,5900,6800,6800,6213,0,52,105.13881993938324,28.651222004555166,6791.525815002387,60555.51955577016
1769685138,50,,Aggregated,58.700000,0.000000,52,55,58,60,71,150,330,1900,5900,6800,6800,6272,0,52,104.63268707627897,28.651222004555166,6791.525815002387,60545.067602040814
1769685139,50,,Aggregated,60.600000,0.000000,52,55,58,60,71,150,330,1800,5900,6800,6800,6340,0,52,104.07236480385092,28.651222004555166,6791.525815002387,60521.75047318612
1769685140,50,,Aggregated,62.500000,0.000000,52,55,58,60,71,150,330,1800,5900,6800,6800,6404,0,52,103.54942497913835,28.651222004555166,6791.525815002387,60504.10024984385
1769685141,50,,Aggregated,63.400000,0.000000,52,55,58,60,70,150,330,1800,5900,6800,6800,6469,0,52,103.02626204120295,28.651222004555166,6791.525815002387,60473.7735353223
1769685142,50,,Aggregated,65.100000,0.000000,52,55,58,60,70,150,330,1800,5900,6800,6800,6526,0,52,102.57869910594461,28.651222004555166,6791.525815002387,60467.25589947901
1769685143,50,,Aggregated,64.700000,0.000000,52,55,58,60,70,140,320,1800,5900,6800,6800,6592,0,52,102.09054398777774,28.651222004555166,6791.525815002387,60450.625
1769685144,50,,Aggregated,65.200000,0.000000,52,55,58,60,69,140,310,1800,5900,6800,6800,6652,0,52,101.64210616227204,28.651222004555166,6791.525815002387,60415.00917017438
1769685145,50,,Aggregated,65.200000,0.000000,52,55,57,59,69,140,310,1700,5900,6800,6800,6712,0,52,101.17847063311025,28.651222004555166,6791.525815002387,60436.504618593564
1769685146,50,,Aggregated,64.900000,0.000000,52,55,57,59,69,140,310,1700,5900,6800,6800,6768,0,52,100.76949855489582,28.651222004555166,6791.525815002387,60403.596187943265
1769685147,50,,Aggregated,65.300000,0.000000,52,55,57,59,69,140,300,1700,5900,6800,6800,6836,0,52,100.28315115499805,28.651222004555166,6791.525815002387,60404.2897893505
1769685148,50,,Aggregated,63.700000,0.000000,52,55,57,59,69,140,300,1700,5900,6800,6800,6904,0,52,99.82254640957022,28.651222004555166,6791.525815002387,60374.44640787949
1769685149,50,,Aggregated,62.600000,0.000000,52,55,57,59,69,140,300,1700,5900,6800,6800,6966,0,52,99.39518977543479,28.651222004555166,6791.525815002387,60375.24834912432
1769685150,50,,Aggregated,61.600000,0.000000,52,55,57,59,68,130,300,1700,5900,6800,6800,7045,0,52,98.8440335742274,28.651222004555166,6791.525815002387,60350.44911284599
1769685151,50,,Aggregated,62.600000,0.000000,52,55,57,59,68,130,300,1600,5900,6800,6800,7103,0,52,98.43920530909688,28.651222004555166,6791.525815002387,60326.021540194284
1769685152,50,,Aggregated,62.000000,0.000000,52,55,57,59,68,130,300,1600,5900,6800,6800,7164,0,52,98.03784160311005,28.651222004555166,6791.525815002387,60340.25753768844
1769685153,50,,Aggregated,63.400000,0.000000,52,55,57,59,68,130,300,1600,5900,6800,6800,7231,0,52,97.61552287758963,28.651222004555166,6791.525815002387,60321.51611118794
1769685154,50,,Aggregated,62.600000,0.000000,52,55,57,59,68,130,300,1600,5900,6800,6800,7290,0,52,97.27896190147345,28.651222004555166,6791.525815002387,60307.29794238683
1769685155,50,,Aggregated,63.600000,0.000000,52,55,57,59,68,130,290,1600,5900,6800,6800,7349,0,52,96.95008824924703,28.651222004555166,6791.525815002387,60309.06844468635
1769685156,50,,Aggregated,63.300000,0.000000,52,55,57,59,68,130,280,1500,5900,6800,6800,7414,0,52,96.57144423965725,28.651222004555166,6791.525815002387,60297.715538171025
1769685157,50,,Aggregated,62.800000,0.000000,52,55,57,59,68,120,280,1500,5900,6800,6800,7477,0,52,96.21716927590735,28.651222004555166,6791.525815002387,60303.57349204226
1769685158,50,,Aggregated,62.800000,0.000000,52,55,57,59,68,120,280,1500,5900,6800,6800,7543,0,52,95.85815066048416,28.651222004555166,6791.525815002387,60286.05077555349
1769685159,50,,Aggregated,64.000000,0.000000,52,55,57,59,68,120,270,1500,5900,6800,6800,7605,0,52,95.51646667142658,28.651222004555166,6791.525815002387,60281.206837606835
1769685160,50,,Aggregated,63.900000,0.000000,52,55,57,59,68,120,270,1500,5900,6800,6800,7665,0,52,95.24517013104808,28.651222004555166,6791.525815002387,60280.52550554468
1769685162,50,,Aggregated,63.700000,0.000000,52,55,57,59,68,120,270,1400,5900,6800,6800,7732,0,52,94.88398094548054,28.651222004555166,6791.525815002387,60284.29293843766
1769685163,50,,Aggregated,63.800000,0.000000,52,55,57,59,68,120,270,1400,5900,6800,6800,7799,0,52,94.62857610300176,28.651222004555166,6791.525815002387,60292.160918066416
1769685164,50,,Aggregated,62.300000,0.000000,52,55,57,59,68,120,270,1400,5900,6800,6800,7858,0,52,94.35045421382839,28.651222004555166,6791.525815002387,60281.1684907101
1769685165,50,,Aggregated,63.300000,0.000000,52,55,57,59,69,120,270,1400,5900,6800,6800,7916,0,52,94.07507616375239,28.651222004555166,6791.525815002387,60292.84941889843
1769685166,50,,Aggregated,63.300000,0.000000,52,55,57,59,69,120,270,1400,5900,6800,6800,7976,0,52,93.79417413369897,28.651222004555166,6791.525815002387,60291.22893681043
1769685167,50,,Aggregated,62.100000,0.000000,52,55,57,59,69,120,270,1400,5600,6800,6800,8026,0,52,93.55619470051896,28.651222004555166,6791.525815002387,60272.40966857712
1769685168,50,,Aggregated,62.400000,0.000000,52,55,57,59,69,120,270,1400,5600,6800,6800,8099,0,52,93.22309047059326,28.651222004555166,6791.525815002387,60265.276206939125
1769685169,50,,Aggregated,60.900000,0.000000,52,55,57,59,68,120,260,1300,5600,6800,6800,8169,0,52,92.87869906308066,28.651222004555166,6791.525815002387,60273.55061819072
1769685170,50,,Aggregated,61.800000,0.000000,52,55,57,59,68,120,260,1300,5600,6800,6800,8235,0,52,92.56988278133953,28.651222004555166,6791.525815002387,60272.64650880389
1769685171,50,,Aggregated,62.200000,0.000000,52,55,57,59,69,120,260,1300,5600,6800,6800,8296,0,52,92.29330359056932,28.651222004555166,6791.525815002387,60257.181653809064
1769685172,50,,Aggregated,62.700000,0.000000,52,55,57,59,68,120,260,1300,5600,6800,6800,8353,0,52,92.04090319063829,28.651222004555166,6791.525815002387,60263.394947922905
1769685173,50,,Aggregated,62.800000,0.000000,52,55,57,59,68,120,260,1300,5600,6800,6800,8426,0,52,91.70417213215639,28.651222004555166,6791.525815002387,60238.660099691435
1769685174,50,,Aggregated,61.600000,0.000000,52,55,57,59,68,120,260,1300,5600,6800,6800,8478,0,52,91.47130437398458,28.651222004555166,6791.525815002387,60249.734607218685
1769685175,50,,Aggregated,61.900000,0.000000,52,55,57,59,68,120,260,1300,5600,6800,6800,8541,0,52,91.17778887316597,28.651222004555166,6791.525815002387,60251.814307458146
1769685176,50,,Aggregated,61.900000,0.000000,52,55,57,59,68,120,260,1300,5600,6800,6800,8611,0,52,90.89246367605934,28.651222004555166,6791.525815002387,60232.15573104169
1769685177,50,,Aggregated,61.900000,0.000000,52,55,57,59,68,110,250,1300,5600,6800,6800,8664,0,52,90.66605453964632,28.651222004555166,6791.525815002387,60249.284164358265
1769685178,50,,Aggregated,62.500000,0.000000,52,55,57,59,68,110,250,1200,5600,6800,6800,8732,0,52,90.39982922749006,28.651222004555166,6791.525815002387,60230.188845625285
1769685179,50,,Aggregated,63.200000,0.000000,52,55,57,59,68,110,250,1200,5600,6800,6800,8789,0,52,90.174051833715,28.651222004555166,6791.525815002387,60220.80191148026
1769685180,50,,Aggregated,62.800000,0.000000,52,55,57,59,68,110,250,1200,5600,6800,6800,8862,0,52,89.851878227998,28.651222004555166,6791.525815002387,60220.4016023471
1769685181,50,,Aggregated,61.800000,0.000000,52,55,57,59,68,110,250,1200,5600,6800,6800,8918,0,52,89.6227877481976,28.651222004555166,6791.525815002387,60229.0409284593
1769685182,50,,Aggregated,62.200000,0.000000,52,55,57,59,68,110,250,1200,5600,6800,6800,8999,0,52,89.30310822219718,28.651222004555166,6791.525815002387,60216.95710634515
1769685183,50,,Aggregated,62.300000,0.000000,52,55,57,59,68,110,250,1100,5600,6800,6800,9053,0,52,89.0987177232441,28.651222004555166,6791.525815002387,60212.75091130012
1769685184,50,,Aggregated,64.000000,0.000000,52,55,57,59,68,110,240,1100,5600,6800,6800,9121,0,52,88.84653930450757,28.651222004555166,6791.525815002387,60206.47977195483
1769685185,50,,Aggregated,62.400000,0.000000,52,55,57,59,68,110,240,1100,5600,6800,6800,9188,0,52,88.59620306773624,28.651222004555166,6791.525815002387,60194.36438833261
1769685186,50,,Aggregated,63.500000,0.000000,52,55,57,59,68,110,240,1100,5600,6800,6800,9245,0,52,88.39752573685281,28.651222004555166,6791.525815002387,60192.64261763115
1769685187,50,,Aggregated,64.200000,0.000000,52,55,57,59,68,110,240,1100,5600,6800,6800,9302,0,52,88.18260483286222,28.651222004555166,6791.525815002387,60179.097935927755
1769685188,50,,Aggregated,63.000000,0.000000,52,55,57,59,68,110,240,1100,5600,6800,6800,9370,0,52,87.95273845596388,28.651222004555166,6791.525815002387,60181.572465314835
1769685189,50,,Aggregated,63.800000,0.000000,52,55,57,59,68,110,240,1100,5600,6800,6800,9429,0,52,87.76383110280537,28.651222004555166,6791.525815002387,60169.28900201506
1769685190,50,,Aggregated,63.800000,0.000000,52,55,58,59,68,110,240,1100,5600,6800,6800,9497,0,52,87.5591685146199,28.651222004555166,6791.525815002387,60164.81015057387
1769685191,50,,Aggregated,63.500000,0.000000,52,55,58,59,68,110,240,890,5600,6800,6800,9558,0,52,87.36557133806845,28.651222004555166,6791.525815002387,60163.6118434819
1769685192,50,,Aggregated,61.900000,0.000000,52,55,58,59,68,110,240,890,5600,6800,6800,9604,0,52,87.21728661257748,28.651222004555166,6791.525815002387,60137.04081632653
1769685193,50,,Aggregated,62.500000,0.000000,52,55,58,59,68,110,240,890,5600,6800,6800,9666,0,52,87.02187355473495,28.651222004555166,6791.525815002387,60145.85361059383
1769685194,50,,Aggregated,59.900000,0.000000,52,55,58,59,68,100,230,770,5600,6800,6800,9722,0,52,86.84627254083901,28.651222004555166,6791.525815002387,60154.60203661798
1769685195,50,,Aggregated,61.100000,0.000000,52,55,58,59,68,100,230,770,5600,6800,6800,9786,0,52,86.65196758307442,28.651222004555166,6791.525815002387,60146.03188228081
1769685196,50,,Aggregated,60.600000,0.000000,52,55,58,60,68,100,230,740,5600,6800,6800,9859,0,52,86.42633914746325,28.651222004555166,6791.525815002387,60158.123440511205
1769685197,50,,Aggregated,60.100000,0.000000,53,55,58,60,68,100,230,620,5600,6800,6800,9919,0,53,86.22695372374912,28.651222004555166,6791.525815002387,60170.46920052425
1769685198,50,,Aggregated,61.800000,0.000000,53,55,58,59,68,100,230,620,5600,6800,6800,9979,0,53,86.02682187220591,28.651222004555166,6791.525815002387,60183.61288706283
1769685199,50,,Aggregated,60.500000,0.000000,53,55,58,59,68,100,230,600,5600,6400,6800,10050,0,53,85.783504319562,28.651222004555166,6791.525815002387,60204.012935323386
1769685200,50,,Aggregated,59.900000,0.000000,53,55,58,59,68,100,230,510,5600,6400,6800,10114,0,53,85.5735569655306,28.651222004555166,6791.525815002387,60202.93167886099
1769685201,50,,Aggregated,61.300000,0.000000,52,55,58,59,68,100,230,510,5600,6400,6800,10168,0,52,85.44090191240001,28.651222004555166,6791.525815002387,60225.44876081825
1769685202,50,,Aggregated,61.800000,0.000000,53,55,58,59,68,98,230,470,5600,6400,6800,10236,0,53,85.22956517461316,28.651222004555166,6791.525815002387,60236.88667448222
1769685203,50,,Aggregated,61.200000,0.000000,53,55,58,59,67,98,230,510,5600,6400,6800,10288,0,52,85.1767461328937,28.651222004555166,6791.525815002387,60272.503013219284
1769685204,50,,Aggregated,63.100000,0.000000,52,55,58,59,67,100,230,470,5600,6400,6800,10352,0,52,85.03229069225435,28.651222004555166,6791.525815002387,60294.19252318393
1769685205,50,,Aggregated,62.200000,0.000000,52,55,58,59,68,100,230,470,5600,6400,6800,10417,0,52,85.0300345877075,28.651222004555166,6791.525815002387,60354.56455793414
1769685206,50,,Aggregated,61.600000,0.000000,52,55,58,59,68,100,230,510,5600,6400,6800,10457,0,52,85.09052265211132,28.651222004555166,6791.525815002387,60362.24433393899
1769685207,50,,Aggregated,61.800000,0.000000,53,55,58,59,68,100,230,600,5600,6400,6800,10510,0,53,85.24635756766519,28.651222004555166,6791.525815002387,60469.82083729781
1769685208,50,,Aggregated,59.600000,0.000000,53,55,58,59,68,110,240,770,5600,6400,6800,10557,0,53,85.49138459583058,28.651222004555166,6791.525815002387,60491.219191058066
1769685209,50,,Aggregated,59.200000,0.000000,53,55,58,60,68,110,240,890,5600,6400,6800,10601,0,53,85.84596206870455,28.651222004555166,6791.525815002387,60546.44958022828
1769685210,50,,Aggregated,57.700000,0.000000,53,55,58,60,68,110,240,990,5600,6400,6800,10629,0,53,86.13875776040376,28.651222004555166,6791.525815002387,60607.43409539938
1769685211,50,,Aggregated,55.000000,0.000000,53,55,58,60,68,110,240,1100,5600,6400,6800,10670,0,53,86.76490165552232,28.651222004555166,6791.525815002387,60665.269447047795
1769685212,50,,Aggregated,52.600000,0.000000,53,55,58,60,69,110,250,1100,5600,6400,6800,10712,0,53,88.1044857236216,28.651222004555166,6791.525815002387,60699.23618371919
1769685213,50,,Aggregated,50.800000,0.000000,53,55,58,60,69,110,260,1200,5600,6400,6800,10757,0,53,89.19312370144479,28.651222004555166,6791.525815002387,60775.77428651111
1769685214,50,,Aggregated,47.800000,0.000000,53,56,58,60,69,120,260,1300,5600,6400,6800,10790,0,53,89.8119922001423,28.651222004555166,6791.525815002387,60837.53327154773
1769685215,50,,Aggregated,46.600000,0.000000,53,56,58,60,70,120,270,1300,5600,6400,6800,10826,0,53,90.0843497935074,28.651222004555166,6791.525815002387,60907.13698503603
1769685216,50,,Aggregated,43.900000,0.000000,53,56,58,60,70,120,270,1300,5600,6400,6800,10862,0,53,90.83123195695062,28.651222004555166,6791.525815002387,60947.563708341004
1769685217,50,,Aggregated,41.600000,0.000000,53,56,58,60,71,120,270,1300,5600,6400,6800,10913,0,53,91.2455128905263,28.651222004555166,6791.525815002387,60952.7278475213
1769685218,50,,Aggregated,40.100000,0.000000,53,56,58,60,71,130,270,1300,5600,6400,6800,10961,0,53,91.45746382094075,28.651222004555166,6791.525815002387,61028.072894808865
1769685219,50,,Aggregated,39.600000,0.000000,53,56,58,60,72,130,280,1300,5400,6400,6800,11004,0,53,91.76941456828287,28.651222004555166,6791.525815002387,61039.783351508544
1769685220,50,,Aggregated,40.300000,0.000000,53,56,58,60,72,130,280,1400,5400,6400,6800,11055,0,53,92.03272987033004,28.651222004555166,6791.525815002387,61051.084938941654
1769685221,50,,Aggregated,39.700000,0.000000,53,56,58,61,73,140,280,1400,5400,6400,6800,11100,0,53,92.25753370482371,28.651222004555166,6791.525815002387,61018.27837837838
1769685222,50,,Aggregated,42.000000,0.000000,53,56,58,61,73,140,280,1300,5400,6400,6800,11166,0,53,92.20754407742506,28.651222004555166,6791.525815002387,61048.32231775032
1769685223,50,,Aggregated,41.800000,0.000000,53,56,58,61,74,140,280,1300,5400,6400,6800,11227,0,53,92.33307014825907,28.651222004555166,6791.525815002387,61040.108844749266
1769685224,50,,Aggregated,45.000000,0.000000,53,56,58,61,74,140,280,1300,5400,6400,6800,11278,0,53,92.18820687777107,28.651222004555166,6791.525815002387,61067.67237098776
1769685225,50,,Aggregated,43.500000,0.000000,53,56,58,61,74,140,280,1300,5400,6400,6800,11341,0,53,92.2828786847202,28.651222004555166,6791.525815002387,61040.8049554713
1769685226,50,,Aggregated,47.200000,0.000000,53,56,58,61,75,150,280,1300,5400,6400,6800,11414,0,53,92.39449935381593,28.651222004555166,6791.525815002387,61019.72209567198
1769685227,50,,Aggregated,47.800000,0.000000,53,56,59,61,75,150,280,1300,5400,6400,6800,11463,0,53,92.27490995633549,28.651222004555166,6791.525815002387,60983.251417604464
1769685228,50,,Aggregated,50.500000,0.000000,53,56,59,61,76,150,280,1300,5400,6400,6800,11499,0,53,92.19515216275167,28.651222004555166,6791.525815002387,60987.09670406122
1769685229,50,,Aggregated,53.400000,0.000000,53,56,59,61,75,150,270,1300,5400,6400,6800,11570,0,53,91.98823420626147,28.651222004555166,6791.525815002387,60978.502074330165
1769685230,50,,Aggregated,54.600000,0.000000,53,56,59,61,75,150,270,1300,5400,6400,6800,11617,0,53,91.84098007071204,28.651222004555166,6791.525815002387,60963.681243005936
1769685231,50,,Aggregated,56.200000,0.000000,53,56,59,61,75,150,270,1300,5400,6400,6800,11692,0,53,91.67498937960407,28.651222004555166,6791.525815002387,60953.218012316116
1769685232,50,,Aggregated,56.700000,0.000000,53,56,59,61,75,150,270,1300,5400,6400,6800,11751,0,53,91.48716188292929,28.651222004555166,6791.525815002387,60946.173006552635
1769685233,50,,Aggregated,58.400000,0.000000,53,56,59,61,75,140,270,1300,5400,6400,6800,11816,0,53,91.2986199793803,28.651222004555166,6791.525815002387,60928.72164861205
1769685234,50,,Aggregated,57.300000,0.000000,53,56,59,61,75,140,270,1300,5400,6400,6800,11880,0,53,91.13725645011532,28.651222004555166,6791.525815002387,60917.8851010101
1769685235,50,,Aggregated,58.200000,0.000000,53,56,59,61,75,140,270,1300,5400,6400,6800,11948,0,53,90.9226172605825,28.651222004555166,6791.525815002387,60903.817375292936
1769685236,50,,Aggregated,57.800000,0.000000,53,56,59,61,74,140,270,1200,5400,6400,6800,12025,0,53,90.75246614772146,28.651222004555166,6791.525815002387,60883.08623700624
1769685237,50,,Aggregated,59.800000,0.000000,53,56,59,61,74,140,270,1200,5400,6400,6800,12075,0,53,90.60669063647349,28.651222004555166,6791.525815002387,60853.64761904762
1769685238,50,,Aggregated,59.700000,0.000000,53,56,59,61,74,140,270,1200,5400,6400,6800,12144,0,53,90.3895606652189,28.651222004555166,6791.525815002387,60856.589920948616
1769685239,50,,Aggregated,60.500000,0.000000,53,56,59,61,74,140,260,1200,5400,6400,6800,12210,0,53,90.19001177168632,28.651222004555166,6791.525815002387,60846.042915642916
1769685240,50,,Aggregated,59.300000,0.000000,53,56,59,61,74,140,260,1200,5400,6400,6800,12267,0,53,90.02942254947438,28.651222004555166,6791.525815002387,60839.894595255566
1769685241,50,,Aggregated,61.300000,0.000000,53,56,59,61,73,140,260,1200,5400,6400,6800,12336,0,53,89.82859380012795,28.651222004555166,6791.525815002387,60814.2721303502
1769685242,50,,Aggregated,61.600000,0.000000,53,56,59,61,73,140,260,1200,5400,6400,6800,12391,0,53,89.68022701382776,28.651222004555166,6791.525815002387,60810.96085868776
1769685243,50,,Aggregated,61.500000,0.000000,53,56,59,61,73,140,260,1200,5400,6400,6800,12446,0,53,89.51964542377526,28.651222004555166,6791.525815002387,60798.83625261128
1769685244,50,,Aggregated,62.600000,0.000000,53,56,59,61,73,140,260,1200,5400,6400,6800,12508,0,53,89.34828414274334,28.651222004555166,6791.525815002387,60799.817636712505
1769685245,50,,Aggregated,64.700000,0.000000,53,56,59,61,73,140,260,1200,5400,6400,6800,12565,0,53,89.18335568972594,28.651222004555166,6791.525815002387,60795.289454834856
1769685246,50,,Aggregated,65.100000,0.000000,53,56,59,61,73,140,260,1200,5400,6400,6800,12633,0,53,88.9903631046,28.651222004555166,6791.525815002387,60777.27839784691
1769685247,50,,Aggregated,64.400000,0.000000,53,56,59,61,73,140,260,1200,5400,6400,6800,12686,0,53,88.83962758217073,28.651222004555166,6791.525815002387,60785.531530821376
1769685248,50,,Aggregated,63.900000,0.000000,53,56,59,61,72,140,260,1200,5400,6400,6800,12761,0,53,88.62422276613223,28.651222004555166,6791.525815002387,60771.82556226001
1769685249,50,,Aggregated,61.800000,0.000000,53,56,58,61,72,130,260,1200,5400,6400,6800,12818,0,53,88.45682904264815,28.651222004555166,6791.525815002387,60771.13847714152
1769685250,50,,Aggregated,62.000000,0.000000,53,56,58,61,72,130,260,1200,5400,6400,6800,12900,0,53,88.22571310385712,28.651222004555166,6791.525815002387,60763.93542635659
1769685251,50,,Aggregated,61.000000,0.000000,53,56,58,61,72,130,260,1200,5400,6400,6800,12960,0,53,88.05626677767353,28.651222004555166,6791.525815002387,60760.579552469135
1769685252,50,,Aggregated,59.900000,0.000000,53,56,58,61,72,130,260,1200,5100,6400,6800,13026,0,53,87.87727849604335,28.651222004555166,6791.525815002387,60755.1847842776
1769685253,50,,Aggregated,62.400000,0.000000,53,56,58,61,72,130,260,1200,5100,6400,6800,13090,0,53,87.698151182929,28.651222004555166,6791.525815002387,60750.72032085562
1769685254,50,,Aggregated,61.500000,0.000000,53,56,58,61,71,130,260,1100,5100,6400,6800,13160,0,53,87.50972971736806,28.651222004555166,6791.525815002387,60747.914589665656
1769685255,50,,Aggregated,62.100000,0.000000,53,56,58,61,71,130,250,1100,5100,6400,6800,13211,0,53,87.37649791043901,28.651222004555166,6791.525815002387,60730.58617818484
1769685256,50,,Aggregated,62.300000,0.000000,53,56,58,61,71,130,250,1100,5100,6400,6800,13278,0,53,87.19251799952646,27.48675100156106,6791.525815002387,60732.26848923031
1769685257,50,,Aggregated,63.200000,0.000000,53,56,58,61,71,130,250,1100,5100,6400,6800,13344,0,53,87.01454092594237,27.48675100156106,6791.525815002387,60728.01761091127
1769685258,50,,Aggregated,62.700000,0.000000,53,56,58,60,71,130,250,1100,5100,6400,6800,13409,0,53,86.83159184343853,27.48675100156106,6791.525815002387,60729.360131255125
1769685259,50,,Aggregated,63.700000,0.000000,53,56,58,60,71,130,250,1100,5100,6400,6800,13472,0,53,86.66156458259523,27.48675100156106,6791.525815002387,60728.42859263658
1769685260,50,,Aggregated,64.700000,0.000000,53,56,58,60,71,130,250,1100,5100,6400,6800,13522,0,53,86.53418048038472,27.48675100156106,6791.525815002387,60707.91095991717
1769685261,50,,Aggregated,64.800000,0.000000,53,56,58,60,71,130,250,1100,5100,6400,6800,13587,0,53,86.37567177137663,27.48675100156106,6791.525815002387,60709.061308603814
1769685262,50,,Aggregated,65.400000,0.000000,53,56,58,60,70,130,250,1100,5100,6400,6800,13637,0,53,86.25265709354912,27.48675100156106,6791.525815002387,60706.88956515363
1769685264,50,,Aggregated,62.300000,0.000000,53,56,58,60,70,130,250,1100,5100,6400,6800,13696,0,53,86.10676048063345,27.48675100156106,6791.525815002387,60706.88529497664
1769685265,50,,Aggregated,61.100000,0.000000,53,56,58,60,70,130,250,1100,5100,6400,6800,13752,0,53,85.95975735491527,27.48675100156106,6791.525815002387,60704.34213205352
1769685266,50,,Aggregated,61.100000,0.000000,53,56,58,60,70,130,250,1100,5100,6400,6800,13820,0,53,85.78927937002823,27.48675100156106,6791.525815002387,60708.2526049204
1769685267,50,,Aggregated,60.100000,0.000000,53,56,58,60,70,130,250,1100,5100,6400,6800,13882,0,53,85.64074797426751,27.48675100156106,6791.525815002387,60702.5690822648
1769685268,50,,Aggregated,58.900000,0.000000,53,56,58,60,70,130,250,1100,5100,6400,6800,13953,0,53,85.46682299074641,27.48675100156106,6791.525815002387,60693.14792517738
1769685269,50,,Aggregated,60.600000,0.000000,53,56,58,60,70,120,250,1100,5000,6400,6800,14014,0,53,85.31444732017232,27.48675100156106,6791.525815002387,60693.90580847724
1769685270,50,,Aggregated,59.900000,0.000000,53,56,58,60,70,120,250,1100,5000,6400,6800,14082,0,53,85.14331285164451,27.48675100156106,6791.525815002387,60689.49147848317
1769685271,50,,Aggregated,60.200000,0.000000,53,56,58,60,70,120,250,1100,5000,6400,6800,14145,0,53,84.99283842729399,27.48675100156106,6791.525815002387,60681.7167903853
1769685272,50,,Aggregated,60.900000,0.000000,53,56,58,60,69,120,240,1000,5000,6400,6800,14215,0,53,84.81825713148996,27.48675100156106,6791.525815002387,60673.86690116075
1769685273,50,,Aggregated,61.800000,0.000000,53,56,58,60,69,120,240,1000,5000,6400,6800,14281,0,53,84.66266617059046,27.48675100156106,6791.525815002387,60658.2084587914
1769685274,50,,Aggregated,62.700000,0.000000,53,56,58,60,69,120,240,990,5000,6400,6800,14331,0,53,84.55240053891397,27.48675100156106,6791.525815002387,60655.848719559
1769685275,50,,Aggregated,63.400000,0.000000,53,56,58,60,69,120,240,990,5000,6400,6800,14399,0,53,84.39736456699286,27.48675100156106,6791.525815002387,60651.337940134734
1769685276,50,,Aggregated,63.200000,0.000000,53,56,58,60,69,120,240,960,5000,6400,6800,14453,0,53,84.27403473169633,27.48675100156106,6791.525815002387,60654.41036463018
1769685277,50,,Aggregated,64.100000,0.000000,53,56,58,60,69,120,240,890,5000,6400,6800,14518,0,53,84.13541395517112,27.48675100156106,6791.525815002387,60646.2700096432
1769685278,50,,Aggregated,62.400000,0.000000,53,56,58,60,69,120,240,890,5000,6400,6800,14572,0,53,84.02203190612742,27.48675100156106,6791.525815002387,60633.33612407357
1769685279,50,,Aggregated,62.300000,0.000000,53,56,58,60,69,120,240,890,5000,6400,6800,14634,0,53,83.89209293222729,27.48675100156106,6791.525815002387,60636.6594232609
1769685280,50,,Aggregated,60.700000,0.000000,53,56,58,60,69,120,240,890,5000,6400,6800,14685,0,53,83.7888351914995,27.48675100156106,6791.525815002387,60629.979775280895
1769685281,50,,Aggregated,60.100000,0.000000,53,56,58,60,69,120,240,770,5000,6400,6800,14753,0,53,83.65991502495443,27.48675100156106,6791.525815002387,60630.36907747577
1769685282,50,,Aggregated,59.000000,0.000000,53,56,58,60,69,120,240,740,5000,6400,6800,14810,0,53,83.55573897448595,27.48675100156106,6791.525815002387,60619.88757596219
1769685283,50,,Aggregated,59.800000,0.000000,53,56,58,60,69,120,240,740,5000,6400,6800,14877,0,53,83.42855671077317,27.48675100156106,6791.525815002387,60609.470390535724
1769685284,50,,Aggregated,58.300000,0.000000,53,56,58,60,69,120,240,620,5000,6400,6800,14933,0,53,83.3204079704141,27.48675100156106,6791.525815002387,60610.732672604296
1769685285,50,,Aggregated,58.300000,0.000000,53,56,58,60,69,120,240,600,4800,6400,6800,15006,0,53,83.17417819113524,27.48675100156106,6791.525815002387,60608.87498334
1769685286,50,,Aggregated,60.200000,0.000000,53,56,58,60,69,120,240,600,4800,6400,6800,15071,0,53,83.04737085364683,27.48675100156106,6791.525815002387,60600.26614026939
1769685287,50,,Aggregated,61.400000,0.000000,53,56,58,60,69,120,240,510,4800,6400,6800,15144,0,53,82.90557823707312,27.48675100156106,6791.525815002387,60602.87110406762
1769685288,50,,Aggregated,62.400000,0.000000,53,56,58,60,69,120,240,510,4800,6400,6800,15205,0,53,82.7914915771899,27.48675100156106,6791.525815002387,60594.71042420257
1769685289,50,,Aggregated,63.400000,0.000000,53,56,58,60,69,120,240,510,4800,6400,6800,15268,0,53,82.67332825551755,27.48675100156106,6791.525815002387,60597.30508252554
1769685290,50,,Aggregated,63.000000,0.000000,53,56,58,60,69,120,240,470,4800,6400,6800,15341,0,53,82.5295532640208,27.48675100156106,6791.525815002387,60598.66188644808
1769685291,50,,Aggregated,63.700000,0.000000,53,56,58,60,69,120,240,460,4800,6400,6800,15403,0,53,82.41401158653288,27.48675100156106,6791.525815002387,60586.3625267805
1769685292,50,,Aggregated,63.800000,0.000000,53,56,58,60,68,120,240,460,4800,6400,6800,15465,0,53,82.28783935463413,27.48675100156106,6791.525815002387,60605.162237310054
1769685293,50,,Aggregated,64.100000,0.000000,53,56,58,60,68,120,240,450,4800,6400,6800,15523,0,53,82.18308808918654,27.48675100156106,6791.525815002387,60609.25162661856
1769685294,50,,Aggregated,64.200000,0.000000,53,56,58,60,68,120,240,450,4800,6400,6800,15570,0,53,82.09401964229676,27.48675100156106,6791.525815002387,60615.627552986516
1769685295,50,,Aggregated,63.100000,0.000000,53,56,58,60,68,120,240,440,4800,6400,6800,15628,0,53,82.01002301180787,27.48675100156106,6791.525815002387,60630.91073713847
1769685296,50,,Aggregated,62.100000,0.000000,53,56,58,60,68,120,240,450,4800,6400,6800,15696,0,53,81.96455550380095,27.48675100156106,6791.525815002387,60645.82747196738
1769685297,50,,Aggregated,60.200000,0.000000,53,56,58,60,68,120,240,450,4800,6400,6800,15758,0,53,81.93053990821694,27.48675100156106,6791.525815002387,60653.749904810255
1769685298,50,,Aggregated,60.400000,0.000000,53,56,58,60,68,120,240,440,4800,6400,6800,15809,0,53,81.88011017273112,27.48675100156106,6791.525815002387,60664.46777152255
1769685299,50,,Aggregated,60.000000,0.000000,53,56,58,60,68,120,240,450,4800,6400,6800,15871,0,53,81.89879762162002,27.48675100156106,6791.525815002387,60696.35404196333
1769685300,50,,Aggregated,60.300000,0.000000,53,56,58,60,68,120,240,450,4800,6400,6800,15927,0,53,81.9415548415766,27.48675100156106,6791.525815002387,60727.894267595904
1769685301,50,,Aggregated,60.700000,0.000000,53,56,58,60,69,120,240,470,4800,6400,6800,15991,0,53,82.01699986159065,27.48675100156106,6791.525815002387,60793.33856544306
1769685302,50,,Aggregated,60.100000,0.000000,53,56,58,60,69,120,240,600,4700,6400,6800,16041,0,53,82.32086043860389,27.48675100156106,6791.525815002387,60807.38420297986
1769685303,50,,Aggregated,60.000000,0.000000,53,56,58,60,69,120,240,740,4700,6400,6800,16072,0,53,82.46341323281005,27.48675100156106,6791.525815002387,60826.9599925336
1769685304,50,,Aggregated,58.800000,0.000000,53,56,58,60,69,120,240,930,4700,6400,6800,16123,0,53,82.94165523181509,27.48675100156106,6791.525815002387,60874.24021584073
1769685305,50,,Aggregated,56.400000,0.000000,53,56,58,60,69,120,240,970,4700,6400,6800,16161,0,53,83.23213688909286,27.48675100156106,6791.525815002387,60885.85557824392
1769685306,50,,Aggregated,54.700000,0.000000,53,56,58,60,69,120,240,1100,4700,6400,6800,16205,0,53,83.83205537263285,27.48675100156106,6791.525815002387,60909.82085775995
1769685307,50,,Aggregated,53.900000,0.000000,53,56,58,60,69,120,240,1100,4700,6400,6800,16242,0,53,84.2336787359666,27.48675100156106,6791.525815002387,60945.80433444157
1769685308,50,,Aggregated,51.500000,0.000000,53,56,58,60,70,120,240,1100,4700,6400,6800,16295,0,53,84.27113463980554,27.48675100156106,6791.525815002387,60992.0474992329
1769685309,50,,Aggregated,48.800000,0.000000,53,56,58,60,70,130,250,1100,4700,6400,6800,16336,0,53,84.48732591188832,27.48675100156106,6791.525815002387,61030.06152056807
1769685310,50,,Aggregated,47.600000,0.000000,53,56,58,60,70,130,250,1100,4700,6400,6800,16386,0,53,84.65450597277028,27.48675100156106,6791.525815002387,61072.32332478945
1769685311,50,,Aggregated,45.900000,0.000000,53,56,58,60,70,130,250,1100,4700,6400,6800,16427,0,53,84.9067419122567,27.48675100156106,6791.525815002387,61081.766664637486
1769685312,50,,Aggregated,45.100000,0.000000,53,56,58,60,71,130,250,1100,4700,6400,6800,16491,0,53,85.1751826264988,27.48675100156106,6791.525815002387,61109.14874780183
1769685313,50,,Aggregated,41.800000,0.000000,53,56,58,60,71,130,250,1100,4700,6400,6800,16517,0,53,85.2426021236052,27.48675100156106,6791.525815002387,61127.5431979173
1769685314,50,,Aggregated,42.500000,0.000000,53,56,58,60,71,140,250,1100,4700,6400,6800,16568,0,53,85.49495043568812,27.48675100156106,6791.525815002387,61130.195678416225
1769685315,50,,Aggregated,43.300000,0.000000,53,56,58,61,72,140,260,1100,4700,6400,6800,16624,0,53,85.87629494041451,27.48675100156106,6791.525815002387,61112.54836381136
1769685316,50,,Aggregated,43.600000,0.000000,53,56,58,61,72,140,260,1200,4700,6400,6800,16678,0,53,85.95123856413007,27.48675100156106,6791.525815002387,61126.754826717835
1769685317,50,,Aggregated,44.600000,0.000000,53,56,58,61,72,140,260,1100,4700,6400,6800,16742,0,53,85.93604825442145,27.48675100156106,6791.525815002387,61126.45526221479
1769685318,50,,Aggregated,45.600000,0.000000,53,56,58,61,72,140,260,1100,4700,6400,6800,16798,0,53,85.8849032523289,27.48675100156106,6791.525815002387,61139.3505179188
1769685319,50,,Aggregated,46.600000,0.000000,53,56,58,61,72,140,260,1100,4700,6400,6800,16846,0,53,85.84902465129241,27.48675100156106,6791.525815002387,61139.558767659975
1769685320,50,,Aggregated,48.500000,0.000000,53,56,58,61,72,140,260,1100,4700,6400,6800,16898,0,53,85.815115215457,27.48675100156106,6791.525815002387,61138.47331045094
1769685321,50,,Aggregated,48.700000,0.000000,53,56,58,61,73,140,260,1100,4700,6400,6800,16976,0,53,85.93532197518489,27.48675100156106,6791.525815002387,61128.32422243167
1769685322,50,,Aggregated,49.300000,0.000000,53,56,59,61,73,150,260,1100,4700,6400,6800,17040,0,53,85.95637107633516,27.48675100156106,6791.525815002387,61097.649295774645
1769685323,50,,Aggregated,50.100000,0.000000,53,56,59,61,73,150,260,1100,4700,6400,6800,17098,0,53,85.84946093681802,27.48675100156106,6791.525815002387,61103.615569072404
1769685324,50,,Aggregated,52.500000,0.000000,53,56,58,61,73,150,260,1100,4700,6400,6800,17157,0,53,85.83059674038306,27.48675100156106,6791.525815002387,61067.08876843271
1769685325,50,,Aggregated,54.600000,0.000000,53,56,58,61,73,150,260,1100,4700,6400,6800,17217,0,53,85.73182066943933,27.48675100156106,6791.525815002387,61071.568449788
1769685326,50,,Aggregated,57.700000,0.000000,53,56,58,61,73,150,260,1100,4700,6400,6800,17272,0,53,85.63328692407835,27.48675100156106,6791.525815002387,61059.85317276517
1769685327,50,,Aggregated,57.600000,0.000000,53,56,58,61,73,140,250,1100,4700,6400,6800,17336,0,53,85.52271908627456,27.48675100156106,6791.525815002387,61057.775957544996
1769685328,50,,Aggregated,58.300000,0.000000,53,56,59,61,73,140,250,1100,4700,6400,6800,17399,0,53,85.42119473174269,27.48675100156106,6791.525815002387,61051.78607965975
1769685329,50,,Aggregated,59.600000,0.000000,53,56,59,61,73,140,250,1100,4700,6400,6800,17459,0,53,85.31833166633571,27.48675100156106,6791.525815002387,61050.65925883498
1769685330,50,,Aggregated,58.700000,0.000000,53,56,59,61,73,140,250,1100,4700,6400,6800,17525,0,53,85.2104768027105,27.48675100156106,6791.525815002387,61035.46282453638
1769685331,50,,Aggregated,60.500000,0.000000,53,56,59,61,73,140,250,1100,4700,6400,6800,17581,0,53,85.12231314871862,27.48675100156106,6791.525815002387,61022.33792161993
1769685332,50,,Aggregated,61.000000,0.000000,53,56,59,61,73,140,250,1100,4700,6400,6800,17653,0,53,85.00149110840314,27.48675100156106,6791.525815002387,61012.03886025038
1769685333,50,,Aggregated,63.200000,0.000000,53,56,59,61,72,140,250,1100,4700,6400,6800,17709,0,53,84.90508448058644,27.48675100156106,6791.525815002387,61012.38703484104
1769685334,50,,Aggregated,61.600000,0.000000,53,56,58,61,72,140,250,1100,4700,6400,6800,17783,0,53,84.77456155866028,27.48675100156106,6791.525815002387,61002.36771073497
1769685335,50,,Aggregated,61.300000,0.000000,53,56,58,61,72,140,250,1100,4700,6400,6800,17849,0,53,84.66292063737511,27.48675100156106,6791.525815002387,60994.357499019556
1769685336,50,,Aggregated,60.000000,0.000000,53,56,58,61,72,140,250,1100,4700,6400,6800,17907,0,53,84.56184706982907,27.48675100156106,6791.525815002387,60987.137655665385
1769685337,50,,Aggregated,61.500000,0.000000,53,56,58,61,72,140,250,1100,4700,6400,6800,17975,0,53,84.45040068748797,27.48675100156106,6791.525815002387,60980.127454798334
1769685338,50,,Aggregated,62.400000,0.000000,53,56,58,61,72,140,250,1100,4500,6400,6800,18022,0,53,84.36757093200337,27.48675100156106,6791.525815002387,60978.579181001
1769685339,50,,Aggregated,62.000000,0.000000,53,56,58,61,72,140,250,1100,4500,6400,6800,18088,0,53,84.25589742528415,27.48675100156106,6791.525815002387,60966.28234188412
1769685340,50,,Aggregated,63.400000,0.000000,53,56,58,61,72,140,250,1100,4500,6400,6800,18152,0,53,84.14982663533462,27.48675100156106,6791.525815002387,60961.10120096959
1769685342,50,,Aggregated,61.400000,0.000000,53,56,58,61,72,140,250,1100,4500,6400,6800,18210,0,53,84.04929843264189,27.48675100156106,6791.525815002387,60949.20362438221
1769685343,50,,Aggregated,61.900000,0.000000,53,56,58,61,72,140,250,1100,4500,6400,6800,18268,0,53,83.94761387511119,27.48675100156106,6791.525815002387,60949.95571491132
1769685344,50,,Aggregated,61.900000,0.000000,53,56,58,61,71,140,250,1100,4500,6400,6800,18335,0,53,83.83498102419259,27.48675100156106,6791.525815002387,60946.86561221707
1769685345,50,,Aggregated,60.600000,0.000000,53,56,58,61,71,140,250,1100,4500,6400,6800,18402,0,53,83.7250371585497,27.48675100156106,6791.525815002387,60939.636561243344
1769685346,50,,Aggregated,62.400000,0.000000,53,56,58,61,71,140,250,1100,4500,6400,6800,18455,0,53,83.63896199825244,27.48675100156106,6791.525815002387,60932.53112977513
1769685347,50,,Aggregated,61.500000,0.000000,53,56,58,61,71,140,250,1000,4500,6400,6800,18517,0,53,83.53714789990957,27.48675100156106,6791.525815002387,60924.37916509154
1769685348,50,,Aggregated,60.100000,0.000000,53,56,58,61,71,140,240,1000,4500,6400,6800,18581,0,53,83.42860043123228,27.48675100156106,6791.525815002387,60932.67655131586
1769685349,50,,Aggregated,60.100000,0.000000,53,56,58,61,71,140,240,1000,4500,6400,6800,18646,0,53,83.32277410730407,27.48675100156106,6791.525815002387,60924.22600021453
1769685350,50,,Aggregated,60.500000,0.000000,53,56,58,61,71,140,240,990,4500,6400,6800,18701,0,53,83.23259167059342,27.48675100156106,6791.525815002387,60924.9785572964
1769685351,50,,Aggregated,61.800000,0.000000,53,56,58,61,71,140,240,990,4500,6400,6800,18771,0,53,83.12575915027574,27.48675100156106,6791.525815002387,60921.14623621544
1769685352,50,,Aggregated,61.000000,0.000000,53,56,58,61,71,140,240,970,4500,6400,6800,18827,0,53,83.04520193869634,27.48675100156106,6791.525815002387,60904.61358686992
1769685353,50,,Aggregated,61.400000,0.000000,53,56,58,61,71,140,240,970,4500,6400,6800,18899,0,53,82.94731764774478,27.48675100156106,6791.525815002387,60914.36107730568
1769685354,50,,Aggregated,61.100000,0.000000,53,56,58,61,71,130,240,970,4500,6400,6800,18948,0,53,82.87084597570681,27.48675100156106,6791.525815002387,60914.66466117796
1769685355,50,,Aggregated,62.500000,0.000000,53,56,58,61,71,130,240,960,4500,6400,6800,19025,0,53,82.7578752588113,27.48675100156106,6791.525815002387,60908.50433639948
1769685356,50,,Aggregated,60.800000,0.000000,53,56,58,61,71,130,240,960,4500,6400,6800,19075,0,53,82.68275529750852,27.48675100156106,6791.525815002387,60905.41095674967
1769685357,50,,Aggregated,61.400000,0.000000,53,56,58,61,70,130,240,950,4500,6400,6800,19138,0,53,82.58508073000478,27.48675100156106,6791.525815002387,60898.602309541224
1769685358,50,,Aggregated,61.200000,0.000000,53,56,58,61,70,130,240,950,4500,6400,6800,19199,0,53,82.49860226026368,27.48675100156106,6791.525815002387,60897.12219386426
1769685359,50,,Aggregated,62.100000,0.000000,53,56,58,61,70,130,240,930,4500,6400,6800,19265,0,53,82.40894695965751,27.48675100156106,6791.525815002387,60893.10838307812
1769685360,50,,Aggregated,61.500000,0.000000,53,56,58,61,70,130,240,930,4500,6400,6800,19330,0,53,82.32706912596102,27.48675100156106,6791.525815002387,60880.413554061044
1769685361,50,,Aggregated,61.400000,0.000000,53,56,58,61,70,130,240,930,4500,6400,6800,19394,0,53,82.24279959997007,27.48675100156106,6791.525815002387,60888.19789625658
1769685362,50,,Aggregated,61.600000,0.000000,53,56,59,61,70,130,240,890,4500,6400,6800,19448,0,53,82.16747802065623,27.48675100156106,6791.525815002387,60873.29895104895
1769685363,50,,Aggregated,61.100000,0.000000,53,56,59,61,70,130,240,890,4500,6400,6800,19517,0,53,82.06906248504531,27.48675100156106,6791.525815002387,60879.07383306861
1769685364,50,,Aggregated,61.100000,0.000000,53,56,59,61,70,130,240,890,4500,6400,6800,19580,0,53,81.97542982264477,27.48675100156106,6791.525815002387,60872.24433094995
1769685365,50,,Aggregated,60.800000,0.000000,53,56,59,61,70,130,240,840,4500,6400,6800,19645,0,53,81.88705433267148,27.48675100156106,6791.525815002387,60870.5247136676
1769685366,50,,Aggregated,62.500000,0.000000,53,56,59,61,70,130,240,770,4500,6400,6800,19710,0,53,81.79763110656154,27.48675100156106,6791.525815002387,60863.66656519533
1769685367,50,,Aggregated,62.100000,0.000000,53,56,59,61,70,130,240,770,4500,6400,6800,19763,0,53,81.72064599338984,27.48675100156106,6791.525815002387,60863.60947224611
1769685368,50,,Aggregated,63.900000,0.000000,53,56,59,61,70,130,240,740,4500,6400,6800,19826,0,53,81.62647124354501,27.48675100156106,6791.525815002387,60855.889740744475
1769685369,50,,Aggregated,62.700000,0.000000,53,56,59,61,70,130,240,740,4500,6400,6800,19890,0,53,81.5409583316017,27.48675100156106,6791.525815002387,60857.65887380593
1769685370,50,,Aggregated,62.200000,0.000000,53,56,59,61,70,130,240,620,4500,6400,6800,19952,0,53,81.5040322167937,27.48675100156106,6791.525815002387,60853.57367682438
1769685371,50,,Aggregated,61.200000,0.000000,53,56,59,61,70,130,240,600,4400,6300,6800,20024,0,53,81.40638497140833,27.48675100156106,6791.525815002387,60843.50664202956
1769685372,50,,Aggregated,61.600000,0.000000,53,56,58,61,70,130,240,600,4400,6300,6800,20086,0,53,81.31806683514145,27.48675100156106,6791.525815002387,60839.319277108436
1769685373,50,,Aggregated,61.600000,0.000000,53,56,58,61,70,130,240,540,4400,6300,6800,20142,0,53,81.2419364019315,27.48675100156106,6791.525815002387,60834.88332836858
1769685374,50,,Aggregated,62.800000,0.000000,53,56,58,61,70,130,240,510,4400,6300,6800,20206,0,53,81.15687459054703,27.48675100156106,6791.525815002387,60828.313372265664
1769685375,50,,Aggregated,62.700000,0.000000,53,56,59,61,70,130,240,510,4400,6300,6800,20268,0,53,81.08308582201126,27.48675100156106,6791.525815002387,60824.02575488455
1769685376,50,,Aggregated,61.900000,0.000000,53,56,59,61,70,130,240,510,4400,6300,6800,20323,0,53,81.01322811797255,27.48675100156106,6791.525815002387,60816.419869113815
1769685377,50,,Aggregated,61.300000,0.000000,53,56,59,61,70,130,240,510,4400,6300,6800,20387,0,53,80.93789211259876,27.48675100156106,6791.525815002387,60817.508559376074
1769685378,50,,Aggregated,60.300000,0.000000,53,56,59,61,70,130,240,480,4400,6300,6800,20456,0,53,80.85438836216623,27.48675100156106,6791.525815002387,60806.47125537739
1769685379,50,,Aggregated,60.900000,0.000000,53,56,59,61,70,130,240,470,4400,6300,6800,20523,0,53,80.7709205592987,27.48675100156106,6791.525815002387,60814.12683330897
1769685380,50,,Aggregated,61.800000,0.000000,53,56,59,61,70,130,240,470,4400,6300,6800,20590,0,53,80.69178541260608,27.48675100156106,6791.525815002387,60815.06313744536
1769685381,50,,Aggregated,63.700000,0.000000,53,56,59,61,70,120,240,460,4400,6300,6800,20658,0,53,80.6057535036055,27.48675100156106,6791.525815002387,60812.7428115016
1769685382,50,,Aggregated,64.100000,0.000000,53,56,59,61,70,120,240,460,4400,6300,6800,20715,0,53,80.53118632394737,27.48675100156106,6791.525815002387,60807.81202027516
1769685383,50,,Aggregated,63.900000,0.000000,53,56,59,61,70,120,240,460,4400,6300,6800,20783,0,53,80.47124811059432,27.48675100156106,6791.525815002387,60814.13001010441
1769685384,50,,Aggregated,63.000000,0.000000,53,56,59,61,70,120,240,450,4400,6300,6800,20841,0,53,80.40407654097612,27.48675100156106,6791.525815002387,60817.50271100235
1769685385,50,,Aggregated,62.700000,0.000000,53,56,59,61,70,120,240,450,4400,6300,6800,20907,0,53,80.40502209946644,27.48675100156106,6791.525815002387,60815.08776964653
1769685386,50,,Aggregated,62.600000,0.000000,53,56,59,61,70,120,240,450,4400,6300,6800,20954,0,53,80.33723342099707,27.48675100156106,6791.525815002387,60817.703588813594
1769685387,50,,Aggregated,63.100000,0.000000,53,56,59,61,70,120,240,440,4200,6300,6800,21028,0,53,80.26205875996696,27.48675100156106,6791.525815002387,60818.96652082937
1769685388,50,,Aggregated,62.200000,0.000000,53,56,59,61,70,120,240,440,4200,6300,6800,21079,0,53,80.21329252083353,27.48675100156106,6791.525815002387,60821.876844252576
1769685389,50,,Aggregated,62.800000,0.000000,53,56,59,61,70,120,240,420,4200,6300,6800,21145,0,53,80.15124979795343,27.48675100156106,6791.525815002387,60842.85154882951
1769685390,50,,Aggregated,60.900000,0.000000,53,56,59,61,70,120,240,420,4200,6300,6800,21192,0,53,80.11636357204331,27.48675100156106,6791.525815002387,60846.712721781805
1769685391,50,,Aggregated,61.600000,0.000000,53,56,59,61,70,120,240,440,4200,6300,6800,21246,0,53,80.19968670181777,27.48675100156106,6791.525815002387,60852.8252376918
1769685392,50,,Aggregated,59.900000,0.000000,53,56,59,61,70,120,240,440,4200,6300,6800,21303,0,53,80.23446699018267,27.48675100156106,6791.525815002387,60868.67619584096
1769685393,50,,Aggregated,59.400000,0.000000,53,56,59,61,70,120,240,440,4200,6300,6800,21355,0,53,80.21072217518027,27.48675100156106,6791.525815002387,60883.269445094826
1769685394,50,,Aggregated,59.300000,0.000000,53,56,59,61,70,120,240,460,4200,6300,6800,21406,0,53,80.38203375922687,27.48675100156106,6791.525815002387,60904.23684948145
1769685395,50,,Aggregated,58.100000,0.000000,53,56,59,61,70,130,240,470,4200,6300,6800,21457,0,53,80.4449265650348,27.48675100156106,6791.525815002387,60930.805611222444
1769685396,50,,Aggregated,56.300000,0.000000,53,56,59,61,70,130,240,510,4200,6300,6800,21500,0,53,80.58202376818355,27.48675100156106,6791.525815002387,60956.69269767442
1769685397,50,,Aggregated,55.700000,0.000000,53,56,59,61,70,130,240,740,4200,6300,6800,21549,0,53,80.85071876833452,27.48675100156106,6791.525815002387,60963.46809596733
1769685398,50,,Aggregated,54.900000,0.000000,53,56,59,61,70,130,240,920,4200,6300,6800,21594,0,53,81.08163622542894,27.48675100156106,6791.525815002387,60984.41993146244
1769685399,50,,Aggregated,52.300000,0.000000,53,56,59,61,70,130,240,930,4200,6300,6800,21648,0,53,81.15649468056596,27.48675100156106,6791.525815002387,61019.86137287509
1769685400,50,,Aggregated,52.400000,0.000000,53,56,59,61,70,130,240,930,4200,6300,6800,21698,0,53,81.24870468281925,27.48675100156106,6791.525815002387,61040.929071803854
1769685401,50,,Aggregated,49.500000,0.000000,53,56,59,61,70,130,240,930,4200,6300,6800,21743,0,53,81.29684400840934,27.48675100156106,6791.525815002387,61075.387205077495
1769685402,50,,Aggregated,49.000000,0.000000,53,56,59,61,70,130,240,960,4200,6300,6800,21792,0,53,81.45728138545199,27.48675100156106,6791.525815002387,61083.987839574154
1769685403,50,,Aggregated,49.000000,0.000000,53,56,59,61,71,130,240,960,4200,6300,6800,21833,0,53,81.5291994659351,27.48675100156106,6791.525815002387,61102.152154994736
1769685404,50,,Aggregated,48.100000,0.000000,53,56,59,61,71,130,240,970,4200,6300,6800,21885,0,53,81.64197350777454,27.48675100156106,6791.525815002387,61129.516700936714
1769685405,50,,Aggregated,48.500000,0.000000,53,56,59,61,71,140,240,970,4200,6300,6800,21937,0,53,82.06505351924764,27.48675100156106,6791.525815002387,61120.10106213247
1769685406,50,,Aggregated,48.300000,0.000000,53,56,59,61,71,140,240,1000,4200,6300,6800,21997,0,53,82.32027522524713,27.48675100156106,6791.525815002387,61129.60926489976
1769685407,50,,Aggregated,45.200000,0.000000,53,56,59,61,71,140,240,1000,4000,6300,6800,22046,0,53,82.35294882312986,27.48675100156106,6791.525815002387,61136.74993196045
1769685408,50,,Aggregated,46.900000,0.000000,53,56,59,61,71,140,240,1000,4000,6300,6800,22099,0,53,82.35193444914613,27.48675100156106,6791.525815002387,61162.46884474411
1769685409,50,,Aggregated,48.200000,0.000000,53,56,59,61,71,140,240,1100,4000,6300,6800,22150,0,53,82.47644023804607,27.48675100156106,6791.525815002387,61176.77553047404
1769685410,50,,Aggregated,48.700000,0.000000,53,56,59,61,72,140,240,1100,4000,6300,6800,22194,0,53,82.57592320896158,27.48675100156106,6791.525815002387,61146.50175723169
1769685411,50,,Aggregated,48.500000,0.000000,53,56,59,61,72,140,240,1100,4000,6300,6800,22254,0,53,82.57875902708423,27.48675100156106,6791.525815002387,61166.85373416015
1769685413,50,,Aggregated,49.000000,0.000000,53,56,59,61,72,140,240,1100,4000,6300,6800,22312,0,53,82.60647107980981,27.48675100156106,6791.525815002387,61174.926496952314
1769685414,50,,Aggregated,49.100000,0.000000,53,56,59,61,72,140,250,1100,4000,6300,6800,22376,0,53,82.633036716508,27.48675100156106,6791.525815002387,61167.987933500175
1769685415,50,,Aggregated,49.200000,0.000000,53,56,59,61,72,140,250,1100,4000,6300,6800,22434,0,53,82.66842016732058,27.48675100156106,6791.525815002387,61163.901979138805
1769685416,50,,Aggregated,51.600000,0.000000,53,56,59,61,72,140,250,1100,4000,6300,6800,22494,0,53,82.61747139160786,27.48675100156106,6791.525815002387,61169.06246110074
1769685417,50,,Aggregated,54.600000,0.000000,53,56,59,61,72,140,250,1100,4000,6300,6800,22562,0,53,82.61415171707623,27.48675100156106,6791.525815002387,61161.10929882103
1769685418,50,,Aggregated,54.700000,0.000000,53,56,59,61,72,140,240,1000,4000,6300,6800,22618,0,53,82.5893672516454,27.48675100156106,6791.525815002387,61159.76531965691
1769685419,50,,Aggregated,55.900000,0.000000,53,56,59,61,72,140,240,1000,4000,6300,6800,22691,0,53,82.57500196482358,27.48675100156106,6791.525815002387,61150.20726279142
1769685420,50,,Aggregated,55.800000,0.000000,53,56,59,61,72,140,240,1000,4000,6300,6800,22737,0,53,82.5368919838982,27.48675100156106,6791.525815002387,61135.15490170207
1769685421,50,,Aggregated,58.000000,0.000000,53,56,59,61,72,140,240,1000,4000,6300,6800,22810,0,53,82.46689534143032,27.48675100156106,6791.525815002387,61130.19167032003
1769685422,50,,Aggregated,57.300000,0.000000,53,56,59,61,72,140,240,1000,4000,6300,6800,22864,0,53,82.39876199588521,27.48675100156106,6791.525815002387,61129.140395381386
1769685423,50,,Aggregated,59.800000,0.000000,53,56,59,61,72,140,240,1000,4000,6300,6800,22936,0,53,82.34887028539318,27.48675100156106,6791.525815002387,61125.64658179282
1769685424,50,,Aggregated,60.500000,0.000000,53,56,59,61,72,140,240,1000,4000,6300,6800,22982,0,53,82.2935766688198,27.48675100156106,6791.525815002387,61116.24758506657
1769685425,50,,Aggregated,61.700000,0.000000,53,56,59,61,72,140,240,990,3800,6300,6800,23057,0,53,82.20452374887056,27.48675100156106,6791.525815002387,61111.20466669558
1769685426,50,,Aggregated,59.600000,0.000000,53,56,59,61,72,140,240,980,3800,6300,6800,23101,0,53,82.14964880821567,27.48675100156106,6791.525815002387,61106.94567334747
1769685427,50,,Aggregated,60.700000,0.000000,53,56,59,61,72,140,240,980,3800,6300,6800,23168,0,53,82.065244746316,27.48675100156106,6791.525815002387,61097.74671961326
1769685428,50,,Aggregated,60.100000,0.000000,53,56,59,61,72,140,240,970,3800,6300,6800,23239,0,53,82.00273480660464,27.48675100156106,6791.525815002387,61093.287447824776
1769685429,50,,Aggregated,59.900000,0.000000,53,56,59,61,72,140,240,970,3800,6300,6800,23297,0,53,81.92523128681228,27.48675100156106,6791.525815002387,61088.071511353395
1769685430,50,,Aggregated,61.700000,0.000000,53,56,59,61,72,140,240,970,3800,6300,6800,23366,0,53,81.83872908324051,27.48675100156106,6791.525815002387,61083.75040657366
1769685431,50,,Aggregated,61.200000,0.000000,53,56,59,61,72,140,240,970,3800,6300,6800,23428,0,53,81.75890224688295,27.48675100156106,6791.525815002387,61078.587288714356
1769685432,50,,Aggregated,63.900000,0.000000,53,56,59,61,72,140,240,970,3800,6300,6800,23494,0,53,81.67170272575503,27.48675100156106,6791.525815002387,61073.37064782497
1769685433,50,,Aggregated,61.900000,0.000000,53,56,59,61,72,140,240,970,3800,6300,6800,23558,0,53,81.59527218090705,27.48675100156106,6791.525815002387,61067.91162237881
1769685434,50,,Aggregated,62.700000,0.000000,53,56,59,61,72,140,240,960,3800,6300,6800,23618,0,53,81.5190823990958,27.48675100156106,6791.525815002387,61058.92344821746
1769685435,50,,Aggregated,62.000000,0.000000,53,56,59,61,72,140,240,960,3800,6300,6800,23685,0,53,81.43543747349389,27.48675100156106,6791.525815002387,61051.37095207938
1769685436,50,,Aggregated,62.900000,0.000000,53,56,59,61,72,140,240,960,3800,6300,6800,23746,0,53,81.3753512955779,27.48675100156106,6791.525815002387,61049.5117072349
1769685437,50,,Aggregated,61.800000,0.000000,53,56,59,61,72,140,240,960,3800,6300,6800,23808,0,53,81.30150497063295,27.48675100156106,6791.525815002387,61044.7883484543
1769685438,50,,Aggregated,62.900000,0.000000,53,56,59,61,71,140,240,960,3800,6300,6800,23873,0,53,81.22230821848167,27.48675100156106,6791.525815002387,61034.208143090524
1769685439,50,,Aggregated,62.100000,0.000000,53,56,59,61,71,140,240,950,3800,6300,6800,23934,0,53,81.14393274006889,27.48675100156106,6791.525815002387,61032.58159939835
1769685440,50,,Aggregated,62.000000,0.000000,53,56,59,61,71,140,240,950,3800,6300,6800,23993,0,53,81.06677444216159,27.48675100156106,6791.525815002387,61036.76393114658
1769685441,50,,Aggregated,61.800000,0.000000,53,56,59,61,71,140,240,930,3800,6300,6800,24062,0,53,80.97956426896411,27.48675100156106,6791.525815002387,61030.433505111796
1769685442,50,,Aggregated,61.600000,0.000000,53,56,59,61,71,140,240,930,3800,6300,6800,24115,0,53,80.91119081591268,27.48675100156106,6791.525815002387,61030.11781049139
1769685443,50,,Aggregated,61.500000,0.000000,53,56,59,61,71,140,240,930,3800,6300,6800,24182,0,53,80.83025409506635,27.48675100156106,6791.525815002387,61023.832106525515
1769685444,50,,Aggregated,61.900000,0.000000,53,56,59,61,71,140,240,920,3800,6300,6800,24242,0,53,80.76166342004929,27.48675100156106,6791.525815002387,61021.21062618596
1769685445,50,,Aggregated,61.000000,0.000000,53,56,59,61,71,140,240,890,3800,6300,6800,24304,0,53,80.68950689988273,27.48675100156106,6791.525815002387,61021.71926431863
1769685446,50,,Aggregated,62.500000,0.000000,53,56,59,61,71,140,240,890,3800,6300,6800,24359,0,53,80.62250809194971,27.48675100156106,6791.525815002387,61016.26955129521
1769685447,50,,Aggregated,63.300000,0.000000,53,56,59,61,71,140,240,890,3800,6300,6800,24427,0,53,80.54419078489667,27.48675100156106,6791.525815002387,61014.569820280834
1769685448,50,,Aggregated,62.700000,0.000000,53,56,59,61,71,140,240,890,3800,6300,6800,24480,0,53,80.48300876248891,27.48675100156106,6791.525815002387,61014.92017973856
1769685449,50,,Aggregated,63.100000,0.000000,53,56,59,61,71,140,240,870,3800,6300,6800,24548,0,53,80.39691643449123,27.48675100156106,6791.525815002387,61004.99979631742
1769685450,50,,Aggregated,61.600000,0.000000,53,56,59,61,71,140,240,840,3800,6300,6800,24607,0,53,80.32868027251311,27.48675100156106,6791.525815002387,61005.732921526396
1769685451,50,,Aggregated,61.700000,0.000000,53,56,59,61,71,140,240,840,3800,6300,6800,24676,0,53,80.24890844868976,27.48675100156106,6791.525815002387,61000.0618819906
1769685452,50,,Aggregated,60.400000,0.000000,53,56,59,61,70,140,240,770,3800,6300,6800,24739,0,53,80.17381023783885,27.48675100156106,6791.525815002387,60999.20126116658
1769685453,50,,Aggregated,61.100000,0.000000,53,56,59,61,70,130,240,740,3800,6300,6800,24808,0,53,80.09271359612752,27.48675100156106,6791.525815002387,60998.10698161883
1769685454,50,,Aggregated,59.900000,0.000000,53,56,59,61,70,130,240,740,3800,6300,6800,24870,0,53,80.01879382761447,27.48675100156106,6791.525815002387,60989.316123843986
1769685455,50,,Aggregated,60.900000,0.000000,53,56,59,61,70,130,240,620,3800,6300,6800,24936,0,53,79.93758785581527,27.48675100156106,6791.525815002387,60987.34011068335
1769685456,50,,Aggregated,60.900000,0.000000,53,56,58,61,70,130,240,620,3800,6300,6800,25000,0,53,79.86187084554695,27.48675100156106,6791.525815002387,60988.7218
1769685457,50,,Aggregated,61.300000,0.000000,53,56,58,61,70,130,240,600,3700,6300,6800,25071,0,53,79.780026054955,27.48675100156106,6791.525815002387,60978.144190498984
1769685458,50,,Aggregated,61.800000,0.000000,53,56,58,61,70,130,240,540,3700,6300,6800,25121,0,53,79.72438344360404,27.48675100156106,6791.525815002387,60980.34803550814
1769685459,50,,Aggregated,62.300000,0.000000,53,56,58,61,70,130,240,540,3700,6300,6800,25194,0,53,79.63895337007678,27.48675100156106,6791.525815002387,60968.63681829007
1769685460,50,,Aggregated,63.200000,0.000000,53,56,58,60,70,130,240,510,3700,6300,6800,25249,0,53,79.57628953822358,27.48675100156106,6791.525815002387,60971.87595548339
1769685461,50,,Aggregated,63.000000,0.000000,53,56,58,60,70,130,240,510,3700,6300,6800,25309,0,53,79.50822269847212,27.48675100156106,6791.525815002387,60968.22683630329
1769685462,50,,Aggregated,64.500000,0.000000,53,56,58,60,70,130,240,510,3700,6300,6800,25369,0,53,79.44274970371626,27.48675100156106,6791.525815002387,60965.13508612874
1769685463,50,,Aggregated,63.100000,0.000000,53,56,58,60,70,130,240,480,3700,6300,6800,25444,0,53,79.36021509439293,27.48675100156106,6791.525815002387,60958.00931457318
1769685464,50,,Aggregated,64.700000,0.000000,53,56,58,60,70,130,240,480,3700,6300,6800,25495,0,53,79.30247389350276,27.48675100156106,6791.525815002387,60953.10080407923
1769685465,50,,Aggregated,64.200000,0.000000,53,56,58,60,70,130,240,470,3700,6300,6800,25561,0,53,79.23610405789466,27.48675100156106,6791.525815002387,60954.48851766363
1769685466,50,,Aggregated,63.800000,0.000000,53,56,58,60,70,130,240,460,3700,6300,6800,25634,0,53,79.16668886649056,27.48675100156106,6791.525815002387,60953.0165405321
1769685467,50,,Aggregated,62.900000,0.000000,53,56,58,60,70,130,240,460,3700,6300,6800,25694,0,53,79.11076107549451,27.48675100156106,6791.525815002387,60949.748268078154
1769685468,50,,Aggregated,63.600000,0.000000,53,56,58,60,70,130,240,460,3700,6300,6800,25762,0,53,79.04678105398568,27.48675100156106,6791.525815002387,60941.10041922211
1769685469,50,,Aggregated,62.500000,0.000000,53,56,58,60,70,130,240,450,3700,6300,6800,25823,0,53,78.98346559140188,27.48675100156106,6791.525815002387,60941.347906904695
1769685470,50,,Aggregated,61.800000,0.000000,53,56,58,60,70,130,230,450,3700,6300,6800,25885,0,53,78.91884852918285,27.48675100156106,6791.525815002387,60938.65740776512
1769685471,50,,Aggregated,62.000000,0.000000,53,56,58,60,70,130,230,450,3700,6300,6800,25957,0,53,78.84441151103104,27.48675100156106,6791.525815002387,60930.222098085294
1769685472,50,,Aggregated,61.300000,0.000000,53,56,58,60,69,130,230,440,3600,6300,6800,26014,0,53,78.79067690000687,27.48675100156106,6791.525815002387,60934.81187053125
1769685473,50,,Aggregated,62.400000,0.000000,53,56,58,60,69,130,230,440,3600,6300,6800,26074,0,53,78.73613511773011,27.48675100156106,6791.525815002387,60933.54943621999
1769685474,50,,Aggregated,62.400000,0.000000,53,56,58,60,69,130,230,420,3600,6300,6800,26130,0,53,78.69276621736624,27.48675100156106,6791.525815002387,60925.956295445845
1769685475,50,,Aggregated,61.800000,0.000000,53,56,58,60,69,130,230,420,3600,6300,6800,26195,0,53,78.63791139372645,27.48675100156106,6791.525815002387,60916.946401985115
1769685476,50,,Aggregated,61.800000,0.000000,53,56,58,60,69,130,230,410,3600,6300,6800,26257,0,53,78.57479525051491,27.48675100156106,6791.525815002387,60920.96004874891
1769685477,50,,Aggregated,61.900000,0.000000,53,56,58,60,69,130,230,410,3600,6300,6800,26315,0,53,78.52312067295479,27.48675100156106,6791.525815002387,60926.534752042564
1769685478,50,,Aggregated,62.300000,0.000000,53,56,58,60,69,130,230,410,3600,6300,6800,26388,0,53,78.4700661059904,27.48675100156106,6791.525815002387,60925.04195088676
1769685479,50,,Aggregated,62.500000,0.000000,53,56,58,60,69,130,230,410,3600,6300,6800,26437,0,53,78.48624581828192,27.48675100156106,6791.525815002387,60934.32310776563
1769685480,50,,Aggregated,63.200000,0.000000,53,56,58,60,69,130,230,410,3600,6300,6800,26503,0,53,78.43753201241287,27.48675100156106,6791.525815002387,60936.83892389541
1769685481,50,,Aggregated,63.600000,0.000000,53,56,58,60,69,130,230,410,3600,6300,6800,26565,0,53,78.382562179145,27.48675100156106,6791.525815002387,60954.8987012987
1769685482,50,,Aggregated,62.000000,0.000000,53,56,58,60,69,130,230,410,3600,6300,6800,26611,0,53,78.4317721988985,27.48675100156106,6791.525815002387,60960.86712261847
1769685483,50,,Aggregated,62.100000,0.000000,53,56,58,60,69,130,230,410,3600,6300,6800,26667,0,53,78.39307260317055,27.48675100156106,6791.525815002387,60971.49150635617
1769685484,50,,Aggregated,59.300000,0.000000,53,56,58,60,69,130,230,410,3600,6300,6800,26716,0,53,78.39024368692205,27.48675100156106,6791.525815002387,60976.49026800419
1769685485,50,,Aggregated,59.500000,0.000000,53,56,58,60,69,130,230,440,3600,6300,6800,26781,0,53,78.47377404673956,27.48675100156106,6791.525815002387,60974.885441170976
1769685486,50,,Aggregated,58.700000,0.000000,53,56,58,60,69,130,230,450,3600,6300,6800,26839,0,53,78.51328025711669,27.48675100156106,6791.525815002387,60978.64812399866
1769685487,50,,Aggregated,57.600000,0.000000,53,56,58,60,69,130,230,450,3600,6300,6800,26892,0,53,78.53050479133552,27.48675100156106,6791.525815002387,61006.46709058456
1769685488,50,,Aggregated,56.000000,0.000000,53,56,58,60,69,130,230,450,3600,6300,6800,26952,0,53,78.53756119611431,27.48675100156106,6791.525815002387,61014.65661175423
1769685489,50,,Aggregated,56.800000,0.000000,53,56,58,60,70,130,230,450,3600,6300,6800,26998,0,53,78.58082322277929,27.48675100156106,6791.525815002387,61024.81102303875
1769685490,50,,Aggregated,55.100000,0.000000,53,56,58,60,70,130,230,450,3600,6300,6800,27052,0,53,78.58115248482464,27.48675100156106,6791.525815002387,61045.88340972941
1769685491,50,,Aggregated,54.100000,0.000000,53,56,58,60,70,130,240,460,3600,6300,6800,27094,0,53,78.66822356509311,27.48675100156106,6791.525815002387,61073.06292906179
1769685492,50,,Aggregated,55.000000,0.000000,53,56,58,60,70,130,240,510,3600,6300,6800,27143,0,53,78.93956364338996,27.48675100156106,6791.525815002387,61081.44022399882
1769685494,50,,Aggregated,53.600000,0.000000,53,56,58,61,70,130,240,540,3600,6300,6800,27183,0,53,79.09377313355749,27.48675100156106,6791.525815002387,61093.48865099511
1769685495,50,,Aggregated,52.300000,0.000000,53,56,59,61,70,130,240,620,3600,6300,6800,27227,0,53,79.4173778851353,27.48675100156106,6791.525815002387,61101.12175414111
1769685496,50,,Aggregated,50.600000,0.000000,53,56,59,61,70,130,240,920,3600,6300,6800,27281,0,53,80.18738071010712,27.48675100156106,6791.525815002387,61100.53513434258
1769685497,50,,Aggregated,49.800000,0.000000,53,56,59,61,70,130,240,920,3600,6300,6800,27324,0,53,80.22011204946024,27.48675100156106,6791.525815002387,61143.22646757429
1769685498,50,,Aggregated,49.400000,0.000000,53,56,59,61,70,140,240,920,3600,6300,6800,27368,0,53,80.22637048002554,27.48675100156106,6791.525815002387,61164.952316574105
1769685499,50,,Aggregated,47.200000,0.000000,53,56,59,61,71,140,240,920,3600,6300,6800,27414,0,53,80.35662060014144,27.48675100156106,6791.525815002387,61179.261435762746
1769685500,50,,Aggregated,46.400000,0.000000,53,56,59,61,71,140,240,930,3600,6300,6800,27447,0,53,80.53312320509414,27.48675100156106,6791.525815002387,61192.99602870988
1769685501,50,,Aggregated,45.500000,0.000000,53,56,59,61,71,140,240,960,3600,6300,6800,27510,0,53,80.77551651815023,27.48675100156106,6791.525815002387,61183.77226463104
1769685502,50,,Aggregated,43.100000,0.000000,53,56,59,61,71,140,240,960,3600,6300,6800,27568,0,53,80.90377199960889,27.48675100156106,6791.525815002387,61192.58491729542
1769685503,50,,Aggregated,44.600000,0.000000,53,56,59,61,71,140,240,960,3600,6300,6800,27623,0,53,80.9403116189502,27.48675100156106,6791.525815002387,61200.01180175941
1769685504,50,,Aggregated,46.000000,0.000000,53,56,59,61,72,140,240,960,3600,6300,6800,27689,0,53,80.99437100098174,27.48675100156106,6791.525815002387,61201.128029181265
1769685505,50,,Aggregated,46.600000,0.000000,53,56,59,61,72,140,240,960,3600,6300,6800,27731,0,53,80.99716958609976,27.48675100156106,6791.525815002387,61203.49724135444
1769685506,50,,Aggregated,47.700000,0.000000,53,56,59,61,72,140,240,960,3600,6300,6800,27795,0,53,80.99929871193125,27.48675100156106,6791.525815002387,61202.6996941896
1769685507,50,,Aggregated,49.900000,0.000000,53,56,59,61,72,140,240,960,3600,6300,6800,27840,0,53,80.99991655923043,27.48675100156106,6791.525815002387,61205.028556034486
1769685508,50,,Aggregated,50.300000,0.000000,53,56,59,61,72,140,240,960,3600,6300,6800,27910,0,53,81.0146382268729,27.48675100156106,6791.525815002387,61200.96617699749
1769685509,50,,Aggregated,51.300000,0.000000,53,56,59,61,72,140,240,960,3600,6300,6800,27960,0,53,80.96527213140098,27.48675100156106,6791.525815002387,61207.46702432046
1769685510,50,,Aggregated,53.900000,0.000000,53,56,59,61,72,140,240,960,3600,6300,6800,28032,0,53,80.95200999942675,27.48675100156106,6791.525815002387,61196.53916952055
1769685511,50,,Aggregated,53.300000,0.000000,53,56,59,61,72,140,240,960,3600,6300,6800,28090,0,53,80.94078023670251,27.48675100156106,6791.525815002387,61193.870808116764
1769685512,50,,Aggregated,56.900000,0.000000,53,56,59,61,72,140,240,960,3600,6300,6800,28151,0,53,80.92879145181132,27.48675100156106,6791.525815002387,61187.12106141878
1769685513,50,,Aggregated,55.700000,0.000000,53,56,59,61,72,140,240,950,3600,6300,6800,28218,0,53,80.87070314019131,27.48675100156106,6791.525815002387,61178.662910199164
1769685514,50,,Aggregated,55.900000,0.000000,53,56,59,61,72,140,240,960,3600,6300,6800,28279,0,53,80.85464235693401,27.48675100156106,6791.525815002387,61176.611301672616
1769685515,50,,Aggregated,56.800000,0.000000,53,56,59,61,72,140,240,950,3600,6300,6800,28324,0,53,80.81243236391884,27.48675100156106,6791.525815002387,61178.43581415054
1769685516,50,,Aggregated,58.400000,0.000000,53,56,59,61,72,140,240,950,3600,6300,6800,28394,0,53,80.74952736886803,27.48675100156106,6791.525815002387,61168.17200817074
1769685517,50,,Aggregated,57.100000,0.000000,53,56,59,61,72,140,240,950,3600,6300,6800,28443,0,53,80.7118087104249,27.48675100156106,6791.525815002387,61166.03494708716
1769685518,50,,Aggregated,57.600000,0.000000,53,56,59,61,72,140,240,930,3600,6300,6800,28509,0,53,80.65196009396085,27.48675100156106,6791.525815002387,61164.28713739521
1769685519,50,,Aggregated,57.300000,0.000000,53,56,59,61,72,140,240,930,3600,6300,6800,28567,0,53,80.59522434822468,27.48675100156106,6791.525815002387,61155.579479819375
1769685520,50,,Aggregated,57.600000,0.000000,53,56,59,61,72,140,240,930,3600,6300,6800,28618,0,53,80.55122970601327,27.48675100156106,6791.525815002387,61157.29481445244
1769685521,50,,Aggregated,60.300000,0.000000,53,56,59,61,72,140,240,930,3600,6300,6800,28686,0,53,80.48486171382054,27.48675100156106,6791.525815002387,61152.11852471589
1769685522,50,,Aggregated,59.300000,0.000000,53,56,59,61,72,140,240,920,3600,6300,6800,28751,0,53,80.44046620797744,27.48675100156106,6791.525815002387,61145.11345692324
1769685523,50,,Aggregated,60.500000,0.000000,53,56,59,61,72,140,240,900,3600,6300,6800,28814,0,53,80.40456809330774,27.48675100156106,6791.525815002387,61141.91486777261
1769685524,50,,Aggregated,62.200000,0.000000,53,56,59,61,72,140,240,900,3600,6300,6800,28879,0,53,80.339171627778,27.48675100156106,6791.525815002387,61135.724436441706
1769685525,50,,Aggregated,61.000000,0.000000,53,56,59,61,71,140,240,900,3600,6300,6800,28934,0,53,80.28703165061005,27.48675100156106,6791.525815002387,61134.07644985139
1769685526,50,,Aggregated,61.300000,0.000000,53,56,59,61,71,140,240,890,3600,6300,6800,29008,0,53,80.21885019703792,27.48675100156106,6791.525815002387,61128.3790333701
1769685527,50,,Aggregated,60.300000,0.000000,53,56,59,61,71,140,240,890,3600,6300,6800,29068,0,53,80.1593766686942,27.48675100156106,6791.525815002387,61124.125602036605
1769685528,50,,Aggregated,60.200000,0.000000,53,56,59,61,71,140,240,890,3600,6300,6800,29143,0,53,80.0910677332992,27.48675100156106,6791.525815002387,61117.607555845316
1769685529,50,,Aggregated,61.700000,0.000000,53,56,59,61,71,140,240,890,3600,6300,6800,29197,0,53,80.03665058781894,27.48675100156106,6791.525815002387,61114.45326574648
1769685530,50,,Aggregated,60.700000,0.000000,53,56,59,61,71,140,240,870,3600,6300,6800,29259,0,53,79.97536701652774,27.48675100156106,6791.525815002387,61106.43856591135
1769685531,50,,Aggregated,60.800000,0.000000,53,56,59,61,71,140,240,870,3600,6300,6800,29324,0,53,79.91321979260579,27.48675100156106,6791.525815002387,61104.56128086209
1769685532,50,,Aggregated,60.300000,0.000000,53,56,59,61,71,140,240,870,3600,6300,6800,29376,0,53,79.86700396712672,27.48675100156106,6791.525815002387,61096.96759259259
1769685533,50,,Aggregated,61.000000,0.000000,53,56,59,61,71,140,240,870,3600,6300,6800,29445,0,53,79.81225201594216,27.48675100156106,6791.525815002387,61097.435388011545
1769685534,50,,Aggregated,59.500000,0.000000,53,56,59,61,71,140,240,860,3600,6300,6800,29510,0,53,79.7465976272928,27.48675100156106,6791.525815002387,61095.47197560149
1769685535,50,,Aggregated,61.500000,0.000000,53,56,59,61,71,140,240,860,3600,6300,6800,29564,0,53,79.69378495211838,27.48675100156106,6791.525815002387,61092.557637667436
1769685536,50,,Aggregated,61.500000,0.000000,53,56,59,61,71,140,240,840,3600,6300,6800,29631,0,53,79.62774517108566,27.48675100156106,6791.525815002387,61086.94114272215
1769685537,50,,Aggregated,64.300000,0.000000,53,56,59,61,71,140,240,840,3600,6300,6800,29683,0,53,79.58028783362172,27.48675100156106,6791.525815002387,61089.65306741232
1769685538,50,,Aggregated,63.600000,0.000000,53,56,58,61,71,140,240,770,3600,6300,6800,29761,0,53,79.50680947439217,27.48675100156106,6791.525815002387,61086.55972581566
1769685539,50,,Aggregated,63.700000,0.000000,53,56,58,61,71,140,240,740,3600,6300,6800,29809,0,53,79.45844126771696,27.48675100156106,6791.525815002387,61083.81217082089
1769685540,50,,Aggregated,63.400000,0.000000,53,56,58,61,71,140,240,740,3600,6300,6800,29885,0,53,79.38988875079372,27.48675100156106,6791.525815002387,61080.44380123808
1769685541,50,,Aggregated,63.200000,0.000000,53,56,58,61,71,140,240,620,3600,6300,6800,29950,0,53,79.32686033057233,27.48675100156106,6791.525815002387,61079.990517529215
1769685542,50,,Aggregated,63.300000,0.000000,53,56,58,61,70,140,240,600,3500,6200,6800,30008,0,53,79.2704247358523,27.48675100156106,6791.525815002387,61078.02709277526
1769685543,50,,Aggregated,63.100000,0.000000,53,56,58,61,70,140,240,600,3500,6200,6800,30075,0,53,79.20419410268596,27.41934100049548,6791.525815002387,61073.00714879468
1769685544,50,,Aggregated,62.400000,0.000000,53,56,58,60,70,140,240,540,3500,6200,6800,30138,0,53,79.14550941426701,27.41934100049548,6791.525815002387,61067.744110425374
1769685545,50,,Aggregated,61.900000,0.000000,53,56,58,60,70,140,240,540,3500,6200,6800,30192,0,53,79.09341352083781,27.41934100049548,6791.525815002387,61069.59959591945
1769685546,50,,Aggregated,61.000000,0.000000,53,56,58,60,70,140,240,510,3500,6200,6800,30264,0,53,79.02828780340138,27.41934100049548,6791.525815002387,61065.773493259316
1769685547,50,,Aggregated,60.600000,0.000000,53,56,58,60,70,140,240,510,3500,6200,6800,30324,0,53,78.9712462447629,27.41934100049548,6791.525815002387,61060.230675372644
1769685548,50,,Aggregated,60.200000,0.000000,53,56,58,60,70,140,240,510,3500,6200,6800,30396,0,53,78.90123558351037,27.41934100049548,6791.525815002387,61060.70354651928
1769685549,50,,Aggregated,60.900000,0.000000,53,56,58,60,70,130,240,490,3500,6200,6800,30445,0,53,78.85383768104354,27.41934100049548,6791.525815002387,61056.39031039579
1769685550,50,,Aggregated,61.200000,0.000000,53,56,58,60,70,130,240,480,3500,6200,6800,30513,0,53,78.79632540056808,27.41934100049548,6791.525815002387,61053.257234621306
1769685551,50,,Aggregated,61.400000,0.000000,53,56,58,60,70,130,240,480,3500,6200,6800,30581,0,53,78.73011539392262,27.41934100049548,6791.525815002387,61046.00529740689
1769685552,50,,Aggregated,61.200000,0.000000,53,56,58,60,70,130,240,470,3500,6200,6800,30637,0,53,78.67780381726824,27.41934100049548,6791.525815002387,61039.27306851193
1769685553,50,,Aggregated,61.100000,0.000000,53,56,58,60,70,130,240,470,3500,6200,6800,30698,0,53,78.62248819573114,27.41934100049548,6791.525815002387,61045.87292331748
1769685554,50,,Aggregated,63.800000,0.000000,53,56,58,60,70,130,240,460,3500,6200,6800,30765,0,53,78.56700352620147,27.41934100049548,6791.525815002387,61036.87388265887
1769685555,50,,Aggregated,63.400000,0.000000,53,56,58,60,70,130,240,460,3500,6200,6800,30829,0,53,78.51428798987119,27.41934100049548,6791.525815002387,61038.08401180706
1769685556,50,,Aggregated,62.900000,0.000000,53,56,58,60,70,130,240,460,3500,6200,6800,30900,0,53,78.44912982374261,27.41934100049548,6791.525815002387,61035.95627831715
1769685557,50,,Aggregated,62.700000,0.000000,53,56,58,60,70,130,240,450,3500,6200,6800,30954,0,53,78.40007569424426,27.41934100049548,6791.525815002387,61033.54758674162
1769685558,50,,Aggregated,63.700000,0.000000,53,56,58,60,70,130,240,450,3300,6200,6800,31029,0,53,78.33600361873258,27.41934100049548,6791.525815002387,61021.725353701375
1769685559,50,,Aggregated,63.100000,0.000000,53,56,58,60,70,130,240,450,3300,6200,6800,31085,0,53,78.28672253339661,27.41934100049548,6791.525815002387,61027.00907189963
1769685560,50,,Aggregated,62.800000,0.000000,53,56,58,60,70,130,240,440,3300,6200,6800,31151,0,53,78.22991830790333,27.41934100049548,6791.525815002387,61025.27617090944
1769685561,50,,Aggregated,63.800000,0.000000,53,56,58,60,70,130,240,430,3300,6200,6800,31224,0,53,78.16709012100931,27.41934100049548,6791.525815002387,61022.89101332308
1769685562,50,,Aggregated,63.600000,0.000000,53,56,58,60,70,130,240,430,3300,6200,6800,31293,0,53,78.11233263580813,27.41934100049548,6791.525815002387,61019.504042437606
1769685563,50,,Aggregated,63.400000,0.000000,53,56,58,60,70,130,240,420,3300,6200,6800,31357,0,53,78.0582918101347,27.41934100049548,6791.525815002387,61014.356826227
1769685564,50,,Aggregated,62.900000,0.000000,53,56,58,60,70,130,230,420,3300,6200,6800,31430,0,53,77.99737065642445,27.41934100049548,6791.525815002387,61017.22300349984
1769685566,50,,Aggregated,64.600000,0.000000,53,56,58,60,70,130,230,420,3300,6200,6800,31497,0,53,77.93815078913846,27.41934100049548,6791.525815002387,61013.09626313617
1769685567,50,,Aggregated,64.600000,0.000000,53,56,58,60,69,130,230,410,3300,6200,6800,31558,0,53,77.8887250914363,27.41934100049548,6791.525815002387,61009.540338424486
1769685568,50,,Aggregated,66.000000,0.000000,53,56,58,60,69,130,230,410,3300,6200,6800,31624,0,53,77.84180052376429,27.41934100049548,6791.525815002387,61007.68606121933
1769685569,50,,Aggregated,65.500000,0.000000,53,56,58,60,69,130,230,410,3300,6200,6800,31677,0,53,77.7995465945167,27.41934100049548,6791.525815002387,61012.29377781987
1769685570,50,,Aggregated,66.400000,0.000000,53,56,58,60,69,130,230,410,3300,6200,6800,31738,0,53,77.76352653158449,27.41934100049548,6791.525815002387,61012.34343688953
1769685571,50,,Aggregated,63.700000,0.000000,53,56,58,60,69,130,230,410,3300,6200,6800,31801,0,53,77.74888110404068,27.41934100049548,6791.525815002387,61014.30671991447
1769685572,50,,Aggregated,65.000000,0.000000,53,56,58,60,69,130,230,410,3300,6200,6800,31855,0,53,77.70260528842293,27.41934100049548,6791.525815002387,61012.655061999685
1769685573,50,,Aggregated,64.300000,0.000000,53,56,58,60,69,130,230,410,3300,6200,6800,31914,0,53,77.7054821345731,27.41934100049548,6791.525815002387,61018.86256815191
1769685574,50,,Aggregated,62.500000,0.000000,53,56,58,60,69,130,230,410,3300,6200,6800,31967,0,53,77.69715638890004,27.41934100049548,6791.525815002387,61019.48296680952
1769685575,50,,Aggregated,61.600000,0.000000,53,56,58,60,69,130,230,410,3300,6200,6800,32028,0,53,77.70736147782698,27.41934100049548,6791.525815002387,61026.47833145997
1769685576,50,,Aggregated,60.600000,0.000000,53,56,58,60,69,130,230,420,3300,6200,6800,32082,0,53,77.76549442677559,27.41934100049548,6791.525815002387,61026.811358394116
1769685577,50,,Aggregated,58.700000,0.000000,53,56,58,60,69,130,230,410,3300,6200,6800,32143,0,53,77.7201765044861,27.41934100049548,6791.525815002387,61044.00130666086
1769685578,50,,Aggregated,57.900000,0.000000,53,56,58,60,69,130,230,420,3300,6200,6800,32201,0,53,77.75029404869154,27.41934100049548,6791.525815002387,61056.13005807273
1769685579,50,,Aggregated,57.700000,0.000000,53,56,58,60,69,130,230,420,3300,6200,6800,32255,0,53,77.76147915749138,27.41934100049548,6791.525815002387,61059.300387536816
1769685580,50,,Aggregated,57.400000,0.000000,53,56,58,60,69,130,230,430,3300,6200,6800,32309,0,53,77.83129963817485,27.41934100049548,6791.525815002387,61063.14971060695
1769685581,50,,Aggregated,57.000000,0.000000,53,56,58,60,69,130,230,430,3300,6200,6800,32366,0,53,77.80055788684224,27.41934100049548,6791.525815002387,61078.36254093802
1769685582,50,,Aggregated,56.400000,0.000000,53,56,58,60,69,130,230,420,3300,6200,6800,32414,0,53,77.76973595065415,27.41934100049548,6791.525815002387,61079.41253779231
1769685583,50,,Aggregated,56.200000,0.000000,53,56,58,60,69,130,240,440,3300,6200,6800,32475,0,53,77.80289964176454,27.41934100049548,6791.525815002387,61084.61770592764
1769685584,50,,Aggregated,56.100000,0.000000,53,56,58,60,70,130,240,450,3300,6200,6800,32535,0,53,77.87002260498977,27.41934100049548,6791.525815002387,61082.77888427847
1769685585,50,,Aggregated,55.000000,0.000000,53,56,58,60,70,130,240,450,3300,6200,6800,32582,0,53,77.85592171411798,27.41934100049548,6791.525815002387,61097.77245104659
1769685586,50,,Aggregated,55.800000,0.000000,53,56,58,60,70,130,240,450,3300,6200,6800,32641,0,53,77.87816259438407,27.41934100049548,6791.525815002387,61120.360191170614
1769685587,50,,Aggregated,55.900000,0.000000,53,56,58,60,70,130,240,460,3300,6200,6800,32680,0,53,77.93392028195451,27.41934100049548,6791.525815002387,61125.24112607099
1769685588,50,,Aggregated,55.900000,0.000000,53,56,58,60,70,130,240,460,3300,6200,6800,32737,0,53,77.98977380393374,27.41934100049548,6791.525815002387,61134.9781898158
1769685589,50,,Aggregated,54.100000,0.000000,53,56,58,60,70,130,240,510,3300,6200,6800,32777,0,53,78.2495099813102,27.41934100049548,6791.525815002387,61143.77636757482
1769685590,50,,Aggregated,52.400000,0.000000,53,56,58,60,70,130,240,600,3300,6200,6800,32828,0,53,78.36399549480635,27.41934100049548,6791.525815002387,61149.11752162788
1769685591,50,,Aggregated,52.800000,0.000000,53,56,58,60,70,140,240,620,3300,6200,6800,32868,0,53,78.39571738184365,27.41934100049548,6791.525815002387,61161.52184495558
1769685592,50,,Aggregated,50.400000,0.000000,53,56,58,60,70,140,240,840,3300,6200,6800,32919,0,53,78.5652878058456,27.41934100049548,6791.525815002387,61173.47334366172
1769685593,50,,Aggregated,49.400000,0.000000,53,56,58,60,70,140,240,860,3300,6200,6800,32959,0,53,78.59647508370023,27.41934100049548,6791.525815002387,61191.62629327346
1769685594,50,,Aggregated,48.800000,0.000000,53,56,58,60,70,140,240,860,3300,6200,6800,33017,0,53,78.63632773106727,27.41934100049548,6791.525815002387,61204.717842323655
1769685595,50,,Aggregated,48.700000,0.000000,53,56,58,60,70,140,240,880,3300,6200,6800,33067,0,53,78.8243355962047,27.41934100049548,6791.525815002387,61204.76623219524
1769685596,50,,Aggregated,47.800000,0.000000,53,56,58,60,70,140,240,890,3300,6200,6800,33117,0,53,78.90942575800032,27.41934100049548,6791.525815002387,61223.09572123079
1769685597,50,,Aggregated,46.600000,0.000000,53,56,58,60,70,140,240,890,3300,6200,6800,33164,0,53,78.9250937964578,27.41934100049548,6791.525815002387,61226.21245929321
1769685598,50,,Aggregated,45.800000,0.000000,53,56,58,60,70,140,240,890,3300,6200,6800,33209,0,53,78.93733992428939,27.41934100049548,6791.525815002387,61233.62293354211
1769685599,50,,Aggregated,46.400000,0.000000,53,56,58,60,71,140,240,890,3300,6200,6800,33269,0,53,79.00998067843382,27.41934100049548,6791.525815002387,61221.47338363041
1769685600,50,,Aggregated,47.200000,0.000000,53,56,58,60,71,140,240,890,3300,6200,6800,33340,0,53,79.12484010677441,27.41934100049548,6791.525815002387,61224.68074385123
1769685601,50,,Aggregated,46.800000,0.000000,53,56,58,60,71,140,240,890,3300,6200,6800,33392,0,53,79.0933496761125,27.41934100049548,6791.525815002387,61231.769974844276
1769685602,50,,Aggregated,50.700000,0.000000,53,56,58,60,71,140,240,890,3300,6200,6800,33460,0,53,79.14241029338694,27.41934100049548,6791.525815002387,61223.00146443515
1769685603,50,,Aggregated,50.600000,0.000000,53,56,58,60,71,140,240,890,3300,6200,6800,33505,0,53,79.15512930958975,27.41934100049548,6791.525815002387,61224.90007461573
1769685604,50,,Aggregated,50.200000,0.000000,53,56,58,61,71,140,240,890,3300,6200,6800,33575,0,53,79.14896449065706,27.41934100049548,6791.525815002387,61217.02019359643
1769685605,50,,Aggregated,52.100000,0.000000,53,56,58,61,71,140,240,880,3300,6200,6800,33627,0,53,79.14221497114877,27.41934100049548,6791.525815002387,61214.85713860886
1769685606,50,,Aggregated,52.800000,0.000000,53,56,58,61,71,140,240,880,3300,6200,6800,33688,0,53,79.11800497277616,27.41934100049548,6791.525815002387,61210.00943956305
1769685607,50,,Aggregated,55.400000,0.000000,53,56,58,61,71,140,240,870,3300,6200,6800,33748,0,53,79.09666360987188,27.41934100049548,6791.525815002387,61205.704071352375
1769685608,50,,Aggregated,56.800000,0.000000,53,56,58,61,71,140,240,870,3300,6200,6800,33801,0,53,79.08972136244402,27.41934100049548,6791.525815002387,61200.51178959203
1769685609,50,,Aggregated,58.200000,0.000000,53,56,58,61,71,140,240,870,3300,6200,6800,33859,0,53,79.0424749877484,27.41934100049548,6791.525815002387,61203.99976372604
1769685610,50,,Aggregated,58.300000,0.000000,53,56,58,61,71,140,240,870,3300,6200,6800,33924,0,53,78.9956313720439,27.41934100049548,6791.525815002387,61201.26049404551
1769685611,50,,Aggregated,58.900000,0.000000,53,56,58,61,71,140,240,870,3300,6200,6800,33985,0,53,78.94585380915709,27.41934100049548,6791.525815002387,61198.53870825364
1769685612,50,,Aggregated,58.200000,0.000000,53,56,58,60,71,140,240,870,3200,6200,6800,34045,0,53,78.9201960132223,27.41934100049548,6791.525815002387,61195.12451167572
1769685613,50,,Aggregated,58.900000,0.000000,53,56,58,60,71,140,240,870,3200,6200,6800,34114,0,53,78.86635706493165,27.41934100049548,6791.525815002387,61188.68570088527
1769685614,50,,Aggregated,60.000000,0.000000,53,56,58,60,71,140,240,870,3200,6200,6800,34181,0,53,78.81808969784649,27.41934100049548,6791.525815002387,61185.89099207162
1769685615,50,,Aggregated,59.100000,0.000000,53,56,58,60,71,140,240,860,3200,6200,6800,34248,0,53,78.76777809933219,27.41934100049548,6791.525815002387,61180.19945690259
1769685616,50,,Aggregated,60.000000,0.000000,53,56,58,60,71,140,240,860,3200,6200,6800,34315,0,53,78.71177781897102,27.41934100049548,6791.525815002387,61181.11723735976
1769685617,50,,Aggregated,58.500000,0.000000,53,56,58,60,71,140,240,860,3200,6200,6800,34364,0,53,78.6782532938218,27.41934100049548,6791.525815002387,61176.26842043999
1769685618,50,,Aggregated,59.100000,0.000000,53,56,58,60,71,140,240,860,3200,6200,6800,34439,0,53,78.63738751031858,27.41934100049548,6791.525815002387,61170.097796103255
1769685619,50,,Aggregated,59.300000,0.000000,53,56,58,60,71,140,240,860,3200,6200,6800,34493,0,53,78.59354975165543,27.41934100049548,6791.525815002387,61166.28626098049
1769685620,50,,Aggregated,60.000000,0.000000,53,56,58,60,71,140,240,840,3200,6200,6800,34563,0,53,78.54314829548626,27.41934100049548,6791.525815002387,61161.66316581315
1769685621,50,,Aggregated,61.200000,0.000000,53,56,58,60,71,140,240,830,3200,6200,6800,34627,0,53,78.49290876668212,27.41934100049548,6791.525815002387,61154.94746873827
1769685622,50,,Aggregated,61.500000,0.000000,53,56,58,60,71,140,240,830,3200,6200,6800,34680,0,53,78.45230483906803,27.41934100049548,6791.525815002387,61150.87915224914
1769685623,50,,Aggregated,62.300000,0.000000,53,56,58,60,71,140,240,770,3200,6200,6800,34739,0,53,78.40771413143247,27.41934100049548,6791.525815002387,61149.40381127839
1769685624,50,,Aggregated,63.700000,0.000000,53,56,58,60,71,140,240,770,3200,6200,6800,34797,0,53,78.35819888780708,27.41934100049548,6791.525815002387,61146.16734201224
