Timestamp,User Count,Type,Name,Requests/s,Failures/s,50%,66%,75%,80%,90%,95%,98%,99%,99.9%,99.99%,100%,Total Request Count,Total Failure Count,Total Median Response Time,Total Average Response Time,Total Min Response Time,Total Max Response Time,Total Average Content Size
1769777624,0,,Aggregated,0.000000,0.000000,N/A,N/A,N/A,N/A,N/A,N/A,N/A,N/A,N/A,N/A,N/A,0,0,0,0.0,0,0,0
1769777629,200,,Aggregated,0.000000,0.000000,N/A,N/A,N/A,N/A,N/A,N/A,N/A,N/A,N/A,N/A,N/A,0,0,0,0.0,0,0,0
1769777635,200,,Aggregated,0.000000,0.000000,N/A,N/A,N/A,N/A,N/A,N/A,N/A,N/A,N/A,N/A,N/A,0,0,0,0.0,0,0,0
1769777641,200,,Aggregated,0.000000,0.000000,N/A,N/A,N/A,N/A,N/A,N/A,N/A,N/A,N/A,N/A,N/A,0,0,0,0.0,0,0,0
1769777647,200,,Aggregated,0.000000,0.000000,N/A,N/A,N/A,N/A,N/A,N/A,N/A,N/A,N/A,N/A,N/A,0,0,0,0.0,0,0,0
1769777648,200,,Aggregated,0.000000,0.000000,N/A,N/A,N/A,N/A,N/A,N/A,N/A,N/A,N/A,N/A,N/A,0,0,0,0.0,0,0,0
1769777649,200,,Aggregated,0.000000,0.000000,13000,19000,19000,22000,24000,24000,24000,24000,24000,24000,24000,43,0,13000.0,14702.079929675376,43.496705999132246,24324.724680976942,217.88372093023256
1769777650,200,,Aggregated,0.000000,0.000000,980,10000,13000,16000,21000,23000,24000,24000,24000,24000,24000,157,0,980.0,6843.655931910909,37.15192899107933,24324.724680976942,27277.23566878981
1769777651,200,,Aggregated,0.000000,0.000000,95,6600,11000,13000,19000,23000,24000,24000,24000,24000,24000,186,0,95,5787.487939828181,37.15192899107933,24324.724680976942,31174.05376344086
1769777652,200,,Aggregated,8.000000,0.000000,83,850,8700,11000,18000,22000,24000,24000,24000,24000,24000,238,0,82,4538.607708349415,37.15192899107933,24324.724680976942,37634.600840336134
1769777653,200,,Aggregated,15.700000,0.000000,74,94,3900,9400,17000,21000,23000,24000,24000,24000,24000,287,0,74,3774.5409303238107,37.15192899107933,24324.724680976942,41675.38327526132
1769777654,200,,Aggregated,19.000000,0.000000,71,87,750,5900,15000,21000,23000,24000,24000,24000,24000,326,0,71,3330.1568500491567,37.15192899107933,24324.724680976942,43636.43865030675
1769777655,200,,Aggregated,24.500000,0.000000,69,83,100,2000,13000,19000,23000,24000,24000,24000,24000,366,0,69,2972.883529371081,37.15192899107933,24324.724680976942,45242.15573770492
1769777656,200,,Aggregated,29.800000,0.000000,66,78,91,740,13000,19000,23000,24000,24000,24000,24000,411,0,66,2653.6742260696883,37.15192899107933,24324.724680976942,46552.165450121654
1769777657,200,,Aggregated,33.500000,0.000000,65,75,87,130,12000,18000,23000,24000,24000,24000,24000,445,0,65,2455.533690104298,37.15192899107933,24324.724680976942,47227.85168539326
1769777658,200,,Aggregated,38.300000,0.000000,64,73,85,94,11000,18000,23000,24000,24000,24000,24000,491,0,64,2230.962828523906,37.15192899107933,24324.724680976942,48844.87372708758
1769777659,200,,Aggregated,42.400000,0.000000,62,71,81,88,10000,18000,23000,23000,24000,24000,24000,535,0,62,2052.0230090326118,37.15192899107933,24324.724680976942,49690.515887850466
1769777660,200,,Aggregated,46.100000,0.000000,61,70,78,85,9100,17000,22000,23000,24000,24000,24000,583,0,61,1887.5604804472855,37.15192899107933,24324.724680976942,50006.662092624356
1769777661,200,,Aggregated,51.900000,0.000000,60,69,76,84,7000,16000,22000,23000,24000,24000,24000,623,0,60,1769.9818005676966,37.15192899107933,24324.724680976942,50891.581059390046
1769777662,200,,Aggregated,46.800000,0.000000,59,67,73,81,5100,15000,22000,23000,24000,24000,24000,672,0,59,1644.7892829401098,37.15192899107933,24324.724680976942,51323.20238095238
1769777663,200,,Aggregated,44.200000,0.000000,59,66,72,79,3900,13000,21000,23000,24000,24000,24000,715,0,59,1549.2892290935265,37.15192899107933,24324.724680976942,51804.253146853145
1769777664,200,,Aggregated,43.800000,0.000000,59,65,71,77,1100,13000,21000,23000,24000,24000,24000,767,0,59,1447.9246025867371,37.15192899107933,24324.724680976942,52256.93872229465
1769777665,200,,Aggregated,44.200000,0.000000,58,64,70,75,750,13000,21000,23000,24000,24000,24000,811,0,58,1372.3333103131674,37.15192899107933,24324.724680976942,52459.90382244143
1769777666,200,,Aggregated,43.000000,0.000000,58,63,69,73,430,12000,19000,23000,24000,24000,24000,862,0,58,1294.3737266157518,37.15192899107933,24324.724680976942,52891.23317865429
1769777667,200,,Aggregated,43.800000,0.000000,58,62,69,72,110,12000,19000,23000,24000,24000,24000,906,0,58,1234.088967957549,37.15192899107933,24324.724680976942,53211.029801324505
1769777668,200,,Aggregated,43.600000,0.000000,58,62,68,71,96,11000,19000,23000,24000,24000,24000,953,0,58,1175.993441572256,37.15192899107933,24324.724680976942,53568.60440713536
1769777669,200,,Aggregated,44.500000,0.000000,57,62,67,71,95,11000,19000,23000,24000,24000,24000,1000,0,57,1123.2811051984318,37.15192899107933,24324.724680976942,53742.681
1769777670,200,,Aggregated,45.500000,0.000000,57,62,66,70,92,11000,19000,23000,24000,24000,24000,1038,0,57,1084.1893422075723,37.15192899107933,24324.724680976942,53910.42967244701
1769777671,200,,Aggregated,44.300000,0.000000,57,61,66,70,90,10000,19000,23000,24000,24000,24000,1086,0,57,1038.6637772692768,37.15192899107933,24324.724680976942,54003.511049723755
1769777672,200,,Aggregated,46.600000,0.000000,56,61,65,69,87,9400,18000,22000,24000,24000,24000,1132,0,56,998.6094038802086,37.15192899107933,24324.724680976942,54296.27296819788
1769777673,200,,Aggregated,44.800000,0.000000,56,60,65,68,87,9100,18000,22000,24000,24000,24000,1175,0,56,963.9695345606417,34.98481697170064,24324.724680976942,54509.14382978724
1769777674,200,,Aggregated,46.900000,0.000000,56,60,64,68,85,7600,18000,22000,24000,24000,24000,1220,0,56,930.3183813637588,33.30063394969329,24324.724680976942,54532.54180327869
1769777675,200,,Aggregated,45.600000,0.000000,56,60,64,67,85,6600,18000,22000,24000,24000,24000,1265,0,56,899.0159175754433,29.932400037068874,24324.724680976942,54748.70671936759
1769777676,200,,Aggregated,46.300000,0.000000,56,60,64,67,84,5900,18000,22000,24000,24000,24000,1307,0,56,871.813199984504,29.932400037068874,24324.724680976942,54988.13848508034
1769777677,200,,Aggregated,46.400000,0.000000,55,59,63,66,82,5100,18000,22000,24000,24000,24000,1360,0,55,839.7242719035336,29.932400037068874,24324.724680976942,55103.31029411765
1769777678,200,,Aggregated,46.300000,0.000000,55,59,63,66,81,4100,18000,22000,24000,24000,24000,1399,0,55,817.7149795966301,29.932400037068874,24324.724680976942,55185.1772694782
1769777679,200,,Aggregated,45.600000,0.000000,55,59,63,66,79,3400,17000,21000,24000,24000,24000,1453,0,55,789.4428319640488,29.932400037068874,24324.724680976942,55454.701995870615
1769777680,200,,Aggregated,45.200000,0.000000,55,59,63,66,79,1200,17000,21000,24000,24000,24000,1495,0,55,768.7815711184103,29.932400037068874,24324.724680976942,55499.36989966555
1769777681,200,,Aggregated,44.900000,0.000000,55,59,62,65,78,1100,17000,21000,24000,24000,24000,1539,0,55,748.3357934131758,29.932400037068874,24324.724680976942,55620.34372969461
1769777682,200,,Aggregated,44.500000,0.000000,55,59,62,65,78,880,16000,21000,24000,24000,24000,1590,0,55,726.0743795282723,29.932400037068874,24324.724680976942,55729.88364779874
1769777683,200,,Aggregated,45.700000,0.000000,55,59,62,64,77,740,15000,21000,24000,24000,24000,1643,0,55,704.3536724555657,29.932400037068874,24324.724680976942,56006.04260499087
1769777684,200,,Aggregated,45.300000,0.000000,55,59,61,64,76,480,15000,21000,24000,24000,24000,1683,0,55,688.8307627393622,29.932400037068874,24324.724680976942,56105.27569815805
1769777685,200,,Aggregated,45.400000,0.000000,55,59,61,64,75,430,15000,19000,24000,24000,24000,1736,0,55,669.2964056356741,29.339287022594362,24324.724680976942,56177.162442396315
1769777686,200,,Aggregated,45.800000,0.000000,54,58,61,64,74,130,13000,19000,24000,24000,24000,1781,0,54,653.7165825708457,29.339287022594362,24324.724680976942,56312.74901740595
1769777687,200,,Aggregated,45.500000,0.000000,54,58,61,63,73,110,13000,19000,24000,24000,24000,1826,0,54,638.9438954412059,29.339287022594362,24324.724680976942,56363.0
1769777688,200,,Aggregated,45.700000,0.000000,54,58,61,63,73,100,13000,19000,24000,24000,24000,1873,0,54,624.3204321135835,29.339287022594362,24324.724680976942,56414.57714895889
1769777689,200,,Aggregated,46.300000,0.000000,54,58,61,63,73,100,13000,19000,24000,24000,24000,1918,0,54,610.9914076365229,29.339287022594362,24324.724680976942,56476.45151199166
1769777690,200,,Aggregated,46.300000,0.000000,54,58,61,63,72,96,13000,19000,24000,24000,24000,1965,0,54,597.6589036783744,29.339287022594362,24324.724680976942,56657.09567430025
1769777691,200,,Aggregated,47.400000,0.000000,54,58,61,63,72,95,13000,19000,24000,24000,24000,2011,0,54,585.1610053027551,29.339287022594362,24324.724680976942,56661.90203878668
1769777692,200,,Aggregated,46.900000,0.000000,54,58,61,63,72,95,13000,19000,24000,24000,24000,2059,0,54,572.743423275863,29.339287022594362,24324.724680976942,56806.548324429335
1769777693,200,,Aggregated,46.800000,0.000000,54,58,60,63,72,92,13000,19000,24000,24000,24000,2108,0,54,560.6141747975892,29.339287022594362,24324.724680976942,56728.5839658444
1769777694,200,,Aggregated,47.500000,0.000000,54,58,60,63,71,92,13000,19000,24000,24000,24000,2144,0,54,552.024215702075,29.339287022594362,24324.724680976942,56882.93563432836
1769777695,200,,Aggregated,47.300000,0.000000,54,58,60,62,71,91,12000,19000,24000,24000,24000,2192,0,54,541.0566558168058,29.339287022594362,24324.724680976942,56942.75958029197
1769777696,200,,Aggregated,46.600000,0.000000,54,58,60,62,71,90,12000,18000,24000,24000,24000,2228,0,54,533.1337661164185,29.339287022594362,24324.724680976942,56978.596947935366
1769777697,200,,Aggregated,46.100000,0.000000,54,58,60,62,71,88,12000,18000,24000,24000,24000,2284,0,54,521.3737915899102,29.339287022594362,24324.724680976942,57054.01663747811
1769777698,200,,Aggregated,46.100000,0.000000,54,58,60,62,71,87,11000,18000,24000,24000,24000,2326,0,54,512.868081896515,29.339287022594362,24324.724680976942,57104.98796216681
1769777699,200,,Aggregated,44.700000,0.000000,54,57,60,62,70,87,11000,18000,24000,24000,24000,2374,0,54,503.51326900561105,29.339287022594362,24324.724680976942,57157.39553496209
1769777700,200,,Aggregated,45.600000,0.000000,54,57,60,62,70,87,11000,18000,24000,24000,24000,2414,0,54,496.0320252015295,29.339287022594362,24324.724680976942,57206.63545981773
1769777701,200,,Aggregated,44.700000,0.000000,54,57,60,62,70,86,11000,18000,24000,24000,24000,2460,0,54,487.7545128526295,29.339287022594362,24324.724680976942,57248.63292682927
1769777702,200,,Aggregated,44.900000,0.000000,54,57,60,61,70,86,11000,18000,24000,24000,24000,2499,0,54,480.92183073798213,29.339287022594362,24324.724680976942,57249.28371348539
1769777703,200,,Aggregated,44.700000,0.000000,54,57,60,61,70,85,11000,18000,24000,24000,24000,2551,0,54,472.240159655526,29.339287022594362,24324.724680976942,57340.34653077224
1769777704,200,,Aggregated,43.900000,0.000000,54,57,60,61,70,85,11000,18000,24000,78000,78000,2598,0,54,524.8409818108557,29.339287022594362,78301.99176300084,57310.08814472671
1769777705,200,,Aggregated,43.200000,0.000000,54,57,60,62,71,100,22000,63000,78000,78000,78000,2735,0,54,1473.0021062093597,29.339287022594362,78301.99176300084,56453.54003656307
1769777706,200,,Aggregated,44.100000,0.000000,54,58,60,63,75,13000,67000,73000,80000,81000,81000,3014,0,54,2865.1128522178237,27.579437009990215,81282.72031899542,55742.143331121435
1769777707,200,,Aggregated,45.200000,0.000000,54,58,61,63,76,18000,67000,74000,80000,81000,81000,3238,0,54,3190.3584537537927,27.579437009990215,81282.72031899542,55572.490735021616
1769777708,200,,Aggregated,56.500000,0.000000,54,58,61,63,76,18000,67000,74000,81000,83000,83000,3503,0,54,3252.715086443451,27.579437009990215,82905.96467303112,55602.84755923494
1769777710,200,,Aggregated,80.200000,0.000000,55,58,61,64,78,18000,67000,73000,81000,83000,83000,3734,2,55,3235.157598093223,27.579437009990215,82905.96467303112,55656.81360471345
1769777711,200,,Aggregated,119.300000,0.000000,55,59,62,65,83,13000,65000,73000,80000,83000,83000,4024,2,55,3007.6123392652585,27.579437009990215,82905.96467303112,55999.29249502982
1769777712,200,,Aggregated,135.700000,0.200000,55,59,62,65,81,11000,64000,72000,80000,83000,83000,4252,2,55,2849.495295698368,27.579437009990215,82905.96467303112,56228.78857008467
1769777713,200,,Aggregated,159.700000,0.200000,55,59,63,65,79,6600,63000,72000,80000,83000,83000,4532,2,55,2677.0962029383777,27.579437009990215,82905.96467303112,56308.37908208297
1769777714,200,,Aggregated,178.500000,0.200000,56,59,63,65,79,1100,63000,72000,80000,83000,83000,4775,2,56,2543.889583846315,27.579437009990215,82905.96467303112,56453.773821989525
1769777715,200,,Aggregated,202.300000,0.200000,56,59,63,65,79,430,62000,72000,79000,83000,83000,5009,2,56,2427.959158014446,27.579437009990215,82905.96467303112,56569.80974246356
1769777716,200,,Aggregated,221.100000,0.200000,56,59,63,65,78,180,61000,71000,79000,83000,83000,5252,2,56,2318.3505357687554,27.579437009990215,82905.96467303112,56574.26542269612
1769777717,200,,Aggregated,239.100000,0.200000,56,59,63,65,77,160,61000,71000,79000,83000,83000,5506,2,56,2214.0797842270717,27.579437009990215,82905.96467303112,56746.59117326553
1769777718,200,,Aggregated,246.300000,0.200000,56,60,63,65,77,150,60000,70000,79000,83000,83000,5774,2,56,2114.037608558783,27.579437009990215,82905.96467303112,56810.84603394527
1769777719,200,,Aggregated,245.200000,0.200000,56,60,63,65,76,140,60000,69000,79000,83000,83000,6024,2,56,2028.742367579345,27.579437009990215,82905.96467303112,56908.31175298805
1769777720,200,,Aggregated,248.800000,0.200000,56,60,63,65,76,120,59000,69000,79000,83000,83000,6283,2,56,1947.509132412042,27.579437009990215,82905.96467303112,56963.16648098042
1769777721,200,,Aggregated,247.600000,0.200000,56,60,63,65,76,110,59000,68000,79000,83000,83000,6519,2,56,1879.1155499697566,27.579437009990215,82905.96467303112,57051.5631231784
1769777722,200,,Aggregated,251.900000,0.000000,56,60,63,66,76,100,58000,68000,79000,83000,83000,6780,2,56,1809.0645620779153,27.579437009990215,82905.96467303112,57114.67227138643
1769777723,200,,Aggregated,248.500000,0.000000,56,60,63,65,75,97,57000,67000,79000,83000,83000,7019,2,56,1749.4394311520377,27.579437009990215,82905.96467303112,57234.013819632426
1769777724,200,,Aggregated,250.400000,0.000000,56,60,63,65,75,95,57000,67000,79000,83000,83000,7282,2,56,1688.3249266345772,27.579437009990215,82905.96467303112,57300.73921999451
1769777725,200,,Aggregated,247.100000,0.000000,56,60,63,65,74,94,57000,66000,79000,83000,83000,7501,2,56,1640.7019414504648,27.579437009990215,82905.96467303112,57401.4027463005
1769777726,200,,Aggregated,248.900000,0.000000,56,60,63,65,75,92,57000,66000,79000,83000,83000,7768,2,56,1586.4150128422223,27.579437009990215,82905.96467303112,57476.218717816686
1769777727,200,,Aggregated,248.400000,0.000000,56,60,63,65,75,92,56000,65000,79000,83000,83000,8020,2,56,1538.5183888415902,27.579437009990215,82905.96467303112,57532.89650872818
1769777728,200,,Aggregated,250.500000,0.000000,56,60,63,65,75,91,24000,65000,79000,83000,83000,8288,2,56,1490.6842395374479,27.579437009990215,82905.96467303112,57564.10062741313
1769777729,200,,Aggregated,249.800000,0.000000,56,60,63,65,75,90,23000,64000,79000,83000,83000,8538,2,56,1448.7957464399346,27.579437009990215,82905.96467303112,57693.08362614195
1769777730,200,,Aggregated,249.300000,0.000000,56,60,63,66,75,91,22000,64000,79000,83000,83000,8798,2,56,1407.950282244249,27.579437009990215,82905.96467303112,57739.88304160036
1769777731,200,,Aggregated,248.700000,0.000000,56,60,63,66,76,94,19000,63000,79000,83000,83000,9022,2,56,1374.86611688711,27.579437009990215,82905.96467303112,57803.16836621592
1769777732,200,,Aggregated,249.700000,0.000000,56,60,63,66,76,96,18000,63000,79000,83000,83000,9263,2,56,1341.202496505989,27.579437009990215,82905.96467303112,57920.285328727194
1769777733,200,,Aggregated,248.100000,0.000000,56,60,63,66,76,96,18000,63000,79000,83000,83000,9499,2,56,1309.5263624186932,27.579437009990215,82905.96467303112,57989.62269712601
1769777734,200,,Aggregated,247.400000,0.000000,56,60,64,67,77,100,16000,62000,79000,83000,83000,9741,2,56,1279.3659282756944,27.579437009990215,82905.96467303112,58036.34852684529
1769777735,200,,Aggregated,245.900000,0.000000,57,61,64,67,78,100,13000,62000,79000,83000,83000,9981,2,57,1250.4706266983924,27.579437009990215,82905.96467303112,58172.951708245666
1769777736,200,,Aggregated,243.800000,0.000000,57,61,64,67,78,100,13000,62000,78000,81000,83000,10217,2,57,1223.5129287278737,27.579437009990215,82905.96467303112,58331.8249975531
1769777737,200,,Aggregated,245.000000,0.000000,57,61,65,67,79,100,12000,61000,78000,81000,83000,10448,2,57,1198.1430959181778,27.579437009990215,82905.96467303112,58424.4184532925
1769777738,200,,Aggregated,243.900000,0.000000,57,61,65,68,81,130,11000,61000,78000,81000,83000,10646,2,57,1178.157708191115,27.579437009990215,82905.96467303112,58413.333364644
1769777739,200,,Aggregated,241.900000,0.000000,57,61,65,68,81,130,10000,61000,78000,81000,83000,10858,2,57,1157.021178910451,27.579437009990215,82905.96467303112,58522.27592558482
1769777740,200,,Aggregated,233.900000,0.000000,57,62,66,69,83,140,8700,61000,78000,81000,83000,11102,2,57,1133.7783743621708,27.579437009990215,82905.96467303112,58619.575211673575
1769777741,200,,Aggregated,235.900000,0.000000,57,62,66,70,87,150,6600,60000,78000,81000,83000,11349,2,57,1111.5833137212749,27.579437009990215,82905.96467303112,58676.5713278703
1769777742,200,,Aggregated,231.200000,0.000000,57,62,67,71,92,170,5100,60000,78000,81000,83000,11535,2,57,1096.8447556515277,27.579437009990215,82905.96467303112,58578.61231035977
1769777743,200,,Aggregated,231.900000,0.000000,57,62,67,71,95,180,2000,60000,78000,81000,83000,11809,2,57,1074.0931353907124,27.579437009990215,82905.96467303112,58765.540604623595
1769777744,200,,Aggregated,221.100000,0.000000,57,63,67,71,96,180,1100,60000,78000,81000,83000,11987,2,57,1059.1666180695213,27.579437009990215,82905.96467303112,58818.20505547676
1769777745,200,,Aggregated,224.600000,0.000000,58,63,68,73,110,190,890,59000,78000,81000,83000,12283,2,58,1037.3833973907538,27.579437009990215,82905.96467303112,58790.86550516975
1769777746,200,,Aggregated,224.200000,0.000000,58,63,69,74,120,190,850,59000,78000,81000,83000,12474,2,58,1023.1852155377018,27.579437009990215,82905.96467303112,58797.93025493025
1769777747,200,,Aggregated,216.700000,0.000000,58,63,69,75,120,190,810,59000,78000,81000,83000,12696,2,58,1007.2343282465288,27.579437009990215,82905.96467303112,58626.5315847511
1769777748,200,,Aggregated,217.700000,0.000000,58,64,70,76,130,190,770,59000,78000,81000,83000,12935,2,58,990.364166839119,27.579437009990215,82905.96467303112,58820.37587939698
1769777749,200,,Aggregated,219.100000,0.000000,58,64,70,76,130,190,750,59000,78000,81000,83000,13182,2,58,973.7212206363384,27.579437009990215,82905.96467303112,58850.95577302382
1769777750,200,,Aggregated,226.100000,0.000000,58,64,70,77,130,190,710,58000,78000,81000,83000,13449,2,58,955.725915335546,27.579437009990215,82905.96467303112,58869.96825042754
1769777751,200,,Aggregated,219.900000,0.000000,58,64,70,76,130,190,680,58000,78000,81000,83000,13708,2,58,938.7486947587743,27.579437009990215,82905.96467303112,58884.56886489641
1769777752,200,,Aggregated,226.800000,0.000000,58,64,70,76,130,190,660,57000,78000,81000,83000,13958,2,58,922.9302339015741,27.579437009990215,82905.96467303112,58899.50967187276
1769777753,200,,Aggregated,223.100000,0.000000,58,64,70,75,120,190,590,57000,78000,81000,83000,14216,2,58,907.2409240132516,27.579437009990215,82905.96467303112,58893.56183173889
1769777754,200,,Aggregated,236.300000,0.000000,58,64,70,75,120,190,560,57000,78000,81000,83000,14479,2,58,891.7932957444116,27.579437009990215,82905.96467303112,58907.4047931487
1769777755,200,,Aggregated,232.000000,0.000000,58,63,69,75,120,190,520,57000,78000,81000,83000,14718,2,58,878.2415776750755,27.579437009990215,82905.96467303112,58911.20158988993
1769777756,200,,Aggregated,232.900000,0.000000,58,63,69,74,110,180,480,57000,78000,81000,83000,14970,2,58,864.3745915676665,27.579437009990215,82905.96467303112,58879.61937207749
1769777757,200,,Aggregated,241.800000,0.000000,58,63,69,74,110,180,440,57000,78000,81000,83000,15228,2,58,850.6708921613863,27.579437009990215,82905.96467303112,58936.67415287628
1769777758,200,,Aggregated,241.200000,0.000000,58,63,69,74,110,180,420,57000,78000,81000,83000,15485,2,58,837.5211829106044,27.579437009990215,82905.96467303112,58916.899773974816
1769777759,200,,Aggregated,244.300000,0.000000,58,63,69,73,110,180,400,56000,78000,81000,83000,15740,2,58,824.8556408524472,27.579437009990215,82905.96467303112,58926.77668360864
1769777760,200,,Aggregated,245.900000,0.000000,58,63,68,73,110,180,360,56000,78000,81000,83000,15957,2,58,814.3859295353808,27.579437009990215,82905.96467303112,58956.09563201103
1769777761,200,,Aggregated,252.300000,0.000000,58,63,68,73,110,180,350,55000,78000,81000,83000,16213,2,58,802.4799113460147,27.579437009990215,82905.96467303112,58934.0704989823
1769777762,200,,Aggregated,248.100000,0.000000,58,63,68,73,100,170,340,24000,78000,81000,83000,16448,2,58,791.9112233612994,27.579437009990215,82905.96467303112,58965.58651507782
1769777763,200,,Aggregated,250.400000,0.000000,58,63,68,73,100,170,330,24000,78000,81000,83000,16698,2,58,780.9400125121048,27.579437009990215,82905.96467303112,58965.04563420769
1769777764,200,,Aggregated,248.100000,0.000000,58,63,68,72,100,170,320,23000,78000,81000,83000,16958,2,58,769.8607098319113,27.579437009990215,82905.96467303112,58965.138813539335
1769777765,200,,Aggregated,248.300000,0.000000,58,63,68,73,100,170,320,23000,78000,81000,83000,17191,2,58,760.4486225304166,27.579437009990215,82905.96467303112,58986.182711884125
1769777766,200,,Aggregated,250.800000,0.000000,58,63,68,73,100,170,310,22000,78000,81000,83000,17455,2,58,749.8276551530056,27.579437009990215,82905.96467303112,58987.05110283587
1769777767,200,,Aggregated,248.000000,0.000000,58,63,68,72,100,170,310,22000,78000,81000,83000,17700,2,58,740.269720926955,27.579437009990215,82905.96467303112,58975.03841807909
1769777768,200,,Aggregated,247.400000,0.000000,58,63,68,72,98,170,300,21000,78000,81000,83000,17970,2,58,730.0249345064187,27.579437009990215,82905.96467303112,58980.22559821925
1769777769,200,,Aggregated,244.900000,0.000000,58,63,68,72,98,170,300,19000,78000,81000,83000,18199,2,58,721.5274927437725,27.579437009990215,82905.96467303112,58961.74811802847
1769777770,200,,Aggregated,243.200000,0.000000,57,63,68,72,97,170,300,19000,78000,81000,83000,18461,2,57,712.0996987394565,27.579437009990215,82905.96467303112,58952.251990683064
1769777771,200,,Aggregated,242.300000,0.000000,57,63,68,72,96,170,300,18000,78000,81000,83000,18691,2,57,704.0280115643181,27.579437009990215,82905.96467303112,58952.8405649778
1769777772,200,,Aggregated,242.700000,0.000000,57,63,67,72,95,170,300,18000,78000,81000,83000,18944,2,57,695.3801949735902,27.579437009990215,82905.96467303112,58987.68665540541
1769777773,200,,Aggregated,245.700000,0.000000,57,63,67,71,94,160,300,17000,77000,81000,83000,19186,2,57,687.3351590861001,27.579437009990215,82905.96467303112,58991.03929948921
1769777774,200,,Aggregated,244.800000,0.000000,57,63,67,71,93,160,300,16000,77000,81000,83000,19445,2,57,678.9479896905088,27.579437009990215,82905.96467303112,58997.209565440986
1769777775,200,,Aggregated,246.900000,0.000000,57,62,67,71,92,160,290,15000,77000,81000,83000,19709,2,57,670.6266524561464,27.579437009990215,82905.96467303112,59032.30559642803
1769777776,200,,Aggregated,243.300000,0.000000,57,62,67,71,92,160,290,13000,77000,81000,83000,19954,2,57,663.1104518543149,27.579437009990215,82905.96467303112,59047.11195750225
1769777777,200,,Aggregated,246.000000,0.000000,57,62,67,71,92,160,290,13000,77000,81000,83000,20234,2,57,654.7271310351247,27.579437009990215,82905.96467303112,59085.80997331224
1769777779,200,,Aggregated,246.500000,0.000000,57,62,67,71,91,160,290,13000,77000,81000,83000,20469,2,57,647.8341920548114,27.579437009990215,82905.96467303112,59120.99130392301
1769777780,200,,Aggregated,249.600000,0.000000,57,62,67,71,91,160,290,12000,77000,81000,83000,20720,2,57,640.6407203050812,27.579437009990215,82905.96467303112,59167.83725868726
1769777781,200,,Aggregated,247.200000,0.000000,57,62,67,71,90,160,280,11000,77000,81000,83000,20977,2,57,633.4583206549981,27.579437009990215,82905.96467303112,59210.14935405444
1769777782,200,,Aggregated,247.700000,0.000000,57,62,67,71,90,160,280,11000,77000,81000,83000,21224,2,57,626.733830596178,27.579437009990215,82905.96467303112,59255.572512250284
1769777783,200,,Aggregated,247.400000,0.000000,57,62,67,70,89,160,280,11000,77000,81000,83000,21448,2,57,620.7850019936631,27.579437009990215,82905.96467303112,59296.4763614323
1769777784,200,,Aggregated,248.500000,0.000000,57,62,67,70,89,160,280,10000,77000,81000,83000,21701,2,57,614.3096338596616,27.579437009990215,82905.96467303112,59342.491682410946
1769777785,200,,Aggregated,245.900000,0.000000,57,62,67,70,89,160,280,9400,77000,81000,83000,21935,2,57,608.5124971365436,27.579437009990215,82905.96467303112,59391.44271711876
1769777786,200,,Aggregated,247.800000,0.000000,57,62,67,71,90,160,280,9100,77000,81000,83000,22173,2,57,602.9568661029268,27.579437009990215,82905.96467303112,59437.04329590042
1769777787,200,,Aggregated,246.000000,0.000000,57,62,67,71,90,160,280,7600,77000,81000,83000,22389,2,57,597.9818536642483,27.579437009990215,82905.96467303112,59517.45187368797
1769777788,200,,Aggregated,241.900000,0.000000,57,62,67,71,91,160,280,7000,77000,81000,83000,22565,2,57,594.3355999805392,27.579437009990215,82905.96467303112,59598.204741856855
1769777789,200,,Aggregated,240.900000,0.000000,57,62,67,71,93,160,300,6400,77000,81000,83000,22742,2,57,591.2901971311495,27.579437009990215,82905.96467303112,59664.16300237446
1769777790,200,,Aggregated,231.200000,0.000000,57,63,68,72,97,170,310,5300,77000,81000,83000,22908,2,57,589.2892432567272,27.579437009990215,82905.96467303112,59760.50737733543
1769777791,200,,Aggregated,225.800000,0.000000,57,63,68,72,100,170,330,5100,77000,81000,83000,23103,2,57,586.3741710018851,27.579437009990215,82905.96467303112,59880.6438557763
1769777792,200,,Aggregated,217.000000,0.000000,57,63,68,73,100,180,350,4100,77000,81000,83000,23229,2,57,584.635972174322,27.579437009990215,82905.96467303112,59945.518662017304
1769777793,200,,Aggregated,210.000000,0.000000,57,63,68,73,110,180,380,4100,77000,81000,83000,23393,2,57,582.658221812518,27.579437009990215,82905.96467303112,60024.93664771513
1769777794,200,,Aggregated,198.400000,0.000000,58,63,69,73,110,190,440,3400,77000,81000,83000,23529,2,58,580.910266723821,27.579437009990215,82905.96467303112,60083.004462578094
1769777795,200,,Aggregated,192.800000,0.000000,58,63,69,74,110,190,480,2700,77000,81000,83000,23730,2,58,577.96141222097,27.579437009990215,82905.96467303112,60203.72785503582
1769777796,200,,Aggregated,182.000000,0.000000,58,63,69,75,120,200,490,2600,77000,81000,83000,23883,2,58,575.4540097228069,27.579437009990215,82905.96467303112,60292.51467571076
1769777797,200,,Aggregated,175.400000,0.000000,58,64,70,75,130,200,500,2000,77000,81000,83000,24081,2,58,572.0910276001797,27.579437009990215,82905.96467303112,60382.269174868154
1769777798,200,,Aggregated,175.400000,0.000000,58,64,70,75,130,200,510,2000,77000,81000,83000,24123,2,58,571.6799707140432,27.579437009990215,82905.96467303112,60363.44948804046
1769777800,200,,Aggregated,163.000000,0.000000,58,64,70,76,130,230,730,2000,77000,81000,83000,24247,2,58,572.6848317224328,27.579437009990215,82905.96467303112,60435.83239163608
1769777802,200,,Aggregated,146.100000,0.000000,58,64,71,77,140,260,800,2000,77000,81000,83000,24435,2,58,575.2272785463164,27.579437009990215,82905.96467303112,60420.871004706365
1769777803,200,,Aggregated,136.200000,0.000000,58,64,71,77,140,280,830,2000,77000,81000,83000,24514,2,58,578.6355013368822,27.579437009990215,82905.96467303112,60411.87219548014
1769777804,200,,Aggregated,123.600000,0.000000,58,65,72,79,160,350,1200,1800,77000,81000,83000,24806,2,58,580.9649714238197,27.579437009990215,82905.96467303112,60521.58381036846
1769777806,200,,Aggregated,115.400000,0.000000,58,65,72,80,160,350,1200,1800,77000,81000,83000,24886,2,58,579.9615531168915,27.579437009990215,82905.96467303112,60511.08217471671
1769777807,200,,Aggregated,111.500000,0.000000,58,65,72,80,160,390,1200,1800,77000,81000,83000,24954,2,58,580.0559180403596,27.579437009990215,82905.96467303112,60416.57048970105
1769777808,200,,Aggregated,115.700000,0.000000,58,65,73,81,170,530,1200,1800,77000,81000,83000,25056,2,58,582.5018799805214,27.579437009990215,82905.96467303112,60438.47880747126
1769777810,200,,Aggregated,96.100000,0.000000,58,65,73,82,180,580,1300,1800,77000,81000,83000,25178,2,58,586.3965650974642,27.579437009990215,82905.96467303112,60364.39133370403
1769777811,200,,Aggregated,93.200000,0.000000,59,66,74,83,190,750,1400,1800,77000,81000,83000,25411,2,59,591.067928125508,27.579437009990215,82905.96467303112,60380.232576443275
1769777812,200,,Aggregated,93.100000,0.000000,59,66,75,85,200,750,1400,1800,77000,81000,83000,25624,2,59,589.5234733311536,27.579437009990215,82905.96467303112,60410.3141195754
1769777813,200,,Aggregated,92.200000,0.000000,59,66,76,87,210,740,1400,1800,77000,81000,83000,25897,2,59,585.168412789355,27.579437009990215,82905.96467303112,60390.67335984863
1769777815,200,,Aggregated,109.100000,0.000000,59,67,76,89,210,730,1400,1800,77000,81000,83000,26139,2,59,580.9167291137112,27.579437009990215,82905.96467303112,60417.32407513677
1769777816,200,,Aggregated,129.300000,0.000000,59,67,77,90,210,710,1400,1800,77000,81000,83000,26403,2,59,576.0615377933598,27.579437009990215,82905.96467303112,60369.46744688103
1769777817,200,,Aggregated,131.300000,0.000000,59,67,77,91,210,700,1400,1800,77000,81000,83000,26663,2,59,571.3691913447473,27.579437009990215,82905.96467303112,60360.382365075195
1769777818,200,,Aggregated,150.600000,0.000000,59,67,77,91,210,700,1400,1800,77000,81000,83000,26891,2,59,567.2006013930227,27.579437009990215,82905.96467303112,60341.98103454687
1769777819,200,,Aggregated,169.600000,0.000000,59,67,77,91,200,690,1400,1800,75000,81000,83000,27155,2,59,562.3608484588123,27.579437009990215,82905.96467303112,60335.212262935005
1769777820,200,,Aggregated,180.600000,0.000000,59,67,77,90,200,690,1400,1800,75000,81000,83000,27370,2,59,558.4114793949785,27.579437009990215,82905.96467303112,60294.56181951041
1769777821,200,,Aggregated,201.000000,0.000000,59,67,77,90,200,690,1400,1800,75000,81000,83000,27611,2,59,554.1137825672954,27.579437009990215,82905.96467303112,60282.60403462388
1769777822,200,,Aggregated,214.800000,0.000000,59,67,77,90,200,690,1400,1800,75000,81000,83000,27845,2,59,550.0092955244312,27.579437009990215,82905.96467303112,60290.84435266655
1769777823,200,,Aggregated,227.100000,0.000000,59,67,77,90,200,680,1400,1800,75000,81000,83000,28100,2,59,545.6732127419048,27.579437009990215,82905.96467303112,60269.65042704626
1769777824,200,,Aggregated,229.100000,0.000000,59,67,77,89,190,660,1400,1800,75000,81000,83000,28345,2,59,541.4883953008406,27.579437009990215,82905.96467303112,60265.30336920092
1769777825,200,,Aggregated,237.700000,0.000000,59,67,77,89,190,640,1400,1800,75000,81000,83000,28597,2,59,537.2636746116425,27.579437009990215,82905.96467303112,60257.25331328461
1769777826,200,,Aggregated,241.100000,0.000000,59,67,77,89,190,640,1400,1800,75000,81000,83000,28868,2,59,532.9266326477147,27.579437009990215,82905.96467303112,60254.7726202023
1769777827,200,,Aggregated,243.900000,0.000000,59,67,77,88,190,630,1400,1800,75000,81000,83000,29123,2,59,528.8127099635749,27.579437009990215,82905.96467303112,60244.460323455685
1769777828,200,,Aggregated,246.700000,0.000000,59,67,77,88,190,620,1400,1800,75000,81000,83000,29396,2,59,524.4821518046342,27.579437009990215,82905.96467303112,60242.19523064362
1769777829,200,,Aggregated,244.100000,0.000000,59,67,76,88,190,620,1300,1800,75000,81000,83000,29651,2,59,520.5196428200527,27.579437009990215,82905.96467303112,60220.509021618156
1769777830,200,,Aggregated,247.900000,0.000000,59,67,76,87,180,610,1300,1800,75000,81000,83000,29899,2,59,516.7082354357683,27.579437009990215,82905.96467303112,60208.71229807017
1769777831,200,,Aggregated,243.200000,0.000000,59,67,76,87,180,600,1300,1800,75000,81000,83000,30149,2,59,512.9317477029673,27.579437009990215,82905.96467303112,60214.32896613486
1769777832,200,,Aggregated,247.600000,0.000000,59,67,76,86,180,590,1300,1800,75000,81000,83000,30396,2,59,509.22940068503794,27.579437009990215,82905.96467303112,60193.9177852349
1769777833,200,,Aggregated,245.700000,0.000000,59,67,76,86,180,590,1300,1800,75000,81000,83000,30625,2,59,505.8733579228916,27.579437009990215,82905.96467303112,60205.69054693878
1769777834,200,,Aggregated,247.400000,0.000000,59,67,76,86,180,580,1300,1800,75000,81000,83000,30872,2,59,502.3169877214399,27.579437009990215,82905.96467303112,60200.45060248769
1769777835,200,,Aggregated,244.700000,0.000000,59,67,76,85,180,580,1300,1800,75000,81000,83000,31115,2,59,498.9478190693266,27.579437009990215,82905.96467303112,60207.31653543307
1769777836,200,,Aggregated,247.000000,0.000000,59,67,75,85,180,580,1300,1800,75000,81000,83000,31385,2,59,495.25397679526986,27.579437009990215,82905.96467303112,60219.494280707346
1769777837,200,,Aggregated,243.900000,0.000000,59,66,75,85,180,570,1300,1700,75000,81000,83000,31608,2,59,492.161336484387,27.579437009990215,82905.96467303112,60229.16492660086
1769777838,200,,Aggregated,243.900000,0.000000,59,66,75,85,170,570,1300,1700,75000,81000,83000,31855,2,59,489.04417819975623,27.579437009990215,82905.96467303112,60237.70152252394
1769777839,200,,Aggregated,244.900000,0.000000,59,66,75,85,170,570,1300,1700,74000,81000,83000,32082,2,59,486.28104260433196,27.579437009990215,82905.96467303112,60242.20167071878
1769777840,200,,Aggregated,241.700000,0.000000,59,66,75,85,170,570,1300,1600,74000,81000,83000,32332,2,59,483.0236748941775,27.579437009990215,82905.96467303112,60262.43511072622
1769777841,200,,Aggregated,244.100000,0.000000,59,66,75,85,170,570,1300,1600,74000,81000,83000,32549,2,59,480.3051640358788,27.579437009990215,82905.96467303112,60287.84153122984
1769777842,200,,Aggregated,242.200000,0.000000,59,67,75,85,170,570,1300,1600,74000,81000,83000,32789,2,59,477.54133935596116,27.579437009990215,82905.96467303112,60303.87642197078
1769777843,200,,Aggregated,242.000000,0.000000,59,67,75,85,170,570,1300,1600,74000,81000,83000,32999,2,59,475.09355173400377,27.579437009990215,82905.96467303112,60294.05303191006
1769777844,200,,Aggregated,236.300000,0.000000,59,67,75,85,170,560,1300,1600,74000,81000,83000,33259,2,59,472.0173501488139,27.579437009990215,82905.96467303112,60317.324333263176
1769777845,200,,Aggregated,238.100000,0.000000,59,67,75,85,170,560,1300,1600,74000,81000,83000,33468,2,59,469.50622362210134,27.579437009990215,82905.96467303112,60342.77127405283
1769777846,200,,Aggregated,232.600000,0.000000,59,67,76,86,170,560,1300,1600,74000,81000,83000,33715,2,59,467.0223425497255,27.579437009990215,82905.96467303112,60324.67738395373
1769777847,200,,Aggregated,233.100000,0.000000,59,67,76,86,170,550,1200,1600,74000,81000,83000,33933,2,59,464.61385078517276,27.579437009990215,82905.96467303112,60324.68882798456
1769777848,200,,Aggregated,221.400000,0.000000,59,67,76,87,170,550,1200,1600,74000,81000,83000,34147,2,59,462.31510170153354,27.579437009990215,82905.96467303112,60325.04026708056
1769777849,200,,Aggregated,222.800000,0.000000,59,67,76,87,170,540,1200,1600,74000,81000,83000,34323,2,59,460.35279838165866,27.579437009990215,82905.96467303112,60351.31005448242
1769777850,200,,Aggregated,224.600000,0.000000,59,67,77,88,180,520,1200,1500,74000,81000,83000,34585,2,59,458.0462521851312,27.579437009990215,82905.96467303112,60307.28281046697
1769777851,200,,Aggregated,226.000000,0.000000,59,67,77,90,180,510,1200,1500,74000,81000,83000,34874,2,59,455.33900242149736,27.579437009990215,82905.96467303112,60327.20995584103
1769777852,200,,Aggregated,217.500000,0.000000,59,67,78,90,180,490,1200,1500,74000,81000,83000,35111,2,59,452.8711266169994,27.579437009990215,82905.96467303112,60331.20449431802
1769777853,200,,Aggregated,216.100000,0.000000,59,68,78,90,180,480,1200,1500,74000,81000,83000,35403,2,59,449.9488595306614,27.579437009990215,82905.96467303112,60324.518515380056
1769777855,200,,Aggregated,221.800000,0.000000,59,68,78,90,180,460,1200,1500,74000,81000,83000,35654,2,59,447.1855418425765,27.579437009990215,82905.96467303112,60321.54826947888
1769777856,200,,Aggregated,228.400000,0.000000,59,68,78,90,180,450,1200,1500,74000,81000,83000,35903,2,59,444.5638205932554,27.579437009990215,82905.96467303112,60292.987048436065
1769777857,200,,Aggregated,230.400000,0.000000,59,68,78,90,180,440,1200,1500,73000,81000,83000,36147,2,59,442.02363484940133,27.579437009990215,82905.96467303112,60292.11179350984
1769777858,200,,Aggregated,237.300000,0.000000,59,67,77,89,170,420,1200,1500,73000,81000,83000,36380,2,59,439.54947786596216,27.579437009990215,82905.96467303112,60292.408053875755
1769777859,200,,Aggregated,236.100000,0.000000,59,67,77,89,170,400,1200,1500,73000,81000,83000,36635,2,59,436.8912594675314,27.579437009990215,82905.96467303112,60282.037723488465
1769777860,200,,Aggregated,235.600000,0.000000,59,67,77,88,170,390,1200,1500,73000,81000,83000,36873,2,59,434.4490357922344,27.579437009990215,82905.96467303112,60272.71239118054
1769777861,200,,Aggregated,234.800000,0.000000,59,67,77,88,170,380,1200,1500,73000,81000,83000,37137,2,59,431.7773198391622,27.579437009990215,82905.96467303112,60272.49753614993
1769777862,200,,Aggregated,244.200000,0.000000,59,67,77,87,170,380,1200,1500,73000,81000,83000,37391,2,59,429.2240799816824,27.579437009990215,82905.96467303112,60269.53173223503
1769777863,200,,Aggregated,248.900000,0.000000,59,67,76,87,170,370,1200,1500,73000,81000,83000,37636,2,59,426.79331410009553,27.579437009990215,82905.96467303112,60261.64701349771
1769777864,200,,Aggregated,248.600000,0.000000,59,67,76,87,170,370,1200,1500,73000,81000,83000,37912,2,59,424.10238107816446,27.579437009990215,82905.96467303112,60261.32702046845
1769777865,200,,Aggregated,248.800000,0.000000,59,67,76,86,170,370,1200,1500,73000,81000,83000,38159,2,59,421.7119666138005,27.579437009990215,82905.96467303112,60245.10492937446
1769777866,200,,Aggregated,246.600000,0.000000,59,67,76,86,170,360,1200,1500,73000,81000,83000,38427,2,59,419.17148166821727,27.579437009990215,82905.96467303112,60250.44921539543
1769777867,200,,Aggregated,246.000000,0.000000,59,67,76,85,170,360,1200,1500,73000,81000,83000,38676,2,59,416.8411613152239,27.579437009990215,82905.96467303112,60233.76034233116
1769777868,200,,Aggregated,248.700000,0.000000,59,67,75,85,170,360,1200,1500,73000,81000,83000,38943,2,59,414.38134915402725,27.579437009990215,82905.96467303112,60236.77413142285
1769777869,200,,Aggregated,249.300000,0.000000,59,67,75,85,170,350,1200,1500,73000,81000,83000,39181,2,59,412.2132391103141,27.579437009990215,82905.96467303112,60227.10081417013
1769777870,200,,Aggregated,252.000000,0.000000,59,66,75,84,160,350,1200,1500,73000,81000,83000,39448,2,59,409.8237147026167,27.579437009990215,82905.96467303112,60212.00894848915
1769777871,200,,Aggregated,250.000000,0.000000,59,66,75,84,160,350,1200,1500,73000,81000,83000,39687,2,59,407.6997934145449,27.579437009990215,82905.96467303112,60209.91228865876
1769777872,200,,Aggregated,252.000000,0.000000,59,66,75,84,160,350,1200,1500,73000,81000,83000,39946,2,59,405.4341354983012,27.579437009990215,82905.96467303112,60200.05595053322
1769777873,200,,Aggregated,249.900000,0.000000,59,66,75,84,160,340,1200,1500,73000,80000,83000,40206,2,59,403.21858269019424,27.579437009990215,82905.96467303112,60193.44660000995
1769777874,200,,Aggregated,248.700000,0.000000,59,66,75,83,160,340,1200,1500,73000,80000,83000,40466,2,59,401.0133823415355,27.579437009990215,82905.96467303112,60190.14006820541
1769777875,200,,Aggregated,249.700000,0.000000,59,66,75,83,160,340,1200,1500,73000,80000,83000,40711,2,59,399.00279647393796,27.579437009990215,82905.96467303112,60185.88936651028
1769777876,200,,Aggregated,249.800000,0.000000,59,66,75,83,160,330,1200,1500,73000,80000,83000,40973,2,59,396.8380352987035,27.579437009990215,82905.96467303112,60187.01154418763
1769777877,200,,Aggregated,247.600000,0.000000,59,66,74,83,160,320,1200,1500,72000,80000,83000,41211,2,59,394.8924401645133,27.579437009990215,82905.96467303112,60179.39724830749
1769777878,200,,Aggregated,247.900000,0.000000,59,66,74,83,160,320,1200,1500,72000,80000,83000,41474,2,59,392.7560748600139,27.579437009990215,82905.96467303112,60179.76315281863
1769777879,200,,Aggregated,247.100000,0.000000,59,66,74,82,160,320,1100,1500,72000,80000,83000,41715,2,59,390.82830432237574,27.579437009990215,82905.96467303112,60186.84789644013
1769777880,200,,Aggregated,246.800000,0.000000,59,66,74,82,160,310,1100,1500,72000,80000,83000,41974,2,59,388.78558325887786,27.579437009990215,82905.96467303112,60188.29375327584
1769777881,200,,Aggregated,248.900000,0.000000,59,66,74,82,160,310,1100,1500,72000,80000,83000,42216,2,59,386.89486329522185,27.579437009990215,82905.96467303112,60197.04652264544
1769777882,200,,Aggregated,249.500000,0.000000,59,66,74,82,160,300,1000,1500,72000,80000,83000,42473,2,59,384.95860452479604,27.579437009990215,82905.96467303112,60220.175334918655
1769777883,200,,Aggregated,250.800000,0.000000,59,66,74,82,160,300,1000,1500,72000,80000,83000,42734,2,59,383.02146074650517,27.579437009990215,82905.96467303112,60230.7513689334
1769777884,200,,Aggregated,249.000000,0.000000,59,66,74,82,160,300,990,1500,72000,80000,83000,42989,2,59,381.14551561786146,27.579437009990215,82905.96467303112,60240.2896322315
1769777885,200,,Aggregated,251.800000,0.000000,59,66,74,82,150,300,980,1500,72000,80000,83000,43229,2,59,379.39719767644675,27.579437009990215,82905.96467303112,60265.14895093571
1769777886,200,,Aggregated,247.300000,0.000000,59,66,74,82,150,300,970,1500,72000,80000,83000,43484,2,59,377.73919244142957,27.579437009990215,82905.96467303112,60259.901549995404
1769777887,200,,Aggregated,250.300000,0.000000,59,66,74,82,150,300,940,1500,72000,80000,83000,43708,2,59,376.15859273435757,27.579437009990215,82905.96467303112,60298.30502425185
1769777888,200,,Aggregated,244.400000,0.000000,59,66,74,82,150,300,920,1500,72000,80000,83000,43909,2,59,374.8552672166366,27.579437009990215,82905.96467303112,60308.52950420187
1769777889,200,,Aggregated,246.300000,0.000000,59,66,74,82,150,300,900,1500,72000,80000,83000,44135,2,59,373.51088992436206,27.579437009990215,82905.96467303112,60362.057754616515
1769777890,200,,Aggregated,241.300000,0.000000,59,66,74,83,160,300,890,1500,72000,80000,83000,44329,2,59,372.4393887577871,27.579437009990215,82905.96467303112,60370.14755577613
1769777891,200,,Aggregated,240.800000,0.000000,59,66,75,83,160,300,890,1500,72000,80000,83000,44532,2,59,371.50921621650673,27.579437009990215,82905.96467303112,60419.12862660559
1769777892,200,,Aggregated,235.100000,0.000000,59,66,75,83,160,300,900,1500,72000,80000,83000,44717,2,59,370.65559452728417,27.579437009990215,82905.96467303112,60465.71402374936
1769777893,200,,Aggregated,228.800000,0.000000,59,67,75,84,160,300,920,1500,72000,80000,83000,44868,2,59,370.3867658595332,27.579437009990215,82905.96467303112,60491.88983239725
1769777894,200,,Aggregated,224.200000,0.000000,59,67,75,85,160,310,960,1500,72000,80000,83000,45015,2,59,370.34328749761704,27.579437009990215,82905.96467303112,60497.83860935244
1769777895,200,,Aggregated,213.100000,0.000000,59,67,76,85,160,320,980,1500,72000,80000,83000,45235,2,59,369.87862630322996,27.579437009990215,82905.96467303112,60550.559301425885
1769777897,200,,Aggregated,205.500000,0.000000,59,67,76,86,160,320,980,1500,72000,80000,83000,45398,2,59,369.0256870625984,27.579437009990215,82905.96467303112,60598.098748843564
1769777898,200,,Aggregated,196.600000,0.000000,59,67,76,87,170,330,970,1500,72000,80000,83000,45599,2,59,368.44797873461846,27.579437009990215,82905.96467303112,60657.39781574158
1769777899,200,,Aggregated,196.600000,0.000000,59,67,77,87,170,340,980,1500,72000,80000,83000,45710,2,59,368.26009628223136,27.579437009990215,82905.96467303112,60667.4584554802
1769777900,200,,Aggregated,181.800000,0.000000,59,67,77,87,170,340,980,1500,72000,80000,83000,45930,2,59,367.47512398550793,27.579437009990215,82905.96467303112,60714.3961463096
1769777901,200,,Aggregated,181.800000,0.000000,59,67,77,88,170,340,980,1500,72000,80000,83000,46027,2,59,367.40341832560193,27.579437009990215,82905.96467303112,60716.38238425272
1769777902,200,,Aggregated,170.700000,0.000000,59,68,77,89,170,360,980,1500,72000,80000,83000,46132,2,59,367.83702105757305,27.579437009990215,82905.96467303112,60720.12934622388
1769777903,200,,Aggregated,163.300000,0.000000,59,68,78,90,180,410,980,1500,72000,80000,83000,46299,2,59,369.26845057990465,27.579437009990215,82905.96467303112,60725.96105747424
1769777904,200,,Aggregated,154.600000,0.000000,60,68,78,91,190,480,980,1500,72000,80000,83000,46493,2,60,369.8034545609248,27.579437009990215,82905.96467303112,60776.29449594563
1769777906,200,,Aggregated,147.000000,0.000000,60,68,79,92,190,480,970,1500,72000,80000,83000,46654,2,60,369.9604585783779,27.579437009990215,82905.96467303112,60788.51800488704
1769777907,200,,Aggregated,147.700000,0.000000,60,68,79,93,190,520,970,1500,72000,80000,83000,46755,2,60,370.21671506692286,27.579437009990215,82905.96467303112,60791.94229494172
1769777908,200,,Aggregated,144.400000,0.000000,60,68,79,94,200,540,970,1500,72000,80000,83000,46909,2,60,370.909543692766,27.579437009990215,82905.96467303112,60798.04231597348
1769777910,200,,Aggregated,135.700000,0.000000,60,69,80,95,210,560,960,1500,72000,80000,83000,47058,2,60,372.2188224540309,27.579437009990215,82905.96467303112,60771.05941603978
1769777911,200,,Aggregated,126.700000,0.000000,60,69,81,98,220,570,1200,1500,72000,80000,83000,47383,2,60,373.6407757510886,27.579437009990215,82905.96467303112,60813.07686300994
1769777912,200,,Aggregated,113.400000,0.000000,60,69,82,100,220,570,1200,1500,72000,80000,83000,47625,2,60,372.64515131188415,27.579437009990215,82905.96467303112,60806.2210183727
1769777914,200,,Aggregated,117.600000,0.000000,60,69,82,100,230,570,1200,1500,72000,80000,83000,47661,2,60,372.6785469746173,27.579437009990215,82905.96467303112,60794.76553156669
1769777915,200,,Aggregated,141.800000,0.000000,60,70,83,100,240,620,1200,1500,72000,80000,83000,48010,2,60,376.2751792906145,27.579437009990215,82905.96467303112,60725.56486148719
1769777917,200,,Aggregated,128.900000,0.000000,60,70,83,100,240,620,1200,1500,72000,80000,83000,48091,2,60,375.79615580253403,27.579437009990215,82905.96467303112,60759.899024765546
1769777918,200,,Aggregated,135.600000,0.000000,60,70,83,110,240,620,1200,1500,72000,80000,83000,48398,2,60,374.3201742258349,27.579437009990215,82905.96467303112,60736.627525930824
1769777919,200,,Aggregated,133.600000,0.000000,60,70,83,110,240,620,1200,1500,72000,80000,83000,48617,2,60,373.0246071526772,27.579437009990215,82905.96467303112,60750.764423966924
1769777920,200,,Aggregated,146.300000,0.000000,60,70,84,110,240,620,1200,1500,72000,80000,83000,48847,2,60,371.99937981438995,27.579437009990215,82905.96467303112,60728.080045857474
1769777921,200,,Aggregated,162.000000,0.000000,60,70,84,110,240,620,1200,1400,72000,80000,83000,49094,2,60,370.44236173460627,27.579437009990215,82905.96467303112,60711.87073776836
1769777922,200,,Aggregated,174.300000,0.000000,60,70,84,110,240,610,1200,1400,72000,80000,83000,49305,2,60,369.126464352403,27.579437009990215,82905.96467303112,60716.9329682588
1769777923,200,,Aggregated,183.800000,0.000000,60,70,84,110,240,610,1200,1400,72000,80000,83000,49542,2,60,367.70951377488745,27.579437009990215,82905.96467303112,60698.848472003556
1769777924,200,,Aggregated,186.000000,0.000000,60,70,83,110,240,600,1200,1400,72000,80000,83000,49806,2,60,366.084002478038,27.579437009990215,82905.96467303112,60700.50158615428
1769777925,200,,Aggregated,188.500000,0.000000,60,70,83,100,240,600,1200,1400,72000,79000,83000,50069,2,60,364.48551529737176,27.579437009990215,82905.96467303112,60692.221154806364
1769777926,200,,Aggregated,210.600000,0.000000,60,70,83,100,240,590,1200,1400,72000,79000,83000,50311,2,60,363.0257014493782,27.579437009990215,82905.96467303112,60684.792013674945
1769777927,200,,Aggregated,236.000000,0.000000,60,70,83,100,240,590,1200,1400,72000,79000,83000,50562,2,60,361.5162427970201,27.579437009990215,82905.96467303112,60670.01372572288
1769777928,200,,Aggregated,224.900000,0.000000,60,70,82,100,230,590,1200,1400,72000,79000,83000,50820,2,60,359.992640795101,27.579437009990215,82905.96467303112,60659.284474616295
1769777929,200,,Aggregated,240.700000,0.000000,60,70,82,100,230,580,1200,1400,71000,79000,83000,51069,2,60,358.522738975996,27.579437009990215,82905.96467303112,60656.29789108853
1769777930,200,,Aggregated,239.600000,0.000000,60,70,82,100,230,580,1200,1400,71000,79000,83000,51336,2,60,356.9719030802989,27.579437009990215,82905.96467303112,60649.96519011999
1769777931,200,,Aggregated,241.700000,0.000000,60,70,82,100,230,580,1200,1400,71000,79000,83000,51601,2,60,355.44450905680725,27.579437009990215,82905.96467303112,60646.0277901591
1769777932,200,,Aggregated,245.900000,0.000000,60,69,82,100,230,580,1200,1400,71000,79000,83000,51855,2,60,353.9911593496349,27.579437009990215,82905.96467303112,60638.774293703595
1769777933,200,,Aggregated,245.200000,0.000000,60,69,82,100,230,580,1200,1400,71000,79000,83000,52103,2,60,352.6462273506882,27.579437009990215,82905.96467303112,60628.72901752299
1769777934,200,,Aggregated,249.300000,0.000000,60,69,81,99,230,570,1200,1400,71000,79000,83000,52343,2,60,351.3141369409254,27.579437009990215,82905.96467303112,60624.99107808112
1769777935,200,,Aggregated,245.000000,0.000000,60,69,81,99,220,570,1200,1400,71000,79000,83000,52580,2,60,350.0300944415501,27.579437009990215,82905.96467303112,60619.03235070369
1769777936,200,,Aggregated,245.900000,0.000000,60,69,81,98,220,570,1200,1400,71000,79000,83000,52809,2,60,348.7930119835282,27.579437009990215,82905.96467303112,60629.001590637956
1769777937,200,,Aggregated,246.900000,0.000000,60,69,81,98,220,570,1200,1400,71000,79000,83000,53077,2,60,347.3306660079537,27.579437009990215,82905.96467303112,60634.75974527573
1769777938,200,,Aggregated,246.700000,0.000000,60,69,81,98,220,570,1100,1400,71000,79000,83000,53313,2,60,346.0972144209531,27.579437009990215,82905.96467303112,60627.862566353426
1769777939,200,,Aggregated,246.400000,0.000000,60,69,81,97,220,570,1100,1400,71000,79000,83000,53578,2,60,344.7469468496773,27.579437009990215,82905.96467303112,60626.31126581806
1769777940,200,,Aggregated,244.500000,0.000000,60,69,81,97,220,570,1100,1400,71000,79000,83000,53807,2,60,343.57785815869045,27.579437009990215,82905.96467303112,60633.24747709406
1769777941,200,,Aggregated,243.000000,0.000000,60,69,80,97,220,570,1100,1400,71000,79000,83000,54050,2,60,342.324741614943,27.579437009990215,82905.96467303112,60640.01530064755
1769777942,200,,Aggregated,241.900000,0.000000,60,69,81,97,220,560,1100,1400,71000,79000,83000,54290,2,60,341.1968982933558,27.579437009990215,82905.96467303112,60649.389942899244
1769777943,200,,Aggregated,241.600000,0.000000,60,69,80,97,220,560,1100,1400,71000,79000,83000,54500,2,60,340.20407059691973,27.579437009990215,82905.96467303112,60653.10172477064
1769777944,200,,Aggregated,238.600000,0.000000,60,69,81,97,220,560,1100,1400,71000,79000,83000,54734,2,60,339.17833379937696,27.579437009990215,82905.96467303112,60652.393795447075
1769777945,200,,Aggregated,241.500000,0.000000,60,69,81,98,210,560,1000,1400,71000,79000,83000,54966,2,60,338.3307976547456,27.579437009990215,82905.96467303112,60650.38658443401
1769777946,200,,Aggregated,235.700000,0.000000,60,69,81,98,210,560,1000,1400,71000,79000,83000,55166,2,60,337.3866101793157,27.579437009990215,82905.96467303112,60646.862669035276
1769777947,200,,Aggregated,227.600000,0.000000,60,69,81,98,210,560,1000,1400,71000,79000,83000,55424,2,60,336.2618816067152,27.579437009990215,82905.96467303112,60665.048498845266
1769777948,200,,Aggregated,229.100000,0.000000,60,69,81,98,210,560,1000,1400,71000,79000,83000,55633,2,60,335.2441911137033,27.579437009990215,82905.96467303112,60662.990167706215
1769777949,200,,Aggregated,225.600000,0.000000,60,69,81,98,210,560,990,1400,71000,79000,83000,55867,2,60,334.29404182734584,27.579437009990215,82905.96467303112,60657.7445182308
1769777950,200,,Aggregated,226.500000,0.000000,60,69,81,98,210,560,980,1400,70000,79000,83000,56095,2,60,333.2869517725388,27.579437009990215,82905.96467303112,60665.07009537392
1769777951,200,,Aggregated,223.800000,0.000000,60,69,81,98,210,560,980,1400,70000,79000,83000,56271,2,60,332.4428743039162,27.579437009990215,82905.96467303112,60676.96563060902
1769777952,200,,Aggregated,222.200000,0.000000,60,70,82,99,210,560,970,1400,70000,79000,83000,56562,2,60,331.416276928019,27.579437009990215,82905.96467303112,60675.2154273187
1769777954,200,,Aggregated,222.100000,0.000000,60,70,82,99,210,560,970,1400,70000,79000,83000,56751,2,60,330.5902403709369,27.579437009990215,82905.96467303112,60676.591408080916
1769777955,200,,Aggregated,218.100000,0.000000,60,70,82,100,210,550,950,1400,70000,79000,83000,57064,2,60,329.6376073188343,27.579437009990215,82905.96467303112,60670.196884200195
1769777956,200,,Aggregated,216.800000,0.000000,60,70,82,100,210,550,940,1400,70000,79000,83000,57288,2,60,328.61544241771475,27.579437009990215,82905.96467303112,60660.05557882977
1769777957,200,,Aggregated,226.200000,0.000000,60,70,82,100,210,550,940,1400,70000,79000,83000,57575,2,60,327.357114395019,27.579437009990215,82905.96467303112,60663.932071211464
1769777958,200,,Aggregated,223.100000,0.000000,60,70,82,100,210,550,930,1400,70000,79000,83000,57808,2,60,326.41076419267176,27.579437009990215,82905.96467303112,60652.34583448658
1769777959,200,,Aggregated,229.800000,0.000000,60,70,82,100,210,550,930,1400,70000,79000,83000,58025,2,60,325.5229783893308,27.579437009990215,82905.96467303112,60618.909935372685
1769777960,200,,Aggregated,226.800000,0.000000,60,70,82,100,210,540,930,1400,70000,79000,83000,58281,2,60,324.40824124478956,27.579437009990215,82905.96467303112,60635.639230624045
1769777961,200,,Aggregated,223.800000,0.000000,60,70,82,100,200,540,930,1400,70000,79000,83000,58502,2,60,323.41735805757065,27.579437009990215,82905.96467303112,60635.314314040545
1769777962,200,,Aggregated,229.700000,0.000000,60,70,82,100,200,540,920,1400,70000,79000,83000,58756,2,60,322.3020414133472,27.579437009990215,82905.96467303112,60633.054122132206
1769777963,200,,Aggregated,229.700000,0.000000,60,70,82,100,200,540,920,1400,70000,79000,83000,59031,2,60,321.1441140606622,27.579437009990215,82905.96467303112,60620.628009012216
1769777964,200,,Aggregated,236.200000,0.000000,60,70,82,100,200,540,920,1400,70000,79000,83000,59282,2,60,320.03131220290646,27.579437009990215,82905.96467303112,60621.02334604096
1769777965,200,,Aggregated,237.900000,0.000000,60,70,82,99,200,540,920,1400,70000,79000,83000,59528,2,60,318.95448457742964,27.579437009990215,82905.96467303112,60611.492474129824
1769777966,200,,Aggregated,244.000000,0.000000,60,70,82,99,200,540,910,1400,70000,79000,83000,59800,2,60,317.78357114726873,27.579437009990215,82905.96467303112,60605.73408026756
1769777967,200,,Aggregated,242.400000,0.000000,60,70,82,98,200,540,910,1400,69000,79000,83000,60029,2,60,316.7910377067935,27.579437009990215,82905.96467303112,60607.56549334488
1769777968,200,,Aggregated,242.000000,0.000000,60,70,81,98,200,530,900,1400,69000,79000,83000,60287,2,60,315.6871383649075,27.579437009990215,82905.96467303112,60598.031515915536
1769777969,200,,Aggregated,240.600000,0.000000,60,69,81,97,200,520,900,1400,69000,79000,83000,60536,2,60,314.6263881367941,27.579437009990215,82905.96467303112,60593.19705629708
1769777970,200,,Aggregated,240.300000,0.000000,60,69,81,97,200,520,890,1400,69000,79000,83000,60795,2,60,313.5381391937786,27.579437009990215,82905.96467303112,60586.61190887408
1769777971,200,,Aggregated,248.300000,0.000000,60,69,81,97,200,520,890,1400,69000,79000,83000,61019,2,60,312.5995217510913,27.579437009990215,82905.96467303112,60573.9853160491
1769777972,200,,Aggregated,245.800000,0.000000,60,69,81,96,190,520,890,1400,69000,79000,83000,61261,2,60,311.60793743783523,27.579437009990215,82905.96467303112,60570.49623741042
1769777973,200,,Aggregated,246.700000,0.000000,60,69,81,96,190,500,880,1400,69000,79000,83000,61528,2,60,310.50860764953075,27.579437009990215,82905.96467303112,60573.28206670134
1769777974,200,,Aggregated,245.400000,0.000000,60,69,80,95,190,490,880,1400,69000,79000,83000,61770,2,60,309.51388614917175,27.579437009990215,82905.96467303112,60564.389299012466
1769777975,200,,Aggregated,244.600000,0.000000,60,69,80,95,190,490,880,1400,69000,79000,83000,62032,2,60,308.4545868682318,27.579437009990215,82905.96467303112,60562.97893022956
1769777976,200,,Aggregated,242.300000,0.000000,60,69,80,95,190,480,880,1400,69000,79000,83000,62292,2,60,307.4284337795643,27.579437009990215,82905.96467303112,60553.940907339624
1769777977,200,,Aggregated,242.000000,0.000000,60,69,80,94,190,480,880,1400,69000,79000,83000,62554,2,60,306.3913196084368,27.579437009990215,82905.96467303112,60548.35481344119
1769777978,200,,Aggregated,247.000000,0.000000,60,69,80,94,190,480,880,1400,69000,79000,83000,62797,2,60,305.4397370820185,27.579437009990215,82905.96467303112,60546.259263977576
1769777979,200,,Aggregated,245.800000,0.000000,60,69,80,94,190,470,880,1400,69000,79000,83000,63056,2,60,304.42933943147375,27.579437009990215,82905.96467303112,60544.2107174575
1769777980,200,,Aggregated,246.500000,0.000000,60,69,80,93,190,460,880,1400,69000,79000,83000,63300,2,60,303.48904947450893,27.579437009990215,82905.96467303112,60546.00251184834
1769777981,200,,Aggregated,245.500000,0.000000,60,69,80,93,190,460,870,1400,69000,79000,83000,63549,2,60,302.5338337209379,27.579437009990215,82905.96467303112,60545.480841555334
1769777982,200,,Aggregated,245.800000,0.000000,60,69,79,93,190,460,870,1400,69000,79000,83000,63798,2,60,301.6016330976648,27.579437009990215,82905.96467303112,60548.2563089752
1769777983,200,,Aggregated,245.800000,0.000000,60,69,79,93,190,450,870,1400,68000,79000,83000,64054,2,60,300.66722113675263,27.579437009990215,82905.96467303112,60548.15397945484
1769777984,200,,Aggregated,247.600000,0.000000,60,69,79,93,190,450,870,1400,68000,79000,83000,64264,2,60,299.8839245705993,27.579437009990215,82905.96467303112,60554.79579546869
1769777985,200,,Aggregated,246.400000,0.000000,60,69,79,92,190,450,870,1400,68000,79000,83000,64537,2,60,298.9136529682406,27.579437009990215,82905.96467303112,60559.86102545827
1769777986,200,,Aggregated,248.400000,0.000000,60,69,79,92,190,450,870,1400,68000,79000,83000,64763,2,60,298.06163728123454,27.579437009990215,82905.96467303112,60566.67410404089
1769777987,200,,Aggregated,242.900000,0.000000,60,69,79,92,190,450,870,1400,68000,79000,83000,64998,2,60,297.2264795454745,27.579437009990215,82905.96467303112,60578.1451121573
1769777988,200,,Aggregated,242.400000,0.000000,60,69,79,92,190,440,870,1400,68000,79000,83000,65244,2,60,296.3813296819863,27.579437009990215,82905.96467303112,60589.81492551039
1769777989,200,,Aggregated,241.000000,0.000000,60,69,79,92,190,440,860,1400,68000,79000,83000,65484,2,60,295.5720983685297,27.579437009990215,82905.96467303112,60602.70275181724
1769777990,200,,Aggregated,240.500000,0.000000,60,69,79,92,180,440,860,1400,68000,79000,83000,65750,2,60,294.7284377205304,27.579437009990215,82905.96467303112,60614.82285931559
1769777992,200,,Aggregated,237.700000,0.000000,60,69,79,92,180,440,860,1400,68000,79000,83000,65947,2,60,294.1600098736401,27.579437009990215,82905.96467303112,60627.97085538387
1769777993,200,,Aggregated,239.800000,0.000000,60,69,79,92,190,440,860,1400,68000,79000,83000,66179,2,60,293.5859361385582,27.579437009990215,82905.96467303112,60646.768823947175
1769777994,200,,Aggregated,233.800000,0.000000,60,69,79,92,190,440,860,1400,68000,79000,83000,66358,2,60,293.05358383445116,27.579437009990215,82905.96467303112,60682.20629012327
1769777995,200,,Aggregated,231.500000,0.000000,60,69,80,93,190,440,860,1400,68000,79000,83000,66541,2,60,292.7256366794489,27.579437009990215,82905.96467303112,60694.39462887543
1769777996,200,,Aggregated,225.300000,0.000000,60,69,80,93,190,440,860,1400,68000,79000,83000,66722,2,60,292.5674947748761,27.579437009990215,82905.96467303112,60719.55831659723
1769777997,200,,Aggregated,222.500000,0.000000,60,69,80,94,190,450,860,1400,68000,79000,83000,66895,2,60,292.7273798001971,27.579437009990215,82905.96467303112,60728.88836235892
1769777998,200,,Aggregated,214.700000,0.000000,60,69,80,95,190,450,870,1400,68000,79000,83000,67086,2,60,292.84705754416194,27.579437009990215,82905.96467303112,60753.98536207256
1769777999,200,,Aggregated,206.700000,0.000000,60,69,81,95,190,450,860,1400,68000,79000,83000,67259,2,60,292.5160519028565,27.579437009990215,82905.96467303112,60781.74891092642
1769778000,200,,Aggregated,203.100000,0.000000,60,69,81,96,190,450,860,1400,68000,79000,83000,67460,2,60,292.22180618387887,27.579437009990215,82905.96467303112,60808.01488289356
1769778001,200,,Aggregated,196.500000,0.000000,60,70,81,97,190,450,870,1400,68000,79000,83000,67602,2,60,292.2439743729245,27.579437009990215,82905.96467303112,60822.622880979856
1769778002,200,,Aggregated,191.400000,0.000000,60,70,82,98,200,460,870,1400,68000,79000,83000,67756,2,60,292.60432689872334,27.579437009990215,82905.96467303112,60822.48687939075
1769778003,200,,Aggregated,177.000000,0.000000,60,70,82,99,200,460,870,1400,68000,79000,83000,67981,2,60,292.3997115600084,27.579437009990215,82905.96467303112,60858.25129080184
1769778004,200,,Aggregated,170.500000,0.000000,60,70,82,100,200,460,870,1400,68000,79000,83000,68185,2,60,292.12007434147637,27.579437009990215,82905.96467303112,60881.7186771284
1769778006,200,,Aggregated,171.000000,0.000000,60,70,83,100,200,470,870,1400,68000,79000,83000,68296,2,60,292.0955251043946,27.579437009990215,82905.96467303112,60889.85978681035
1769778007,200,,Aggregated,168.800000,0.000000,61,70,83,100,210,520,870,1400,68000,79000,83000,68460,2,61,293.1532907916889,27.579437009990215,82905.96467303112,60884.639906514756
1769778008,200,,Aggregated,158.700000,0.000000,61,70,83,100,210,540,870,1400,68000,79000,83000,68652,2,61,293.8176172002893,27.579437009990215,82905.96467303112,60905.43081046437
1769778010,200,,Aggregated,150.800000,0.000000,61,70,84,100,220,540,870,1400,68000,79000,83000,68747,2,61,294.1470615510354,27.579437009990215,82905.96467303112,60894.42150202918
1769778011,200,,Aggregated,146.900000,0.000000,61,71,84,110,230,550,880,1400,67000,79000,83000,69061,2,61,295.0698740552038,27.579437009990215,82905.96467303112,60919.98127742141
1769778012,200,,Aggregated,146.900000,0.000000,61,71,85,110,230,550,880,1400,67000,79000,83000,69103,2,61,295.0688164826587,27.579437009990215,82905.96467303112,60915.3908079244
1769778013,200,,Aggregated,134.200000,0.000000,61,71,85,110,230,560,880,1400,67000,79000,83000,69210,2,61,295.55945837587456,27.579437009990215,82905.96467303112,60875.33086259211
1769778014,200,,Aggregated,145.300000,0.000000,61,71,86,110,240,560,880,1400,67000,79000,83000,69489,2,61,295.60019931401064,27.579437009990215,82905.96467303112,60923.06524773705
1769778015,200,,Aggregated,133.200000,0.000000,61,71,86,110,240,560,880,1400,67000,79000,83000,69658,2,61,295.2397128576736,27.579437009990215,82905.96467303112,60920.798673519195
1769778016,200,,Aggregated,146.600000,0.000000,61,71,86,110,240,570,880,1400,67000,79000,83000,69866,2,61,295.62881705275265,27.579437009990215,82905.96467303112,60840.29977385281
1769778017,200,,Aggregated,141.700000,0.000000,61,72,87,110,240,570,880,1400,67000,79000,83000,70068,2,61,295.57516534252886,27.579437009990215,82905.96467303112,60904.832848090424
1769778018,200,,Aggregated,137.600000,0.000000,61,72,87,110,240,570,880,1400,67000,79000,83000,70241,2,61,295.1665120249138,27.579437009990215,82905.96467303112,60908.87041756239
1769778020,200,,Aggregated,160.000000,0.000000,61,72,88,120,240,570,880,1400,67000,79000,83000,70563,2,61,294.72616538711065,27.579437009990215,82905.96467303112,60901.2240976149
1769778021,200,,Aggregated,153.700000,0.000000,61,72,88,120,240,560,870,1400,67000,79000,83000,70815,2,61,294.0623015510664,27.579437009990215,82905.96467303112,60887.65830685589
1769778022,200,,Aggregated,181.600000,0.000000,61,72,89,120,250,560,870,1400,67000,79000,83000,71006,2,61,293.8875046295262,27.579437009990215,82905.96467303112,60848.49498633918
1769778023,200,,Aggregated,183.300000,0.000000,61,72,89,120,250,560,870,1400,67000,79000,83000,71272,2,61,293.2034643769513,27.579437009990215,82905.96467303112,60872.07545740263
1769778024,200,,Aggregated,183.300000,0.000000,61,72,89,120,250,560,870,1400,67000,79000,83000,71490,2,61,292.5115698626533,27.579437009990215,82905.96467303112,60856.237977339486
1769778025,200,,Aggregated,202.000000,0.000000,61,73,89,120,240,560,870,1400,67000,79000,83000,71749,2,61,291.77364836135513,27.579437009990215,82905.96467303112,60851.841530892416
1769778026,200,,Aggregated,196.400000,0.000000,61,73,89,120,240,560,870,1400,67000,79000,83000,71965,2,61,291.144032513742,27.579437009990215,82905.96467303112,60846.09018272771
1769778027,200,,Aggregated,205.500000,0.000000,61,72,89,120,240,560,870,1400,67000,79000,83000,72223,2,61,290.34674298907225,27.579437009990215,82905.96467303112,60846.31773811667
1769778028,200,,Aggregated,223.400000,0.000000,61,72,89,120,240,560,870,1400,67000,79000,83000,72487,2,61,289.5104872516296,27.579437009990215,82905.96467303112,60835.85172513692
1769778029,200,,Aggregated,220.600000,0.000000,61,72,89,120,240,560,870,1400,67000,79000,83000,72725,2,61,288.75318308325456,27.579437009990215,82905.96467303112,60837.38967342729
1769778030,200,,Aggregated,234.700000,0.000000,61,72,88,120,240,560,870,1400,67000,79000,83000,73003,2,61,287.9377911442603,27.579437009990215,82905.96467303112,60831.58763338493
1769778031,200,,Aggregated,241.400000,0.000000,61,72,88,120,240,560,870,1400,67000,79000,83000,73246,2,61,287.212719030738,27.579437009990215,82905.96467303112,60825.89768724572
1769778032,200,,Aggregated,235.600000,0.000000,61,72,88,120,240,560,860,1400,67000,79000,83000,73504,2,61,286.41360972943437,27.579437009990215,82905.96467303112,60816.69639747497
1769778033,200,,Aggregated,233.000000,0.000000,61,72,88,120,240,560,860,1400,67000,79000,83000,73749,2,61,285.664668237918,27.579437009990215,82905.96467303112,60812.58246213508
1769778034,200,,Aggregated,245.700000,0.000000,61,72,88,110,240,560,860,1400,67000,79000,83000,73985,2,61,284.9498282729385,27.579437009990215,82905.96467303112,60808.55101709806
1769778035,200,,Aggregated,240.400000,0.000000,61,72,88,110,240,550,860,1400,67000,79000,83000,74234,2,61,284.2152409568503,27.579437009990215,82905.96467303112,60804.98953309804
1769778036,200,,Aggregated,244.100000,0.000000,61,72,87,110,240,550,860,1400,67000,79000,83000,74498,2,61,283.42652249216707,27.579437009990215,82905.96467303112,60809.626406078016
1769778037,200,,Aggregated,243.800000,0.000000,61,72,87,110,240,550,860,1400,67000,79000,83000,74730,2,61,282.76145607855295,27.579437009990215,82905.96467303112,60800.08643115215
1769778038,200,,Aggregated,246.200000,0.000000,61,72,87,110,240,550,860,1400,67000,79000,83000,74987,2,61,281.9996522956376,27.579437009990215,82905.96467303112,60810.06871857789
1769778039,200,,Aggregated,243.600000,0.000000,61,72,87,110,230,550,860,1300,66000,79000,83000,75206,2,61,281.3623414704763,27.579437009990215,82905.96467303112,60808.35027790336
1769778040,200,,Aggregated,241.500000,0.000000,61,72,87,110,230,550,860,1300,66000,79000,83000,75452,2,61,280.74008443752587,27.579437009990215,82905.96467303112,60805.28041668876
1769778041,200,,Aggregated,240.200000,0.000000,61,72,87,110,230,550,860,1300,66000,79000,83000,75714,2,61,280.0743012204564,27.579437009990215,82905.96467303112,60812.76623874052
1769778042,200,,Aggregated,239.100000,0.000000,61,72,87,110,230,550,860,1300,66000,79000,83000,75935,2,61,279.51035716041133,27.579437009990215,82905.96467303112,60812.680476723515
1769778043,200,,Aggregated,242.800000,0.000000,61,72,87,110,230,550,860,1300,66000,79000,83000,76166,2,61,278.9881530541787,27.579437009990215,82905.96467303112,60806.356130031774
1769778044,200,,Aggregated,240.600000,0.000000,61,72,87,110,230,550,850,1300,66000,79000,83000,76378,2,61,278.46257700947393,27.579437009990215,82905.96467303112,60807.839050511924
1769778045,200,,Aggregated,239.500000,0.000000,61,72,87,110,230,550,850,1300,66000,79000,83000,76642,2,61,277.93240032870494,27.579437009990215,82905.96467303112,60816.07532423476
1769778046,200,,Aggregated,236.100000,0.000000,61,72,87,110,230,550,850,1300,66000,79000,83000,76889,2,61,277.2980785909933,27.579437009990215,82905.96467303112,60822.13667754815
1769778047,200,,Aggregated,232.200000,0.000000,61,72,87,110,230,550,850,1300,66000,79000,83000,77123,2,61,276.66907952674336,27.579437009990215,82905.96467303112,60821.98582783346
1769778048,200,,Aggregated,233.500000,0.000000,61,72,87,110,230,540,850,1300,66000,79000,83000,77284,2,61,276.2927990034709,27.579437009990215,82905.96467303112,60820.310400600385
1769778049,200,,Aggregated,231.700000,0.000000,61,72,88,110,230,540,850,1300,66000,79000,83000,77539,2,61,275.77849813952304,27.579437009990215,82905.96467303112,60820.979378119395
1769778050,200,,Aggregated,232.600000,0.000000,61,72,88,110,230,540,850,1300,66000,79000,83000,77774,2,61,275.21178150394337,27.579437009990215,82905.96467303112,60826.77264895724
1769778051,200,,Aggregated,227.900000,0.000000,61,72,88,110,230,540,850,1300,66000,79000,83000,77997,2,61,275.0792351675146,27.579437009990215,82905.96467303112,60812.34693642063
1769778053,200,,Aggregated,226.000000,0.000000,61,72,88,110,230,540,850,1300,66000,79000,83000,78222,2,61,274.5429422984524,27.579437009990215,82905.96467303112,60813.22684155353
1769778054,200,,Aggregated,221.800000,0.000000,61,72,88,110,230,540,850,1300,66000,79000,83000,78434,2,61,274.08890203940297,27.579437009990215,82905.96467303112,60808.69388275493
1769778055,200,,Aggregated,219.300000,0.000000,61,73,88,110,230,540,850,1300,66000,79000,83000,78683,2,61,273.525616187595,27.579437009990215,82905.96467303112,60819.377756313304
1769778056,200,,Aggregated,215.800000,0.000000,61,73,89,120,230,540,850,1300,66000,79000,83000,78921,2,61,273.0278307457027,27.579437009990215,82905.96467303112,60810.2689778386
1769778057,200,,Aggregated,221.200000,0.000000,61,73,89,120,230,540,850,1300,65000,79000,83000,79188,2,61,272.38945871392525,27.579437009990215,82905.96467303112,60814.29474162752
1769778058,200,,Aggregated,218.000000,0.000000,61,73,89,120,230,540,840,1300,65000,79000,83000,79411,2,61,271.7933837275337,27.579437009990215,82905.96467303112,60812.59226051807
1769778059,200,,Aggregated,222.900000,0.000000,62,73,89,120,230,540,840,1300,65000,79000,83000,79670,2,62,271.3131713487942,27.579437009990215,82905.96467303112,60794.33288565332
1769778060,200,,Aggregated,221.600000,0.000000,62,73,89,120,230,540,840,1300,65000,79000,83000,79924,2,62,270.6965093678696,27.579437009990215,82905.96467303112,60805.333128972525
1769778061,200,,Aggregated,225.500000,0.000000,62,73,89,120,230,530,840,1300,65000,79000,83000,80179,2,62,270.0735266279759,27.579437009990215,82905.96467303112,60799.14215692388
1769778062,200,,Aggregated,228.400000,0.000000,62,73,89,120,220,530,840,1300,65000,79000,83000,80421,2,62,269.48605387215815,27.579437009990215,82905.96467303112,60795.04451573594
1769778063,200,,Aggregated,230.700000,0.000000,62,73,89,120,220,530,840,1300,65000,79000,83000,80701,2,62,268.84338822927754,27.579437009990215,82905.96467303112,60787.91152525991
1769778064,200,,Aggregated,232.500000,0.000000,62,73,89,110,220,530,840,1300,65000,79000,83000,80922,2,62,268.2693126570748,27.579437009990215,82905.96467303112,60784.61063740392
1769778065,200,,Aggregated,235.900000,0.000000,62,73,88,110,220,530,840,1300,65000,79000,83000,81196,2,62,267.5947902951778,27.579437009990215,82905.96467303112,60782.63363958816
1769778066,200,,Aggregated,242.500000,0.000000,62,73,88,110,220,520,840,1300,65000,79000,83000,81439,2,62,266.972223942167,27.579437009990215,82905.96467303112,60770.585640786354
1769778067,200,,Aggregated,237.600000,0.000000,61,73,88,110,220,520,840,1300,65000,79000,83000,81697,2,61,266.32476813252777,27.579437009990215,82905.96467303112,60767.448498720885
1769778068,200,,Aggregated,242.700000,0.000000,61,72,88,110,220,520,840,1300,65000,79000,83000,81936,2,61,265.7339796481588,27.579437009990215,82905.96467303112,60763.89114674868
1769778069,200,,Aggregated,238.200000,0.000000,61,72,88,110,220,520,830,1300,65000,79000,83000,82192,2,61,265.0924550744079,27.579437009990215,82905.96467303112,60754.99850350399
1769778070,200,,Aggregated,241.700000,0.000000,61,72,88,110,220,520,830,1300,65000,79000,83000,82442,2,61,264.48505076435856,27.579437009990215,82905.96467303112,60757.94451857063
1769778071,200,,Aggregated,244.700000,0.000000,61,72,87,110,220,510,830,1300,65000,79000,83000,82690,2,61,263.8791153488146,27.579437009990215,82905.96467303112,60751.87219736365
1769778072,200,,Aggregated,245.800000,0.000000,61,72,87,110,220,500,830,1300,65000,79000,83000,82951,2,61,263.2486296819288,27.579437009990215,82905.96467303112,60747.94830683174
1769778073,200,,Aggregated,247.100000,0.000000,61,72,87,110,220,500,830,1300,65000,79000,83000,83198,2,61,262.64627796217604,27.579437009990215,82905.96467303112,60745.50350969975
1769778074,200,,Aggregated,244.800000,0.000000,61,72,87,110,210,500,830,1300,65000,79000,83000,83464,2,61,262.0013512928937,27.579437009990215,82905.96467303112,60740.045959934825
1769778075,200,,Aggregated,246.600000,0.000000,61,72,87,110,210,490,830,1300,65000,79000,83000,83721,2,61,261.3946308405682,27.579437009990215,82905.96467303112,60735.87949260042
1769778076,200,,Aggregated,247.100000,0.000000,61,72,87,110,210,490,820,1300,65000,79000,83000,83979,2,61,260.78486484378556,27.579437009990215,82905.96467303112,60733.13595065433
1769778077,200,,Aggregated,249.300000,0.000000,61,72,87,110,210,480,820,1300,64000,79000,83000,84238,2,61,260.1711053059941,27.579437009990215,82905.96467303112,60731.483380422134
1769778078,200,,Aggregated,246.800000,0.000000,61,72,86,110,210,480,820,1300,64000,79000,83000,84481,2,61,259.593824138229,27.579437009990215,82905.96467303112,60720.94740829299
1769778079,200,,Aggregated,250.100000,0.000000,61,72,86,110,210,480,820,1300,64000,79000,83000,84745,2,61,258.97048837863593,27.579437009990215,82905.96467303112,60723.19434774913
1769778080,200,,Aggregated,247.900000,0.000000,61,72,86,110,210,480,820,1300,64000,79000,83000,84988,2,61,258.40499672902547,27.579437009990215,82905.96467303112,60716.50355344284
1769778081,200,,Aggregated,246.000000,0.000000,61,72,86,110,210,480,820,1300,64000,79000,83000,85237,2,61,257.8278315445821,27.579437009990215,82905.96467303112,60718.689407182326
1769778082,200,,Aggregated,246.000000,0.000000,61,72,86,110,210,470,820,1300,64000,79000,83000,85494,2,61,257.23209312723094,27.579437009990215,82905.96467303112,60718.341626312955
1769778083,200,,Aggregated,246.800000,0.000000,61,72,86,110,210,470,820,1300,64000,79000,83000,85738,2,61,256.67056352673785,27.579437009990215,82905.96467303112,60719.41657141524
1769778084,200,,Aggregated,246.800000,0.000000,61,72,85,110,210,470,810,1300,64000,79000,83000,86005,2,61,256.0926576191831,27.579437009990215,82905.96467303112,60717.34744491599
1769778086,200,,Aggregated,245.800000,0.000000,61,72,85,110,210,470,810,1300,64000,79000,83000,86229,2,61,255.61403220666259,27.579437009990215,82905.96467303112,60720.69792065315
1769778087,200,,Aggregated,247.800000,0.000000,61,72,85,110,210,470,810,1300,64000,79000,83000,86497,2,61,255.03325017756833,27.579437009990215,82905.96467303112,60736.53409944854
1769778088,200,,Aggregated,244.800000,0.000000,61,72,85,110,200,460,810,1300,64000,79000,83000,86733,2,61,254.5298397397993,27.579437009990215,82905.96467303112,60740.82348125857
1769778089,200,,Aggregated,244.900000,0.000000,61,72,85,100,200,460,810,1300,64000,79000,83000,86956,2,61,254.0845112858631,27.579437009990215,82905.96467303112,60738.965419292515
1769778090,200,,Aggregated,243.000000,0.000000,61,72,85,100,200,460,810,1300,64000,79000,83000,87193,2,61,253.64684210183424,27.579437009990215,82905.96467303112,60743.12410399917
1769778091,200,,Aggregated,241.500000,0.000000,61,72,85,100,200,460,810,1300,64000,79000,83000,87415,2,61,253.18706112311602,27.579437009990215,82905.96467303112,60759.95072927987
1769778092,200,,Aggregated,238.700000,0.000000,61,72,85,100,200,460,810,1300,64000,79000,83000,87659,2,61,252.77892545336286,27.579437009990215,82905.96467303112,60770.14175384159
1769778093,200,,Aggregated,236.300000,0.000000,61,72,85,110,200,460,810,1300,64000,79000,83000,87900,2,61,252.43407242285244,27.579437009990215,82905.96467303112,60787.486336746304
1769778094,200,,Aggregated,237.200000,0.000000,61,72,86,110,200,450,810,1300,64000,79000,83000,88129,2,61,252.1039737967184,27.579437009990215,82905.96467303112,60797.455389258925
1769778095,200,,Aggregated,232.700000,0.000000,61,72,86,110,200,450,810,1300,64000,79000,83000,88293,2,61,251.89328962906146,27.579437009990215,82905.96467303112,60800.15276409229
1769778096,200,,Aggregated,229.600000,0.000000,61,72,86,110,200,450,810,1300,64000,79000,83000,88521,2,61,251.6462450953565,27.579437009990215,82905.96467303112,60824.0151263542
1769778097,200,,Aggregated,222.500000,0.000000,61,72,86,110,210,450,810,1300,64000,79000,83000,88715,2,61,251.41547343404366,27.579437009990215,82905.96467303112,60843.78189708618
1769778098,200,,Aggregated,223.300000,0.000000,62,72,86,110,210,450,810,1300,64000,79000,83000,88849,2,62,251.44776575499372,27.579437009990215,82905.96467303112,60843.809935958765
1769778099,200,,Aggregated,213.100000,0.000000,62,72,86,110,210,460,810,1300,64000,79000,83000,89056,2,62,251.32483912768316,27.579437009990215,82905.96467303112,60865.53884072943
1769778100,200,,Aggregated,207.400000,0.000000,62,72,87,110,210,460,810,1300,64000,79000,83000,89218,2,62,251.2771715618689,27.579437009990215,82905.96467303112,60877.80979174606
1769778101,200,,Aggregated,206.400000,0.000000,62,72,87,110,210,460,810,1300,64000,79000,83000,89417,2,62,251.18161240100076,27.579437009990215,82905.96467303112,60892.30424863281
1769778102,200,,Aggregated,198.900000,0.000000,62,73,87,110,210,460,810,1300,64000,79000,83000,89608,2,62,251.13857276751364,27.579437009990215,82905.96467303112,60902.202593518436
1769778103,200,,Aggregated,192.600000,0.000000,62,73,88,110,210,460,810,1300,64000,79000,83000,89807,2,62,251.07703104491034,27.579437009990215,82905.96467303112,60913.74626699478
1769778104,200,,Aggregated,182.200000,0.000000,62,73,88,110,220,460,810,1300,64000,79000,83000,89964,2,62,251.0878502626682,27.579437009990215,82905.96467303112,60923.063647681294
1769778105,200,,Aggregated,182.600000,0.000000,62,73,88,110,220,460,810,1300,63000,79000,83000,90161,2,62,251.02391734746064,27.579437009990215,82905.96467303112,60939.78811237675
1769778107,200,,Aggregated,177.700000,0.000000,62,73,89,110,220,460,810,1300,63000,79000,83000,90343,2,62,251.05766076415821,27.579437009990215,82905.96467303112,60949.83216187198
1769778108,200,,Aggregated,180.000000,0.000000,62,73,89,120,220,460,810,1300,63000,79000,83000,90541,2,62,250.9153199166865,27.579437009990215,82905.96467303112,60963.76821550458
1769778109,200,,Aggregated,170.200000,0.000000,62,73,89,120,220,470,810,1300,63000,79000,83000,90624,2,62,251.05745193283832,27.579437009990215,82905.96467303112,60952.07218838277
1769778110,200,,Aggregated,175.300000,0.000000,62,73,90,120,230,470,810,1300,63000,79000,83000,90882,2,62,251.3300646061334,27.579437009990215,82905.96467303112,60975.83941814661
1769778112,200,,Aggregated,162.900000,0.000000,62,73,90,120,230,470,810,1300,63000,79000,83000,90946,2,62,251.55849921263047,27.579437009990215,82905.96467303112,60964.7252985288
1769778113,200,,Aggregated,170.600000,0.000000,62,74,91,120,230,520,830,1300,63000,79000,83000,91289,2,62,252.61101312888346,27.579437009990215,82905.96467303112,60983.454720722104
1769778114,200,,Aggregated,149.400000,0.000000,62,74,91,120,230,510,830,1300,63000,79000,83000,91469,2,62,252.38253804660184,27.579437009990215,82905.96467303112,60985.70357170189
1769778115,200,,Aggregated,162.900000,0.000000,62,74,92,120,240,510,830,1300,63000,79000,83000,91577,2,62,252.40973347535677,27.579437009990215,82905.96467303112,60960.20902628389
1769778116,200,,Aggregated,160.400000,0.000000,62,74,92,120,240,520,830,1300,63000,79000,83000,91782,2,62,252.73898108839776,27.579437009990215,82905.96467303112,60966.99802793576
1769778117,200,,Aggregated,149.100000,0.000000,62,74,93,120,240,520,830,1300,63000,79000,83000,92026,2,62,252.7775301999236,27.579437009990215,82905.96467303112,60985.07961880338
1769778118,200,,Aggregated,153.300000,0.000000,62,75,93,120,250,510,830,1300,63000,79000,83000,92302,2,62,252.63666309902646,27.579437009990215,82905.96467303112,60981.21474074235
1769778120,200,,Aggregated,153.300000,0.000000,62,75,94,130,250,510,830,1300,63000,79000,83000,92457,2,62,252.60496560241367,27.579437009990215,82905.96467303112,60948.17690385801
1769778121,200,,Aggregated,149.200000,0.000000,62,75,94,130,250,510,820,1300,63000,79000,83000,92662,2,62,252.46352031388582,27.579437009990215,82905.96467303112,60958.19872223781
1769778122,200,,Aggregated,160.300000,0.000000,62,75,95,130,250,520,820,1300,63000,79000,83000,92986,2,62,252.49263324445826,27.579437009990215,82905.96467303112,60954.231120813885
1769778123,200,,Aggregated,175.800000,0.000000,62,75,95,130,250,520,820,1300,63000,79000,83000,93182,2,62,252.13456033535277,27.579437009990215,82905.96467303112,60952.44570839862
1769778124,200,,Aggregated,191.900000,0.000000,63,75,95,130,250,510,820,1300,63000,79000,83000,93455,2,63,251.69851951803287,27.579437009990215,82905.96467303112,60943.84038307206
1769778125,200,,Aggregated,183.400000,0.000000,63,75,95,130,250,510,820,1300,63000,79000,83000,93689,2,63,251.26742164646245,27.579437009990215,82905.96467303112,60938.32550246027
1769778126,200,,Aggregated,185.600000,0.000000,63,75,95,130,250,500,820,1300,63000,79000,83000,93943,2,63,250.7898029370082,27.579437009990215,82905.96467303112,60934.416539816695
1769778127,200,,Aggregated,204.900000,0.000000,63,75,95,130,250,500,820,1300,63000,79000,83000,94151,2,63,250.39713771454663,27.579437009990215,82905.96467303112,60930.62851164619
1769778128,200,,Aggregated,208.400000,0.000000,63,75,95,130,250,500,820,1300,63000,79000,83000,94393,2,63,249.94049643776162,27.579437009990215,82905.96467303112,60918.7361986588
1769778129,200,,Aggregated,217.000000,0.000000,63,75,95,130,250,500,810,1300,63000,79000,83000,94636,2,63,249.49487305976763,27.579437009990215,82905.96467303112,60923.48546007862
1769778130,200,,Aggregated,223.500000,0.000000,63,75,95,130,250,490,810,1300,63000,79000,83000,94898,2,63,248.99553332563383,27.579437009990215,82905.96467303112,60920.072109001245
1769778131,200,,Aggregated,224.600000,0.000000,63,75,94,130,250,490,810,1300,63000,79000,83000,95131,2,63,248.5601265761734,27.579437009990215,82905.96467303112,60913.65143854264
1769778132,200,,Aggregated,233.800000,0.000000,63,75,94,130,250,490,810,1300,63000,79000,83000,95423,2,63,248.05838821086544,27.579437009990215,82905.96467303112,60910.77156450751
1769778133,200,,Aggregated,236.300000,0.000000,63,75,94,130,250,490,810,1300,63000,79000,83000,95670,2,63,247.59742537920695,27.579437009990215,82905.96467303112,60908.717790320894
1769778134,200,,Aggregated,238.400000,0.000000,63,75,94,130,240,480,810,1300,63000,79000,83000,95944,2,63,247.0991115308998,27.579437009990215,82905.96467303112,60905.097035770865
1769778135,200,,Aggregated,238.300000,0.000000,63,75,94,120,240,480,810,1300,62000,79000,83000,96179,2,63,246.6463143216022,27.579437009990215,82905.96467303112,60899.86300543778
1769778136,200,,Aggregated,246.800000,0.000000,63,75,94,120,240,480,810,1300,62000,79000,83000,96425,2,63,246.16995155375992,27.579437009990215,82905.96467303112,60901.86582317864
1769778137,200,,Aggregated,242.200000,0.000000,63,75,94,120,240,480,810,1300,62000,79000,83000,96661,2,63,245.76380714571448,27.579437009990215,82905.96467303112,60894.86944062238
1769778138,200,,Aggregated,246.300000,0.000000,63,75,93,120,240,480,810,1200,62000,79000,83000,96893,2,63,245.32408086693698,27.579437009990215,82905.96467303112,60898.74529635784
1769778139,200,,Aggregated,243.100000,0.000000,63,75,93,120,240,480,810,1200,62000,79000,83000,97149,2,63,244.85248994436373,27.579437009990215,82905.96467303112,60899.705225993064
1769778140,200,,Aggregated,246.100000,0.000000,63,75,93,120,240,480,810,1200,62000,79000,83000,97382,2,63,244.4590167603714,27.579437009990215,82905.96467303112,60901.86877451685
1769778141,200,,Aggregated,239.900000,0.000000,63,75,93,120,240,470,800,1200,62000,79000,83000,97646,2,63,244.0810983987038,27.579437009990215,82905.96467303112,60894.00105483072
1769778142,200,,Aggregated,237.800000,0.000000,63,75,93,120,240,470,800,1200,62000,79000,83000,97885,2,63,243.65945183154773,27.579437009990215,82905.96467303112,60899.270817796394
1769778143,200,,Aggregated,237.500000,0.000000,63,75,93,120,240,470,800,1200,62000,79000,83000,98123,2,63,243.25204656954025,27.579437009990215,82905.96467303112,60899.91484157639
1769778144,200,,Aggregated,241.500000,0.000000,63,75,93,120,240,470,800,1200,62000,79000,83000,98356,2,63,242.8684353658924,27.579437009990215,82905.96467303112,60899.933588189844
1769778146,200,,Aggregated,238.100000,0.000000,63,75,93,120,240,470,800,1200,62000,79000,83000,98582,2,63,242.50556711951893,27.579437009990215,82905.96467303112,60903.57937554523
1769778147,200,,Aggregated,236.400000,0.000000,63,75,93,120,240,470,800,1200,62000,79000,83000,98788,2,63,242.32539098228904,27.579437009990215,82905.96467303112,60894.15894643074
1769778148,200,,Aggregated,233.500000,0.000000,63,75,93,120,240,470,800,1200,62000,79000,83000,99031,2,63,241.9833865007742,27.579437009990215,82905.96467303112,60904.53740747846
1769778149,200,,Aggregated,228.700000,0.000000,63,75,93,120,240,470,800,1200,62000,79000,83000,99236,2,63,241.700060971162,27.579437009990215,82905.96467303112,60906.15804748277
1769778150,200,,Aggregated,226.500000,0.000000,63,75,94,120,240,460,800,1200,62000,79000,83000,99502,2,63,241.43788948588045,27.579437009990215,82905.96467303112,60904.52376836647
1769778151,200,,Aggregated,226.500000,0.000000,63,75,94,120,240,460,800,1200,62000,79000,83000,99741,2,63,241.0669321546087,27.579437009990215,82905.96467303112,60903.24561614582
1769778152,200,,Aggregated,230.400000,0.000000,63,75,94,120,240,460,800,1200,62000,79000,83000,99985,2,63,240.69543365033095,27.579437009990215,82905.96467303112,60909.71884782717
1769778153,200,,Aggregated,228.200000,0.000000,63,75,94,120,240,460,800,1200,62000,78000,83000,100152,2,63,240.44110016067,27.579437009990215,82905.96467303112,60906.51594576244
1769778154,200,,Aggregated,222.700000,0.000000,63,75,94,120,240,460,790,1200,62000,78000,83000,100408,2,63,240.14693327978335,27.579437009990215,82905.96467303112,60898.96588917218
1769778155,200,,Aggregated,224.400000,0.000000,63,75,94,130,240,460,790,1200,62000,78000,83000,100669,2,63,239.808090490794,27.579437009990215,82905.96467303112,60904.56962918078
1769778156,200,,Aggregated,222.500000,0.000000,63,75,95,130,240,460,790,1200,62000,78000,83000,100938,2,63,239.44816543285057,27.579437009990215,82905.96467303112,60902.29853969764
1769778157,200,,Aggregated,224.600000,0.000000,63,76,95,130,240,460,790,1200,62000,78000,83000,101219,2,63,239.1518986939443,27.579437009990215,82905.96467303112,60894.35083334157
1769778158,200,,Aggregated,225.500000,0.000000,63,76,95,130,240,450,790,1200,62000,78000,83000,101433,2,63,238.83986836375533,27.579437009990215,82905.96467303112,60894.08168939102
1769778159,200,,Aggregated,222.800000,0.000000,63,76,95,130,240,450,790,1200,62000,78000,83000,101680,2,63,238.4420712434799,27.579437009990215,82905.96467303112,60887.030654996066
1769778160,200,,Aggregated,225.100000,0.000000,63,76,95,130,240,450,790,1200,62000,78000,83000,101917,2,63,238.06941108707488,27.579437009990215,82905.96467303112,60883.72116526193
1769778161,200,,Aggregated,227.200000,0.000000,63,76,95,130,240,450,790,1200,62000,78000,83000,102154,2,63,237.67006102375905,27.579437009990215,82905.96467303112,60879.96360397048
1769778162,200,,Aggregated,227.300000,0.000000,63,75,95,130,230,450,790,1200,62000,78000,83000,102389,2,63,237.27804878136652,27.579437009990215,82905.96467303112,60880.799919913276
1769778163,200,,Aggregated,232.200000,0.000000,63,76,95,130,230,450,790,1200,62000,78000,83000,102636,2,63,236.91381743061527,27.579437009990215,82905.96467303112,60871.82481780272
1769778164,200,,Aggregated,237.500000,0.000000,63,76,95,120,230,450,790,1200,62000,78000,83000,102876,2,63,236.53618319932193,27.579437009990215,82905.96467303112,60871.75778607255
1769778165,200,,Aggregated,235.600000,0.000000,63,76,95,120,230,450,790,1200,62000,78000,83000,103149,2,63,236.09475288462414,27.579437009990215,82905.96467303112,60871.92003800328
1769778166,200,,Aggregated,237.500000,0.000000,63,76,94,120,230,450,790,1200,62000,78000,83000,103403,2,63,235.6798488470759,27.579437009990215,82905.96467303112,60868.01382938599
1769778167,200,,Aggregated,234.800000,0.000000,63,75,94,120,230,450,790,1200,62000,78000,83000,103656,2,63,235.26195611945877,27.579437009990215,82905.96467303112,60866.05561665509
1769778168,200,,Aggregated,236.200000,0.000000,63,75,94,120,230,440,790,1200,62000,78000,83000,103927,2,63,234.82576044348173,27.579437009990215,82905.96467303112,60860.823780153376
1769778169,200,,Aggregated,243.200000,0.000000,63,75,94,120,230,440,790,1200,61000,78000,83000,104188,2,63,234.38611173674704,27.579437009990215,82905.96467303112,60857.86120282566
1769778170,200,,Aggregated,243.000000,0.000000,63,75,94,120,230,440,790,1200,61000,78000,83000,104452,2,63,233.95706176155628,27.579437009990215,82905.96467303112,60855.73016313714
1769778172,200,,Aggregated,244.300000,0.000000,63,75,94,120,230,440,790,1200,61000,78000,83000,104736,2,63,233.49661072634143,27.579437009990215,82905.96467303112,60851.53934654751
1769778173,200,,Aggregated,244.800000,0.000000,63,75,93,120,230,440,790,1200,61000,78000,83000,104965,2,63,233.12217281619215,27.579437009990215,82905.96467303112,60846.308826751774
1769778174,200,,Aggregated,246.800000,0.000000,63,75,93,120,230,440,790,1200,61000,78000,83000,105246,2,63,232.6862771288491,27.579437009990215,82905.96467303112,60840.70321912472
1769778175,200,,Aggregated,246.800000,0.000000,63,75,93,120,230,440,780,1200,61000,78000,83000,105468,2,63,232.32462203633742,27.579437009990215,82905.96467303112,60834.498075245574
1769778176,200,,Aggregated,249.000000,0.000000,63,75,93,120,230,440,780,1200,61000,78000,83000,105722,2,63,231.918024031112,27.579437009990215,82905.96467303112,60827.363424831165
1769778177,200,,Aggregated,248.900000,0.000000,63,75,93,120,230,440,780,1200,61000,78000,83000,105966,2,63,231.53359508025142,27.579437009990215,82905.96467303112,60830.685861502745
1769778178,200,,Aggregated,248.700000,0.000000,63,75,93,120,220,440,780,1200,61000,78000,83000,106214,2,63,231.14666103045877,27.579437009990215,82905.96467303112,60831.1847402414
1769778179,200,,Aggregated,249.700000,0.000000,63,75,93,120,220,440,780,1200,61000,78000,83000,106457,2,63,230.76974191382547,27.579437009990215,82905.96467303112,60826.95725034521
1769778180,200,,Aggregated,250.900000,0.000000,63,75,93,120,220,440,780,1200,61000,78000,83000,106684,2,63,230.4147216966283,27.579437009990215,82905.96467303112,60825.240823366206
1769778181,200,,Aggregated,247.400000,0.000000,63,75,92,120,220,440,780,1200,61000,78000,83000,106950,2,63,229.99681110285752,27.579437009990215,82905.96467303112,60825.60896680692
1769778182,200,,Aggregated,245.300000,0.000000,63,75,92,120,220,430,780,1200,61000,78000,83000,107208,2,63,229.60420395532836,27.579437009990215,82905.96467303112,60823.727156555484
1769778183,200,,Aggregated,244.000000,0.000000,63,75,92,120,220,430,780,1200,61000,78000,83000,107469,2,63,229.24977024494427,27.579437009990215,82905.96467303112,60820.81084777936
1769778184,200,,Aggregated,240.800000,0.000000,63,75,92,120,220,430,780,1200,61000,78000,83000,107715,2,63,228.8729781993271,27.579437009990215,82905.96467303112,60825.96948428724
1769778185,200,,Aggregated,242.800000,0.000000,63,75,92,120,220,430,780,1200,61000,78000,83000,107955,2,63,228.51421984424746,27.579437009990215,82905.96467303112,60826.63451438099
1769778186,200,,Aggregated,240.100000,0.000000,63,75,92,120,220,430,780,1200,61000,78000,83000,108198,2,63,228.16296148559599,27.579437009990215,82905.96467303112,60828.25235216917
1769778187,200,,Aggregated,243.000000,0.000000,63,75,92,120,220,430,780,1200,61000,78000,83000,108436,2,63,227.82269496076486,27.579437009990215,82905.96467303112,60830.06299568409
1769778188,200,,Aggregated,239.800000,0.000000,63,75,92,120,220,430,780,1200,61000,78000,83000,108681,2,63,227.47992119914323,27.579437009990215,82905.96467303112,60834.074309216885
1769778189,200,,Aggregated,239.800000,0.000000,63,75,92,120,220,430,780,1200,61000,78000,83000,108900,2,63,227.16597135833953,27.579437009990215,82905.96467303112,60835.42044995409
1769778190,200,,Aggregated,237.800000,0.000000,63,75,92,120,220,430,780,1200,61000,78000,83000,109163,2,63,226.83882293122304,27.579437009990215,82905.96467303112,60845.30302391836
1769778191,200,,Aggregated,238.200000,0.000000,63,75,92,120,220,430,780,1200,61000,78000,83000,109404,2,63,226.53689139495515,27.579437009990215,82905.96467303112,60849.84665094512
1769778192,200,,Aggregated,239.300000,0.000000,63,75,92,120,220,430,780,1200,61000,78000,83000,109608,2,63,226.27131880482048,27.579437009990215,82905.96467303112,60853.28283519451
1769778193,200,,Aggregated,232.900000,0.000000,63,75,92,120,220,430,780,1200,61000,78000,83000,109857,2,63,226.04585264037757,27.579437009990215,82905.96467303112,60863.52266127784
1769778194,200,,Aggregated,235.300000,0.000000,63,75,92,120,220,430,780,1200,61000,78000,83000,110075,2,63,225.8203131545434,27.579437009990215,82905.96467303112,60879.365705201
1769778195,200,,Aggregated,229.800000,0.000000,63,75,92,120,220,430,780,1200,61000,78000,83000,110261,2,63,225.60343015598468,27.579437009990215,82905.96467303112,60886.21097214791
1769778196,200,,Aggregated,230.700000,0.000000,63,75,92,120,220,430,780,1200,61000,78000,83000,110473,2,63,225.4552274531906,27.579437009990215,82905.96467303112,60900.808785857174
1769778197,200,,Aggregated,227.300000,0.000000,63,75,92,120,220,430,780,1200,61000,78000,83000,110673,2,63,225.42450103553998,27.579437009990215,82905.96467303112,60905.161096202326
1769778198,200,,Aggregated,225.100000,0.000000,63,75,92,120,220,430,780,1200,61000,78000,83000,110873,2,63,225.44908983032536,27.579437009990215,82905.96467303112,60913.905008433074
1769778199,200,,Aggregated,217.400000,0.000000,63,75,93,120,220,430,780,1200,61000,78000,83000,111057,2,63,225.47545250152174,27.579437009990215,82905.96467303112,60914.80570337755
1769778200,200,,Aggregated,213.200000,0.000000,63,75,93,120,220,430,780,1200,61000,78000,83000,111231,2,63,225.51098623920032,27.579437009990215,82905.96467303112,60927.499617912275
1769778202,200,,Aggregated,202.600000,0.000000,63,75,93,120,220,430,780,1200,61000,78000,83000,111411,2,63,225.3781271221905,27.579437009990215,82905.96467303112,60939.71180583605
1769778203,200,,Aggregated,202.600000,0.000000,63,75,93,120,220,430,780,1200,61000,78000,83000,111601,2,63,225.3710902572391,27.579437009990215,82905.96467303112,60958.94759903585
1769778204,200,,Aggregated,190.800000,0.000000,63,76,94,120,220,430,780,1200,61000,78000,83000,111788,2,63,225.39750147736956,27.579437009990215,82905.96467303112,60969.57208287115
1769778205,200,,Aggregated,191.500000,0.000000,63,76,94,120,230,430,780,1200,61000,78000,83000,111946,2,63,225.5468028489475,27.579437009990215,82905.96467303112,60971.131206117236
1769778206,200,,Aggregated,183.500000,0.000000,63,76,95,120,230,430,780,1200,60000,78000,83000,112162,2,63,225.60460287383916,27.579437009990215,82905.96467303112,60990.50542964641
1769778207,200,,Aggregated,175.300000,0.000000,63,76,95,120,230,430,780,1200,60000,78000,83000,112322,2,63,225.6138436081963,27.579437009990215,82905.96467303112,60999.19049696408
1769778208,200,,Aggregated,178.200000,0.000000,63,76,95,120,230,430,780,1200,60000,78000,83000,112415,2,63,225.7953749244651,27.579437009990215,82905.96467303112,60997.834737357116
1769778209,200,,Aggregated,179.900000,0.000000,63,76,96,130,230,440,780,1200,60000,78000,83000,112665,2,63,226.51749364073262,27.579437009990215,82905.96467303112,60999.3284871078
1769778210,200,,Aggregated,168.200000,0.000000,63,76,96,130,240,440,780,1200,60000,78000,83000,112806,2,63,226.57166381007056,27.579437009990215,82905.96467303112,61011.88861408081
1769778212,200,,Aggregated,163.900000,0.000000,63,76,96,130,240,450,780,1200,60000,78000,83000,112982,2,63,226.74969010582504,27.579437009990215,82905.96467303112,61007.523561275244
1769778213,200,,Aggregated,159.400000,0.000000,63,77,97,130,240,450,780,1200,60000,78000,83000,113205,2,63,226.70903473037825,27.579437009990215,82905.96467303112,61024.08850315799
1769778214,200,,Aggregated,155.700000,0.000000,63,77,97,130,240,450,780,1200,60000,78000,83000,113393,2,63,226.67887101889968,27.579437009990215,82905.96467303112,61019.6456130449
1769778215,200,,Aggregated,159.000000,0.000000,63,77,98,130,240,450,780,1200,60000,78000,83000,113604,2,63,226.84405780001305,27.579437009990215,82905.96467303112,61014.65697510651
1769778216,200,,Aggregated,159.800000,0.000000,63,77,98,130,240,450,780,1200,60000,78000,83000,113778,2,63,226.75090142739245,27.579437009990215,82905.96467303112,61019.6281882262
1769778217,200,,Aggregated,157.100000,0.000000,64,77,99,130,240,450,780,1200,60000,78000,83000,113886,2,64,226.99487593151107,27.579437009990215,82905.96467303112,61012.47623939729
1769778219,200,,Aggregated,163.900000,0.000000,64,77,99,130,250,460,780,1200,60000,78000,83000,114087,2,64,227.90896144544254,27.579437009990215,82905.96467303112,60994.22658146853
1769778220,200,,Aggregated,155.900000,0.000000,64,77,100,130,250,470,780,1200,60000,78000,83000,114311,2,64,228.2302688016225,27.579437009990215,82905.96467303112,61006.8584913088
1769778221,200,,Aggregated,159.900000,0.000000,64,77,100,130,250,470,780,1200,60000,78000,83000,114576,2,64,228.08131676802535,27.579437009990215,82905.96467303112,61001.02833926826
1769778222,200,,Aggregated,156.200000,0.000000,64,78,100,130,250,470,780,1200,60000,78000,83000,114810,2,64,227.81914353166303,27.579437009990215,82905.96467303112,61010.10808291961
1769778223,200,,Aggregated,168.600000,0.000000,64,78,100,130,250,470,780,1200,60000,78000,83000,115079,2,64,227.4928001352172,27.579437009990215,82905.96467303112,61004.38527446363
1769778224,200,,Aggregated,176.400000,0.000000,64,78,100,130,250,470,780,1200,60000,78000,83000,115321,2,64,227.1885042570737,27.579437009990215,82905.96467303112,60999.465847503925
1769778225,200,,Aggregated,176.600000,0.000000,64,78,100,130,250,470,780,1200,60000,78000,83000,115587,2,64,226.8371071953909,27.579437009990215,82905.96467303112,60993.75918572158
1769778226,200,,Aggregated,184.900000,0.000000,64,78,100,130,250,460,780,1200,60000,78000,83000,115854,2,64,226.48292075465045,27.579437009990215,82905.96467303112,60990.54720596613
1769778227,200,,Aggregated,198.400000,0.000000,64,78,100,130,250,460,780,1200,60000,78000,83000,116095,2,64,226.19016897946116,27.579437009990215,82905.96467303112,60981.11028037383
1769778228,200,,Aggregated,191.700000,0.000000,64,78,100,130,250,460,780,1200,60000,78000,83000,116348,2,64,225.86760428124146,27.579437009990215,82905.96467303112,60980.9183999725
1769778229,200,,Aggregated,207.600000,0.000000,64,78,100,130,250,460,780,1200,60000,78000,83000,116582,2,64,225.55465614043757,27.579437009990215,82905.96467303112,60976.75409582954
1769778230,200,,Aggregated,222.200000,0.000000,64,77,100,130,250,460,780,1200,60000,78000,83000,116833,2,64,225.20945533900115,27.579437009990215,82905.96467303112,60972.15351826967
1769778231,200,,Aggregated,234.000000,0.000000,64,77,100,130,250,460,780,1200,60000,78000,83000,117064,2,64,224.89372359347448,27.579437009990215,82905.96467303112,60971.79475329734
1769778232,200,,Aggregated,240.800000,0.000000,64,77,100,130,250,460,780,1200,60000,78000,83000,117301,2,64,224.58503701607313,27.579437009990215,82905.96467303112,60971.36338991142
1769778233,200,,Aggregated,240.000000,0.000000,64,77,99,130,250,460,780,1200,60000,78000,83000,117540,2,64,224.27470444182626,27.579437009990215,82905.96467303112,60962.88157223073
1769778234,200,,Aggregated,242.000000,0.000000,64,77,99,130,250,460,780,1200,60000,78000,83000,117810,2,64,223.96057987509067,27.579437009990215,82905.96467303112,60964.0150836092
1769778235,200,,Aggregated,240.600000,0.000000,64,77,99,130,240,460,780,1200,60000,78000,83000,118060,2,64,223.62892950920687,27.579437009990215,82905.96467303112,60965.798695578516
1769778236,200,,Aggregated,236.400000,0.000000,64,77,99,130,240,460,770,1200,60000,78000,83000,118302,2,64,223.31439910245504,27.579437009990215,82905.96467303112,60961.965943094794
1769778237,200,,Aggregated,238.700000,0.000000,64,77,99,130,240,450,770,1200,60000,78000,83000,118569,2,64,222.97958758588143,27.579437009990215,82905.96467303112,60962.115536101344
1769778239,200,,Aggregated,241.500000,0.000000,64,77,99,130,240,450,770,1200,60000,78000,83000,118826,2,64,222.65373284022172,27.579437009990215,82905.96467303112,60958.824011579956
1769778240,200,,Aggregated,241.200000,0.000000,64,77,99,130,240,450,770,1200,60000,78000,83000,119056,2,64,222.36259313901857,27.579437009990215,82905.96467303112,60959.84404817901
1769778241,200,,Aggregated,239.900000,0.000000,64,77,98,130,240,450,770,1200,60000,78000,83000,119311,2,64,222.02793220991921,27.579437009990215,82905.96467303112,60957.953533203145
1769778242,200,,Aggregated,237.800000,0.000000,64,77,98,130,240,450,770,1200,60000,78000,83000,119540,2,64,221.78190084030433,27.579437009990215,82905.96467303112,60954.63053371257
1769778243,200,,Aggregated,238.600000,0.000000,64,77,98,130,240,450,770,1100,60000,78000,83000,119786,2,64,221.49695012553235,27.579437009990215,82905.96467303112,60952.33795268228
1769778244,200,,Aggregated,236.800000,0.000000,64,77,98,130,240,450,770,1100,60000,78000,83000,120042,2,64,221.26131524635085,27.579437009990215,82905.96467303112,60959.74099065327
1769778245,200,,Aggregated,238.500000,0.000000,64,77,99,130,240,450,770,1100,60000,78000,83000,120267,2,64,221.00624803912655,27.579437009990215,82905.96467303112,60957.2726433685
1769778246,200,,Aggregated,241.300000,0.000000,64,77,99,130,240,450,770,1100,60000,78000,83000,120507,2,64,220.76411745580086,27.579437009990215,82905.96467303112,60955.71873833055
1769778247,200,,Aggregated,236.200000,0.000000,64,77,99,130,240,450,770,1100,60000,78000,83000,120712,2,64,220.58998886524344,27.579437009990215,82905.96467303112,60949.77014712705
1769778248,200,,Aggregated,235.000000,0.000000,64,77,99,130,240,450,770,1100,60000,78000,83000,120980,2,64,220.27915874829827,27.579437009990215,82905.96467303112,60953.49170937345
1769778249,200,,Aggregated,227.600000,0.000000,64,77,99,130,240,450,770,1100,60000,78000,83000,121198,2,64,220.02777074040443,27.579437009990215,82905.96467303112,60955.863949900166
1769778250,200,,Aggregated,228.300000,0.000000,64,77,99,130,240,450,770,1100,60000,78000,83000,121460,2,64,219.73731749350668,27.579437009990215,82905.96467303112,60957.2738597069
1769778251,200,,Aggregated,226.900000,0.000000,64,77,99,130,240,440,770,1100,60000,78000,83000,121727,2,64,219.4576001367088,27.579437009990215,82905.96467303112,60956.75859094531
1769778252,200,,Aggregated,229.900000,0.000000,64,77,98,130,240,440,770,1100,60000,78000,83000,121977,2,64,219.1730065798881,27.579437009990215,82905.96467303112,60956.99094091509
1769778253,200,,Aggregated,229.400000,0.000000,64,77,99,130,240,440,770,1100,59000,78000,83000,122214,2,64,218.9323470656537,27.579437009990215,82905.96467303112,60954.60251689659
1769778254,200,,Aggregated,230.200000,0.000000,64,77,99,130,240,440,770,1100,59000,78000,83000,122397,2,64,218.79077766011926,27.579437009990215,82905.96467303112,60938.84783123769
1769778255,200,,Aggregated,229.800000,0.000000,64,77,99,130,240,440,770,1100,59000,78000,83000,122661,2,64,218.5518280449166,27.579437009990215,82905.96467303112,60954.87056195531
1769778256,200,,Aggregated,229.100000,0.000000,64,77,99,130,240,440,770,1100,59000,78000,83000,122875,2,64,218.30840555842343,27.579437009990215,82905.96467303112,60951.5792716175
1769778257,200,,Aggregated,233.300000,0.000000,64,77,99,130,240,440,770,1100,59000,78000,83000,123147,2,64,218.0019379066496,27.579437009990215,82905.96467303112,60951.018587541716
1769778258,200,,Aggregated,232.100000,0.000000,64,77,99,130,240,440,770,1100,59000,78000,83000,123385,2,64,217.74891513903876,27.579437009990215,82905.96467303112,60950.85380718888
1769778259,200,,Aggregated,238.900000,0.000000,64,77,99,130,240,440,770,1100,59000,78000,83000,123640,2,64,217.48919897494338,27.579437009990215,82905.96467303112,60950.237892267876
1769778260,200,,Aggregated,236.700000,0.000000,64,77,99,130,240,440,770,1100,59000,78000,83000,123890,2,64,217.24168360142758,27.579437009990215,82905.96467303112,60947.11498910324
1769778261,200,,Aggregated,233.700000,0.000000,64,78,99,130,240,440,770,1100,59000,78000,83000,124092,2,64,217.06438466019654,27.579437009990215,82905.96467303112,60940.17762627728
1769778262,200,,Aggregated,233.100000,0.000000,64,77,99,130,240,440,770,1100,59000,78000,83000,124391,2,64,216.73654815290476,27.579437009990215,82905.96467303112,60940.212298317405
1769778263,200,,Aggregated,230.800000,0.000000,64,77,99,130,240,440,770,1100,59000,78000,83000,124620,2,64,216.44952796144923,27.579437009990215,82905.96467303112,60938.52998716097
1769778265,200,,Aggregated,234.900000,0.000000,64,77,99,130,240,440,770,1100,59000,78000,83000,124884,2,64,216.12736445784068,27.579437009990215,82905.96467303112,60934.900355529935
1769778266,200,,Aggregated,234.300000,0.000000,64,77,99,130,230,440,770,1100,59000,78000,83000,125126,2,64,215.91141114446236,27.579437009990215,82905.96467303112,60930.52170612023
1769778267,200,,Aggregated,234.900000,0.000000,64,77,99,130,230,440,770,1100,59000,78000,83000,125391,2,64,215.59085961333795,27.579437009990215,82905.96467303112,60928.007608201544
1769778268,200,,Aggregated,236.300000,0.000000,64,77,98,130,230,430,770,1100,59000,78000,83000,125639,2,64,215.28929050887953,27.579437009990215,82905.96467303112,60922.245512937865
1769778269,200,,Aggregated,238.600000,0.000000,64,77,98,130,230,430,760,1000,59000,78000,83000,125901,2,64,214.97415903932904,27.579437009990215,82905.96467303112,60918.702321665434
1769778270,200,,Aggregated,238.300000,0.000000,64,77,98,130,230,430,760,1000,59000,78000,83000,126118,2,64,214.73058260701768,27.579437009990215,82905.96467303112,60914.04747141566
1769778271,200,,Aggregated,242.500000,0.000000,64,77,98,130,230,430,760,1000,59000,78000,83000,126386,2,64,214.41309837959616,27.579437009990215,82905.96467303112,60914.65819790166
1769778272,200,,Aggregated,238.900000,0.000000,64,77,98,130,230,430,760,1000,59000,78000,83000,126621,2,64,214.12739310780512,27.579437009990215,82905.96467303112,60911.6956113125
1769778273,200,,Aggregated,242.000000,0.000000,64,77,98,130,230,430,760,1000,59000,78000,83000,126884,2,64,213.81774738216413,27.579437009990215,82905.96467303112,60907.457094669146
1769778274,200,,Aggregated,242.100000,0.000000,64,77,97,130,230,430,760,1000,59000,78000,83000,127144,2,64,213.5128414639622,27.579437009990215,82905.96467303112,60906.38845718241
1769778275,200,,Aggregated,241.500000,0.000000,64,77,97,130,230,430,760,1000,59000,78000,83000,127414,2,64,213.18970999777807,27.579437009990215,82905.96467303112,60904.82354372361
1769778276,200,,Aggregated,246.100000,0.000000,64,77,97,130,230,430,760,1000,59000,78000,83000,127654,2,64,212.90350559456587,27.579437009990215,82905.96467303112,60899.17235652624
1769778277,200,,Aggregated,245.400000,0.000000,64,77,97,130,230,430,760,1000,59000,78000,83000,127907,2,64,212.60483019891447,27.579437009990215,82905.96467303112,60899.70996114364
1769778278,200,,Aggregated,247.000000,0.000000,64,77,97,130,230,430,760,1000,59000,78000,83000,128141,2,64,212.32488097175403,27.579437009990215,82905.96467303112,60894.08080161697
1769778279,200,,Aggregated,246.400000,0.000000,64,77,97,130,230,430,760,1000,59000,78000,83000,128417,2,64,212.01316952671888,27.579437009990215,82905.96467303112,60897.167649143026
1769778280,200,,Aggregated,244.100000,0.000000,64,77,96,130,230,430,760,1000,59000,78000,83000,128640,2,64,211.75438550425898,27.579437009990215,82905.96467303112,60893.56016013682
1769778281,200,,Aggregated,244.900000,0.000000,64,77,96,130,230,430,760,1000,59000,78000,83000,128887,2,64,211.47308820037517,27.579437009990215,82905.96467303112,60893.20829098357
1769778282,200,,Aggregated,245.100000,0.000000,64,77,96,130,230,430,760,1000,59000,78000,83000,129143,2,64,211.17904446855258,27.579437009990215,82905.96467303112,60893.11186823908
1769778283,200,,Aggregated,244.400000,0.000000,64,77,96,120,230,430,760,1000,59000,78000,83000,129385,2,64,210.9153521331972,27.579437009990215,82905.96467303112,60889.06842369672
1769778284,200,,Aggregated,244.000000,0.000000,64,77,96,120,230,420,760,1000,59000,78000,83000,129630,2,64,210.65120301186917,27.579437009990215,82905.96467303112,60891.038077605495
1769778285,200,,Aggregated,242.000000,0.000000,64,77,96,120,230,420,760,1000,59000,78000,83000,129872,2,64,210.3761537291173,27.579437009990215,82905.96467303112,60892.13126000985
1769778286,200,,Aggregated,239.800000,0.000000,64,76,96,120,230,420,760,1000,59000,78000,83000,130118,2,64,210.12071973151754,27.579437009990215,82905.96467303112,60897.30792818826
1769778287,200,,Aggregated,238.700000,0.000000,64,76,95,120,220,420,760,1000,59000,78000,83000,130358,2,64,209.85932983413335,27.579437009990215,82905.96467303112,60898.93437303426
1769778288,200,,Aggregated,237.800000,0.000000,64,76,95,120,220,420,760,1000,59000,78000,83000,130583,2,64,209.65570773814787,27.579437009990215,82905.96467303112,60895.72771340833
1769778289,200,,Aggregated,236.300000,0.000000,64,76,95,120,220,420,760,1000,59000,78000,83000,130806,2,64,209.43855301604262,27.579437009990215,82905.96467303112,60902.9674556213
1769778290,200,,Aggregated,239.700000,0.000000,64,76,95,120,220,420,760,1000,59000,78000,83000,131060,2,64,209.21711151303043,27.579437009990215,82905.96467303112,60909.09553639554
1769778291,200,,Aggregated,236.200000,0.000000,64,76,95,120,220,420,760,1000,59000,78000,83000,131287,2,64,209.02811219055303,27.579437009990215,82905.96467303112,60915.31279563095
1769778292,200,,Aggregated,236.000000,0.000000,64,77,96,120,220,420,760,1000,59000,78000,83000,131521,2,64,208.84114292264107,27.579437009990215,82905.96467303112,60919.19548209031
1769778293,200,,Aggregated,232.500000,0.000000,64,77,96,120,220,420,760,1000,59000,78000,83000,131717,2,64,208.69970079765997,27.579437009990215,82905.96467303112,60927.27794438075
1769778294,200,,Aggregated,231.800000,0.000000,64,77,96,120,220,420,760,990,59000,78000,83000,131953,2,64,208.57558059614712,27.579437009990215,82905.96467303112,60934.4721453851
1769778296,200,,Aggregated,226.100000,0.000000,64,77,96,120,220,420,760,990,58000,78000,83000,132165,2,64,208.46139800093462,27.579437009990215,82905.96467303112,60938.66270192563
1769778297,200,,Aggregated,223.100000,0.000000,64,77,96,120,220,420,760,990,58000,78000,83000,132364,2,64,208.37376417291503,27.579437009990215,82905.96467303112,60942.28561391315
1769778298,200,,Aggregated,220.000000,0.000000,64,77,96,120,220,420,760,990,58000,78000,83000,132561,2,64,208.32142004077144,27.579437009990215,82905.96467303112,60953.86489993286
1769778299,200,,Aggregated,215.000000,0.000000,64,77,96,120,220,420,760,990,58000,78000,83000,132773,2,64,208.20955046768972,27.579437009990215,82905.96467303112,60961.16888222756
1769778300,200,,Aggregated,211.600000,0.000000,64,77,97,130,220,420,760,990,58000,78000,83000,132987,2,64,208.12395438491893,27.579437009990215,82905.96467303112,60976.09173829021
1769778301,200,,Aggregated,208.900000,0.000000,64,77,97,130,220,420,760,990,58000,78000,83000,133172,2,64,208.06043457320112,27.579437009990215,82905.96467303112,60981.50390472472
1769778302,200,,Aggregated,206.900000,0.000000,64,77,97,130,230,420,760,990,58000,78000,83000,133401,2,64,208.07202086039808,27.579437009990215,82905.96467303112,60992.58378872722
1769778303,200,,Aggregated,202.400000,0.000000,64,77,97,130,230,420,760,990,58000,78000,83000,133555,2,64,208.02688302614683,27.579437009990215,82905.96467303112,60998.2400434278
1769778304,200,,Aggregated,200.100000,0.000000,64,77,98,130,230,420,760,990,58000,78000,83000,133663,2,64,208.16237547506694,27.579437009990215,82905.96467303112,61000.85592871625
1769778305,200,,Aggregated,194.800000,0.000000,64,77,98,130,230,430,760,1000,58000,78000,83000,133855,2,64,208.59824025250816,27.579437009990215,82905.96467303112,61002.550379141605
1769778306,200,,Aggregated,187.600000,0.000000,64,78,98,130,230,430,760,1000,58000,78000,83000,134080,2,64,208.67362184289254,27.579437009990215,82905.96467303112,61015.980049224345
1769778307,200,,Aggregated,177.200000,0.000000,64,78,99,130,230,430,760,1000,58000,78000,83000,134261,2,64,208.71164775090108,27.579437009990215,82905.96467303112,61023.11628097512
1769778308,200,,Aggregated,174.700000,0.000000,64,78,99,130,230,430,760,1000,58000,78000,83000,134494,2,64,208.62469733357818,27.579437009990215,82905.96467303112,61035.79953752584
1769778310,200,,Aggregated,173.500000,0.000000,64,78,99,130,230,430,760,1000,58000,78000,83000,134566,2,64,208.62869843618589,27.579437009990215,82905.96467303112,61036.07950745359
1769778311,200,,Aggregated,172.400000,0.000000,64,78,100,130,240,430,760,1000,58000,78000,83000,134762,2,64,208.9211796367137,27.579437009990215,82905.96467303112,61026.690402338936
1769778312,200,,Aggregated,161.500000,0.000000,64,78,100,130,240,430,760,1000,58000,78000,83000,134937,2,64,209.2580918733201,27.579437009990215,82905.96467303112,61031.940572267056
1769778313,200,,Aggregated,165.000000,0.000000,64,78,100,130,240,430,760,1000,58000,78000,83000,135138,2,64,209.23249650523883,27.579437009990215,82905.96467303112,61038.68321271589
1769778314,200,,Aggregated,156.400000,0.000000,64,78,100,130,240,430,760,1000,58000,78000,83000,135390,2,64,209.26922683036406,27.579437009990215,82905.96467303112,61045.04725607504
1769778315,200,,Aggregated,160.400000,0.000000,64,78,100,130,240,430,760,990,58000,78000,83000,135533,2,64,209.2504706666688,27.579437009990215,82905.96467303112,61037.89100809397
1769778316,200,,Aggregated,167.900000,0.000000,64,79,100,130,240,430,760,990,58000,78000,83000,135754,2,64,209.43614051056946,27.579437009990215,82905.96467303112,61040.99581596122
1769778317,200,,Aggregated,173.300000,0.000000,64,79,100,130,240,440,760,990,58000,78000,83000,136011,2,64,209.51048371568808,27.579437009990215,82905.96467303112,61044.00962422157
1769778318,200,,Aggregated,167.100000,0.000000,64,79,100,130,240,430,760,990,58000,78000,83000,136175,2,64,209.49427904518012,27.579437009990215,82905.96467303112,61035.115292821734
1769778319,200,,Aggregated,170.100000,0.000000,64,79,100,140,250,430,760,990,58000,78000,83000,136433,2,64,209.54033753361608,27.579437009990215,82905.96467303112,61039.923823415156
1769778321,200,,Aggregated,176.000000,0.000000,64,79,100,140,250,430,760,990,58000,78000,83000,136573,2,64,209.46866684557565,27.579437009990215,82905.96467303112,61037.48569629429
1769778322,200,,Aggregated,187.600000,0.000000,64,79,100,140,250,430,760,990,58000,78000,83000,136839,2,64,209.39362016691683,27.579437009990215,82905.96467303112,61033.00089886655
1769778323,200,,Aggregated,181.100000,0.000000,64,79,100,140,250,430,760,990,58000,78000,83000,137063,2,64,209.2177738178128,27.579437009990215,82905.96467303112,61034.95035129831
1769778324,200,,Aggregated,192.300000,0.000000,64,79,100,140,250,430,760,990,58000,78000,83000,137338,2,64,208.99280159221456,27.579437009990215,82905.96467303112,61029.64738091424
1769778325,200,,Aggregated,195.100000,0.000000,64,79,100,140,250,430,760,990,58000,78000,83000,137598,2,64,208.74369590986308,27.579437009990215,82905.96467303112,61031.539935173474
1769778326,200,,Aggregated,202.200000,0.000000,65,79,100,140,250,430,760,990,58000,78000,83000,137834,2,65,208.5666337104105,27.579437009990215,82905.96467303112,61026.26944005107
1769778327,200,,Aggregated,211.400000,0.000000,65,79,100,140,250,430,760,990,58000,78000,83000,138109,2,65,208.34940138097866,27.579437009990215,82905.96467303112,61023.179611755935
1769778328,200,,Aggregated,222.000000,0.000000,65,79,100,140,250,430,760,990,58000,78000,83000,138367,2,65,208.0884733814612,27.579437009990215,82905.96467303112,61021.73328900677
1769778329,200,,Aggregated,224.500000,0.000000,65,79,100,140,240,430,760,990,58000,78000,83000,138604,2,65,207.90169928397495,27.579437009990215,82905.96467303112,61017.061838042195
1769778330,200,,Aggregated,221.200000,0.000000,65,79,100,140,240,430,750,990,58000,78000,83000,138852,2,65,207.66975469735527,27.579437009990215,82905.96467303112,61008.350063376834
1769778331,200,,Aggregated,224.900000,0.000000,65,79,100,140,240,430,750,990,57000,78000,83000,139077,2,65,207.4817819903639,27.579437009990215,82905.96467303112,61004.26486766324
1769778332,200,,Aggregated,224.000000,0.000000,65,79,100,140,240,430,750,990,57000,78000,83000,139320,2,65,207.24656138332833,27.579437009990215,82905.96467303112,61003.226959517655
1769778333,200,,Aggregated,237.300000,0.000000,65,79,100,130,240,430,750,990,57000,78000,83000,139565,2,65,206.99640624409054,27.579437009990215,82905.96467303112,61003.89670762727
1769778334,200,,Aggregated,238.600000,0.000000,65,79,100,130,240,430,750,990,57000,78000,83000,139798,2,65,206.78213574111388,27.579437009990215,82905.96467303112,61004.26845162306
1769778335,200,,Aggregated,238.700000,0.000000,65,79,100,130,240,430,750,990,57000,78000,83000,140070,2,65,206.58537568589108,27.579437009990215,82905.96467303112,61003.48660669665
1769778336,200,,Aggregated,239.300000,0.000000,65,79,100,130,240,430,750,990,57000,78000,83000,140327,2,65,206.359182306801,27.579437009990215,82905.96467303112,61001.578349141644
1769778337,200,,Aggregated,234.200000,0.000000,65,79,100,130,240,430,750,990,57000,78000,83000,140585,2,65,206.14133230483571,27.579437009990215,82905.96467303112,60999.183945655655
1769778338,200,,Aggregated,234.700000,0.000000,65,79,100,130,240,430,750,980,57000,78000,83000,140836,2,65,205.92800752614238,27.579437009990215,82905.96467303112,60995.45178789514
1769778339,200,,Aggregated,235.800000,0.000000,65,79,100,130,240,430,750,980,57000,78000,83000,141090,2,65,205.7035781185829,27.579437009990215,82905.96467303112,60994.83543837267
1769778340,200,,Aggregated,239.200000,0.000000,65,79,100,130,240,430,750,980,57000,78000,83000,141332,2,65,205.47164505470823,27.579437009990215,82905.96467303112,60996.43269747828
1769778341,200,,Aggregated,246.600000,0.000000,65,79,100,130,240,430,750,980,57000,78000,83000,141570,2,65,205.23554984216045,27.579437009990215,82905.96467303112,60994.22480751572
1769778342,200,,Aggregated,246.500000,0.000000,65,79,100,130,240,430,750,980,57000,78000,83000,141813,2,65,205.00760048265172,27.579437009990215,82905.96467303112,60991.32537214501
1769778343,200,,Aggregated,243.100000,0.000000,65,79,100,130,240,430,750,980,57000,78000,83000,142028,2,65,204.83712813737858,27.579437009990215,82905.96467303112,60996.07970963472
1769778344,200,,Aggregated,242.000000,0.000000,65,79,100,130,240,430,750,980,57000,78000,83000,142286,2,65,204.62148657185816,27.579437009990215,82905.96467303112,60996.613299973294
1769778345,200,,Aggregated,241.200000,0.000000,65,79,100,130,240,420,750,980,57000,78000,83000,142533,2,65,204.42579128949006,27.579437009990215,82905.96467303112,60997.00256081048
1769778347,200,,Aggregated,237.900000,0.000000,65,79,100,130,240,420,750,980,57000,78000,83000,142784,2,65,204.21679591426982,27.579437009990215,82905.96467303112,60993.28127101076
1769778348,200,,Aggregated,238.400000,0.000000,65,79,100,130,240,420,750,980,57000,78000,83000,143018,2,65,204.01956763887654,27.579437009990215,82905.96467303112,60994.115097400325
1769778349,200,,Aggregated,238.700000,0.000000,65,79,100,130,240,420,750,980,57000,78000,83000,143247,2,65,203.82612216888458,27.579437009990215,82905.96467303112,60990.943740532086
1769778350,200,,Aggregated,235.300000,0.000000,65,79,100,130,240,420,750,980,57000,78000,83000,143461,2,65,203.66042288691347,27.579437009990215,82905.96467303112,60988.4774189501
1769778351,200,,Aggregated,232.100000,0.000000,65,79,100,130,240,420,750,980,57000,78000,83000,143668,2,65,203.5185093255084,27.579437009990215,82905.96467303112,60991.300129465155
1769778352,200,,Aggregated,226.900000,0.000000,65,79,100,130,240,420,750,980,57000,78000,83000,143949,2,65,203.31674182978938,27.579437009990215,82905.96467303112,60995.72388832156
1769778353,200,,Aggregated,227.800000,0.000000,65,79,100,130,240,420,750,970,57000,78000,83000,144172,2,65,203.12311936706882,27.579437009990215,82905.96467303112,60994.86038204367
1769778354,200,,Aggregated,230.600000,0.000000,65,79,100,130,240,420,750,970,57000,78000,83000,144441,2,65,202.98745282555836,27.579437009990215,82905.96467303112,60991.01033640033
1769778355,200,,Aggregated,231.400000,0.000000,65,79,100,130,240,420,750,970,57000,78000,83000,144694,2,65,202.7551885062252,27.579437009990215,82905.96467303112,60992.699683469946
1769778356,200,,Aggregated,229.800000,0.000000,65,79,100,130,240,420,750,970,57000,78000,83000,144918,2,65,202.584217221526,27.579437009990215,82905.96467303112,60982.72809450862
1769778357,200,,Aggregated,229.800000,0.000000,65,79,100,130,240,420,750,970,57000,78000,83000,145126,2,65,202.40133557158543,27.579437009990215,82905.96467303112,60981.90014883618
1769778358,200,,Aggregated,225.500000,0.000000,65,79,100,130,240,420,750,970,57000,78000,83000,145384,2,65,202.18672661080805,27.579437009990215,82905.96467303112,60985.854640125464
1769778359,200,,Aggregated,229.900000,0.000000,65,79,100,130,240,420,750,970,57000,78000,83000,145600,2,65,202.01266935316937,27.579437009990215,82905.96467303112,60985.33494505494
1769778360,200,,Aggregated,231.900000,0.000000,65,79,100,130,240,420,750,970,57000,78000,83000,145876,2,65,201.81425819273633,27.579437009990215,82905.96467303112,60982.83531903809
1769778361,200,,Aggregated,230.000000,0.000000,65,79,100,130,240,420,750,970,57000,78000,83000,146117,2,65,201.60011831631527,27.579437009990215,82905.96467303112,60980.30416036464
1769778362,200,,Aggregated,236.700000,0.000000,65,79,100,130,240,420,750,960,57000,78000,83000,146382,2,65,201.4024761509698,27.579437009990215,82905.96467303112,60977.91776994439
1769778363,200,,Aggregated,233.700000,0.000000,65,79,100,130,240,420,750,960,57000,78000,83000,146626,2,65,201.1770957265708,27.579437009990215,82905.96467303112,60977.63814739542
1769778364,200,,Aggregated,228.800000,0.000000,65,79,100,130,230,420,750,960,57000,78000,83000,146866,2,65,200.98494425032555,27.579437009990215,82905.96467303112,60969.458220418615
1769778365,200,,Aggregated,229.600000,0.000000,65,79,100,130,230,420,750,960,57000,78000,83000,147142,2,65,200.73160208687827,27.579437009990215,82905.96467303112,60972.06548776013
1769778366,200,,Aggregated,234.700000,0.000000,65,79,100,130,230,420,750,960,57000,78000,83000,147371,2,65,200.51159328149558,27.579437009990215,82905.96467303112,60966.8459534101
1769778367,200,,Aggregated,239.100000,0.000000,65,79,100,130,230,420,740,960,57000,78000,83000,147624,2,65,200.28990976329086,27.579437009990215,82905.96467303112,60966.89796374573
1769778368,200,,Aggregated,246.200000,0.000000,65,79,100,130,230,420,740,960,57000,78000,83000,147873,2,65,200.0770393482901,27.579437009990215,82905.96467303112,60965.87082834595
1769778369,200,,Aggregated,238.800000,0.000000,65,79,100,130,230,420,740,960,57000,78000,83000,148116,2,65,199.8451182454885,27.579437009990215,82905.96467303112,60963.64643252586
1769778370,200,,Aggregated,237.700000,0.000000,65,79,100,130,230,420,740,960,57000,78000,83000,148376,2,65,199.64114513282402,27.579437009990215,82905.96467303112,60956.79612605812
1769778371,200,,Aggregated,240.500000,0.000000,65,79,100,130,230,420,740,960,57000,78000,83000,148638,2,65,199.3923958092083,27.579437009990215,82905.96467303112,60956.09306503048
1769778372,200,,Aggregated,235.800000,0.000000,65,79,100,130,230,420,740,950,57000,78000,83000,148883,2,65,199.16283327523988,27.579437009990215,82905.96467303112,60955.521362412095
1769778373,200,,Aggregated,242.600000,0.000000,65,79,100,130,230,420,740,950,57000,78000,83000,149116,2,65,198.94178143830942,27.579437009990215,82905.96467303112,60949.424273719786
1769778374,200,,Aggregated,247.900000,0.000000,64,79,100,130,230,420,740,950,57000,78000,83000,149385,2,64,198.69413125131518,27.579437009990215,82905.96467303112,60948.083750041835
1769778375,200,,Aggregated,244.500000,0.000000,64,79,100,130,230,420,740,950,57000,78000,83000,149598,2,64,198.49505804431794,27.579437009990215,82905.96467303112,60946.36962392546
1769778376,200,,Aggregated,245.800000,0.000000,64,79,100,130,230,420,740,950,57000,78000,83000,149857,2,64,198.2583760201657,27.579437009990215,82905.96467303112,60946.50021020039
1769778378,200,,Aggregated,236.300000,0.000000,64,79,100,130,230,420,740,950,57000,78000,83000,150117,2,64,198.02931425711506,27.579437009990215,82905.96467303112,60944.70411079358
1769778379,200,,Aggregated,239.400000,0.000000,64,79,100,130,230,420,740,950,57000,78000,83000,150366,2,64,197.8000396203383,27.579437009990215,82905.96467303112,60943.758163414604
1769778380,200,,Aggregated,241.400000,0.000000,64,78,100,130,230,420,740,950,57000,78000,83000,150630,2,64,197.55842293138437,27.579437009990215,82905.96467303112,60942.76586337383
1769778381,200,,Aggregated,242.600000,0.000000,64,78,100,130,230,420,740,940,57000,78000,83000,150876,2,64,197.33869396156217,27.579437009990215,82905.96467303112,60942.88243988441
1769778382,200,,Aggregated,247.200000,0.000000,64,78,100,130,230,420,730,940,57000,78000,83000,151124,2,64,197.12309242786063,27.579437009990215,82905.96467303112,60941.51081231307
1769778383,200,,Aggregated,242.700000,0.000000,64,78,100,130,230,420,730,940,57000,78000,83000,151362,2,64,196.91157613303346,27.579437009990215,82905.96467303112,60942.987163224585
1769778384,200,,Aggregated,240.800000,0.000000,64,78,100,130,230,420,730,940,57000,78000,83000,151618,2,64,196.71584313686648,27.579437009990215,82905.96467303112,60938.7503000963
1769778385,200,,Aggregated,241.200000,0.000000,64,78,100,130,230,410,730,940,57000,78000,83000,151840,2,64,196.53135045759853,27.579437009990215,82905.96467303112,60941.53875131717
1769778386,200,,Aggregated,242.100000,0.000000,64,78,99,130,230,410,730,940,57000,78000,83000,152089,2,64,196.31291165484723,27.579437009990215,82905.96467303112,60945.770778951795
1769778387,200,,Aggregated,239.000000,0.000000,64,78,99,130,230,410,730,940,57000,78000,83000,152341,2,64,196.13568072110442,27.579437009990215,82905.96467303112,60946.08565652057
1769778388,200,,Aggregated,241.100000,0.000000,64,78,99,130,230,410,730,940,57000,78000,83000,152577,2,64,195.97203397920055,27.579437009990215,82905.96467303112,60943.94150494505
1769778389,200,,Aggregated,238.500000,0.000000,64,78,99,130,230,410,730,930,57000,78000,83000,152826,2,64,195.75832351794872,27.579437009990215,82905.96467303112,60955.09517359611
1769778390,200,,Aggregated,238.000000,0.000000,64,78,99,130,230,410,730,930,57000,78000,83000,153058,2,64,195.5762341782061,27.579437009990215,82905.96467303112,60957.35746579728
1769778391,200,,Aggregated,237.200000,0.000000,64,78,99,130,230,410,730,930,57000,78000,83000,153246,2,64,195.48723494180354,27.579437009990215,82905.96467303112,60952.535022121294
1769778392,200,,Aggregated,234.700000,0.000000,64,78,100,130,230,410,730,930,57000,78000,83000,153455,2,64,195.45897605382189,27.579437009990215,82905.96467303112,60960.80869310221
1769778393,200,,Aggregated,231.100000,0.000000,64,78,100,130,230,410,730,930,57000,78000,83000,153660,2,64,195.46098345736695,27.579437009990215,82905.96467303112,60966.07855004555
1769778394,200,,Aggregated,228.400000,0.000000,64,78,100,130,230,410,730,930,57000,78000,83000,153901,2,64,195.37988585267897,27.579437009990215,82905.96467303112,60976.88886362012
1769778395,200,,Aggregated,226.800000,0.000000,64,78,100,130,230,410,730,930,57000,78000,83000,154115,2,64,195.27816187707296,27.579437009990215,82905.96467303112,60980.70987249781
1769778396,200,,Aggregated,223.000000,0.000000,64,78,100,130,230,410,730,930,57000,78000,83000,154331,2,64,195.1959328379114,27.579437009990215,82905.96467303112,60987.13433464437
1769778397,200,,Aggregated,217.600000,0.000000,64,79,100,130,230,410,730,930,57000,78000,83000,154537,2,64,195.13406724036972,27.579437009990215,82905.96467303112,60992.52829419492
1769778398,200,,Aggregated,216.400000,0.000000,64,79,100,130,230,410,730,930,57000,78000,83000,154694,2,64,195.12855577144694,27.579437009990215,82905.96467303112,60998.50270210868
1769778399,200,,Aggregated,213.100000,0.000000,64,79,100,130,230,410,730,930,57000,78000,83000,154914,2,64,195.13711121503678,27.579437009990215,82905.96467303112,61003.39203041688
1769778400,200,,Aggregated,209.700000,0.000000,64,79,100,130,230,410,730,930,57000,78000,83000,155090,2,64,195.11616044955284,27.579437009990215,82905.96467303112,61010.69646011993
1769778401,200,,Aggregated,205.100000,0.000000,64,79,100,130,230,410,730,940,57000,78000,83000,155276,2,64,195.09022833898646,27.579437009990215,82905.96467303112,61018.11241917618
1769778403,200,,Aggregated,200.000000,0.000000,65,79,100,130,230,410,730,940,57000,78000,83000,155445,2,65,195.16329840960253,27.579437009990215,82905.96467303112,61016.22274759561
1769778404,200,,Aggregated,192.200000,0.000000,65,79,100,130,230,410,730,940,57000,78000,83000,155720,2,65,195.28900184739794,27.579437009990215,82905.96467303112,61031.10816850758
1769778405,200,,Aggregated,186.300000,0.000000,65,79,100,130,230,420,730,940,57000,78000,83000,155890,2,65,195.3226329534217,27.579437009990215,82905.96467303112,61034.61939187889
1769778406,200,,Aggregated,191.300000,0.000000,65,79,100,130,230,410,730,940,56000,78000,83000,156088,2,65,195.34756558652762,27.579437009990215,82905.96467303112,61041.73077366614
1769778407,200,,Aggregated,189.500000,0.000000,65,79,100,130,230,420,730,940,56000,78000,83000,156311,2,65,195.3754704858245,27.579437009990215,82905.96467303112,61047.51155708811
1769778408,200,,Aggregated,186.600000,0.000000,65,79,100,130,230,420,730,940,56000,78000,83000,156451,2,65,195.46171531022193,27.579437009990215,82905.96467303112,61046.51517088417
1769778409,200,,Aggregated,186.900000,0.000000,65,80,100,130,240,420,730,940,56000,78000,83000,156699,2,65,195.6863497245454,27.579437009990215,82905.96467303112,61054.224685543624
1769778410,200,,Aggregated,175.600000,0.000000,65,80,100,130,240,420,730,940,56000,78000,83000,156785,2,65,195.6860221666969,27.579437009990215,82905.96467303112,61053.901495678794
1769778411,200,,Aggregated,173.500000,0.000000,65,80,100,130,240,420,730,940,56000,78000,83000,157080,2,65,195.75363440278457,27.579437009990215,82905.96467303112,61060.455455818694
1769778412,200,,Aggregated,179.800000,0.000000,65,80,100,140,240,420,730,940,56000,78000,83000,157256,2,65,195.781660852302,27.579437009990215,82905.96467303112,61059.82560283868
1769778414,200,,Aggregated,178.400000,0.000000,65,80,100,140,240,420,730,940,56000,78000,83000,157510,2,65,195.8067287677081,27.579437009990215,82905.96467303112,61061.383626436414
1769778415,200,,Aggregated,181.100000,0.000000,65,80,110,140,240,420,730,940,56000,78000,83000,157686,2,65,195.71855575130405,27.579437009990215,82905.96467303112,61058.6037948835
1769778416,200,,Aggregated,177.700000,0.000000,65,80,110,140,240,420,730,930,56000,78000,83000,157898,2,65,195.65583108556007,27.579437009990215,82905.96467303112,61067.75488606569
1769778417,200,,Aggregated,180.900000,0.000000,65,80,110,140,240,420,730,930,56000,78000,83000,158106,2,65,195.6205897666695,27.579437009990215,82905.96467303112,61068.43398732496
1769778418,200,,Aggregated,182.500000,0.000000,65,80,110,140,240,420,730,930,56000,78000,83000,158188,2,65,195.82135682486046,27.579437009990215,82905.96467303112,61048.296375199134
1769778419,200,,Aggregated,185.200000,0.000000,65,80,110,140,240,420,730,930,56000,78000,83000,158505,2,65,196.2381558000563,27.579437009990215,82905.96467303112,61064.68495631053
1769778420,200,,Aggregated,178.000000,0.000000,65,80,110,140,240,420,730,930,56000,78000,83000,158678,2,65,196.1422347419986,27.579437009990215,82905.96467303112,61062.21115088418
1769778421,200,,Aggregated,189.500000,0.000000,65,81,110,140,240,420,730,930,56000,78000,83000,158961,2,65,196.07160243234804,27.579437009990215,82905.96467303112,61058.71726398299
1769778422,200,,Aggregated,181.800000,0.000000,65,81,110,140,240,420,730,930,56000,78000,83000,159138,2,65,196.02798320082846,27.579437009990215,82905.96467303112,61042.912987469994
1769778423,200,,Aggregated,187.700000,0.000000,65,81,110,140,240,420,720,930,56000,78000,83000,159378,2,65,195.91815832950076,27.579437009990215,82905.96467303112,61052.84440763468
1769778424,200,,Aggregated,189.600000,0.000000,65,81,110,140,240,420,720,930,56000,78000,83000,159567,2,65,195.8235377199173,27.579437009990215,82905.96467303112,61051.78389015273
1769778425,200,,Aggregated,196.900000,0.000000,65,81,110,140,240,420,720,930,56000,78000,83000,159805,2,65,195.6842101296692,27.579437009990215,82905.96467303112,61044.21937986922
1769778426,200,,Aggregated,195.100000,0.000000,65,81,110,140,240,420,720,930,56000,78000,83000,160030,2,65,195.5397059489967,27.579437009990215,82905.96467303112,61050.783440604886
1769778427,200,,Aggregated,197.400000,0.000000,65,81,110,140,240,420,720,930,56000,78000,83000,160295,2,65,195.35466427372427,27.579437009990215,82905.96467303112,61049.92967341464
1769778429,200,,Aggregated,199.400000,0.000000,65,81,110,140,240,420,720,920,56000,78000,83000,160555,2,65,195.18440200824915,27.579437009990215,82905.96467303112,61047.43249976644
1769778430,200,,Aggregated,199.400000,0.000000,65,81,110,140,240,420,720,920,56000,78000,83000,160828,2,65,195.06846574605083,27.579437009990215,82905.96467303112,61044.39908473649
1769778431,200,,Aggregated,215.600000,0.000000,65,81,110,140,240,420,720,920,56000,78000,83000,161086,2,65,194.92302648410814,27.579437009990215,82905.96467303112,61033.266845039296
1769778432,200,,Aggregated,225.200000,0.000000,65,81,110,140,240,420,720,920,56000,78000,83000,161323,2,65,194.73490707694526,27.579437009990215,82905.96467303112,61036.469616855626
1769778433,200,,Aggregated,232.100000,0.000000,65,81,110,140,240,420,720,920,56000,78000,83000,161568,2,65,194.54200183245177,27.579437009990215,82905.96467303112,61035.711452762924
1769778434,200,,Aggregated,232.400000,0.000000,65,81,110,140,240,420,720,920,56000,78000,83000,161780,2,65,194.37626682369824,27.579437009990215,82905.96467303112,61031.72730250958
1769778435,200,,Aggregated,230.700000,0.000000,65,81,110,140,240,420,720,920,55000,78000,83000,162057,2,65,194.1777337870163,27.579437009990215,82905.96467303112,61030.47724566048
1769778436,200,,Aggregated,231.500000,0.000000,65,81,110,140,240,420,720,920,55000,78000,83000,162290,2,65,193.99448191739714,27.579437009990215,82905.96467303112,61028.59908805225
1769778437,200,,Aggregated,234.700000,0.000000,65,81,110,140,240,420,710,920,55000,78000,83000,162565,2,65,193.76794886527463,27.579437009990215,82905.96467303112,61029.4621536001
1769778438,200,,Aggregated,234.500000,0.000000,65,81,110,140,240,420,710,920,55000,78000,83000,162764,2,65,193.63420394836692,27.464598999358714,82905.96467303112,61025.1558637045
1769778439,200,,Aggregated,240.900000,0.000000,65,81,110,140,240,420,710,920,24000,78000,83000,163033,2,65,193.42731941758694,27.464598999358714,82905.96467303112,61026.2743370974
1769778440,200,,Aggregated,241.400000,0.000000,65,81,110,140,240,420,710,920,24000,78000,83000,163290,2,65,193.22510307964166,27.464598999358714,82905.96467303112,61025.96844264805
1769778441,200,,Aggregated,241.700000,0.000000,65,81,110,140,240,420,710,920,24000,78000,83000,163534,2,65,193.05535597464825,27.464598999358714,82905.96467303112,61024.531094451304
1769778442,200,,Aggregated,237.500000,0.000000,65,81,110,140,240,420,710,910,24000,78000,83000,163743,2,65,192.9053180170198,27.464598999358714,82905.96467303112,61019.69584654
1769778443,200,,Aggregated,239.800000,0.000000,65,81,110,140,240,420,710,910,24000,78000,83000,164021,2,65,192.7140774562545,27.464598999358714,82905.96467303112,61022.88546588547
1769778444,200,,Aggregated,235.200000,0.000000,65,81,110,140,240,420,710,910,24000,78000,83000,164251,2,65,192.5346472362032,27.464598999358714,82905.96467303112,61021.40326695119
1769778445,200,,Aggregated,236.400000,0.000000,65,81,110,140,240,420,710,910,24000,78000,83000,164511,2,65,192.36421949807183,27.464598999358714,82905.96467303112,61018.82551318757
1769778446,200,,Aggregated,238.100000,0.000000,65,80,110,140,240,420,710,910,24000,78000,83000,164746,2,65,192.17814385897063,27.464598999358714,82905.96467303112,61022.940757286975
1769778447,200,,Aggregated,236.300000,0.000000,65,81,110,140,240,420,710,910,24000,78000,83000,164986,2,65,192.03374673270727,27.464598999358714,82905.96467303112,61020.96819730159
1769778448,200,,Aggregated,240.900000,0.000000,65,80,110,140,240,410,710,910,24000,78000,83000,165211,2,65,191.86760570069742,27.464598999358714,82905.96467303112,61023.81009739061
1769778449,200,,Aggregated,232.400000,0.000000,65,80,110,140,240,410,710,910,24000,78000,83000,165444,2,65,191.7068891878929,27.464598999358714,82905.96467303112,61021.32551800005
1769778450,200,,Aggregated,237.300000,0.000000,65,80,110,140,240,410,700,910,24000,78000,83000,165656,2,65,191.55615257168054,27.464598999358714,82905.96467303112,61020.12416694837
1769778451,200,,Aggregated,231.700000,0.000000,65,80,110,140,240,410,700,910,24000,78000,83000,165912,2,65,191.39664937795965,27.464598999358714,82905.96467303112,61017.62601258499
1769778452,200,,Aggregated,232.100000,0.000000,65,80,110,140,240,410,700,910,24000,78000,83000,166124,2,65,191.28197681389457,27.464598999358714,82905.96467303112,61019.32351737256
1769778453,200,,Aggregated,229.400000,0.000000,65,80,110,140,230,410,700,910,24000,78000,83000,166392,2,65,191.10803340760708,27.464598999358714,82905.96467303112,61021.42896894082
1769778454,200,,Aggregated,229.800000,0.000000,65,80,110,140,230,410,700,900,24000,78000,83000,166650,2,65,190.92379783886258,27.464598999358714,82905.96467303112,61020.06253825383
1769778455,200,,Aggregated,228.900000,0.000000,65,80,110,140,230,410,700,900,24000,78000,83000,166854,2,65,190.79475683908709,27.464598999358714,82905.96467303112,61014.13532189819
1769778456,200,,Aggregated,230.600000,0.000000,65,80,110,140,230,410,700,900,24000,78000,83000,167118,2,65,190.63437439107648,27.464598999358714,82905.96467303112,61020.69289962781
1769778457,200,,Aggregated,232.900000,0.000000,65,80,110,140,230,410,700,900,24000,78000,83000,167327,2,65,190.5201869952115,27.464598999358714,82905.96467303112,61015.427402630776
1769778458,200,,Aggregated,228.800000,0.000000,65,80,110,140,230,410,700,900,24000,78000,83000,167516,2,65,190.44174970188945,27.464598999358714,82905.96467303112,61013.01017813224
1769778460,200,,Aggregated,225.600000,0.000000,65,81,110,140,230,410,700,900,24000,78000,83000,167811,2,65,190.30718423265256,27.464598999358714,82905.96467303112,61012.10869966808
1769778461,200,,Aggregated,222.700000,0.000000,65,80,110,140,230,410,700,900,23000,78000,83000,168040,2,65,190.13918819521538,27.464598999358714,82905.96467303112,61011.43096286598
1769778462,200,,Aggregated,228.500000,0.000000,65,81,110,140,230,410,700,900,23000,78000,83000,168308,2,65,189.98790754603633,27.464598999358714,82905.96467303112,61008.49975639898
1769778463,200,,Aggregated,231.300000,0.000000,65,81,110,140,230,410,700,900,23000,78000,83000,168562,2,65,189.8162057442107,27.464598999358714,82905.96467303112,61009.45901211424
1769778464,200,,Aggregated,234.700000,0.000000,65,80,110,140,230,410,700,900,23000,78000,83000,168826,2,65,189.61851012811573,27.464598999358714,82905.96467303112,61004.69538459716
1769778465,200,,Aggregated,233.700000,0.000000,65,80,110,140,230,410,690,900,23000,78000,83000,169056,2,65,189.4629312022014,27.464598999358714,82905.96467303112,61003.48444894
1769778466,200,,Aggregated,234.500000,0.000000,65,80,110,140,230,410,690,900,23000,78000,83000,169299,2,65,189.29080372520824,27.464598999358714,82905.96467303112,60998.84522058607
1769778467,200,,Aggregated,232.700000,0.000000,65,80,110,130,230,410,690,900,23000,78000,83000,169560,2,65,189.09947197709832,27.464598999358714,82905.96467303112,60996.91263269639
1769778468,200,,Aggregated,233.800000,0.000000,65,80,100,130,230,410,690,900,23000,78000,83000,169818,2,65,188.89826695142438,27.464598999358714,82905.96467303112,60998.72617154836
1769778469,200,,Aggregated,238.000000,0.000000,65,80,100,130,230,410,690,900,23000,78000,83000,170068,2,65,188.74024563739482,27.464598999358714,82905.96467303112,60996.15019286403
1769778470,200,,Aggregated,240.900000,0.000000,65,80,100,130,230,410,690,900,23000,78000,83000,170323,2,65,188.55462927634915,27.464598999358714,82905.96467303112,60992.04257792547
1769778471,200,,Aggregated,247.900000,0.000000,65,80,100,130,230,410,690,900,23000,78000,83000,170589,2,65,188.35431300936696,27.464598999358714,82905.96467303112,60990.94968608762
1769778472,200,,Aggregated,242.700000,0.000000,65,80,100,130,230,410,690,900,23000,78000,83000,170839,2,65,188.16623479904206,27.464598999358714,82905.96467303112,60988.58100316672
1769778473,200,,Aggregated,243.100000,0.000000,65,80,100,130,230,400,690,900,23000,78000,83000,171091,2,65,187.99241582685298,27.464598999358714,82905.96467303112,60986.55020427726
1769778474,200,,Aggregated,241.900000,0.000000,65,80,100,130,230,400,690,890,23000,78000,83000,171351,2,65,187.80252291143574,27.464598999358714,82905.96467303112,60981.10267812852
1769778475,200,,Aggregated,242.500000,0.000000,65,80,100,130,230,400,690,890,23000,78000,83000,171580,2,65,187.6329905976808,27.464598999358714,82905.96467303112,60981.36876092785
1769778476,200,,Aggregated,240.900000,0.000000,65,80,100,130,230,400,690,890,23000,78000,83000,171835,2,65,187.44479530748686,27.464598999358714,82905.96467303112,60978.10593883668
1769778477,200,,Aggregated,243.300000,0.000000,65,80,100,130,230,400,690,890,23000,78000,83000,172096,2,65,187.26276761283322,27.464598999358714,82905.96467303112,60979.04979197657
1769778478,200,,Aggregated,242.500000,0.000000,65,80,100,130,230,400,690,890,23000,78000,83000,172357,2,65,187.08748450437983,27.464598999358714,82905.96467303112,60978.25195379358
1769778479,200,,Aggregated,244.800000,0.000000,65,80,100,130,230,400,690,890,23000,78000,83000,172595,2,65,186.91206771189275,27.464598999358714,82905.96467303112,60977.33072800487
1769778480,200,,Aggregated,246.100000,0.000000,65,80,100,130,230,400,690,890,23000,78000,83000,172847,2,65,186.7440141044676,27.464598999358714,82905.96467303112,60976.02096651952
1769778481,200,,Aggregated,243.900000,0.000000,65,80,100,130,230,400,690,890,23000,78000,83000,173100,2,65,186.5611094331135,27.464598999358714,82905.96467303112,60978.6763835933
1769778482,200,,Aggregated,243.600000,0.000000,65,80,100,130,230,400,690,890,23000,78000,83000,173347,2,65,186.41582641999514,27.464598999358714,82905.96467303112,60979.04267740428
1769778483,200,,Aggregated,243.600000,0.000000,65,80,100,130,230,400,680,890,23000,78000,83000,173577,2,65,186.25867422771586,27.464598999358714,82905.96467303112,60979.12112203806
1769778484,200,,Aggregated,242.400000,0.000000,65,80,100,130,230,400,680,890,23000,78000,83000,173841,2,65,186.09930952299504,27.464598999358714,82905.96467303112,60979.81382987903
1769778485,200,,Aggregated,243.700000,0.000000,65,80,100,130,230,400,680,890,22000,78000,83000,174066,2,65,185.95324464973956,27.464598999358714,82905.96467303112,60980.272494341225
1769778486,200,,Aggregated,242.300000,0.000000,65,80,100,130,230,400,680,890,22000,78000,83000,174316,2,65,185.79384830089842,27.464598999358714,82905.96467303112,60982.69316069667
1769778487,200,,Aggregated,242.900000,0.000000,65,80,100,130,230,400,680,890,22000,78000,83000,174532,2,65,185.7026612200119,27.464598999358714,82905.96467303112,60983.44260078381
1769778488,200,,Aggregated,241.000000,0.000000,65,80,100,130,230,400,680,890,22000,78000,83000,174792,2,65,185.54533876419805,27.464598999358714,82905.96467303112,60986.852172868326
1769778490,200,,Aggregated,232.400000,0.000000,65,80,100,130,230,400,680,880,22000,78000,83000,175013,2,65,185.45574599025375,27.464598999358714,82905.96467303112,60989.379663225016
1769778491,200,,Aggregated,235.800000,0.000000,65,80,100,130,230,400,680,880,22000,78000,83000,175246,2,65,185.35573572919694,27.464598999358714,82905.96467303112,60988.96776531276
1769778492,200,,Aggregated,233.500000,0.000000,65,80,100,130,230,400,680,880,22000,78000,83000,175464,2,65,185.25759802636708,27.464598999358714,82905.96467303112,60994.5497879907
1769778493,200,,Aggregated,232.600000,0.000000,65,80,100,130,230,400,680,880,22000,78000,83000,175665,2,65,185.191661870501,27.464598999358714,82905.96467303112,61000.71788347138
1769778494,200,,Aggregated,229.900000,0.000000,65,80,100,130,230,400,680,880,22000,78000,83000,175895,2,65,185.10330098950024,27.464598999358714,82905.96467303112,61005.88593763325
1769778495,200,,Aggregated,224.900000,0.000000,65,80,100,130,230,400,680,880,22000,78000,83000,176114,2,65,185.0580630444909,27.464598999358714,82905.96467303112,61009.04282453411
1769778496,200,,Aggregated,224.200000,0.000000,65,80,100,130,230,400,680,880,22000,78000,83000,176309,2,65,185.0576358796252,27.464598999358714,82905.96467303112,61013.723303972
1769778497,200,,Aggregated,219.200000,0.000000,65,80,100,130,230,400,680,880,22000,78000,83000,176520,2,65,184.9944418665657,27.464598999358714,82905.96467303112,61021.21495014729
1769778498,200,,Aggregated,215.500000,0.000000,65,80,100,130,230,400,680,880,22000,78000,83000,176718,2,65,184.961346093115,27.464598999358714,82905.96467303112,61025.304609604005
1769778499,200,,Aggregated,213.200000,0.000000,65,80,100,130,230,400,680,880,22000,78000,83000,176940,2,65,184.91394286713754,27.464598999358714,82905.96467303112,61032.75515428959
1769778500,200,,Aggregated,213.100000,0.000000,65,80,100,130,230,400,680,880,21000,78000,83000,177127,2,65,184.90135254993044,27.464598999358714,82905.96467303112,61038.13931247071
1769778501,200,,Aggregated,207.100000,0.000000,65,80,100,130,230,400,680,880,21000,78000,83000,177334,2,65,184.86512230826887,27.464598999358714,82905.96467303112,61046.46554524231
1769778502,200,,Aggregated,202.200000,0.000000,65,80,100,130,230,400,680,880,21000,78000,83000,177555,2,65,184.93571191973248,27.464598999358714,82905.96467303112,61049.73296724958
1769778503,200,,Aggregated,203.800000,0.000000,65,80,100,130,230,400,680,880,21000,78000,83000,177756,2,65,184.89141778944798,27.464598999358714,82905.96467303112,61054.38847071266
1769778504,200,,Aggregated,198.100000,0.000000,65,80,100,130,230,400,680,880,21000,78000,83000,177874,2,65,184.92657005222236,27.464598999358714,82905.96467303112,61053.80128068183
1769778505,200,,Aggregated,202.200000,0.000000,65,80,110,130,230,400,680,880,21000,78000,83000,178119,2,65,184.94784147018544,27.464598999358714,82905.96467303112,61065.7478764197
1769778507,200,,Aggregated,193.600000,0.000000,65,80,110,130,230,400,680,880,21000,78000,83000,178224,2,65,185.0767489906635,27.464598999358714,82905.96467303112,61055.52505835353
1769778508,200,,Aggregated,189.700000,0.000000,65,81,110,140,230,410,700,880,21000,78000,83000,178411,2,65,185.65855817222675,27.464598999358714,82905.96467303112,61047.85672408091
1769778509,200,,Aggregated,176.500000,0.000000,65,81,110,140,230,410,700,880,21000,78000,83000,178670,2,65,185.75259585930198,27.464598999358714,82905.96467303112,61065.86536631779
1769778510,200,,Aggregated,164.100000,0.000000,65,81,110,140,230,410,700,880,21000,78000,83000,178863,2,65,185.67177488767274,27.464598999358714,82905.96467303112,61074.29368846547
1769778511,200,,Aggregated,174.400000,0.000000,65,81,110,140,230,410,700,880,21000,78000,83000,179098,2,65,185.67044851792753,27.464598999358714,82905.96467303112,61076.15506035802
1769778512,200,,Aggregated,175.400000,0.000000,65,81,110,140,230,410,700,880,21000,78000,83000,179253,2,65,185.71908899395922,27.464598999358714,82905.96467303112,61072.22574238646
1769778513,200,,Aggregated,165.200000,0.000000,65,81,110,140,230,410,700,880,21000,78000,83000,179465,2,65,185.68383283452823,27.464598999358714,82905.96467303112,61075.45359819463
1769778514,200,,Aggregated,171.800000,0.000000,65,81,110,140,240,410,700,880,21000,78000,83000,179611,2,65,185.8663724186601,27.464598999358714,82905.96467303112,61073.68546469871
1769778515,200,,Aggregated,171.200000,0.000000,65,81,110,140,240,410,700,880,21000,78000,83000,179829,2,65,185.9781835006053,27.464598999358714,82905.96467303112,61077.60967919524
1769778517,200,,Aggregated,171.400000,0.000000,65,81,110,140,240,410,700,880,19000,78000,83000,180017,2,65,185.93545181351286,27.464598999358714,82905.96467303112,61080.55625302055
1769778518,200,,Aggregated,173.000000,0.000000,65,81,110,140,240,410,700,880,19000,78000,83000,180297,2,65,185.9356821272279,27.464598999358714,82905.96467303112,61076.57119641481
1769778519,200,,Aggregated,179.300000,0.000000,65,81,110,140,240,410,700,880,19000,78000,83000,180445,2,65,185.9712551997711,27.464598999358714,82905.96467303112,61071.4822910028
1769778520,200,,Aggregated,196.500000,0.000000,65,81,110,140,240,410,700,880,19000,78000,83000,180697,2,65,185.84923011409163,27.464598999358714,82905.96467303112,61078.61124977172
1769778521,200,,Aggregated,178.500000,0.000000,65,81,110,140,240,410,700,880,19000,78000,83000,180931,2,65,185.82075822219662,27.464598999358714,82905.96467303112,61075.99286468322
1769778522,200,,Aggregated,190.100000,0.000000,65,82,110,140,240,410,700,880,19000,78000,83000,181207,2,65,185.67800464653587,27.464598999358714,82905.96467303112,61077.85013272114
1769778523,200,,Aggregated,198.300000,0.000000,65,82,110,140,240,410,700,880,19000,78000,83000,181413,2,65,185.63308629180452,27.464598999358714,82905.96467303112,61070.221566260414
1769778524,200,,Aggregated,196.800000,0.000000,65,82,110,140,240,410,700,880,19000,78000,83000,181602,2,65,185.57683898492203,27.464598999358714,82905.96467303112,61065.754341912536
1769778525,200,,Aggregated,190.000000,0.000000,65,82,110,140,240,410,700,880,19000,78000,83000,181870,2,65,185.47691317847801,27.464598999358714,82905.96467303112,61069.083543190194
1769778526,200,,Aggregated,202.500000,0.000000,65,82,110,140,240,410,700,880,19000,78000,83000,182102,2,65,185.41796381098584,27.464598999358714,82905.96467303112,61067.67752138911
1769778527,200,,Aggregated,208.000000,0.000000,65,82,110,140,240,410,700,880,19000,78000,83000,182341,2,65,185.37289929600092,27.464598999358714,82905.96467303112,61057.356041702085
1769778528,200,,Aggregated,209.200000,0.000000,65,82,110,140,240,410,700,880,19000,78000,83000,182561,2,65,185.2446214235379,27.464598999358714,82905.96467303112,61060.96797234897
1769778529,200,,Aggregated,216.300000,0.000000,65,82,110,140,240,410,700,880,19000,78000,83000,182818,2,65,185.08710894041903,27.464598999358714,82905.96467303112,61060.324125633146
1769778530,200,,Aggregated,215.400000,0.000000,65,82,110,140,240,410,700,880,19000,78000,83000,183056,2,65,184.93914963053086,27.464598999358714,82905.96467303112,61062.30216982781
1769778531,200,,Aggregated,227.300000,0.000000,65,82,110,140,240,410,690,880,19000,78000,83000,183322,2,65,184.7855207194353,27.464598999358714,82905.96467303112,61055.748786288605
1769778532,200,,Aggregated,223.900000,0.000000,65,82,110,140,240,410,690,880,19000,78000,83000,183551,2,65,184.67066806984417,27.464598999358714,82905.96467303112,61051.37923519894
1769778533,200,,Aggregated,222.000000,0.000000,65,82,110,140,240,410,690,880,19000,78000,83000,183811,2,65,184.5017739388391,27.464598999358714,82905.96467303112,61052.06268939291
1769778534,200,,Aggregated,226.700000,0.000000,65,82,110,140,240,410,690,880,19000,78000,83000,184064,2,65,184.33330371865483,27.464598999358714,82905.96467303112,61054.25034770514
1769778535,200,,Aggregated,234.400000,0.000000,65,82,110,140,240,410,690,880,19000,78000,83000,184305,2,65,184.1765931941217,27.464598999358714,82905.96467303112,61051.56745611893
1769778536,200,,Aggregated,232.000000,0.000000,65,82,110,140,240,410,690,880,19000,78000,83000,184567,2,65,184.02860090755843,27.464598999358714,82905.96467303112,61049.99443020692
1769778537,200,,Aggregated,234.100000,0.000000,65,82,110,140,240,410,690,880,19000,78000,83000,184812,2,65,183.89935678147205,27.464598999358714,82905.96467303112,61049.03939138151
1769778539,200,,Aggregated,239.200000,0.000000,65,82,110,140,240,410,690,880,18000,78000,83000,185073,2,65,183.73154296097084,27.464598999358714,82905.96467303112,61047.260486402665
1769778540,200,,Aggregated,238.900000,0.000000,65,82,110,140,230,410,690,870,18000,78000,83000,185317,2,65,183.58337098402114,27.464598999358714,82905.96467303112,61045.02538892816
1769778541,200,,Aggregated,240.500000,0.000000,65,81,110,140,230,410,690,870,18000,78000,83000,185565,2,65,183.45051257896685,27.464598999358714,82905.96467303112,61043.092355778295
1769778542,200,,Aggregated,238.100000,0.000000,65,81,110,140,230,410,690,870,18000,78000,83000,185797,2,65,183.30370496136578,27.464598999358714,82905.96467303112,61040.01843409743
1769778543,200,,Aggregated,241.000000,0.000000,65,81,110,140,230,400,690,870,18000,78000,83000,186045,2,65,183.15124844621164,27.464598999358714,82905.96467303112,61042.37789244537
1769778544,200,,Aggregated,238.500000,0.000000,65,81,110,140,230,400,690,870,18000,78000,83000,186275,2,65,183.00852924805653,27.464598999358714,82905.96467303112,61042.562211783654
1769778545,200,,Aggregated,237.800000,0.000000,65,81,110,140,230,400,690,870,18000,78000,83000,186520,2,65,182.8709347674396,27.464598999358714,82905.96467303112,61044.51842697834
1769778546,200,,Aggregated,237.700000,0.000000,65,81,110,140,230,400,690,870,18000,78000,83000,186757,2,65,182.74809524786582,27.464598999358714,82905.96467303112,61039.58271979096
1769778547,200,,Aggregated,236.500000,0.000000,65,81,110,140,230,400,690,870,18000,78000,83000,187023,2,65,182.6073874734861,27.464598999358714,82905.96467303112,61043.295241761705
1769778548,200,,Aggregated,240.200000,0.000000,65,81,110,140,230,400,690,870,18000,78000,83000,187259,2,65,182.4604737382727,27.464598999358714,82905.96467303112,61042.20415040132
1769778549,200,,Aggregated,235.000000,0.000000,65,81,110,140,230,400,690,870,18000,78000,83000,187505,2,65,182.3138646065241,27.464598999358714,82905.96467303112,61043.39392549532
1769778550,200,,Aggregated,235.400000,0.000000,65,81,110,140,230,400,690,870,18000,78000,83000,187707,2,65,182.21576011584432,27.464598999358714,82905.96467303112,61041.73817705253
1769778551,200,,Aggregated,234.700000,0.000000,65,81,110,140,230,400,690,870,18000,78000,83000,187976,2,65,182.06857383571582,27.464598999358714,82905.96467303112,61041.92280397497
1769778552,200,,Aggregated,231.100000,0.000000,65,81,110,140,230,400,680,870,18000,78000,83000,188195,2,65,181.9498365050008,27.464598999358714,82905.96467303112,61042.78596136985
1769778553,200,,Aggregated,235.400000,0.000000,65,81,110,140,230,400,680,870,18000,78000,83000,188479,2,65,181.80705451894897,27.464598999358714,82905.96467303112,61043.50395534781
1769778554,200,,Aggregated,236.700000,0.000000,65,81,110,140,230,400,680,870,18000,78000,83000,188714,2,65,181.80191809133774,27.464598999358714,82905.96467303112,61040.387718982165
1769778555,200,,Aggregated,238.400000,0.000000,65,81,110,140,230,400,680,870,18000,78000,83000,188975,2,65,181.65416876044588,27.464598999358714,82905.96467303112,61037.277655774575
1769778556,200,,Aggregated,230.000000,0.000000,65,81,110,140,230,400,680,870,18000,78000,83000,189205,2,65,181.54981283726437,27.464598999358714,82905.96467303112,61035.48745012024
1769778557,200,,Aggregated,234.500000,0.000000,65,81,110,140,230,400,680,870,18000,78000,83000,189411,2,65,181.45448677188566,27.464598999358714,82905.96467303112,61034.16340128081
1769778558,200,,Aggregated,232.300000,0.000000,65,81,110,140,230,400,680,870,18000,78000,83000,189692,2,65,181.34461854531196,27.464598999358714,82905.96467303112,61036.3939438669
1769778559,200,,Aggregated,236.400000,0.000000,65,81,110,140,230,400,680,870,18000,78000,83000,189941,2,65,181.2323156570904,27.464598999358714,82905.96467303112,61035.471130508944
1769778560,200,,Aggregated,227.900000,0.000000,65,81,110,140,230,400,680,870,18000,77000,83000,190213,2,65,181.07986195924235,27.464598999358714,82905.96467303112,61033.32286436784
1769778561,200,,Aggregated,231.000000,0.000000,65,81,110,140,230,400,680,870,18000,77000,83000,190454,2,65,180.92587859603378,27.376701997127384,82905.96467303112,61032.54440442311
1769778562,200,,Aggregated,235.100000,0.000000,65,81,110,140,230,400,680,870,18000,77000,83000,190721,2,65,180.76451938416253,27.376701997127384,82905.96467303112,61030.84555450108
1769778564,200,,Aggregated,233.200000,0.000000,65,81,110,140,230,400,680,870,18000,77000,83000,190942,2,65,180.63682846085962,27.376701997127384,82905.96467303112,61027.89512522127
1769778565,200,,Aggregated,234.800000,0.000000,65,81,110,140,230,400,680,860,17000,77000,83000,191226,2,65,180.50650090563965,27.376701997127384,82905.96467303112,61026.74980912638
1769778566,200,,Aggregated,241.000000,0.000000,65,81,110,140,230,400,680,860,17000,77000,83000,191489,2,65,180.34405482728886,27.376701997127384,82905.96467303112,61024.710693564644
1769778567,200,,Aggregated,240.300000,0.000000,65,81,110,140,230,400,680,860,17000,77000,83000,191750,2,65,180.18413164119707,27.376701997127384,82905.96467303112,61021.615301173406
1769778568,200,,Aggregated,240.800000,0.000000,65,81,110,140,230,400,680,860,17000,77000,83000,191998,2,65,180.02953714481356,27.376701997127384,82905.96467303112,61021.394806195894
1769778569,200,,Aggregated,242.000000,0.000000,65,81,110,140,230,400,680,860,17000,77000,83000,192243,2,65,179.88188078428644,27.376701997127384,82905.96467303112,61019.58644528019
1769778570,200,,Aggregated,248.900000,0.000000,65,81,110,140,230,400,680,860,17000,77000,83000,192459,2,65,179.75952207954163,27.376701997127384,82905.96467303112,61017.17304464847
1769778571,200,,Aggregated,246.100000,0.000000,65,81,110,140,230,400,680,860,17000,77000,83000,192728,2,65,179.59471430282156,27.376701997127384,82905.96467303112,61015.998028309325
1769778572,200,,Aggregated,244.200000,0.000000,65,81,110,140,230,400,680,860,17000,77000,83000,192973,2,65,179.4588924454612,27.376701997127384,82905.96467303112,61014.3614702575
1769778573,200,,Aggregated,243.000000,0.000000,65,81,110,140,230,390,670,860,17000,77000,83000,193258,2,65,179.28832420844705,27.376701997127384,82905.96467303112,61013.58797048505
1769778574,200,,Aggregated,242.700000,0.000000,65,81,110,140,230,390,670,860,17000,77000,83000,193504,2,65,179.14460146724002,27.376701997127384,82905.96467303112,61010.731514594016
1769778575,200,,Aggregated,240.400000,0.000000,65,81,110,140,230,390,670,860,17000,77000,83000,193735,2,65,179.0147060838363,27.376701997127384,82905.96467303112,61007.38745193176
1769778576,200,,Aggregated,244.200000,0.000000,65,81,110,130,230,390,670,860,17000,77000,83000,193983,2,65,178.87543425100094,27.376701997127384,82905.96467303112,61005.68660140321
1769778577,200,,Aggregated,240.000000,0.000000,65,81,110,130,230,390,670,860,16000,77000,83000,194231,2,65,178.73264789250757,27.376701997127384,82905.96467303112,61004.39335121582
1769778578,200,,Aggregated,238.400000,0.000000,65,81,110,130,230,390,670,860,16000,77000,83000,194476,2,65,178.59133532406926,27.376701997127384,82905.96467303112,61006.22547255188
1769778579,200,,Aggregated,237.900000,0.000000,65,81,110,130,230,390,670,860,16000,77000,83000,194734,2,65,178.43387766647044,27.376701997127384,82905.96467303112,61002.96820277918
1769778580,200,,Aggregated,238.900000,0.000000,65,81,110,130,230,390,670,860,16000,77000,83000,194976,2,65,178.29502229341128,27.376701997127384,82905.96467303112,61003.10105346299
1769778581,200,,Aggregated,238.800000,0.000000,65,80,110,130,230,390,670,860,15000,77000,83000,195224,2,65,178.16156095684087,27.376701997127384,82905.96467303112,61002.59913227882
1769778582,200,,Aggregated,242.600000,0.000000,65,80,110,130,220,390,670,860,15000,77000,83000,195478,2,65,178.01846077728092,27.376701997127384,82905.96467303112,61003.46337183724
1769778583,200,,Aggregated,241.800000,0.000000,65,80,110,130,220,390,670,860,15000,77000,83000,195728,2,65,177.8680721529985,27.376701997127384,82905.96467303112,61008.0339246301
1769778584,200,,Aggregated,244.100000,0.000000,65,80,110,130,220,390,670,860,15000,77000,83000,195955,2,65,177.77159027429894,27.376701997127384,82905.96467303112,61004.82576611977
1769778585,200,,Aggregated,244.700000,0.000000,65,80,110,130,220,390,670,860,15000,77000,83000,196214,2,65,177.65574749661764,27.376701997127384,82905.96467303112,61005.48579102408
1769778586,200,,Aggregated,240.800000,0.000000,65,80,100,130,220,390,670,860,15000,77000,83000,196462,2,65,177.5170669649413,27.376701997127384,82905.96467303112,61007.6337052458
1769778587,200,,Aggregated,243.200000,0.000000,65,80,110,130,220,390,670,860,15000,77000,83000,196710,2,65,177.41999121291215,27.376701997127384,82905.96467303112,61012.154476132375
1769778588,200,,Aggregated,244.100000,0.000000,65,80,100,130,220,390,670,860,15000,77000,83000,196937,2,65,177.29793078756924,27.376701997127384,82905.96467303112,61014.82521313923
1769778589,200,,Aggregated,238.900000,0.000000,65,80,100,130,220,390,670,860,15000,77000,83000,197162,2,65,177.22187280732012,27.376701997127384,82905.96467303112,61012.85724936854
1769778590,200,,Aggregated,240.600000,0.000000,65,80,100,130,220,390,670,860,15000,77000,83000,197381,2,65,177.13984282730502,27.376701997127384,82905.96467303112,61014.93503427382
1769778592,200,,Aggregated,237.100000,0.000000,65,80,100,130,220,390,670,860,15000,77000,83000,197621,2,65,177.04103567691246,27.376701997127384,82905.96467303112,61022.59548833373
1769778593,200,,Aggregated,231.200000,0.000000,65,80,100,130,220,390,670,860,15000,77000,83000,197844,2,65,176.93865817529496,27.376701997127384,82905.96467303112,61026.93700086937
1769778594,200,,Aggregated,229.500000,0.000000,65,80,110,130,220,390,670,860,13000,77000,83000,198054,2,65,176.92239123662168,27.376701997127384,82905.96467303112,61025.7835135872
1769778595,200,,Aggregated,226.200000,0.000000,65,80,110,130,220,390,670,860,13000,77000,83000,198257,2,65,176.90698940158595,27.376701997127384,82905.96467303112,61030.517918661135
1769778596,200,,Aggregated,223.700000,0.000000,65,80,110,130,220,390,670,860,13000,77000,83000,198470,2,65,176.85841985769164,27.376701997127384,82905.96467303112,61038.79640247896
1769778597,200,,Aggregated,219.200000,0.000000,65,81,110,130,220,390,670,860,13000,77000,83000,198671,2,65,176.8487521118583,27.376701997127384,82905.96467303112,61044.325744572685
1769778598,200,,Aggregated,216.800000,0.000000,65,81,110,130,220,390,670,860,13000,77000,83000,198855,2,65,176.85069267547016,27.376701997127384,82905.96467303112,61049.936647305825
1769778599,200,,Aggregated,215.900000,0.000000,65,81,110,130,220,390,670,860,13000,77000,83000,199041,2,65,176.858899823097,27.376701997127384,82905.96467303112,61050.91203319919
1769778600,200,,Aggregated,207.300000,0.000000,65,81,110,130,230,390,670,860,13000,77000,83000,199252,2,65,176.966937365368,27.376701997127384,82905.96467303112,61055.186597876054
1769778601,200,,Aggregated,204.800000,0.000000,65,81,110,140,230,390,670,860,13000,77000,83000,199434,2,65,176.96606292148135,27.376701997127384,82905.96467303112,61063.23704082554
1769778602,200,,Aggregated,200.300000,0.000000,65,81,110,140,230,390,670,860,13000,77000,83000,199642,2,65,176.9707945179533,27.376701997127384,82905.96467303112,61067.78091283397
1769778603,200,,Aggregated,200.700000,0.000000,65,81,110,140,230,390,670,860,13000,77000,83000,199806,2,65,176.99377405169733,27.376701997127384,82905.96467303112,61073.67831296357
1769778604,200,,Aggregated,191.700000,0.000000,65,81,110,140,230,390,670,860,13000,77000,83000,200014,2,65,177.07099501511303,27.376701997127384,82905.96467303112,61071.924825262235
1769778605,200,,Aggregated,188.700000,0.000000,65,81,110,140,230,390,670,860,13000,77000,83000,200223,2,65,177.07901455049458,27.376701997127384,82905.96467303112,61078.8432347932
1769778606,200,,Aggregated,188.300000,0.000000,65,81,110,140,230,390,670,860,13000,77000,83000,200414,2,65,177.08527760870007,27.376701997127384,82905.96467303112,61086.82130489886
1769778608,200,,Aggregated,189.200000,0.000000,65,81,110,140,230,390,670,860,13000,77000,83000,200491,2,65,177.19747735602607,27.376701997127384,82905.96467303112,61084.70831608401
1769778609,200,,Aggregated,182.000000,0.000000,65,81,110,140,230,400,670,860,13000,77000,83000,200658,2,65,177.48842788334912,27.376701997127384,82905.96467303112,61083.99720918179
1769778610,200,,Aggregated,168.900000,0.000000,65,81,110,140,230,400,680,870,13000,77000,83000,200922,2,65,177.96358681576726,27.376701997127384,82905.96467303112,61089.135664586254
1769778611,200,,Aggregated,166.300000,0.000000,65,81,110,140,230,400,680,870,13000,77000,83000,201086,2,65,177.98911353999534,27.376701997127384,82905.96467303112,61091.13298787583
1769778612,200,,Aggregated,163.300000,0.000000,65,82,110,140,230,400,680,870,13000,77000,83000,201276,2,65,177.99837372876252,27.376701997127384,82905.96467303112,61096.796026351876
1769778613,200,,Aggregated,163.400000,0.000000,65,82,110,140,230,400,680,870,13000,77000,83000,201491,2,65,178.05957800196066,27.376701997127384,82905.96467303112,61088.05946171293
1769778614,200,,Aggregated,163.800000,0.000000,65,82,110,140,230,400,680,870,13000,77000,83000,201669,2,65,178.10265686123637,27.376701997127384,82905.96467303112,61086.61446727063
1769778615,200,,Aggregated,166.000000,0.000000,66,82,110,140,230,400,680,870,13000,77000,83000,201894,2,66,178.061995800716,27.376701997127384,82905.96467303112,61094.4112157865
1769778617,200,,Aggregated,163.900000,0.000000,66,82,110,140,230,400,680,870,13000,77000,83000,202057,2,66,178.19051190793496,27.376701997127384,82905.96467303112,61088.94904408162
1769778618,200,,Aggregated,168.100000,0.000000,66,82,110,140,240,410,680,870,13000,77000,83000,202343,2,66,178.30091877938352,27.376701997127384,82905.96467303112,61094.08574549157
1769778619,200,,Aggregated,161.100000,0.000000,66,82,110,140,240,410,680,870,13000,77000,83000,202497,2,66,178.34020501077526,27.376701997127384,82905.96467303112,61086.95154002281
1769778620,200,,Aggregated,183.200000,0.000000,66,82,110,140,240,410,670,870,13000,77000,83000,202778,2,66,178.21539494568847,27.376701997127384,82905.96467303112,61091.83961277851
1769778621,200,,Aggregated,179.500000,0.000000,66,82,110,140,240,410,670,870,13000,77000,83000,203008,2,66,178.15176271158975,27.376701997127384,82905.96467303112,61090.47978897383
1769778622,200,,Aggregated,196.100000,0.000000,66,82,110,140,240,410,670,870,13000,77000,83000,203244,2,66,178.10649251235174,27.376701997127384,82905.96467303112,61090.80797465116
1769778623,200,,Aggregated,192.800000,0.000000,66,82,110,140,240,410,670,870,13000,77000,83000,203477,2,66,178.02486102600105,27.376701997127384,82905.96467303112,61081.613985855896
1769778624,200,,Aggregated,200.900000,0.000000,66,82,110,140,240,410,670,870,13000,77000,83000,203758,2,66,177.96904112357825,27.376701997127384,82905.96467303112,61084.489624947244
1769778625,200,,Aggregated,199.400000,0.000000,66,82,110,140,240,400,670,870,13000,77000,83000,203990,2,66,177.84892288664264,27.376701997127384,82905.96467303112,61081.06019412716
1769778626,200,,Aggregated,201.300000,0.000000,66,82,110,140,240,400,670,870,13000,77000,83000,204141,2,66,177.80791164255277,27.376701997127384,82905.96467303112,61079.85262637099
1769778627,200,,Aggregated,207.200000,0.000000,66,82,110,140,240,400,670,860,13000,77000,83000,204453,2,66,177.70981769021336,27.376701997127384,82905.96467303112,61078.98805104352
1769778628,200,,Aggregated,213.900000,0.000000,66,82,110,140,240,400,670,860,13000,77000,83000,204659,2,66,177.6364592813912,27.376701997127384,82905.96467303112,61078.81242456965
1769778629,200,,Aggregated,227.600000,0.000000,66,82,110,140,230,400,670,860,13000,77000,83000,204920,2,66,177.5150068930056,27.376701997127384,82905.96467303112,61076.31511809487
1769778630,200,,Aggregated,216.400000,0.000000,66,82,110,140,230,400,670,860,13000,77000,83000,205169,2,66,177.39163819332063,27.376701997127384,82905.96467303112,61075.762990510266
1769778631,200,,Aggregated,228.700000,0.000000,66,82,110,140,230,400,670,860,13000,77000,83000,205443,2,66,177.24788500796308,27.376701997127384,82905.96467303112,61074.59506043039
1769778632,200,,Aggregated,220.700000,0.000000,66,82,110,140,230,400,670,860,13000,77000,83000,205700,2,66,177.1286784016275,27.376701997127384,82905.96467303112,61071.47801652893
1769778633,200,,Aggregated,228.400000,0.000000,66,82,110,140,230,400,670,860,13000,77000,83000,205936,2,66,177.01956573968923,27.376701997127384,82905.96467303112,61068.6846884469
1769778634,200,,Aggregated,228.900000,0.000000,66,82,110,140,230,400,670,860,12000,77000,83000,206198,2,66,176.87094926691475,27.376701997127384,82905.96467303112,61069.01710976828
1769778635,200,,Aggregated,235.500000,0.000000,66,82,110,140,230,400,670,860,12000,77000,83000,206429,2,66,176.750238196913,27.376701997127384,82905.96467303112,61065.551269443735
1769778637,200,,Aggregated,238.200000,0.000000,66,82,110,140,230,400,670,860,12000,77000,83000,206678,2,66,176.6178883937898,27.376701997127384,82905.96467303112,61063.9529170981
1769778638,200,,Aggregated,234.800000,0.000000,66,82,110,140,230,400,670,860,12000,77000,83000,206915,2,66,176.50310489140205,27.376701997127384,82905.96467303112,61066.05950269434
1769778639,200,,Aggregated,234.400000,0.000000,66,82,110,140,230,400,670,860,12000,77000,83000,207186,2,66,176.37233297539717,27.376701997127384,82905.96467303112,61062.539293195485
1769778640,200,,Aggregated,241.800000,0.000000,66,82,110,140,230,400,670,860,12000,77000,83000,207442,2,66,176.2283622487788,27.376701997127384,82905.96467303112,61061.860905698944
1769778641,200,,Aggregated,242.600000,0.000000,66,82,110,140,230,400,670,860,12000,77000,83000,207687,2,66,176.1082143100693,27.376701997127384,82905.96467303112,61062.849239480565
1769778642,200,,Aggregated,243.400000,0.000000,66,82,110,140,230,400,670,860,12000,77000,83000,207924,2,66,176.00339518701665,27.376701997127384,82905.96467303112,61058.93875165926
1769778643,200,,Aggregated,243.500000,0.000000,66,82,110,140,230,400,670,860,12000,77000,83000,208176,2,66,175.87552808885778,27.376701997127384,82905.96467303112,61059.9656636692
1769778644,200,,Aggregated,240.800000,0.000000,66,82,110,140,230,400,660,860,12000,77000,83000,208420,2,66,175.74406641329003,27.376701997127384,82905.96467303112,61060.81453315421
1769778645,200,,Aggregated,241.100000,0.000000,66,82,110,140,230,400,660,860,12000,77000,83000,208669,2,66,175.61853639318267,27.376701997127384,82905.96467303112,61061.28347766079
1769778646,200,,Aggregated,242.200000,0.000000,66,82,110,140,230,400,660,860,12000,77000,83000,208897,2,66,175.5044607200151,27.376701997127384,82905.96467303112,61060.7609874723
1769778647,200,,Aggregated,239.900000,0.000000,65,82,110,140,230,400,660,860,11000,77000,83000,209157,2,65,175.3666195779488,27.376701997127384,82905.96467303112,61060.363153038146
1769778648,200,,Aggregated,238.400000,0.000000,65,82,110,140,230,400,660,860,11000,77000,83000,209390,2,65,175.26959726230535,27.376701997127384,82905.96467303112,61058.94174029323
1769778649,200,,Aggregated,238.400000,0.000000,65,82,110,140,230,400,660,860,11000,77000,83000,209643,2,65,175.14551826164475,27.376701997127384,82905.96467303112,61058.54190695611
1769778650,200,,Aggregated,235.400000,0.000000,65,82,110,140,230,400,660,860,11000,77000,83000,209852,2,65,175.07113730860166,27.376701997127384,82905.96467303112,61051.843394392235
1769778651,200,,Aggregated,235.200000,0.000000,65,82,110,140,230,400,660,860,11000,77000,83000,210082,2,65,174.96200353099314,27.376701997127384,82905.96467303112,61056.788711074725
1769778652,200,,Aggregated,231.900000,0.000000,65,82,110,140,230,400,660,860,11000,77000,83000,210288,2,65,174.89147985181938,27.376701997127384,82905.96467303112,61056.26129403485
1769778653,200,,Aggregated,233.200000,0.000000,66,82,110,140,230,400,660,860,11000,77000,83000,210561,2,66,174.77951928882922,27.376701997127384,82905.96467303112,61057.044609400604
1769778654,200,,Aggregated,235.700000,0.000000,66,82,110,140,230,400,660,860,11000,77000,83000,210785,2,66,174.6881624524798,27.376701997127384,82905.96467303112,61058.00314064094
1769778655,200,,Aggregated,232.600000,0.000000,66,82,110,140,230,400,660,860,11000,77000,83000,211075,2,66,174.57195863739832,27.376701997127384,82905.96467303112,61057.1783394528
1769778656,200,,Aggregated,229.400000,0.000000,66,82,110,140,230,400,660,860,11000,77000,83000,211302,2,66,174.46673916172972,27.376701997127384,82905.96467303112,61056.749869854524
1769778657,200,,Aggregated,229.300000,0.000000,66,82,110,140,230,400,660,860,11000,77000,83000,211562,2,66,174.38743076253385,27.376701997127384,82905.96467303112,61054.54711148505
1769778658,200,,Aggregated,231.600000,0.000000,66,82,110,140,230,400,660,860,11000,77000,83000,211793,2,66,174.317225135757,27.376701997127384,82905.96467303112,61050.63699933425
1769778659,200,,Aggregated,227.000000,0.000000,66,82,110,140,230,400,660,850,11000,77000,83000,212054,2,66,174.1992055300645,27.376701997127384,82905.96467303112,61052.890542031746
1769778660,200,,Aggregated,232.200000,0.000000,66,82,110,140,230,400,660,850,11000,77000,83000,212265,2,66,174.08769044932617,27.376701997127384,82905.96467303112,61050.895818905614
1769778661,200,,Aggregated,230.100000,0.000000,66,82,110,140,230,400,660,850,11000,77000,83000,212565,2,66,173.9426123578273,27.376701997127384,82905.96467303112,61049.36080728248
1769778663,200,,Aggregated,227.900000,0.000000,65,82,110,140,230,390,660,850,11000,77000,83000,212798,2,65,173.82765755451615,27.376701997127384,82905.96467303112,61047.970182990444
1769778664,200,,Aggregated,232.600000,0.000000,66,82,110,140,230,390,660,850,11000,77000,83000,213066,2,66,173.73076302379033,27.376701997127384,82905.96467303112,61045.814930584886
1769778665,200,,Aggregated,232.700000,0.000000,66,82,110,140,230,390,660,850,11000,77000,83000,213296,2,66,173.62877369455188,27.376701997127384,82905.96467303112,61041.80318430725
1769778666,200,,Aggregated,238.400000,0.000000,66,82,110,140,230,390,660,850,11000,77000,83000,213531,2,66,173.52653141065034,27.376701997127384,82905.96467303112,61036.47258243534
1769778667,200,,Aggregated,235.200000,0.000000,65,82,110,140,230,390,660,850,11000,77000,83000,213747,2,65,173.43062490333537,27.376701997127384,82905.96467303112,61039.02353249402
1769778668,200,,Aggregated,235.900000,0.000000,65,82,110,140,230,390,660,850,11000,77000,83000,214013,2,65,173.30374298708566,27.376701997127384,82905.96467303112,61038.834860499126
1769778669,200,,Aggregated,237.400000,0.000000,65,82,110,140,230,390,660,850,11000,77000,83000,214242,2,65,173.19441221763154,27.376701997127384,82905.96467303112,61036.57079844288
1769778670,200,,Aggregated,239.000000,0.000000,66,82,110,140,230,390,660,850,11000,77000,83000,214520,2,66,173.09272638574262,27.376701997127384,82905.96467303112,61037.130286220396
1769778671,200,,Aggregated,239.400000,0.000000,65,82,110,140,230,390,660,850,11000,77000,83000,214782,2,65,172.95790996402155,27.376701997127384,82905.96467303112,61035.09652577963
1769778672,200,,Aggregated,239.800000,0.000000,65,82,110,140,230,390,660,850,11000,77000,83000,215049,2,65,172.8448767900147,27.376701997127384,82905.96467303112,61033.21526721817
1769778673,200,,Aggregated,244.100000,0.000000,65,82,110,140,230,390,660,850,11000,77000,83000,215319,2,65,172.7131608807054,27.376701997127384,82905.96467303112,61031.06619945291
1769778674,200,,Aggregated,242.000000,0.000000,65,82,110,140,230,390,660,850,11000,77000,83000,215579,2,65,172.58720574579849,27.376701997127384,82905.96467303112,61031.928290788994
1769778675,200,,Aggregated,242.600000,0.000000,65,82,110,140,220,390,660,850,11000,77000,83000,215840,2,65,172.46355058682997,27.376701997127384,82905.96467303112,61029.10634729429
1769778676,200,,Aggregated,238.900000,0.000000,65,82,110,140,220,390,650,850,10000,77000,83000,216051,2,65,172.37649589055079,27.376701997127384,82905.96467303112,61021.65291065536
1769778677,200,,Aggregated,241.600000,0.000000,65,82,110,140,220,390,650,850,10000,77000,83000,216307,2,65,172.25973972925462,27.376701997127384,82905.96467303112,61024.71645392891
1769778678,200,,Aggregated,243.500000,0.000000,65,81,110,140,220,390,650,850,10000,77000,83000,216543,2,65,172.1388625843984,27.376701997127384,82905.96467303112,61023.24065428114
1769778679,200,,Aggregated,246.100000,0.000000,65,81,110,140,220,390,650,850,10000,77000,83000,216786,2,65,172.02605918821382,27.376701997127384,82905.96467303112,61025.46104914524
1769778680,200,,Aggregated,245.000000,0.000000,65,81,110,140,220,390,650,850,10000,77000,83000,217041,2,65,171.90344363527464,27.376701997127384,82905.96467303112,61024.78023967822
1769778681,200,,Aggregated,245.900000,0.000000,65,81,110,140,220,390,650,850,10000,77000,83000,217288,2,65,171.7937980830486,27.376701997127384,82905.96467303112,61025.845444755345
1769778682,200,,Aggregated,242.900000,0.000000,65,81,110,140,220,390,650,850,10000,77000,83000,217527,2,65,171.6909477277329,27.376701997127384,82905.96467303112,61025.88381212447
1769778683,200,,Aggregated,242.400000,0.000000,65,81,110,140,220,390,650,850,10000,77000,83000,217782,2,65,171.58187071938704,27.376701997127384,82905.96467303112,61026.21653763855
1769778684,200,,Aggregated,238.200000,0.000000,65,81,110,140,220,390,650,850,10000,77000,83000,217983,2,65,171.5287795288643,27.376701997127384,82905.96467303112,61022.48913447379
1769778685,200,,Aggregated,236.100000,0.000000,65,81,110,140,220,390,650,850,9500,77000,83000,218247,2,65,171.41870860710858,27.376701997127384,82905.96467303112,61028.089362053084
1769778686,200,,Aggregated,237.700000,0.000000,65,81,110,140,220,390,650,850,9500,77000,83000,218482,2,65,171.31313847438642,27.376701997127384,82905.96467303112,61028.82678664604
1769778687,200,,Aggregated,239.900000,0.000000,65,81,110,140,220,390,650,850,9500,77000,83000,218719,2,65,171.2100363881712,27.376701997127384,82905.96467303112,61030.92388407043
1769778688,200,,Aggregated,237.900000,0.000000,65,81,110,140,220,390,650,850,9500,77000,83000,218964,2,65,171.1100961398641,27.376701997127384,82905.96467303112,61033.09185071519
1769778689,200,,Aggregated,235.800000,0.000000,65,81,110,140,220,390,650,850,9400,77000,83000,219200,2,65,171.01422379113347,27.376701997127384,82905.96467303112,61035.32661040146
1769778690,200,,Aggregated,232.300000,0.000000,65,81,110,140,220,390,650,850,9400,77000,83000,219415,2,65,170.95083505852455,27.376701997127384,82905.96467303112,61038.40488116127
1769778692,200,,Aggregated,229.400000,0.000000,65,81,110,140,220,390,650,850,9400,77000,83000,219663,2,65,170.92262234079473,27.376701997127384,82905.96467303112,61039.13177002955
1769778693,200,,Aggregated,227.000000,0.000000,65,81,110,140,220,390,650,850,9400,77000,83000,219865,2,65,170.84235925346934,27.376701997127384,82905.96467303112,61045.83379346417
1769778694,200,,Aggregated,228.700000,0.000000,65,81,110,140,220,390,650,850,9400,77000,83000,220046,2,65,170.81320178727796,27.376701997127384,82905.96467303112,61048.11423974987
1769778695,200,,Aggregated,227.600000,0.000000,65,81,110,140,220,390,650,850,9400,77000,83000,220265,2,65,170.8417850627294,27.376701997127384,82905.96467303112,61050.053240414956
1769778696,200,,Aggregated,220.100000,0.000000,65,82,110,140,220,390,650,850,9400,77000,83000,220478,2,65,170.8901195273073,27.376701997127384,82905.96467303112,61054.582289389415
1769778697,200,,Aggregated,213.700000,0.000000,66,82,110,140,220,390,650,850,9400,77000,83000,220638,2,66,170.87759200371815,27.376701997127384,82905.96467303112,61060.185611725996
1769778698,200,,Aggregated,212.700000,0.000000,66,82,110,140,220,390,650,850,9400,77000,83000,220875,2,66,170.89228447551145,27.376701997127384,82905.96467303112,61062.218743633275
1769778699,200,,Aggregated,204.800000,0.000000,66,82,110,140,220,390,650,850,9100,77000,83000,221062,2,66,170.91577683113732,27.376701997127384,82905.96467303112,61069.06160262732
1769778700,200,,Aggregated,206.300000,0.000000,66,82,110,140,220,390,650,850,9100,77000,83000,221267,2,66,170.88672739195542,27.376701997127384,82905.96467303112,61075.76266230391
1769778701,200,,Aggregated,201.900000,0.000000,66,82,110,140,220,390,650,850,9100,77000,83000,221459,2,66,170.88748237142897,27.376701997127384,82905.96467303112,61081.441743166906
1769778702,200,,Aggregated,197.300000,0.000000,66,82,110,140,220,390,650,850,9100,77000,83000,221594,2,66,171.00685249814185,27.376701997127384,82905.96467303112,61077.75264221955
1769778703,200,,Aggregated,194.100000,0.000000,66,82,110,140,230,390,650,850,9100,77000,83000,221825,2,66,171.16076526407267,27.376701997127384,82905.96467303112,61085.96366505128
1769778704,200,,Aggregated,185.700000,0.000000,66,82,110,140,230,390,650,850,9100,77000,83000,221993,2,66,171.19013595638512,27.376701997127384,82905.96467303112,61089.707175451476
1769778705,200,,Aggregated,178.400000,0.000000,66,82,110,140,230,390,650,850,8700,77000,83000,222106,2,66,171.20154739029567,27.376701997127384,82905.96467303112,61091.10581884326
1769778707,200,,Aggregated,182.600000,0.000000,66,82,110,140,230,390,660,850,8700,77000,83000,222287,2,66,171.45282498093476,27.376701997127384,82905.96467303112,61089.00032840427
1769778708,200,,Aggregated,168.900000,0.000000,66,82,110,140,230,400,660,850,8700,77000,83000,222513,2,66,171.6925677306678,27.376701997127384,82905.96467303112,61095.29183014026
1769778709,200,,Aggregated,171.500000,0.000000,66,82,110,140,230,400,660,850,8700,77000,83000,222703,2,66,171.67715786866964,27.376701997127384,82905.96467303112,61104.16302878722
1769778710,200,,Aggregated,165.500000,0.000000,66,82,110,140,230,400,660,850,8700,77000,83000,222902,2,66,171.72367884531553,27.376701997127384,82905.96467303112,61098.33803644651
1769778711,200,,Aggregated,165.000000,0.000000,66,82,110,140,230,400,660,850,7600,77000,83000,223140,2,66,171.7525309221282,27.376701997127384,82905.96467303112,61105.41654118491
1769778712,200,,Aggregated,164.500000,0.000000,66,82,110,140,230,400,660,850,7600,77000,83000,223298,2,66,171.76665040429546,27.376701997127384,82905.96467303112,61099.67778036525
1769778713,200,,Aggregated,163.100000,0.000000,66,83,110,140,230,400,660,850,7600,77000,83000,223575,2,66,171.8472225915045,27.376701997127384,82905.96467303112,61108.275880576984
1769778714,200,,Aggregated,168.400000,0.000000,66,83,110,140,230,400,660,850,7600,77000,83000,223657,2,66,171.86172627041583,27.376701997127384,82905.96467303112,61108.55295832458
1769778716,200,,Aggregated,170.500000,0.000000,66,83,110,140,230,400,660,850,7600,77000,83000,223842,2,66,172.1080372841128,27.376701997127384,82905.96467303112,61103.5578845793
1769778717,200,,Aggregated,167.600000,0.000000,66,83,110,140,230,400,660,850,7500,77000,83000,224164,2,66,172.22184081506148,27.376701997127384,82905.96467303112,61105.070180760515
1769778718,200,,Aggregated,172.400000,0.000000,66,83,110,140,230,400,660,850,7500,77000,83000,224378,2,66,172.23722423862995,27.376701997127384,82905.96467303112,61103.980858194656
1769778719,200,,Aggregated,183.700000,0.000000,66,83,110,140,230,400,660,850,7500,77000,83000,224530,2,66,172.20984835552156,27.376701997127384,82905.96467303112,61105.00080167461
1769778720,200,,Aggregated,172.800000,0.000000,66,83,110,140,240,400,660,850,7500,77000,83000,224774,2,66,172.3457133291626,27.376701997127384,82905.96467303112,61091.03604509418
1769778721,200,,Aggregated,185.900000,0.000000,66,83,110,140,240,400,660,850,7000,77000,83000,225020,2,66,172.30042826848546,27.376701997127384,82905.96467303112,61100.12525108879
1769778722,200,,Aggregated,180.500000,0.000000,66,83,110,140,240,400,660,850,7000,77000,83000,225247,2,66,172.2334866481915,27.376701997127384,82905.96467303112,61098.618596474094
1769778723,200,,Aggregated,189.400000,0.000000,66,83,110,140,240,400,660,850,7000,77000,83000,225534,2,66,172.12338993814583,27.376701997127384,82905.96467303112,61097.621156898735
1769778724,200,,Aggregated,186.300000,0.000000,66,83,110,140,240,400,660,850,7000,77000,83000,225764,2,66,172.01788220576537,27.376701997127384,82905.96467303112,61095.83563809996
1769778725,200,,Aggregated,195.900000,0.000000,66,83,110,140,240,400,660,850,6600,77000,83000,226018,2,66,171.9551077927479,27.376701997127384,82905.96467303112,61095.551938341196
1769778726,200,,Aggregated,196.400000,0.000000,66,83,110,140,240,400,660,850,6600,77000,83000,226262,2,66,171.8650914458225,27.376701997127384,82905.96467303112,61093.302931999184
1769778727,200,,Aggregated,209.200000,0.000000,66,83,110,140,240,400,660,850,6600,77000,83000,226506,2,66,171.7559508261047,27.376701997127384,82905.96467303112,61092.06210431512
1769778729,200,,Aggregated,214.600000,0.000000,66,83,110,140,230,400,660,850,6600,77000,83000,226738,2,66,171.66281223730212,27.376701997127384,82905.96467303112,61088.87942912083
1769778730,200,,Aggregated,231.600000,0.000000,66,83,110,140,230,400,660,850,6600,77000,83000,226980,2,66,171.55973580114235,27.376701997127384,82905.96467303112,61090.271900607986
1769778731,200,,Aggregated,231.600000,0.000000,66,83,110,140,230,400,660,850,6400,77000,83000,227205,2,66,171.46558887984713,27.376701997127384,82905.96467303112,61089.39387337427
1769778732,200,,Aggregated,233.100000,0.000000,66,83,110,140,230,400,660,850,6400,77000,83000,227490,2,66,171.43362071517464,27.376701997127384,82905.96467303112,61086.830045276714
1769778733,200,,Aggregated,232.400000,0.000000,66,83,110,140,230,400,650,850,6400,77000,83000,227728,2,66,171.3424077338845,27.376701997127384,82905.96467303112,61081.74690859271
1769778734,200,,Aggregated,235.400000,0.000000,66,83,110,140,230,400,650,850,6400,77000,83000,227952,2,66,171.24690825807568,27.376701997127384,82905.96467303112,61082.96765108444
1769778735,200,,Aggregated,233.400000,0.000000,66,83,110,140,230,400,650,850,5900,77000,83000,228199,2,66,171.1494829435355,27.376701997127384,82905.96467303112,61081.3314300238
1769778736,200,,Aggregated,229.900000,0.000000,66,83,110,140,230,400,650,850,5900,77000,83000,228435,2,66,171.066540281954,27.376701997127384,82905.96467303112,61078.789625057456
1769778737,200,,Aggregated,234.200000,0.000000,66,83,110,140,230,400,650,850,5900,77000,83000,228683,2,66,170.96516945311222,27.376701997127384,82905.96467303112,61078.63775182239
1769778738,200,,Aggregated,235.300000,0.000000,66,83,110,140,230,400,650,850,5900,77000,83000,228942,2,66,170.8591994556435,27.376701997127384,82905.96467303112,61078.79414436844
1769778739,200,,Aggregated,232.600000,0.000000,66,83,110,140,230,400,650,840,5300,77000,83000,229196,2,66,170.74082635616733,27.376701997127384,82905.96467303112,61078.27009633676
1769778740,200,,Aggregated,234.900000,0.000000,66,83,110,140,230,400,650,840,5300,77000,83000,229451,2,66,170.62021069005885,27.376701997127384,82905.96467303112,61076.34155440595
1769778741,200,,Aggregated,236.000000,0.000000,66,83,110,140,230,400,650,840,5300,77000,83000,229714,2,66,170.5115007719889,27.376701997127384,82905.96467303112,61076.71448409762
1769778742,200,,Aggregated,236.000000,0.000000,66,83,110,140,230,400,650,840,5300,77000,83000,229942,2,66,170.4172863933675,27.376701997127384,82905.96467303112,61074.42097137539
1769778743,200,,Aggregated,233.000000,0.000000,66,83,110,140,230,400,650,840,5100,77000,83000,230209,2,66,170.3085875835839,27.376701997127384,82905.96467303112,61072.63822873997
1769778744,200,,Aggregated,236.400000,0.000000,66,83,110,140,230,400,650,840,5100,77000,83000,230440,2,66,170.20784005964342,27.376701997127384,82905.96467303112,61073.53408696407
1769778745,200,,Aggregated,238.800000,0.000000,66,83,110,140,230,400,650,840,5100,77000,83000,230680,2,66,170.10883417481742,27.376701997127384,82905.96467303112,61073.41893098665
1769778746,200,,Aggregated,241.900000,0.000000,66,83,110,140,230,390,650,840,5100,77000,83000,230923,2,66,170.00244390369716,27.376701997127384,82905.96467303112,61074.52234727593
1769778747,200,,Aggregated,236.900000,0.000000,66,83,110,140,230,390,650,840,5100,77000,83000,231144,2,66,169.9379178903509,27.376701997127384,82905.96467303112,61070.78975443879
1769778748,200,,Aggregated,235.900000,0.000000,66,83,110,140,230,390,650,840,5100,77000,83000,231418,2,66,169.82129187489807,27.376701997127384,82905.96467303112,61070.53969008461
1769778749,200,,Aggregated,238.000000,0.000000,66,83,110,140,230,390,650,840,5100,77000,83000,231646,2,66,169.71618647276597,27.376701997127384,82905.96467303112,61074.61773999983
1769778750,200,,Aggregated,236.700000,0.000000,66,83,110,140,230,390,650,840,5100,77000,83000,231922,2,66,169.62064863355005,27.376701997127384,82905.96467303112,61073.66787971818
1769778751,200,,Aggregated,238.200000,0.000000,66,83,110,140,230,390,650,840,4100,77000,83000,232167,2,66,169.53880436378492,27.376701997127384,82905.96467303112,61070.95564830489
1769778752,200,,Aggregated,235.800000,0.000000,66,83,110,140,230,390,650,840,4100,77000,83000,232423,2,66,169.44436960729337,27.376701997127384,82905.96467303112,61070.174173812404
1769778753,200,,Aggregated,241.100000,0.000000,66,83,110,140,230,390,650,840,4100,77000,83000,232659,2,66,169.34988665140938,27.376701997127384,82905.96467303112,61070.110539459034
1769778755,200,,Aggregated,240.000000,0.000000,66,83,110,140,230,390,650,840,4100,77000,83000,232888,2,66,169.2605947763251,27.376701997127384,82905.96467303112,61069.92322489781
1769778756,200,,Aggregated,238.400000,0.000000,66,83,110,140,230,390,650,840,4100,77000,83000,233130,2,66,169.19695098056232,27.376701997127384,82905.96467303112,61068.40513447433
1769778757,200,,Aggregated,237.800000,0.000000,66,83,110,140,230,390,650,840,4100,77000,83000,233362,2,66,169.10158684780677,27.376701997127384,82905.96467303112,61068.336674351434
1769778758,200,,Aggregated,236.900000,0.000000,66,83,110,140,230,390,650,840,4100,77000,83000,233606,2,66,168.9926157198188,27.376701997127384,82905.96467303112,61066.08899600182
1769778759,200,,Aggregated,235.400000,0.000000,66,83,110,140,230,390,650,840,4100,77000,83000,233845,2,66,168.89423385845356,27.376701997127384,82905.96467303112,61066.89003827322
1769778760,200,,Aggregated,233.900000,0.000000,66,83,110,140,230,390,650,840,3900,77000,83000,234095,2,66,168.83551005099568,27.376701997127384,82905.96467303112,61065.907605886496
1769778761,200,,Aggregated,233.900000,0.000000,66,83,110,140,230,390,650,840,3900,77000,83000,234370,2,66,168.72718576233618,27.376701997127384,82905.96467303112,61064.56342535307
1769778762,200,,Aggregated,239.300000,0.000000,66,83,110,140,230,390,650,840,3900,77000,83000,234597,2,66,168.62293444387706,27.376701997127384,82905.96467303112,61064.01828667886
1769778763,200,,Aggregated,236.400000,0.000000,66,83,110,140,230,390,650,840,3900,77000,83000,234866,2,66,168.51765368419794,27.376701997127384,82905.96467303112,61062.70312007698
1769778764,200,,Aggregated,235.200000,0.000000,66,82,110,140,230,390,650,840,3400,77000,83000,235111,2,66,168.40903349582405,27.376701997127384,82905.96467303112,61061.23474018655
1769778765,200,,Aggregated,232.700000,0.000000,66,82,110,140,230,390,650,840,3400,77000,83000,235357,2,66,168.31023750390878,27.376701997127384,82905.96467303112,61059.62596821
1769778766,200,,Aggregated,235.200000,0.000000,66,82,110,140,230,390,640,840,3400,77000,83000,235627,2,66,168.23154849868035,27.376701997127384,82905.96467303112,61055.94811290727
1769778767,200,,Aggregated,234.500000,0.000000,66,82,110,140,230,390,640,840,3400,77000,83000,235895,2,66,168.1129784798816,27.376701997127384,82905.96467303112,61055.2037304733
1769778768,200,,Aggregated,233.900000,0.000000,66,82,110,140,230,390,640,840,3300,77000,83000,236133,2,66,168.00351364053435,27.376701997127384,82905.96467303112,61053.24676347651
1769778769,200,,Aggregated,239.600000,0.000000,66,82,110,140,230,390,640,830,3300,77000,83000,236379,2,66,167.8947084504315,27.376701997127384,82905.96467303112,61052.043815228935
1769778770,200,,Aggregated,242.000000,0.000000,66,82,110,140,230,390,640,830,3300,77000,83000,236636,2,66,167.77767995104392,27.376701997127384,82905.96467303112,61050.14567098836
1769778771,200,,Aggregated,243.700000,0.000000,66,82,110,140,230,390,640,830,3300,77000,83000,236891,2,66,167.68456201837236,27.376701997127384,82905.96467303112,61049.19148046992
1769778772,200,,Aggregated,242.300000,0.000000,66,82,110,140,230,390,640,830,3100,77000,83000,237123,2,66,167.58322638886762,27.376701997127384,82905.96467303112,61048.13322621593
1769778773,200,,Aggregated,240.400000,0.000000,66,82,110,140,230,390,640,830,3100,77000,83000,237384,2,66,167.46685009362847,27.376701997127384,82905.96467303112,61047.361039497184
1769778774,200,,Aggregated,241.400000,0.000000,66,82,110,140,230,390,640,830,3100,77000,83000,237627,2,66,167.35992833999344,27.376701997127384,82905.96467303112,61047.19722506281
1769778775,200,,Aggregated,241.500000,0.000000,66,82,110,140,230,390,640,830,3100,77000,83000,237884,2,66,167.25747282129714,27.376701997127384,82905.96467303112,61045.0471322157
1769778776,200,,Aggregated,240.300000,0.000000,66,82,110,140,230,390,640,830,3000,77000,83000,238130,2,66,167.15121128899003,27.376701997127384,82905.96467303112,61042.807109562
1769778777,200,,Aggregated,243.400000,0.000000,66,82,110,140,230,390,640,830,3000,77000,83000,238373,2,66,167.0451586424389,27.376701997127384,82905.96467303112,61043.31725069534
1769778778,200,,Aggregated,245.700000,0.000000,66,82,110,140,230,390,640,830,3000,77000,83000,238633,2,66,166.93608025310823,27.376701997127384,82905.96467303112,61042.82028470497
1769778780,200,,Aggregated,239.600000,0.000000,66,82,110,140,230,390,640,830,3000,77000,83000,238902,2,66,166.82387978274969,27.376701997127384,82905.96467303112,61041.65054290044
1769778781,200,,Aggregated,239.100000,0.000000,66,82,110,140,230,390,640,830,2900,77000,83000,239151,2,66,166.73084353501034,27.376701997127384,82905.96467303112,61043.45138845332
1769778782,200,,Aggregated,239.900000,0.000000,66,82,110,140,230,390,640,830,2900,77000,83000,239373,2,66,166.6478398145243,27.376701997127384,82905.96467303112,61039.90341433662
1769778783,200,,Aggregated,241.800000,0.000000,66,82,110,140,220,380,640,830,2900,77000,83000,239611,2,66,166.56176579072132,27.376701997127384,82905.96467303112,61045.378680444555
1769778784,200,,Aggregated,238.700000,0.000000,66,82,110,140,220,380,640,830,2900,77000,83000,239846,2,66,166.48034766182948,27.376701997127384,82905.96467303112,61044.19755593172
1769778785,200,,Aggregated,241.800000,0.000000,66,82,110,140,220,380,640,830,2900,77000,83000,240105,2,66,166.42198944243947,27.376701997127384,82905.96467303112,61045.57914245851
1769778786,200,,Aggregated,241.200000,0.000000,66,82,110,140,220,380,640,830,2900,77000,83000,240337,2,66,166.3357694749278,27.376701997127384,82905.96467303112,61045.673038275425
1769778787,200,,Aggregated,239.100000,0.000000,66,82,110,140,220,380,640,830,2900,77000,83000,240608,2,66,166.23447590242597,27.376701997127384,82905.96467303112,61046.79106264131
1769778788,200,,Aggregated,234.600000,0.000000,66,82,110,140,220,380,640,830,2900,77000,83000,240823,2,66,166.14700857704125,27.376701997127384,82905.96467303112,61047.04125021281
1769778789,200,,Aggregated,236.100000,0.000000,66,82,110,140,220,380,640,830,2700,77000,83000,241037,2,66,166.09725927379625,27.376701997127384,82905.96467303112,61048.057447611776
1769778790,200,,Aggregated,237.200000,0.000000,66,82,110,140,220,380,640,830,2700,77000,83000,241295,2,66,166.01894861149373,27.376701997127384,82905.96467303112,61051.40957334383
1769778791,200,,Aggregated,232.500000,0.000000,66,82,110,140,220,380,640,830,2700,77000,83000,241534,2,66,165.96764451913182,27.376701997127384,82905.96467303112,61055.09818907483
1769778792,200,,Aggregated,232.400000,0.000000,66,82,110,140,220,380,640,830,2700,77000,83000,241723,2,66,165.93945575796863,27.376701997127384,82905.96467303112,61058.06665067039
1769778793,200,,Aggregated,229.100000,0.000000,66,82,110,140,220,380,640,830,2700,77000,83000,241911,2,66,165.940729738627,27.376701997127384,82905.96467303112,61058.609277792246
1769778794,200,,Aggregated,229.200000,0.000000,66,82,110,140,220,380,640,830,2700,77000,83000,242138,2,66,165.9696774936999,27.376701997127384,82905.96467303112,61061.205882595874
1769778795,200,,Aggregated,222.100000,0.000000,66,82,110,140,220,380,640,830,2700,77000,83000,242318,2,66,165.96705927353483,27.376701997127384,82905.96467303112,61066.08190889657
1769778796,200,,Aggregated,219.000000,0.000000,66,82,110,140,220,380,640,830,2700,77000,83000,242546,2,66,165.92799820686773,27.376701997127384,82905.96467303112,61072.047318859106
1769778797,200,,Aggregated,217.900000,0.000000,66,82,110,140,220,380,640,830,2700,77000,83000,242730,2,66,165.9521607557784,27.376701997127384,82905.96467303112,61072.827034153175
1769778798,200,,Aggregated,214.300000,0.000000,66,82,110,140,220,380,640,830,2700,77000,83000,242924,2,66,165.95841156163502,27.376701997127384,82905.96467303112,61079.92689071479
1769778799,200,,Aggregated,208.500000,0.000000,66,82,110,140,220,380,640,830,2600,77000,83000,243115,2,66,165.94047655405714,27.376701997127384,82905.96467303112,61084.884906320054
1769778801,200,,Aggregated,203.400000,0.000000,66,82,110,140,230,380,640,830,2600,77000,83000,243284,2,66,165.93765833513672,27.376701997127384,82905.96467303112,61087.56030400684
1769778802,200,,Aggregated,196.500000,0.000000,66,82,110,140,230,390,640,830,2600,77000,83000,243505,2,66,166.15172271927193,27.376701997127384,82905.96467303112,61086.522983100964
1769778803,200,,Aggregated,186.100000,0.000000,66,82,110,140,230,390,640,830,2600,77000,83000,243746,2,66,166.20676110300988,27.376701997127384,82905.96467303112,61094.96949693534
1769778804,200,,Aggregated,182.200000,0.000000,66,82,110,140,230,390,640,830,2600,77000,83000,243897,2,66,166.1959716705825,27.376701997127384,82905.96467303112,61097.80185898145
1769778805,200,,Aggregated,183.600000,0.000000,66,83,110,140,230,390,640,830,2600,77000,83000,244152,2,66,166.28106277559345,27.376701997127384,82905.96467303112,61100.40719306006
1769778806,200,,Aggregated,183.800000,0.000000,66,83,110,140,230,390,640,830,2600,77000,83000,244327,2,66,166.26782151817682,27.376701997127384,82905.96467303112,61107.37170267715
1769778807,200,,Aggregated,180.200000,0.000000,66,83,110,140,230,390,640,830,2600,77000,83000,244433,2,66,166.31593719759314,27.376701997127384,82905.96467303112,61101.99855584148
1769778808,200,,Aggregated,182.600000,0.000000,66,83,110,140,230,390,640,830,2600,77000,83000,244715,2,66,166.57700305228764,27.376701997127384,82905.96467303112,61104.74063706761
1769778809,200,,Aggregated,178.200000,0.000000,66,83,110,140,230,390,640,830,2600,77000,83000,244801,2,66,166.5800498054879,27.376701997127384,82905.96467303112,61111.21168622677
1769778811,200,,Aggregated,177.600000,0.000000,66,83,110,140,230,390,650,840,2600,77000,83000,244917,2,66,166.9275521781729,27.376701997127384,82905.96467303112,61097.500451173255
1769778812,200,,Aggregated,162.400000,0.000000,66,83,110,140,230,400,650,840,2600,77000,83000,245194,2,66,167.16656178182035,27.376701997127384,82905.96467303112,61111.62538642871
1769778813,200,,Aggregated,156.400000,0.000000,66,83,110,140,230,400,650,840,2600,77000,83000,245380,2,66,167.13682631488268,27.376701997127384,82905.96467303112,61109.530784905044
1769778814,200,,Aggregated,173.100000,0.000000,66,83,110,140,230,400,650,840,2600,77000,83000,245650,2,66,167.15654515415892,27.376701997127384,82905.96467303112,61112.70620801954
1769778815,200,,Aggregated,167.800000,0.000000,66,83,110,140,230,400,650,840,2600,77000,83000,245826,2,66,167.1207689214765,27.376701997127384,82905.96467303112,61107.50269296169
1769778816,200,,Aggregated,160.600000,0.000000,66,83,110,140,230,400,650,840,2600,77000,83000,246033,2,66,167.126943105954,27.376701997127384,82905.96467303112,61108.90170017843
1769778817,200,,Aggregated,167.400000,0.000000,66,83,110,140,230,400,650,840,2600,77000,83000,246203,2,66,167.16837188358718,27.376701997127384,82905.96467303112,61110.08263099962
1769778818,200,,Aggregated,170.200000,0.000000,66,83,110,140,230,400,650,840,2600,77000,83000,246482,2,66,167.11847275166798,27.376701997127384,82905.96467303112,61112.11494957036
1769778819,200,,Aggregated,175.100000,0.000000,66,83,110,140,230,400,650,840,2600,77000,83000,246660,2,66,167.12508945967454,27.376701997127384,82905.96467303112,61105.100506770454
