Timestamp,User Count,Type,Name,Requests/s,Failures/s,50%,66%,75%,80%,90%,95%,98%,99%,99.9%,99.99%,100%,Total Request Count,Total Failure Count,Total Median Response Time,Total Average Response Time,Total Min Response Time,Total Max Response Time,Total Average Content Size
1769672678,0,,Aggregated,0.000000,0.000000,N/A,N/A,N/A,N/A,N/A,N/A,N/A,N/A,N/A,N/A,N/A,0,0,0,0.0,0,0,0
1769672682,50,,Aggregated,0.000000,0.000000,N/A,N/A,N/A,N/A,N/A,N/A,N/A,N/A,N/A,N/A,N/A,0,0,0,0.0,0,0,0
1769672684,50,,Aggregated,0.000000,0.000000,N/A,N/A,N/A,N/A,N/A,N/A,N/A,N/A,N/A,N/A,N/A,0,0,0,0.0,0,0,0
1769672685,50,,Aggregated,0.000000,0.000000,91,1700,3100,4100,5500,5900,6200,6400,6800,6800,6800,110,0,90,1565.4327705632154,30.241749016568065,6842.618677997962,30490.045454545456
1769672686,50,,Aggregated,0.000000,0.000000,72,110,1900,3100,4900,5600,6200,6400,6800,6800,6800,168,0,72,1196.1114519160349,30.241749016568065,6842.618677997962,39227.32738095238
1769672687,50,,Aggregated,10.142857,0.000000,68,87,110,950,4100,5400,6000,6200,6800,6800,6800,238,0,68,863.7197989115184,30.241749016568065,6842.618677997962,44863.924369747896
1769672688,50,,Aggregated,19.625000,0.000000,67,81,99,120,3800,4900,5900,6200,6800,6800,6800,289,0,67,722.5166193013616,30.241749016568065,6842.618677997962,48074.37370242215
1769672689,50,,Aggregated,24.888889,0.000000,66,75,86,100,2800,4700,5700,6200,6800,6800,6800,356,0,66,598.4111891942866,30.241749016568065,6842.618677997962,49770.33426966292
1769672690,50,,Aggregated,28.500000,0.000000,63,73,83,94,1900,4600,5600,6000,6800,6800,6800,414,0,63,523.1903591958816,30.241749016568065,6842.618677997962,51610.32367149759
1769672691,50,,Aggregated,34.900000,0.000000,62,72,81,87,950,4100,5600,6000,6800,6800,6800,473,0,62,465.8244756870238,30.241749016568065,6842.618677997962,52334.95983086681
1769672692,50,,Aggregated,34.900000,0.000000,62,70,78,85,140,3900,5500,5900,6800,6800,6800,542,0,62,414.33180590018213,30.241749016568065,6842.618677997962,53285.46125461254
1769672693,50,,Aggregated,41.000000,0.000000,61,69,76,83,110,3700,5400,5900,6800,6800,6800,594,0,61,383.27762554188985,30.241749016568065,6842.618677997962,53786.198653198655
1769672694,50,,Aggregated,54.200000,0.000000,61,68,75,81,100,3100,5000,5800,6800,6800,6800,666,0,61,348.49262274619065,30.241749016568065,6842.618677997962,54348.872372372374
1769672695,50,,Aggregated,59.400000,0.000000,60,68,75,80,100,2600,4900,5700,6800,6800,6800,732,0,60,322.62504753126933,30.241749016568065,6842.618677997962,54731.0
1769672696,50,,Aggregated,66.400000,0.000000,60,67,74,79,100,2000,4900,5700,6800,6800,6800,790,0,60,303.51616655807214,30.241749016568065,6842.618677997962,54967.52278481013
1769672697,50,,Aggregated,65.600000,0.000000,60,67,73,78,99,1700,4900,5600,6800,6800,6800,846,0,60,287.74214922557815,30.241749016568065,6842.618677997962,55165.97281323877
1769672698,50,,Aggregated,62.600000,0.000000,60,67,72,77,95,1500,4600,5600,6800,6800,6800,912,0,60,271.23992925749405,30.241749016568065,6842.618677997962,55252.26535087719
1769672699,50,,Aggregated,61.400000,0.000000,59,66,72,76,93,920,4600,5600,6800,6800,6800,973,0,59,257.9117741911418,30.241749016568065,6842.618677997962,55390.99794450154
1769672700,50,,Aggregated,61.400000,0.000000,59,66,72,76,93,160,4600,5500,6400,6800,6800,1029,0,59,247.14776153750995,30.241749016568065,6842.618677997962,55692.305150631684
1769672701,50,,Aggregated,60.500000,0.000000,59,66,71,75,91,140,4400,5500,6400,6800,6800,1097,0,59,235.39679918517575,30.241749016568065,6842.618677997962,55766.732907930724
1769672702,50,,Aggregated,60.100000,0.000000,58,65,70,74,89,120,4100,5400,6400,6800,6800,1154,0,58,226.67196124190957,30.241749016568065,6842.618677997962,55968.264298093585
1769672703,50,,Aggregated,60.900000,0.000000,58,65,70,74,88,120,4000,5300,6400,6800,6800,1214,0,58,218.59352377850732,30.241749016568065,6842.618677997962,56134.71993410214
1769672704,50,,Aggregated,60.900000,0.000000,58,65,70,74,87,110,4000,5300,6400,6800,6800,1274,0,58,211.09676597023758,30.241749016568065,6842.618677997962,56349.29277864992
1769672705,50,,Aggregated,60.900000,0.000000,58,65,69,73,86,110,3900,5000,6400,6800,6800,1342,0,58,203.2584313823024,30.241749016568065,6842.618677997962,56474.24515648286
1769672706,50,,Aggregated,61.000000,0.000000,58,64,69,73,85,110,3800,4900,6400,6800,6800,1413,0,58,195.9381759739237,30.241749016568065,6842.618677997962,56525.8627034678
1769672707,50,,Aggregated,61.100000,0.000000,58,64,68,73,85,110,3700,4900,6400,6800,6800,1474,0,58,190.1617037450313,30.241749016568065,6842.618677997962,56653.20488466757
1769672708,50,,Aggregated,62.900000,0.000000,57,64,68,72,84,100,3700,4900,6400,6800,6800,1545,0,57,184.0190083535183,30.241749016568065,6842.618677997962,56717.63300970874
1769672709,50,,Aggregated,63.400000,0.000000,57,63,68,71,83,100,3100,4900,6400,6800,6800,1606,0,57,179.00067906910314,30.241749016568065,6842.618677997962,56847.20112079701
1769672710,50,,Aggregated,64.000000,0.000000,57,62,67,70,82,100,3100,4900,6400,6800,6800,1674,0,57,173.8659895950188,30.241749016568065,6842.618677997962,56866.78554360812
1769672711,50,,Aggregated,64.100000,0.000000,57,62,67,70,82,100,2800,4700,6400,6800,6800,1735,0,57,169.69311647667342,30.241749016568065,6842.618677997962,56849.16311239193
1769672712,50,,Aggregated,65.100000,0.000000,57,62,67,70,81,100,2800,4700,6400,6800,6800,1792,0,57,166.0458066742032,30.241749016568065,6842.618677997962,57041.127232142855
1769672713,50,,Aggregated,64.200000,0.000000,57,62,66,69,81,99,2600,4600,6400,6800,6800,1847,0,57,162.69997489931336,30.241749016568065,6842.618677997962,57084.78559826746
1769672714,50,,Aggregated,63.600000,0.000000,56,62,66,69,80,97,2200,4600,6400,6800,6800,1926,0,56,158.21172956383978,30.241749016568065,6842.618677997962,57099.11111111111
1769672715,50,,Aggregated,62.600000,0.000000,56,62,66,69,80,97,2000,4600,6400,6800,6800,1973,0,56,155.9232181201195,30.241749016568065,6842.618677997962,57260.55296502788
1769672716,50,,Aggregated,62.700000,0.000000,56,62,66,69,80,95,2000,4600,6200,6800,6800,2041,0,56,152.67937992212222,30.241749016568065,6842.618677997962,57351.089661930426
1769672717,50,,Aggregated,61.600000,0.000000,56,61,66,68,79,95,1900,4600,6200,6800,6800,2098,0,56,150.02233201055066,30.241749016568065,6842.618677997962,57408.26835081029
1769672718,50,,Aggregated,61.100000,0.000000,56,61,65,68,79,94,1700,4400,6200,6800,6800,2164,0,56,147.15991389924574,30.241749016568065,6842.618677997962,57562.17236598891
1769672719,50,,Aggregated,61.400000,0.000000,56,61,65,68,78,94,1700,4200,6200,6800,6800,2214,0,56,145.022901257444,30.241749016568065,6842.618677997962,57620.172086720864
1769672720,50,,Aggregated,61.700000,0.000000,56,61,65,68,78,93,1500,4200,6200,6800,6800,2281,0,56,142.33127952829594,30.241749016568065,6842.618677997962,57703.71898290224
1769672721,50,,Aggregated,61.300000,0.000000,56,61,65,68,77,93,1400,4100,6200,6800,6800,2341,0,56,140.1215982277161,30.241749016568065,6842.618677997962,57765.34045279795
1769672722,50,,Aggregated,61.300000,0.000000,56,61,65,68,77,92,920,4000,6200,6800,6800,2412,0,56,137.676724970163,30.241749016568065,6842.618677997962,57862.057628524046
1769672723,50,,Aggregated,61.900000,0.000000,56,61,65,67,76,91,800,4000,6200,6800,6800,2484,0,56,135.3042313143812,30.241749016568065,6842.618677997962,57914.73188405797
1769672724,50,,Aggregated,61.900000,0.000000,56,61,65,67,76,91,160,4000,6200,6800,6800,2559,0,56,133.0429649007066,30.241749016568065,6842.618677997962,57952.43102774521
1769672725,50,,Aggregated,64.700000,0.000000,56,61,65,67,76,90,150,3900,6200,6800,6800,2623,0,56,131.16554400379962,30.241749016568065,6842.618677997962,58011.81738467404
1769672726,50,,Aggregated,64.100000,0.000000,56,61,65,67,76,90,150,3900,6200,6800,6800,2687,0,56,129.3866803453378,30.241749016568065,6842.618677997962,58056.88946780797
1769672727,50,,Aggregated,64.100000,0.000000,56,61,65,67,76,89,140,3900,6200,6800,6800,2748,0,56,127.76254722703439,30.241749016568065,6842.618677997962,57980.20633187773
1769672728,50,,Aggregated,64.400000,0.000000,56,61,64,67,76,89,140,3900,6200,6800,6800,2795,0,56,126.54706659457732,30.241749016568065,6842.618677997962,58110.381395348835
1769672729,50,,Aggregated,62.500000,0.000000,56,61,64,67,76,88,140,3800,6200,6800,6800,2849,0,56,125.24144764156115,30.241749016568065,6842.618677997962,58046.989820989824
1769672730,50,,Aggregated,62.600000,0.000000,56,61,64,67,76,88,130,3700,6200,6800,6800,2907,0,56,123.87274885579976,28.753519000019878,6842.618677997962,58114.59580323358
1769672731,50,,Aggregated,61.700000,0.000000,56,61,64,67,76,87,130,3700,6200,6800,6800,2960,0,56,122.67118513473424,28.753519000019878,6842.618677997962,58209.799324324325
1769672732,50,,Aggregated,62.400000,0.000000,56,61,64,67,76,87,130,3700,6200,6800,6800,3039,0,56,121.07051166618217,28.753519000019878,6842.618677997962,58242.384666008555
1769672733,50,,Aggregated,61.100000,0.000000,56,61,64,67,76,87,120,3700,6200,6800,6800,3096,0,56,119.8856305353722,28.753519000019878,6842.618677997962,58287.59399224806
1769672734,50,,Aggregated,61.800000,0.000000,56,61,64,67,76,87,120,3400,6200,6800,6800,3153,0,56,118.81434133728011,28.753519000019878,6842.618677997962,58268.08721852204
1769672735,50,,Aggregated,60.900000,0.000000,56,61,65,67,76,87,120,3100,6200,6800,6800,3220,0,56,117.5396306377417,28.753519000019878,6842.618677997962,58308.77701863354
1769672736,50,,Aggregated,60.400000,0.000000,56,61,65,67,76,86,120,3100,6200,6800,6800,3285,0,56,116.34558671670774,28.753519000019878,6842.618677997962,58341.38264840183
1769672737,50,,Aggregated,61.900000,0.000000,56,61,65,67,76,87,120,3100,6200,6800,6800,3342,0,56,115.4035471009837,28.753519000019878,6842.618677997962,58373.20795930581
1769672738,50,,Aggregated,60.900000,0.000000,56,61,65,68,76,87,120,2800,6200,6800,6800,3408,0,56,114.4344196990558,28.753519000019878,6842.618677997962,58395.99295774648
1769672739,50,,Aggregated,62.100000,0.000000,56,61,65,68,76,87,110,2800,6200,6800,6800,3478,0,56,113.31112357314194,28.753519000019878,6842.618677997962,58418.755319148935
1769672740,50,,Aggregated,60.600000,0.000000,56,61,65,68,76,86,110,2800,6200,6800,6800,3537,0,56,112.43467570324746,28.753519000019878,6842.618677997962,58389.74102346622
1769672741,50,,Aggregated,62.900000,0.000000,56,61,65,68,76,86,110,2600,6200,6800,6800,3605,0,56,111.36518543509116,28.753519000019878,6842.618677997962,58446.84826629681
1769672742,50,,Aggregated,60.800000,0.000000,56,61,65,67,76,86,110,2600,6200,6800,6800,3660,0,56,110.52591165752263,28.753519000019878,6842.618677997962,58451.566666666666
1769672743,50,,Aggregated,61.700000,0.000000,56,61,65,67,76,86,110,2300,6200,6800,6800,3724,0,56,109.5837336301019,28.753519000019878,6842.618677997962,58435.51960257787
1769672744,50,,Aggregated,61.000000,0.000000,56,61,65,67,76,86,110,2300,6200,6800,6800,3777,0,56,108.86296053627511,28.753519000019878,6842.618677997962,58460.889065395815
1769672745,50,,Aggregated,61.000000,0.000000,56,61,65,68,76,86,110,2200,6200,6800,6800,3847,0,56,108.04577372513036,28.753519000019878,6842.618677997962,58470.6631141149
1769672746,50,,Aggregated,61.400000,0.000000,56,61,65,68,76,86,110,2000,6200,6800,6800,3909,0,56,107.29325574663066,28.753519000019878,6842.618677997962,58472.50012790995
1769672747,50,,Aggregated,61.500000,0.000000,56,61,65,68,76,86,110,2000,6200,6800,6800,3960,0,56,106.67894105193254,28.753519000019878,6842.618677997962,58519.0446969697
1769672748,50,,Aggregated,62.300000,0.000000,56,61,65,67,76,86,110,2000,6000,6800,6800,4031,0,56,105.8170625573218,28.753519000019878,6842.618677997962,58502.71074175143
1769672749,50,,Aggregated,61.700000,0.000000,56,61,65,67,76,86,110,2000,6000,6800,6800,4089,0,56,105.14378358097109,28.753519000019878,6842.618677997962,58504.2218146246
1769672750,50,,Aggregated,63.200000,0.000000,56,61,65,67,76,85,110,1900,6000,6800,6800,4158,0,56,104.38194827857903,28.753519000019878,6842.618677997962,58522.88936988937
1769672751,50,,Aggregated,62.200000,0.000000,56,61,65,67,76,85,110,1700,6000,6800,6800,4224,0,56,103.72721725670861,28.753519000019878,6842.618677997962,58519.720170454544
1769672752,50,,Aggregated,64.200000,0.000000,56,61,65,67,76,85,110,1700,6000,6800,6800,4280,0,56,103.16359575429989,28.753519000019878,6842.618677997962,58571.83691588785
1769672753,50,,Aggregated,63.700000,0.000000,56,61,65,67,76,85,110,1700,6000,6800,6800,4343,0,56,102.54173499366307,28.753519000019878,6842.618677997962,58590.88579323049
1769672754,50,,Aggregated,62.200000,0.000000,56,61,65,67,76,85,110,1700,6000,6800,6800,4408,0,56,101.92517997968385,28.753519000019878,6842.618677997962,58615.17604355717
1769672755,50,,Aggregated,61.700000,0.000000,56,61,65,67,76,85,110,1700,6000,6800,6800,4477,0,56,101.20834690782841,28.753519000019878,6842.618677997962,58664.60486933214
1769672756,50,,Aggregated,60.500000,0.000000,56,61,64,67,76,85,110,1500,6000,6800,6800,4534,0,56,100.60622547185457,28.753519000019878,6842.618677997962,58702.49426554918
1769672757,50,,Aggregated,60.000000,0.000000,56,61,64,67,76,85,110,1500,6000,6800,6800,4593,0,56,99.99637521537674,28.753519000019878,6842.618677997962,58770.09732201176
1769672758,50,,Aggregated,60.000000,0.000000,56,61,64,67,75,85,110,1400,6000,6800,6800,4647,0,56,99.45351252621201,28.753519000019878,6842.618677997962,58801.78114912847
1769672759,50,,Aggregated,61.400000,0.000000,56,60,64,67,75,84,110,950,6000,6800,6800,4713,0,56,98.78730087046358,28.753519000019878,6842.618677997962,58923.78103119032
1769672760,50,,Aggregated,60.900000,0.000000,56,60,64,67,75,84,110,950,6000,6800,6800,4763,0,56,98.34786921001637,28.753519000019878,6842.618677997962,58937.45958429561
1769672761,50,,Aggregated,61.300000,0.000000,56,60,64,67,75,84,110,920,6000,6800,6800,4820,0,56,97.83777975360984,28.753519000019878,6842.618677997962,59025.44730290456
1769672762,50,,Aggregated,59.900000,0.000000,56,60,64,67,75,85,110,920,6000,6800,6800,4875,0,56,97.53054294221772,28.753519000019878,6842.618677997962,59067.468717948715
1769672763,50,,Aggregated,59.900000,0.000000,56,60,64,67,75,85,110,800,6000,6800,6800,4939,0,56,97.12968199781568,28.753519000019878,6842.618677997962,59179.6711884997
1769672764,50,,Aggregated,60.700000,0.000000,56,60,64,67,75,85,110,800,6000,6800,6800,4996,0,56,97.2414404191794,28.753519000019878,6842.618677997962,59285.04283426741
1769672765,50,,Aggregated,61.300000,0.000000,56,60,64,67,75,85,120,650,5900,6800,6800,5048,0,56,97.16073520825529,28.753519000019878,6842.618677997962,59358.94195721078
1769672766,50,,Aggregated,60.500000,0.000000,56,60,64,67,76,86,140,690,5900,6800,6800,5101,0,56,97.71284288381678,28.753519000019878,6842.618677997962,59415.13546363458
1769672767,50,,Aggregated,60.400000,0.000000,56,60,64,67,76,87,180,750,5900,6800,6800,5145,0,56,98.04605542415906,28.753519000019878,6842.618677997962,59619.90068027211
1769672768,50,,Aggregated,57.700000,0.000000,56,61,64,67,76,88,210,750,5900,6800,6800,5182,0,56,98.11739520750321,28.753519000019878,6842.618677997962,59784.399266692395
1769672769,50,,Aggregated,56.700000,0.000000,56,61,64,67,76,90,240,780,5900,6800,6800,5225,0,56,99.14126316444172,28.753519000019878,6842.618677997962,59970.58583732058
1769672770,50,,Aggregated,53.700000,0.000000,56,61,65,68,77,91,250,790,5900,6800,6800,5266,0,56,99.60231287393731,28.753519000019878,6842.618677997962,60093.44018230156
1769672771,50,,Aggregated,51.600000,0.000000,56,61,65,68,77,92,260,780,5900,6800,6800,5302,0,56,99.75276707451751,28.753519000019878,6842.618677997962,60260.957185967556
1769672772,50,,Aggregated,50.100000,0.000000,56,61,65,68,77,94,280,780,5900,6800,6800,5339,0,56,100.25657744785303,28.753519000019878,6842.618677997962,60398.75501030155
1769672773,50,,Aggregated,48.200000,0.000000,56,61,65,68,78,99,300,800,5900,6800,6800,5376,0,56,100.98407530675298,28.753519000019878,6842.618677997962,60457.24200148809
1769672774,50,,Aggregated,45.900000,0.000000,56,61,65,68,79,100,300,800,5900,6800,6800,5424,0,56,101.0658386576512,28.753519000019878,6842.618677997962,60604.938790560474
1769672775,50,,Aggregated,42.500000,0.000000,56,61,65,68,80,110,310,800,5900,6800,6800,5468,0,56,101.55722071762558,28.753519000019878,6842.618677997962,60556.99030724214
1769672776,50,,Aggregated,43.400000,0.000000,56,61,65,69,80,110,310,790,5900,6800,6800,5526,0,56,101.82665625842098,28.753519000019878,6842.618677997962,60620.082157075645
1769672777,50,,Aggregated,41.700000,0.000000,56,61,66,69,82,130,310,790,5900,6800,6800,5567,0,56,102.29588328775674,28.753519000019878,6842.618677997962,60638.356026585236
1769672778,50,,Aggregated,42.900000,0.000000,56,61,66,69,84,140,320,780,5900,6800,6800,5633,0,56,102.68145793540175,28.753519000019878,6842.618677997962,60615.32664654713
1769672779,50,,Aggregated,40.700000,0.000000,57,62,66,70,85,150,320,780,5900,6800,6800,5696,0,57,102.60620576828647,28.753519000019878,6842.618677997962,60601.08795646067
1769672780,50,,Aggregated,42.200000,0.000000,57,62,66,70,85,150,310,750,5900,6800,6800,5760,0,57,102.3563228788286,28.753519000019878,6842.618677997962,60601.698958333334
1769672781,50,,Aggregated,44.500000,0.000000,57,62,66,70,86,150,310,740,5900,6800,6800,5835,0,57,102.18222132510779,28.753519000019878,6842.618677997962,60588.44147386461
1769672782,50,,Aggregated,45.900000,0.000000,57,62,66,70,87,150,310,740,5900,6800,6800,5889,0,57,102.02052812344743,28.753519000019878,6842.618677997962,60572.00645270844
1769672783,50,,Aggregated,47.800000,0.000000,57,62,66,70,87,150,310,710,5900,6800,6800,5950,0,57,101.67710524086132,28.753519000019878,6842.618677997962,60542.387899159665
1769672784,50,,Aggregated,51.900000,0.000000,57,62,67,70,89,150,300,710,5800,6800,6800,6026,0,57,101.4274889130815,28.753519000019878,6842.618677997962,60458.83720544308
1769672785,50,,Aggregated,54.900000,0.000000,57,62,67,70,89,150,300,710,5800,6800,6800,6085,0,57,101.02882327300695,28.753519000019878,6842.618677997962,60453.36811832375
1769672786,50,,Aggregated,55.300000,0.000000,57,62,67,70,88,150,300,690,5800,6800,6800,6139,0,57,100.69115620999835,28.753519000019878,6842.618677997962,60418.20068415051
1769672787,50,,Aggregated,58.200000,0.000000,57,62,67,70,88,150,300,690,5800,6800,6800,6199,0,57,100.27553099937923,28.753519000019878,6842.618677997962,60439.46071947088
1769672788,50,,Aggregated,58.400000,0.000000,57,62,67,70,87,150,300,690,5800,6800,6800,6252,0,57,99.8949354803479,28.753519000019878,6842.618677997962,60376.006238003836
1769672789,50,,Aggregated,60.900000,0.000000,57,62,66,70,87,150,290,690,5800,6800,6800,6316,0,57,99.45761718607783,28.753519000019878,6842.618677997962,60391.4946168461
1769672790,50,,Aggregated,61.400000,0.000000,57,62,66,70,86,150,290,690,5800,6800,6800,6373,0,57,99.09050626899075,28.753519000019878,6842.618677997962,60384.563000156915
1769672791,50,,Aggregated,61.200000,0.000000,57,62,66,70,86,150,290,690,5800,6800,6800,6444,0,57,98.65267337868681,28.753519000019878,6842.618677997962,60373.0955927995
1769672792,50,,Aggregated,61.000000,0.000000,57,62,66,70,86,140,290,680,5800,6800,6800,6506,0,57,98.2788033781548,28.753519000019878,6842.618677997962,60338.31939747925
1769672793,50,,Aggregated,61.300000,0.000000,57,62,66,70,86,140,280,680,5800,6800,6800,6576,0,57,97.86852725854507,28.753519000019878,6842.618677997962,60339.04668491484
1769672794,50,,Aggregated,60.700000,0.000000,57,62,66,70,85,140,280,670,5800,6800,6800,6643,0,57,97.42695131300947,28.753519000019878,6842.618677997962,60314.47704350444
1769672795,50,,Aggregated,61.000000,0.000000,57,62,66,70,85,140,280,670,5800,6800,6800,6701,0,57,97.08948666128214,28.753519000019878,6842.618677997962,60302.400984927626
1769672797,50,,Aggregated,61.900000,0.000000,56,62,66,70,85,140,280,670,5800,6800,6800,6767,0,56,96.70252854858771,28.753519000019878,6842.618677997962,60286.27722772277
1769672798,50,,Aggregated,61.100000,0.000000,56,61,66,69,85,140,270,660,5800,6800,6800,6832,0,56,96.32786338923631,28.753519000019878,6842.618677997962,60261.08548009368
1769672799,50,,Aggregated,62.100000,0.000000,56,61,66,69,84,140,270,660,5800,6800,6800,6896,0,56,95.97769610385187,28.753519000019878,6842.618677997962,60266.1879350348
1769672800,50,,Aggregated,63.000000,0.000000,56,61,66,69,84,140,270,650,5800,6800,6800,6958,0,56,95.62428961973771,28.753519000019878,6842.618677997962,60234.426559356136
1769672801,50,,Aggregated,63.000000,0.000000,56,61,66,69,84,140,270,650,5700,6800,6800,7015,0,56,95.29479503168503,28.753519000019878,6842.618677997962,60231.56079828938
1769672802,50,,Aggregated,63.900000,0.000000,56,61,66,69,84,140,270,650,5700,6800,6800,7066,0,56,95.00263812302859,28.753519000019878,6842.618677997962,60233.38904613643
1769672803,50,,Aggregated,63.500000,0.000000,56,61,66,69,83,140,270,620,5700,6800,6800,7133,0,56,94.6249063278117,28.753519000019878,6842.618677997962,60216.31992149166
1769672804,50,,Aggregated,61.900000,0.000000,56,61,66,69,83,140,270,620,5700,6800,6800,7187,0,56,94.33672825674121,28.753519000019878,6842.618677997962,60209.89230555169
1769672805,50,,Aggregated,61.800000,0.000000,56,61,66,69,83,130,260,600,5700,6800,6800,7256,0,56,93.97657422729806,28.753519000019878,6842.618677997962,60175.1572491731
1769672806,50,,Aggregated,60.900000,0.000000,56,61,66,69,83,130,260,580,5700,6800,6800,7313,0,56,93.69491290883767,28.753519000019878,6842.618677997962,60195.83741282648
1769672807,50,,Aggregated,60.900000,0.000000,56,61,66,69,83,130,260,580,5700,6800,6800,7380,0,56,93.38063263773022,28.753519000019878,6842.618677997962,60200.09593495935
1769672808,50,,Aggregated,60.800000,0.000000,56,61,65,69,82,130,260,580,5700,6800,6800,7445,0,56,93.03711133115738,28.753519000019878,6842.618677997962,60189.479247817326
1769672809,50,,Aggregated,60.800000,0.000000,56,61,65,69,82,130,260,570,5700,6800,6800,7509,0,56,92.71084023254842,28.753519000019878,6842.618677997962,60184.10534025836
1769672810,50,,Aggregated,60.900000,0.000000,56,61,65,68,82,130,260,570,5700,6800,6800,7581,0,56,92.36544562050872,28.753519000019878,6842.618677997962,60184.94130061997
1769672811,50,,Aggregated,61.500000,0.000000,56,61,65,68,82,130,260,570,5700,6800,6800,7649,0,56,92.06402009359708,28.753519000019878,6842.618677997962,60180.22055170611
1769672812,50,,Aggregated,62.000000,0.000000,56,61,65,68,82,130,250,540,5700,6800,6800,7716,0,56,91.7635802247054,28.753519000019878,6842.618677997962,60174.39113530327
1769672813,50,,Aggregated,63.000000,0.000000,56,61,65,68,82,130,250,540,5700,6800,6800,7783,0,56,91.45993650929104,28.753519000019878,6842.618677997962,60182.1328536554
1769672814,50,,Aggregated,64.600000,0.000000,56,61,65,68,81,120,250,510,5700,6800,6800,7845,0,56,91.16554331914993,28.753519000019878,6842.618677997962,60163.74518801785
1769672815,50,,Aggregated,64.200000,0.000000,56,61,65,68,81,120,250,510,5700,6800,6800,7908,0,56,90.8961691684044,28.753519000019878,6842.618677997962,60156.24759736975
1769672816,50,,Aggregated,64.600000,0.000000,56,61,65,68,81,120,250,510,5700,6800,6800,7972,0,56,90.61176222109661,28.753519000019878,6842.618677997962,60153.41946813848
1769672817,50,,Aggregated,63.900000,0.000000,56,61,65,68,81,120,250,500,5600,6800,6800,8033,0,56,90.3567565270218,28.753519000019878,6842.618677997962,60155.884849993774
1769672818,50,,Aggregated,65.000000,0.000000,56,61,65,68,80,120,250,500,5600,6800,6800,8094,0,56,90.12442648228982,28.753519000019878,6842.618677997962,60166.901531999014
1769672819,50,,Aggregated,64.800000,0.000000,56,61,65,68,80,120,250,500,5600,6800,6800,8163,0,56,89.84328745505445,28.753519000019878,6842.618677997962,60152.93899301728
1769672820,50,,Aggregated,64.100000,0.000000,56,61,65,68,80,120,250,490,5600,6800,6800,8224,0,56,89.60951295266003,28.753519000019878,6842.618677997962,60146.95987354086
1769672821,50,,Aggregated,63.600000,0.000000,56,61,65,68,80,120,240,490,5600,6800,6800,8284,0,56,89.35703006382744,28.753519000019878,6842.618677997962,60144.63833896668
1769672822,50,,Aggregated,63.000000,0.000000,56,61,65,68,80,120,240,480,5600,6800,6800,8345,0,56,89.11849034569573,28.753519000019878,6842.618677997962,60148.10629119233
1769672823,50,,Aggregated,63.000000,0.000000,56,61,65,68,80,120,240,480,5600,6800,6800,8416,0,56,88.82832537902019,28.753519000019878,6842.618677997962,60148.99607889734
1769672824,50,,Aggregated,62.700000,0.000000,56,61,65,68,80,120,240,480,5600,6800,6800,8468,0,56,88.62427516329974,28.753519000019878,6842.618677997962,60159.1567076051
1769672825,50,,Aggregated,63.800000,0.000000,56,61,65,68,80,120,240,480,5600,6800,6800,8544,0,56,88.3414753570526,28.753519000019878,6842.618677997962,60156.114466292136
1769672826,50,,Aggregated,63.200000,0.000000,56,61,65,68,79,120,240,480,5600,6800,6800,8615,0,56,88.08339355538858,28.753519000019878,6842.618677997962,60144.28554846199
1769672827,50,,Aggregated,64.000000,0.000000,56,61,65,68,79,120,240,480,5600,6800,6800,8680,0,56,87.82759003128888,28.753519000019878,6842.618677997962,60149.471774193546
1769672828,50,,Aggregated,63.900000,0.000000,56,61,65,68,79,120,240,480,5600,6800,6800,8737,0,56,87.6500213558039,28.753519000019878,6842.618677997962,60127.00320476136
1769672829,50,,Aggregated,64.100000,0.000000,56,61,65,68,79,120,240,470,5600,6800,6800,8808,0,56,87.39225102789393,28.753519000019878,6842.618677997962,60128.71230699364
1769672830,50,,Aggregated,63.200000,0.000000,56,61,65,68,79,110,240,470,5600,6800,6800,8868,0,56,87.17802002613396,28.753519000019878,6842.618677997962,60112.1297925124
1769672831,50,,Aggregated,63.500000,0.000000,56,61,65,68,79,110,240,460,5600,6800,6800,8926,0,56,86.98564874845782,28.753519000019878,6842.618677997962,60107.75845843603
1769672832,50,,Aggregated,64.100000,0.000000,56,61,65,68,79,110,240,460,5600,6800,6800,8990,0,56,86.79919821343326,28.753519000019878,6842.618677997962,60113.32591768632
1769672833,50,,Aggregated,63.000000,0.000000,56,61,65,68,78,110,230,450,5600,6800,6800,9063,0,56,86.55598667813072,28.753519000019878,6842.618677997962,60113.77049542094
1769672834,50,,Aggregated,63.400000,0.000000,56,61,65,68,78,110,230,450,5600,6800,6800,9120,0,56,86.39711656567096,28.753519000019878,6842.618677997962,60114.95986842105
1769672835,50,,Aggregated,63.300000,0.000000,56,61,65,67,78,110,230,450,5600,6800,6800,9182,0,56,86.20856093204716,28.753519000019878,6842.618677997962,60109.14637333914
1769672836,50,,Aggregated,63.500000,0.000000,56,61,65,67,78,110,230,440,5600,6800,6800,9246,0,56,85.99814494203804,28.753519000019878,6842.618677997962,60091.046614752326
1769672837,50,,Aggregated,63.300000,0.000000,56,61,65,67,78,110,230,430,5600,6800,6800,9308,0,56,85.81778637129374,28.753519000019878,6842.618677997962,60097.18629136227
1769672838,50,,Aggregated,61.800000,0.000000,56,61,65,67,78,110,230,430,5600,6800,6800,9365,0,56,85.66659008330171,28.753519000019878,6842.618677997962,60072.46278697277
1769672839,50,,Aggregated,63.200000,0.000000,56,61,65,67,78,110,230,430,5600,6800,6800,9428,0,56,85.47795983974149,28.753519000019878,6842.618677997962,60074.108718710224
1769672840,50,,Aggregated,63.100000,0.000000,56,61,65,67,78,110,230,430,5600,6800,6800,9497,0,56,85.27384475140647,28.753519000019878,6842.618677997962,60070.43055701801
1769672841,50,,Aggregated,63.300000,0.000000,56,61,65,67,78,110,230,420,5600,6800,6800,9556,0,56,85.09833912046251,28.753519000019878,6842.618677997962,60079.93438677271
1769672842,50,,Aggregated,62.900000,0.000000,56,61,64,67,78,110,230,420,5600,6800,6800,9628,0,56,84.8838235880808,28.753519000019878,6842.618677997962,60069.435500623185
1769672843,50,,Aggregated,63.500000,0.000000,56,61,64,67,78,110,230,420,5600,6800,6800,9688,0,56,84.7101876074609,28.753519000019878,6842.618677997962,60080.5568744839
1769672844,50,,Aggregated,62.900000,0.000000,56,61,64,67,78,110,220,410,5600,6800,6800,9759,0,56,84.48890603412522,28.753519000019878,6842.618677997962,60076.69453837483
1769672845,50,,Aggregated,62.700000,0.000000,56,61,64,67,77,110,220,410,5600,6800,6800,9812,0,56,84.33487244825132,28.753519000019878,6842.618677997962,60064.708010599265
1769672846,50,,Aggregated,62.600000,0.000000,56,61,64,67,77,110,220,410,5600,6800,6800,9879,0,56,84.14581151595809,28.753519000019878,6842.618677997962,60060.72983095455
1769672847,50,,Aggregated,61.800000,0.000000,56,61,64,67,77,110,220,390,5600,6800,6800,9946,0,56,83.9494183652876,28.753519000019878,6842.618677997962,60079.91242710638
1769672848,50,,Aggregated,62.900000,0.000000,56,61,64,67,77,110,220,390,5500,6400,6800,10006,0,56,83.75951535969932,28.753519000019878,6842.618677997962,60081.10813511893
1769672849,50,,Aggregated,61.200000,0.000000,56,61,64,67,77,110,220,390,5500,6400,6800,10062,0,56,83.58979708747673,28.439969988539815,6842.618677997962,60105.500993838206
1769672850,50,,Aggregated,62.400000,0.000000,56,61,64,67,77,110,220,390,5500,6400,6800,10127,0,56,83.44089535411332,28.439969988539815,6842.618677997962,60123.8884171028
1769672851,50,,Aggregated,62.800000,0.000000,56,61,64,67,77,110,220,390,5500,6400,6800,10191,0,56,83.29353970170777,28.439969988539815,6842.618677997962,60151.18074771857
1769672852,50,,Aggregated,62.000000,0.000000,56,61,64,67,77,110,220,390,5500,6400,6800,10255,0,56,83.1572294234151,28.439969988539815,6842.618677997962,60156.24368600683
1769672853,50,,Aggregated,62.700000,0.000000,56,61,64,67,77,110,220,390,5500,6400,6800,10314,0,56,83.09379558203882,28.439969988539815,6842.618677997962,60207.87483032771
1769672854,50,,Aggregated,62.700000,0.000000,56,61,64,67,77,110,220,390,5500,6400,6800,10371,0,56,83.05673175104745,28.439969988539815,6842.618677997962,60240.7094783531
1769672855,50,,Aggregated,61.700000,0.000000,56,60,64,67,77,110,220,390,5500,6400,6800,10417,0,56,82.96995702477751,28.439969988539815,6842.618677997962,60274.29663050782
1769672856,50,,Aggregated,61.500000,0.000000,56,60,64,67,77,110,220,400,5500,6400,6800,10468,0,56,82.98983268274812,28.439969988539815,6842.618677997962,60343.081773022546
1769672857,50,,Aggregated,61.600000,0.000000,56,60,64,67,77,110,220,410,5500,6400,6800,10516,0,56,83.04540009043697,28.439969988539815,6842.618677997962,60374.689901103084
1769672858,50,,Aggregated,59.700000,0.000000,56,61,64,67,77,110,230,420,5500,6400,6800,10577,0,56,83.2506659681336,28.439969988539815,6842.618677997962,60401.12593362958
1769672859,50,,Aggregated,59.100000,0.000000,56,61,64,67,77,110,230,440,5500,6400,6800,10620,0,56,83.41543263511399,28.439969988539815,6842.618677997962,60437.08003766478
1769672860,50,,Aggregated,56.900000,0.000000,56,61,64,67,78,110,240,450,5500,6400,6800,10676,0,56,83.53128624222326,28.439969988539815,6842.618677997962,60487.82559010865
1769672861,50,,Aggregated,56.300000,0.000000,56,61,64,67,78,110,240,460,5500,6400,6800,10725,0,56,83.65832090143348,28.439969988539815,6842.618677997962,60562.46694638694
1769672862,50,,Aggregated,53.500000,0.000000,56,61,64,67,78,120,240,460,5500,6400,6800,10762,0,56,83.77099250062956,28.439969988539815,6842.618677997962,60604.34203679614
1769672863,50,,Aggregated,53.000000,0.000000,56,61,64,67,78,120,240,470,5500,6400,6800,10813,0,56,84.03503119732387,28.439969988539815,6842.618677997962,60647.59779894572
1769672864,50,,Aggregated,51.100000,0.000000,56,61,64,67,79,120,240,480,5500,6400,6800,10848,0,56,84.19875561592502,28.439969988539815,6842.618677997962,60721.93030973451
1769672865,50,,Aggregated,50.200000,0.000000,56,61,64,67,79,120,250,480,5500,6400,6800,10901,0,56,84.49196307941118,28.439969988539815,6842.618677997962,60762.92541968627
1769672866,50,,Aggregated,49.600000,0.000000,56,61,64,67,79,130,250,490,5500,6400,6800,10942,0,56,84.72384081837527,28.439969988539815,6842.618677997962,60812.760647048075
1769672867,50,,Aggregated,48.100000,0.000000,56,61,65,68,80,130,260,500,5500,6400,6800,10995,0,56,85.18140705044486,28.439969988539815,6842.618677997962,60816.82355616189
1769672868,50,,Aggregated,47.700000,0.000000,56,61,65,68,81,140,260,500,5400,6400,6800,11045,0,56,85.3807542987487,28.439969988539815,6842.618677997962,60832.43875056587
1769672869,50,,Aggregated,45.800000,0.000000,56,61,65,68,81,140,260,500,5400,6400,6800,11095,0,56,85.40925187171122,28.439969988539815,6842.618677997962,60875.15835962145
1769672870,50,,Aggregated,46.600000,0.000000,56,61,65,68,81,140,260,500,5400,6400,6800,11142,0,56,85.40149286570191,28.439969988539815,6842.618677997962,60902.82669179681
1769672871,50,,Aggregated,46.000000,0.000000,56,61,65,68,81,140,260,500,5400,6400,6800,11184,0,56,85.33185201410322,28.439969988539815,6842.618677997962,60926.36176680973
1769672872,50,,Aggregated,48.200000,0.000000,56,61,65,68,82,140,260,500,5400,6400,6800,11257,0,56,85.48505689265714,28.439969988539815,6842.618677997962,60895.02354090788
1769672873,50,,Aggregated,46.700000,0.000000,56,61,65,68,82,140,260,500,5400,6400,6800,11306,0,56,85.44318672250606,28.439969988539815,6842.618677997962,60899.82902883425
1769672874,50,,Aggregated,46.900000,0.000000,56,61,65,68,83,140,260,500,5400,6400,6800,11366,0,56,85.51521380236115,28.439969988539815,6842.618677997962,60907.72241773711
1769672875,50,,Aggregated,48.800000,0.000000,56,61,65,68,83,140,260,500,5400,6400,6800,11441,0,56,85.54571362560559,28.439969988539815,6842.618677997962,60867.18757101652
1769672876,50,,Aggregated,48.400000,0.000000,56,61,65,68,83,140,260,500,5400,6400,6800,11497,0,56,85.4943210694516,28.439969988539815,6842.618677997962,60846.41097677655
1769672877,50,,Aggregated,49.400000,0.000000,56,61,65,68,83,140,260,500,5400,6400,6800,11564,0,56,85.34476108609674,28.439969988539815,6842.618677997962,60829.349273607746
1769672878,50,,Aggregated,53.400000,0.000000,56,61,65,68,84,140,260,490,5400,6400,6800,11626,0,56,85.30542154486818,28.439969988539815,6842.618677997962,60816.94022019611
1769672879,50,,Aggregated,54.800000,0.000000,56,61,65,68,83,140,260,490,5400,6400,6800,11690,0,56,85.12975051399837,28.439969988539815,6842.618677997962,60804.96740804106
1769672880,50,,Aggregated,56.700000,0.000000,56,61,65,68,83,140,250,490,5400,6400,6800,11753,0,56,84.96024280496125,28.439969988539815,6842.618677997962,60789.257040755554
1769672881,50,,Aggregated,56.400000,0.000000,56,61,65,68,83,140,250,480,5400,6400,6800,11815,0,56,84.80157418472571,28.439969988539815,6842.618677997962,60778.90308929327
1769672883,50,,Aggregated,57.600000,0.000000,56,61,65,68,83,140,250,480,5400,6400,6800,11877,0,56,84.64308784975289,28.439969988539815,6842.618677997962,60757.85442451797
1769672884,50,,Aggregated,60.800000,0.000000,56,61,65,68,83,140,250,480,5400,6400,6800,11936,0,56,84.49355669365139,28.439969988539815,6842.618677997962,60752.26466152815
1769672885,50,,Aggregated,60.300000,0.000000,56,61,65,68,83,140,250,480,5400,6400,6800,11997,0,56,84.34102397686512,28.439969988539815,6842.618677997962,60736.08902225556
1769672886,50,,Aggregated,61.600000,0.000000,56,61,65,68,82,140,250,480,5300,6400,6800,12055,0,56,84.21619086947526,28.439969988539815,6842.618677997962,60734.66744089589
1769672887,50,,Aggregated,62.300000,0.000000,56,61,65,68,82,140,250,480,5300,6400,6800,12127,0,56,84.065137128278,28.439969988539815,6842.618677997962,60722.45072977653
1769672888,50,,Aggregated,60.000000,0.000000,56,61,65,68,82,140,250,480,5300,6400,6800,12187,0,56,83.91879180927299,28.439969988539815,6842.618677997962,60714.33043406909
1769672889,50,,Aggregated,62.000000,0.000000,56,61,64,68,82,140,250,480,5300,6400,6800,12251,0,56,83.75957946956294,28.439969988539815,6842.618677997962,60693.49816341523
1769672890,50,,Aggregated,61.500000,0.000000,56,61,64,68,82,140,250,480,5300,6400,6800,12321,0,56,83.59293483001623,28.439969988539815,6842.618677997962,60691.69856342829
1769672891,50,,Aggregated,62.100000,0.000000,56,61,64,67,82,140,250,480,5300,6400,6800,12381,0,56,83.4553637062949,28.439969988539815,6842.618677997962,60683.296260399
1769672892,50,,Aggregated,62.400000,0.000000,56,61,64,67,81,140,250,470,5300,6400,6800,12447,0,56,83.30956961652134,28.439969988539815,6842.618677997962,60664.17570498915
1769672893,50,,Aggregated,62.000000,0.000000,56,61,64,67,81,140,250,470,5300,6400,6800,12504,0,56,83.18578397327327,28.439969988539815,6842.618677997962,60670.17802303263
1769672894,50,,Aggregated,62.600000,0.000000,56,61,64,67,81,140,250,470,5300,6400,6800,12571,0,56,83.0446922849165,28.439969988539815,6842.618677997962,60648.72325192904
1769672895,50,,Aggregated,62.100000,0.000000,56,61,64,67,81,140,250,460,5300,6400,6800,12646,0,56,82.87451306362803,28.439969988539815,6842.618677997962,60654.20045864305
1769672896,50,,Aggregated,63.300000,0.000000,56,61,64,67,81,140,250,460,5300,6400,6800,12710,0,56,82.72320006471514,28.439969988539815,6842.618677997962,60638.27167584579
1769672897,50,,Aggregated,64.600000,0.000000,56,61,64,67,81,130,250,460,5300,6400,6800,12773,0,56,82.58128651009805,28.439969988539815,6842.618677997962,60636.6433883974
1769672898,50,,Aggregated,64.800000,0.000000,56,61,64,67,80,130,250,460,5300,6400,6800,12830,0,56,82.46186658436892,28.439969988539815,6842.618677997962,60617.923772408416
1769672899,50,,Aggregated,63.000000,0.000000,56,61,64,67,80,130,240,460,5300,6400,6800,12894,0,56,82.33841513094085,28.439969988539815,6842.618677997962,60632.44136807817
1769672900,50,,Aggregated,63.600000,0.000000,56,60,64,67,80,130,240,450,5300,6400,6800,12946,0,56,82.21704816850203,28.439969988539815,6842.618677997962,60626.76989031361
1769672901,50,,Aggregated,63.300000,0.000000,56,60,64,67,80,130,240,450,5000,6400,6800,13019,0,56,82.062326864993,28.439969988539815,6842.618677997962,60606.85405945157
1769672902,50,,Aggregated,62.200000,0.000000,56,60,64,67,80,130,240,450,5000,6400,6800,13066,0,56,81.96044407878571,28.439969988539815,6842.618677997962,60619.977575386496
1769672903,50,,Aggregated,63.200000,0.000000,56,60,64,67,80,130,240,450,5000,6400,6800,13132,0,56,81.79804639082754,28.439969988539815,6842.618677997962,60608.54310082242
1769672904,50,,Aggregated,61.400000,0.000000,56,60,64,67,80,130,240,450,5000,6400,6800,13193,0,56,81.66941009719461,28.439969988539815,6842.618677997962,60609.025847040095
1769672905,50,,Aggregated,62.200000,0.000000,56,60,64,67,80,130,240,440,5000,6400,6800,13258,0,56,81.54871683929143,28.439969988539815,6842.618677997962,60609.671368230505
1769672906,50,,Aggregated,61.300000,0.000000,56,60,64,67,80,130,240,430,5000,6400,6800,13321,0,56,81.42905206465609,28.439969988539815,6842.618677997962,60604.75339689213
1769672907,50,,Aggregated,60.800000,0.000000,56,60,64,67,79,130,240,430,5000,6400,6800,13396,0,56,81.28648859648139,28.439969988539815,6842.618677997962,60601.901089877574
1769672908,50,,Aggregated,60.100000,0.000000,56,60,64,67,79,130,240,430,5000,6400,6800,13443,0,56,81.19991163427115,28.439969988539815,6842.618677997962,60595.11820278212
1769672909,50,,Aggregated,62.500000,0.000000,56,60,64,67,79,130,240,420,5000,6400,6800,13514,0,56,81.06664791160902,28.439969988539815,6842.618677997962,60599.422820778454
1769672910,50,,Aggregated,60.900000,0.000000,56,60,64,67,79,130,240,420,5000,6400,6800,13577,0,56,80.9367607236105,28.439969988539815,6842.618677997962,60592.996022685424
1769672911,50,,Aggregated,61.900000,0.000000,56,60,64,67,79,130,240,420,5000,6400,6800,13643,0,56,80.809010861948,28.439969988539815,6842.618677997962,60589.950010994646
1769672912,50,,Aggregated,62.900000,0.000000,56,60,64,67,79,130,240,420,5000,6400,6800,13705,0,56,80.68293627388134,28.439969988539815,6842.618677997962,60584.53236045239
1769672913,50,,Aggregated,62.200000,0.000000,56,60,64,67,79,130,240,420,5000,6400,6800,13762,0,56,80.56916770765187,28.439969988539815,6842.618677997962,60575.91970643802
1769672914,50,,Aggregated,62.500000,0.000000,56,60,64,67,78,120,240,420,5000,6400,6800,13825,0,56,80.45018735144684,28.439969988539815,6842.618677997962,60575.13735985533
1769672915,50,,Aggregated,62.200000,0.000000,56,60,64,67,78,120,240,420,5000,6400,6800,13892,0,56,80.3366608610602,28.439969988539815,6842.618677997962,60576.396343219116
1769672916,50,,Aggregated,62.000000,0.000000,56,60,64,66,78,120,240,420,5000,6400,6800,13945,0,56,80.24581033079383,28.439969988539815,6842.618677997962,60552.62832556472
1769672917,50,,Aggregated,61.900000,0.000000,56,60,64,66,78,120,240,420,4900,6400,6800,14017,0,56,80.12704315474554,28.439969988539815,6842.618677997962,60548.202183063426
1769672918,50,,Aggregated,61.600000,0.000000,56,60,64,66,78,120,240,420,4900,6400,6800,14073,0,56,80.02249276225332,28.439969988539815,6842.618677997962,60562.440986285794
1769672919,50,,Aggregated,61.000000,0.000000,56,60,64,66,78,120,230,410,4900,6400,6800,14143,0,56,79.91519015755067,28.439969988539815,6842.618677997962,60558.117726083576
1769672920,50,,Aggregated,62.800000,0.000000,56,60,64,66,78,120,230,410,4900,6400,6800,14201,0,56,79.80538342724626,28.439969988539815,6842.618677997962,60544.38342370256
1769672921,50,,Aggregated,62.000000,0.000000,56,60,64,66,78,120,230,410,4900,6400,6800,14265,0,56,79.68264222197107,28.439969988539815,6842.618677997962,60547.99249912373
1769672922,50,,Aggregated,62.000000,0.000000,56,60,64,66,78,120,230,410,4900,6400,6800,14321,0,56,79.59190848058849,28.439969988539815,6842.618677997962,60542.416870330286
1769672923,50,,Aggregated,61.100000,0.000000,56,60,64,66,78,120,230,410,4900,6400,6800,14385,0,56,79.48018011382634,28.439969988539815,6842.618677997962,60538.8918317692
1769672924,50,,Aggregated,62.700000,0.000000,56,60,64,66,78,120,230,410,4900,6400,6800,14442,0,56,79.38297057688911,28.439969988539815,6842.618677997962,60539.3416424318
1769672925,50,,Aggregated,62.300000,0.000000,56,60,63,66,78,120,230,400,4900,6400,6800,14507,0,56,79.2796342583903,28.439969988539815,6842.618677997962,60531.018404907976
1769672926,50,,Aggregated,62.200000,0.000000,56,60,63,66,78,120,230,400,4900,6400,6800,14562,0,56,79.1910315197374,28.439969988539815,6842.618677997962,60522.019983518745
1769672927,50,,Aggregated,61.000000,0.000000,56,60,63,66,78,120,230,390,4900,6400,6800,14627,0,56,79.08877664774027,28.439969988539815,6842.618677997962,60523.77862856362
1769672928,50,,Aggregated,61.900000,0.000000,56,60,63,66,77,120,230,390,4900,6400,6800,14692,0,56,78.98221479120926,28.439969988539815,6842.618677997962,60522.96127144024
1769672929,50,,Aggregated,61.100000,0.000000,56,60,63,66,77,120,230,390,4900,6400,6800,14760,0,56,78.87616190492221,28.439969988539815,6842.618677997962,60519.13848238482
1769672930,50,,Aggregated,59.800000,0.000000,56,60,63,66,77,120,230,390,4900,6400,6800,14825,0,56,78.77438597588228,28.439969988539815,6842.618677997962,60500.714940978076
1769672931,50,,Aggregated,61.000000,0.000000,56,60,63,66,77,120,230,390,4900,6400,6800,14890,0,56,78.68670821520597,28.439969988539815,6842.618677997962,60499.41490933512
1769672932,50,,Aggregated,61.000000,0.000000,56,60,63,66,77,120,230,390,4900,6400,6800,14950,0,56,78.60030616015308,28.439969988539815,6842.618677997962,60487.550033444815
1769672933,50,,Aggregated,62.100000,0.000000,56,60,63,66,77,120,230,390,4900,6400,6800,15014,0,56,78.51542858339444,28.439969988539815,6842.618677997962,60499.173371519915
1769672934,50,,Aggregated,61.400000,0.000000,56,60,63,66,77,120,230,390,4900,6400,6800,15082,0,56,78.4314523352349,28.439969988539815,6842.618677997962,60487.9028643416
1769672935,50,,Aggregated,62.000000,0.000000,56,60,63,66,77,120,230,380,4900,6400,6800,15144,0,56,78.35865253606427,28.439969988539815,6842.618677997962,60485.8646328579
1769672936,50,,Aggregated,62.200000,0.000000,56,60,63,66,77,120,230,380,4900,6400,6800,15201,0,56,78.28883884994862,28.439969988539815,6842.618677997962,60488.32471547925
1769672937,50,,Aggregated,63.600000,0.000000,56,60,63,66,77,120,220,380,4900,6400,6800,15266,0,56,78.21494145630989,28.439969988539815,6842.618677997962,60500.837219965935
1769672938,50,,Aggregated,62.700000,0.000000,56,60,63,66,77,120,220,380,4900,6400,6800,15326,0,56,78.12940921982421,28.439969988539815,6842.618677997962,60495.79290095263
1769672939,50,,Aggregated,63.600000,0.000000,56,60,63,66,77,120,220,380,4900,6400,6800,15388,0,56,78.06611997875261,28.439969988539815,6842.618677997962,60500.22277099038
1769672940,50,,Aggregated,64.300000,0.000000,56,60,63,66,77,120,220,380,4900,6400,6800,15444,0,56,78.03683175189487,28.439969988539815,6842.618677997962,60492.248381248384
1769672941,50,,Aggregated,62.300000,0.000000,56,60,63,66,77,120,220,380,4900,6400,6800,15507,0,56,77.96557746923575,28.439969988539815,6842.618677997962,60508.30005803831
1769672942,50,,Aggregated,61.700000,0.000000,56,60,63,66,77,120,220,380,4900,6400,6800,15571,0,56,77.88861110760688,28.439969988539815,6842.618677997962,60516.62963200822
1769672943,50,,Aggregated,61.200000,0.000000,56,60,63,66,77,120,220,380,4900,6400,6800,15622,0,56,77.81432423560145,28.439969988539815,6842.618677997962,60542.18121879401
1769672944,50,,Aggregated,61.600000,0.000000,56,60,63,66,77,120,220,380,4900,6400,6800,15698,0,56,77.79789590696446,28.439969988539815,6842.618677997962,60552.0882915021
1769672945,50,,Aggregated,61.300000,0.000000,56,60,63,66,77,120,220,380,4900,6400,6800,15760,0,56,77.75466070549375,28.439969988539815,6842.618677997962,60560.467385786804
1769672946,50,,Aggregated,60.600000,0.000000,56,60,63,66,77,120,220,380,4900,6400,6800,15811,0,56,77.72970102951444,28.439969988539815,6842.618677997962,60560.73866295617
1769672947,50,,Aggregated,60.800000,0.000000,56,60,63,66,77,120,220,380,4900,6400,6800,15877,0,56,77.70126393731174,27.178896008990705,6842.618677997962,60598.73666309756
1769672948,50,,Aggregated,62.000000,0.000000,56,60,63,66,77,120,220,380,4900,6400,6800,15932,0,56,77.6769377784203,27.178896008990705,6842.618677997962,60610.35877479287
1769672949,50,,Aggregated,60.500000,0.000000,56,60,63,66,77,120,230,390,4900,6400,6800,15992,0,56,77.68824310786049,27.178896008990705,6842.618677997962,60630.45066283142
1769672950,50,,Aggregated,60.500000,0.000000,56,60,63,66,77,120,230,380,4900,6400,6800,16055,0,56,77.69955017973773,27.178896008990705,6842.618677997962,60659.26919962629
1769672951,50,,Aggregated,60.200000,0.000000,56,60,63,66,77,120,230,390,4900,6400,6800,16108,0,56,77.80576790481442,27.178896008990705,6842.618677997962,60695.071827663276
1769672952,50,,Aggregated,60.200000,0.000000,56,60,63,66,77,120,230,390,4900,6400,6800,16160,0,56,77.84948205306965,27.178896008990705,6842.618677997962,60739.239913366335
1769672953,50,,Aggregated,60.200000,0.000000,56,60,63,66,77,120,230,410,4900,6400,6800,16207,0,56,77.95947911406687,27.178896008990705,6842.618677997962,60762.68075522922
1769672954,50,,Aggregated,57.700000,0.000000,56,60,63,66,77,120,230,410,4900,6400,6800,16239,0,56,78.08236134365552,27.178896008990705,6842.618677997962,60773.62774801404
1769672955,50,,Aggregated,57.600000,0.000000,56,60,63,66,77,120,240,420,4900,6400,6800,16285,0,56,78.2311428860103,27.178896008990705,6842.618677997962,60815.955112066316
1769672956,50,,Aggregated,56.400000,0.000000,56,60,63,66,78,120,240,420,4900,6400,6800,16324,0,56,78.50839721690376,27.178896008990705,6842.618677997962,60837.38348444009
1769672957,50,,Aggregated,53.400000,0.000000,56,60,63,66,78,130,240,420,4900,6400,6800,16374,0,56,78.57755952361116,27.178896008990705,6842.618677997962,60891.616648344934
1769672958,50,,Aggregated,51.900000,0.000000,56,60,63,66,78,130,240,450,4900,6400,6800,16411,0,56,78.75430767610005,27.178896008990705,6842.618677997962,60895.90926817379
1769672959,50,,Aggregated,49.900000,0.000000,56,60,63,66,78,130,240,450,4900,6400,6800,16466,0,56,78.82960872285723,27.178896008990705,6842.618677997962,60958.11617879266
1769672960,50,,Aggregated,48.300000,0.000000,56,60,64,66,78,130,240,450,4900,6400,6800,16513,0,56,78.97182603382628,27.178896008990705,6842.618677997962,60978.742081996
1769672961,50,,Aggregated,46.200000,0.000000,56,60,64,66,79,130,240,450,4900,6400,6800,16558,0,56,79.05652148559722,27.178896008990705,6842.618677997962,61005.64820630511
1769672962,50,,Aggregated,46.000000,0.000000,56,60,64,66,79,130,240,450,4900,6400,6800,16607,0,56,79.2413449786637,27.178896008990705,6842.618677997962,60996.486300957426
1769672963,50,,Aggregated,44.500000,0.000000,56,60,64,66,79,140,250,450,4900,6400,6800,16647,0,56,79.34214466928981,27.178896008990705,6842.618677997962,61004.509641376826
1769672964,50,,Aggregated,45.600000,0.000000,56,60,64,67,80,140,250,450,4900,6400,6800,16715,0,56,79.54184540004948,27.178896008990705,6842.618677997962,60989.13365240802
1769672965,50,,Aggregated,44.900000,0.000000,56,60,64,67,80,140,250,450,4900,6400,6800,16781,0,56,79.76853245580568,27.178896008990705,6842.618677997962,60992.816339908226
1769672967,50,,Aggregated,45.200000,0.000000,56,60,64,67,81,140,250,450,4900,6400,6800,16838,0,56,79.7331574427404,27.178896008990705,6842.618677997962,60995.26766836917
1769672968,50,,Aggregated,47.900000,0.000000,56,60,64,67,81,140,250,450,4900,6400,6800,16905,0,56,79.7874277459919,27.178896008990705,6842.618677997962,60968.97284826974
1769672969,50,,Aggregated,49.700000,0.000000,56,60,64,67,81,140,250,450,4900,6400,6800,16977,0,56,79.73129604542463,27.178896008990705,6842.618677997962,60973.219767921306
1769672970,50,,Aggregated,51.600000,0.000000,56,60,64,67,81,140,250,450,4700,6400,6800,17036,0,56,79.65668184427714,27.178896008990705,6842.618677997962,60969.26438131017
1769672971,50,,Aggregated,56.000000,0.000000,56,60,64,67,81,140,250,450,4700,6400,6800,17090,0,56,79.68233714296287,27.178896008990705,6842.618677997962,60927.78935049737
1769672972,50,,Aggregated,55.700000,0.000000,56,60,64,67,81,140,250,450,4700,6400,6800,17154,0,56,79.62630333795255,27.178896008990705,6842.618677997962,60932.64393144456
1769672973,50,,Aggregated,55.200000,0.000000,56,60,64,67,81,140,250,440,4700,6400,6800,17221,0,56,79.56741321463889,27.178896008990705,6842.618677997962,60927.22269322339
1769672974,50,,Aggregated,56.900000,0.000000,56,60,64,67,81,140,250,440,4700,6400,6800,17288,0,56,79.48273046629771,27.178896008990705,6842.618677997962,60914.62262841277
1769672975,50,,Aggregated,58.200000,0.000000,56,60,64,67,81,140,250,440,4700,6400,6800,17346,0,56,79.39957873274125,27.178896008990705,6842.618677997962,60900.22541219878
1769672976,50,,Aggregated,60.600000,0.000000,56,60,64,67,81,140,250,430,4700,6400,6800,17402,0,56,79.32666044306613,27.178896008990705,6842.618677997962,60899.740719457535
1769672977,50,,Aggregated,61.000000,0.000000,56,60,64,67,81,140,250,430,4700,6400,6800,17466,0,56,79.24535361245862,27.178896008990705,6842.618677997962,60890.971716477725
1769672978,50,,Aggregated,61.000000,0.000000,56,60,64,67,81,140,250,430,4700,6400,6800,17522,0,56,79.17922901381459,27.178896008990705,6842.618677997962,60890.91627668074
1769672979,50,,Aggregated,61.400000,0.000000,56,60,64,67,81,140,250,430,4700,6400,6800,17584,0,56,79.10048715259028,27.178896008990705,6842.618677997962,60882.73583939945
1769672980,50,,Aggregated,61.800000,0.000000,56,60,64,67,81,140,240,420,4700,6400,6800,17654,0,56,79.00926652062316,27.178896008990705,6842.618677997962,60874.53721536196
1769672981,50,,Aggregated,60.400000,0.000000,56,60,64,67,80,140,240,420,4700,6400,6800,17716,0,56,78.9432318689906,27.178896008990705,6842.618677997962,60866.96630164823
1769672982,50,,Aggregated,62.100000,0.000000,56,60,64,67,80,140,240,420,4700,6400,6800,17782,0,56,78.85928250190284,27.178896008990705,6842.618677997962,60860.508941626365
1769672983,50,,Aggregated,64.300000,0.000000,56,60,64,67,80,140,240,420,4700,6400,6800,17854,0,56,78.76731143048696,27.178896008990705,6842.618677997962,60852.625742130615
1769672984,50,,Aggregated,63.200000,0.000000,56,60,64,67,80,140,240,420,4700,6400,6800,17923,0,56,78.67339760842106,27.178896008990705,6842.618677997962,60840.752608380295
1769672985,50,,Aggregated,63.000000,0.000000,56,60,64,67,80,140,240,420,4700,6400,6800,17986,0,56,78.60586689428033,27.178896008990705,6842.618677997962,60831.67613699544
1769672986,50,,Aggregated,62.400000,0.000000,56,60,64,67,80,140,240,420,4600,6400,6800,18047,0,56,78.52473393282241,27.178896008990705,6842.618677997962,60829.06555106112
1769672987,50,,Aggregated,63.300000,0.000000,56,60,64,67,80,140,240,420,4600,6400,6800,18106,0,56,78.44525910507879,27.178896008990705,6842.618677997962,60813.51933060864
1769672988,50,,Aggregated,63.800000,0.000000,56,60,64,67,80,140,240,420,4600,6400,6800,18164,0,56,78.37388647486547,27.178896008990705,6842.618677997962,60821.776150627615
1769672989,50,,Aggregated,62.700000,0.000000,56,60,64,67,80,140,240,420,4600,6400,6800,18230,0,56,78.28920629021316,27.178896008990705,6842.618677997962,60811.10674712013
1769672990,50,,Aggregated,61.800000,0.000000,56,60,64,66,80,140,240,420,4600,6400,6800,18294,0,56,78.20124824103992,27.178896008990705,6842.618677997962,60798.75489231442
1769672991,50,,Aggregated,62.100000,0.000000,56,60,64,66,79,130,240,420,4600,6400,6800,18356,0,56,78.12579204519191,27.178896008990705,6842.618677997962,60800.21295489214
1769672992,50,,Aggregated,60.800000,0.000000,56,60,64,66,79,130,240,420,4600,6400,6800,18418,0,56,78.0501545681122,27.178896008990705,6842.618677997962,60797.62335758497
1769672993,50,,Aggregated,60.700000,0.000000,56,60,64,66,79,130,240,420,4600,6400,6800,18478,0,56,77.96968816931036,27.178896008990705,6842.618677997962,60793.345600173176
1769672994,50,,Aggregated,62.700000,0.000000,56,60,64,66,79,130,240,410,4600,6400,6800,18535,0,56,77.89709093529181,27.178896008990705,6842.618677997962,60785.681791205825
1769672995,50,,Aggregated,62.700000,0.000000,56,60,64,66,79,130,240,410,4600,6400,6800,18600,0,56,77.81889531702888,27.178896008990705,6842.618677997962,60786.15553763441
1769672996,50,,Aggregated,63.100000,0.000000,56,60,64,66,79,130,240,410,4600,6400,6800,18660,0,56,77.75151751649933,27.178896008990705,6842.618677997962,60791.69222936763
1769672997,50,,Aggregated,62.700000,0.000000,56,60,64,66,79,130,240,410,4600,6400,6800,18722,0,56,77.66816247638305,27.178896008990705,6842.618677997962,60787.664832817005
1769672998,50,,Aggregated,62.600000,0.000000,56,60,64,66,79,130,240,410,4600,6400,6800,18790,0,56,77.57660349152846,27.178896008990705,6842.618677997962,60777.26753592336
1769672999,50,,Aggregated,63.200000,0.000000,56,60,64,66,79,130,240,410,4600,6400,6800,18858,0,56,77.49197184589922,27.178896008990705,6842.618677997962,60780.81965213703
1769673000,50,,Aggregated,62.500000,0.000000,56,60,64,66,79,130,240,410,4600,6400,6800,18920,0,56,77.4240979731516,27.178896008990705,6842.618677997962,60778.46368921776
1769673001,50,,Aggregated,62.600000,0.000000,56,60,64,66,79,130,240,410,4600,6400,6800,18999,0,56,77.33207085721003,27.178896008990705,6842.618677997962,60771.54760776883
1769673002,50,,Aggregated,62.300000,0.000000,56,60,64,66,78,130,240,410,4600,6400,6800,19053,0,56,77.26319688580179,27.178896008990705,6842.618677997962,60762.42177084974
1769673003,50,,Aggregated,63.200000,0.000000,56,60,64,66,78,130,240,400,4600,6400,6800,19116,0,56,77.19317109798298,27.178896008990705,6842.618677997962,60762.91980539862
1769673004,50,,Aggregated,62.000000,0.000000,56,60,64,66,78,130,240,400,4600,6400,6800,19177,0,56,77.14145560233635,27.178896008990705,6842.618677997962,60756.64045471137
1769673005,50,,Aggregated,61.500000,0.000000,56,60,64,66,78,130,240,400,4600,6400,6800,19242,0,56,77.0800629760495,27.178896008990705,6842.618677997962,60764.13319821224
1769673006,50,,Aggregated,61.200000,0.000000,56,60,64,66,78,130,240,400,4600,6400,6800,19317,0,56,76.98639464871127,27.178896008990705,6842.618677997962,60756.2199099239
1769673007,50,,Aggregated,61.700000,0.000000,56,60,64,66,78,130,240,400,4600,6400,6800,19372,0,56,76.92799846764078,27.178896008990705,6842.618677997962,60743.67034895726
1769673008,50,,Aggregated,61.900000,0.000000,56,60,63,66,78,130,240,390,4600,6400,6800,19439,0,56,76.84853506384852,27.178896008990705,6842.618677997962,60743.82051545862
1769673009,50,,Aggregated,63.300000,0.000000,56,60,63,66,78,130,240,390,4600,6400,6800,19503,0,56,76.7653664725469,27.178896008990705,6842.618677997962,60745.3157975696
1769673010,50,,Aggregated,64.300000,0.000000,56,60,63,66,78,130,240,390,4600,6400,6800,19558,0,56,76.69740329957159,27.178896008990705,6842.618677997962,60739.101083955415
1769673011,50,,Aggregated,65.300000,0.000000,56,60,63,66,78,130,240,390,4600,6400,6800,19621,0,56,76.62959214877681,27.178896008990705,6842.618677997962,60739.55287701952
1769673012,50,,Aggregated,65.600000,0.000000,56,60,63,66,78,130,240,390,4600,6400,6800,19682,0,56,76.55802602368333,27.178896008990705,6842.618677997962,60739.207296006505
1769673013,50,,Aggregated,64.600000,0.000000,56,60,63,66,78,130,230,390,4600,6400,6800,19744,0,56,76.49074482071443,27.178896008990705,6842.618677997962,60730.31797001621
1769673014,50,,Aggregated,63.900000,0.000000,56,60,63,66,78,130,230,390,4600,6400,6800,19803,0,56,76.42389087987735,27.178896008990705,6842.618677997962,60729.23476240974
1769673015,50,,Aggregated,63.800000,0.000000,56,60,63,66,78,130,230,390,4600,6400,6800,19868,0,56,76.34892225992067,27.178896008990705,6842.618677997962,60728.55108717536
1769673016,50,,Aggregated,63.700000,0.000000,56,60,63,66,78,130,230,390,4600,6400,6800,19926,0,56,76.28296569357818,27.178896008990705,6842.618677997962,60723.80894308943
1769673017,50,,Aggregated,61.900000,0.000000,56,60,63,66,77,130,230,390,4600,6200,6800,20001,0,56,76.19647857903395,27.178896008990705,6842.618677997962,60715.926253687314
1769673018,50,,Aggregated,62.100000,0.000000,56,60,63,66,77,130,230,390,4600,6200,6800,20056,0,56,76.13712274443517,27.178896008990705,6842.618677997962,60716.06102911847
1769673019,50,,Aggregated,59.800000,0.000000,56,60,63,66,77,130,230,390,4600,6200,6800,20123,0,56,76.06080206402467,27.178896008990705,6842.618677997962,60708.78691050042
1769673020,50,,Aggregated,60.300000,0.000000,56,60,63,66,77,120,230,390,4600,6200,6800,20183,0,56,75.9973890637869,27.178896008990705,6842.618677997962,60701.737452311354
1769673021,50,,Aggregated,58.100000,0.000000,56,60,63,66,77,120,230,380,4600,6200,6800,20245,0,56,75.93967326196152,27.178896008990705,6842.618677997962,60699.919486292914
1769673022,50,,Aggregated,59.400000,0.000000,56,60,63,66,77,120,230,380,4600,6200,6800,20301,0,56,75.88709973914871,27.178896008990705,6842.618677997962,60696.36806068667
1769673023,50,,Aggregated,59.100000,0.000000,56,60,63,66,77,120,230,380,4600,6200,6800,20368,0,56,75.81731434300863,27.178896008990705,6842.618677997962,60694.54065200314
1769673024,50,,Aggregated,60.500000,0.000000,56,60,63,66,77,120,230,380,4600,6200,6800,20426,0,56,75.76010114307294,27.178896008990705,6842.618677997962,60696.4145207089
1769673025,50,,Aggregated,60.500000,0.000000,56,60,63,66,77,120,230,380,4600,6200,6800,20486,0,56,75.71026429772978,27.178896008990705,6842.618677997962,60680.5452016011
1769673026,50,,Aggregated,60.800000,0.000000,56,60,63,66,77,120,230,380,4600,6200,6800,20551,0,56,75.64457026627885,27.178896008990705,6842.618677997962,60686.49068171865
1769673027,50,,Aggregated,62.800000,0.000000,56,60,63,66,77,120,230,380,4600,6200,6800,20618,0,56,75.58781983486678,27.178896008990705,6842.618677997962,60687.39096905616
1769673028,50,,Aggregated,62.200000,0.000000,56,60,63,66,77,120,230,380,4600,6200,6800,20678,0,56,75.55134873533358,27.178896008990705,6842.618677997962,60679.69924557501
1769673029,50,,Aggregated,62.800000,0.000000,56,60,63,66,77,120,230,370,4600,6200,6800,20734,0,56,75.52186149335272,27.178896008990705,6842.618677997962,60682.47405228128
1769673030,50,,Aggregated,63.700000,0.000000,56,60,63,66,77,120,230,370,4600,6200,6800,20799,0,56,75.4727499025992,27.178896008990705,6842.618677997962,60687.6883984807
1769673031,50,,Aggregated,62.800000,0.000000,56,60,63,66,77,120,230,370,4600,6200,6800,20851,0,56,75.42953739763902,27.178896008990705,6842.618677997962,60697.4870270011
1769673032,50,,Aggregated,62.200000,0.000000,56,60,63,66,77,120,230,370,4600,6200,6800,20916,0,56,75.41886844263946,27.178896008990705,6842.618677997962,60697.83701472557
1769673033,50,,Aggregated,61.400000,0.000000,56,60,63,66,77,120,230,380,4600,6200,6800,20972,0,56,75.38228336574174,27.178896008990705,6842.618677997962,60693.826721342746
1769673034,50,,Aggregated,60.300000,0.000000,56,60,63,66,77,120,230,380,4400,6200,6800,21040,0,56,75.3461963562904,27.178896008990705,6842.618677997962,60705.840209125476
1769673035,50,,Aggregated,60.500000,0.000000,56,60,63,66,77,120,230,370,4400,6200,6800,21101,0,56,75.27631443383504,27.178896008990705,6842.618677997962,60715.064167574994
1769673036,50,,Aggregated,59.800000,0.000000,56,60,63,66,77,120,230,370,4400,6200,6800,21162,0,56,75.24032090777169,27.178896008990705,6842.618677997962,60727.29935733863
1769673037,50,,Aggregated,59.100000,0.000000,56,60,63,66,77,120,230,370,4400,6200,6800,21217,0,56,75.18153359190349,27.178896008990705,6842.618677997962,60725.40118772682
1769673038,50,,Aggregated,59.100000,0.000000,56,60,63,66,77,120,230,380,4400,6200,6800,21280,0,56,75.16329160547123,27.178896008990705,6842.618677997962,60738.15385338346
1769673039,50,,Aggregated,59.400000,0.000000,56,60,63,66,77,120,230,370,4400,6200,6800,21341,0,56,75.13872617793781,27.178896008990705,6842.618677997962,60746.41380441404
1769673040,50,,Aggregated,57.500000,0.000000,56,60,63,66,77,120,230,380,4400,6200,6800,21394,0,56,75.10813908260897,27.178896008990705,6842.618677997962,60759.72324016079
1769673041,50,,Aggregated,60.200000,0.000000,56,60,63,66,77,120,230,370,4400,6200,6800,21464,0,56,75.1001402494546,27.178896008990705,6842.618677997962,60774.711190831156
1769673042,50,,Aggregated,59.300000,0.000000,56,60,63,66,77,120,230,380,4400,6200,6800,21510,0,56,75.14349134794072,27.178896008990705,6842.618677997962,60787.168526266854
1769673043,50,,Aggregated,59.400000,0.000000,56,60,63,66,77,120,230,380,4400,6200,6800,21557,0,56,75.17436903039486,27.178896008990705,6842.618677997962,60817.74337802106
1769673044,50,,Aggregated,60.200000,0.000000,56,60,63,66,77,120,230,380,4400,6200,6800,21608,0,56,75.25977618591604,27.178896008990705,6842.618677997962,60822.61065346168
1769673045,50,,Aggregated,59.200000,0.000000,56,60,63,66,77,120,230,380,4400,6200,6800,21652,0,56,75.24254650532065,27.178896008990705,6842.618677997962,60851.69217624238
1769673046,50,,Aggregated,57.400000,0.000000,56,60,63,66,77,130,230,390,4400,6200,6800,21704,0,56,75.40775093246914,27.178896008990705,6842.618677997962,60875.00050681902
1769673047,50,,Aggregated,56.800000,0.000000,56,60,63,66,77,130,230,390,4400,6200,6800,21747,0,56,75.47555558658232,27.178896008990705,6842.618677997962,60891.284177127876
1769673049,50,,Aggregated,55.200000,0.000000,56,60,63,66,77,130,240,390,4400,6200,6800,21801,0,56,75.559824517844,27.178896008990705,6842.618677997962,60923.37878996376
1769673050,50,,Aggregated,54.000000,0.000000,56,60,63,66,77,130,240,400,4400,6200,6800,21851,0,56,75.64321832394384,27.178896008990705,6842.618677997962,60942.55434533889
1769673051,50,,Aggregated,52.400000,0.000000,56,60,63,66,77,130,240,400,4400,6200,6800,21901,0,56,75.72173299564042,27.178896008990705,6842.618677997962,60973.8326560431
1769673052,50,,Aggregated,50.300000,0.000000,56,60,63,66,77,130,240,410,4400,6200,6800,21944,0,56,75.76903814598614,27.178896008990705,6842.618677997962,60997.48186292381
1769673053,50,,Aggregated,50.200000,0.000000,56,60,63,66,78,130,240,410,4400,6200,6800,21991,0,56,75.88961073363834,27.178896008990705,6842.618677997962,60988.59410668001
1769673054,50,,Aggregated,47.500000,0.000000,56,60,63,66,78,130,240,410,4200,6200,6800,22045,0,56,76.0752221387746,27.178896008990705,6842.618677997962,60988.44318439555
1769673055,50,,Aggregated,46.800000,0.000000,56,60,63,66,78,130,240,410,4200,6200,6800,22099,0,56,76.09411822857632,27.178896008990705,6842.618677997962,61018.41802796507
1769673056,50,,Aggregated,47.300000,0.000000,56,60,63,66,78,130,240,410,4200,6200,6800,22146,0,56,76.09442809402758,27.178896008990705,6842.618677997962,61021.03499503296
1769673057,50,,Aggregated,47.700000,0.000000,56,60,63,66,79,130,240,410,4200,6200,6800,22200,0,56,76.13657769537059,27.178896008990705,6842.618677997962,61025.02990990991
1769673058,50,,Aggregated,47.800000,0.000000,56,60,63,66,79,140,240,410,4200,6200,6800,22254,0,56,76.21953865890391,27.178896008990705,6842.618677997962,61014.759593780895
1769673059,50,,Aggregated,48.600000,0.000000,56,60,63,66,79,140,240,410,4200,6200,6800,22308,0,56,76.22603126251437,27.178896008990705,6842.618677997962,61019.23318988703
1769673060,50,,Aggregated,50.400000,0.000000,56,60,63,66,79,140,240,410,4200,6200,6800,22373,0,56,76.29033688459296,27.178896008990705,6842.618677997962,61025.85263487239
1769673061,50,,Aggregated,50.100000,0.000000,56,60,63,66,79,140,240,410,4200,6200,6800,22422,0,56,76.37815773655623,27.178896008990705,6842.618677997962,61004.03710641334
1769673062,50,,Aggregated,48.800000,0.000000,56,60,63,66,79,140,240,410,4200,6200,6800,22478,0,56,76.383416325563,27.178896008990705,6842.618677997962,60989.397633241395
1769673063,50,,Aggregated,50.300000,0.000000,56,60,63,66,79,140,240,410,4200,6200,6800,22529,0,56,76.34578550286054,27.178896008990705,6842.618677997962,61002.23130187758
1769673064,50,,Aggregated,51.000000,0.000000,56,60,63,66,79,140,240,410,4200,6200,6800,22596,0,56,76.31614492276907,27.178896008990705,6842.618677997962,61003.152460612495
1769673065,50,,Aggregated,53.000000,0.000000,56,60,63,66,79,140,240,410,4200,6200,6800,22662,0,56,76.27844073373734,27.178896008990705,6842.618677997962,60997.156561645046
1769673066,50,,Aggregated,56.100000,0.000000,56,60,63,66,79,140,240,410,4200,6200,6800,22715,0,56,76.27771005965077,27.178896008990705,6842.618677997962,61001.4670922298
1769673067,50,,Aggregated,55.500000,0.000000,56,60,63,66,79,140,240,410,4200,6200,6800,22769,0,56,76.24605348091964,27.178896008990705,6842.618677997962,60990.370371997014
1769673068,50,,Aggregated,57.400000,0.000000,56,60,63,66,80,140,240,410,4200,6200,6800,22840,0,56,76.23791680849541,27.178896008990705,6842.618677997962,60980.70595446585
1769673069,50,,Aggregated,56.500000,0.000000,56,60,63,66,79,140,240,410,4200,6200,6800,22886,0,56,76.19143487568878,27.178896008990705,6842.618677997962,60976.263261382504
1769673070,50,,Aggregated,56.800000,0.000000,56,60,63,66,79,140,240,400,4200,6200,6800,22960,0,56,76.11965377974936,27.178896008990705,6842.618677997962,60974.67770034843
1769673071,50,,Aggregated,57.400000,0.000000,56,60,63,66,79,140,240,400,4100,6200,6800,23017,0,56,76.06249508681333,27.178896008990705,6842.618677997962,60966.610201155665
1769673072,50,,Aggregated,60.500000,0.000000,56,60,63,66,79,140,240,400,4100,6200,6800,23077,0,56,76.01180342202643,27.178896008990705,6842.618677997962,60955.777397408674
1769673073,50,,Aggregated,60.200000,0.000000,56,60,63,66,79,140,240,400,4100,6200,6800,23147,0,56,75.95568160599451,27.178896008990705,6842.618677997962,60954.195705707
1769673074,50,,Aggregated,60.400000,0.000000,56,60,63,66,79,140,240,400,4100,6200,6800,23205,0,56,75.90654110286268,27.178896008990705,6842.618677997962,60953.5604826546
1769673075,50,,Aggregated,60.600000,0.000000,56,60,63,66,79,140,240,400,4100,6200,6800,23278,0,56,75.84987488727317,27.178896008990705,6842.618677997962,60943.91687430192
1769673076,50,,Aggregated,57.900000,0.000000,56,60,63,66,79,140,240,390,4100,6200,6800,23338,0,56,75.8048461710583,27.178896008990705,6842.618677997962,60939.24676493273
1769673077,50,,Aggregated,58.600000,0.000000,56,60,63,66,79,140,240,390,4100,6200,6800,23397,0,56,75.75257320190939,27.178896008990705,6842.618677997962,60931.50703081592
1769673078,50,,Aggregated,59.000000,0.000000,56,60,63,66,79,140,240,390,4100,6200,6800,23463,0,56,75.68529775280032,27.178896008990705,6842.618677997962,60921.629373907854
1769673079,50,,Aggregated,60.000000,0.000000,56,60,63,66,79,140,240,390,4100,6200,6800,23515,0,56,75.64094912285475,27.178896008990705,6842.618677997962,60913.85086115246
1769673080,50,,Aggregated,60.200000,0.000000,55,60,63,66,79,140,240,390,4100,6200,6800,23572,0,55,75.58984889356122,27.178896008990705,6842.618677997962,60915.96232818598
1769673081,50,,Aggregated,60.700000,0.000000,55,60,63,66,79,140,240,390,4100,6200,6800,23630,0,55,75.534439467838,27.178896008990705,6842.618677997962,60910.94375793483
1769673082,50,,Aggregated,60.200000,0.000000,55,60,63,66,79,140,240,390,4100,6200,6800,23699,0,55,75.46629549499494,27.178896008990705,6842.618677997962,60909.21819486054
1769673083,50,,Aggregated,60.200000,0.000000,55,60,63,66,78,140,240,390,4100,6200,6800,23758,0,55,75.43882137566283,27.178896008990705,6842.618677997962,60902.495832982575
1769673084,50,,Aggregated,62.700000,0.000000,55,60,63,66,78,140,240,390,4100,6200,6800,23825,0,55,75.37353556004015,27.178896008990705,6842.618677997962,60901.243231899265
1769673085,50,,Aggregated,61.800000,0.000000,55,60,63,66,78,140,240,390,4100,6200,6800,23885,0,55,75.32033588139113,27.178896008990705,6842.618677997962,60893.07544483986
1769673086,50,,Aggregated,63.100000,0.000000,55,60,63,66,78,140,240,390,4100,6200,6800,23954,0,55,75.25115738027655,27.178896008990705,6842.618677997962,60895.97925189947
1769673087,50,,Aggregated,63.600000,0.000000,55,60,63,66,78,140,240,390,4000,6200,6800,24020,0,55,75.19837574679917,27.178896008990705,6842.618677997962,60892.667152373026
1769673088,50,,Aggregated,62.600000,0.000000,55,60,63,66,78,130,240,390,4000,6200,6800,24101,0,55,75.13332171263482,27.178896008990705,6842.618677997962,60887.15086510933
1769673089,50,,Aggregated,63.500000,0.000000,55,60,63,66,78,130,240,390,4000,6200,6800,24176,0,55,75.0604735528751,27.178896008990705,6842.618677997962,60885.08140304434
1769673090,50,,Aggregated,62.100000,0.000000,55,60,63,66,78,130,240,390,4000,6200,6800,24228,0,55,75.01277605755524,27.178896008990705,6842.618677997962,60878.04767211491
1769673091,50,,Aggregated,63.600000,0.000000,55,60,63,66,78,130,240,390,4000,6200,6800,24297,0,55,74.95103516250727,27.178896008990705,6842.618677997962,60878.42420875005
1769673092,50,,Aggregated,64.100000,0.000000,55,60,63,66,78,130,240,390,4000,6200,6800,24354,0,55,74.89827726219686,27.178896008990705,6842.618677997962,60872.83563275027
1769673093,50,,Aggregated,63.300000,0.000000,55,60,63,66,78,130,240,380,4000,6200,6800,24410,0,55,74.85395511644846,27.178896008990705,6842.618677997962,60870.32478492421
1769673094,50,,Aggregated,62.700000,0.000000,55,60,63,66,78,130,240,380,4000,6200,6800,24480,0,55,74.80448424867657,27.178896008990705,6842.618677997962,60868.299550653595
1769673095,50,,Aggregated,63.500000,0.000000,55,60,63,66,78,130,230,380,4000,6200,6800,24531,0,55,74.75836653607945,27.178896008990705,6842.618677997962,60868.7792588969
1769673096,50,,Aggregated,63.300000,0.000000,55,60,63,66,78,130,230,380,4000,6200,6800,24588,0,55,74.7088621355327,27.178896008990705,6842.618677997962,60864.211566617865
1769673097,50,,Aggregated,63.100000,0.000000,55,60,63,66,78,130,230,380,4000,6200,6800,24652,0,55,74.64734294266081,27.178896008990705,6842.618677997962,60861.19130293688
1769673098,50,,Aggregated,63.200000,0.000000,55,60,63,66,77,130,230,380,4000,6200,6800,24714,0,55,74.59765200119307,27.178896008990705,6842.618677997962,60852.7098001133
1769673099,50,,Aggregated,62.100000,0.000000,55,60,63,66,77,130,230,380,4000,6200,6800,24776,0,55,74.54652545780301,27.178896008990705,6842.618677997962,60855.48236196319
1769673100,50,,Aggregated,62.900000,0.000000,55,60,63,66,77,130,230,380,4000,6200,6800,24834,0,55,74.49740388409087,27.178896008990705,6842.618677997962,60852.16344527664
1769673101,50,,Aggregated,62.300000,0.000000,55,60,63,66,77,130,230,380,4000,6200,6800,24904,0,55,74.43659853632252,27.178896008990705,6842.618677997962,60852.86170896242
1769673102,50,,Aggregated,61.500000,0.000000,55,60,63,66,77,130,230,380,4000,6200,6800,24969,0,55,74.385322185451,27.178896008990705,6842.618677997962,60847.79005967399
1769673103,50,,Aggregated,62.000000,0.000000,55,60,63,66,77,130,230,380,4000,6200,6800,25030,0,55,74.33356975750901,27.178896008990705,6842.618677997962,60847.81566120655
1769673104,50,,Aggregated,61.200000,0.000000,55,60,63,66,77,130,230,380,4000,6200,6800,25079,0,55,74.29054164238983,27.178896008990705,6842.618677997962,60837.86406954025
1769673105,50,,Aggregated,61.100000,0.000000,55,60,63,66,77,130,230,380,4000,6200,6800,25149,0,55,74.23213869412655,27.178896008990705,6842.618677997962,60839.2964730208
1769673106,50,,Aggregated,60.500000,0.000000,55,60,63,66,77,130,230,380,4000,6200,6800,25207,0,55,74.1849204404521,27.178896008990705,6842.618677997962,60832.54088150117
1769673107,50,,Aggregated,59.600000,0.000000,55,60,63,66,77,130,230,380,4000,6200,6800,25272,0,55,74.13049422813782,27.178896008990705,6842.618677997962,60831.70651313707
1769673108,50,,Aggregated,59.700000,0.000000,55,60,63,66,77,130,230,370,4000,6200,6800,25323,0,55,74.08872924880691,27.178896008990705,6842.618677997962,60831.88674327686
1769673109,50,,Aggregated,61.400000,0.000000,55,60,63,66,77,130,230,370,4000,6200,6800,25381,0,55,74.0381421477691,27.178896008990705,6842.618677997962,60828.17079705292
1769673110,50,,Aggregated,60.600000,0.000000,55,60,63,65,77,130,230,370,4000,6200,6800,25457,0,55,73.9847798116255,27.178896008990705,6842.618677997962,60826.178104254235
1769673111,50,,Aggregated,59.300000,0.000000,55,59,63,65,77,130,230,370,4000,6200,6800,25511,0,55,73.9468628125328,27.178896008990705,6842.618677997962,60824.0927051076
1769673112,50,,Aggregated,58.700000,0.000000,55,59,63,65,77,130,230,370,4000,6200,6800,25578,0,55,73.89065977123064,27.178896008990705,6842.618677997962,60815.186410196264
1769673113,50,,Aggregated,60.300000,0.000000,55,59,63,65,77,130,230,370,4000,6200,6800,25645,0,55,73.84590851715886,27.178896008990705,6842.618677997962,60819.07198284266
1769673114,50,,Aggregated,59.600000,0.000000,55,59,63,65,77,130,230,370,4000,6200,6800,25698,0,55,73.80440679864061,27.178896008990705,6842.618677997962,60813.50614833839
1769673115,50,,Aggregated,60.500000,0.000000,55,59,63,65,77,130,230,370,4000,6200,6800,25764,0,55,73.7567442856505,27.178896008990705,6842.618677997962,60810.22213165658
1769673116,50,,Aggregated,61.800000,0.000000,55,59,63,65,77,130,230,370,4000,6200,6800,25832,0,55,73.70978500137805,27.178896008990705,6842.618677997962,60812.200720037166
1769673117,50,,Aggregated,61.300000,0.000000,55,59,63,65,77,130,230,370,4000,6200,6800,25901,0,55,73.6676321177374,27.178896008990705,6842.618677997962,60805.89459866414
1769673118,50,,Aggregated,61.700000,0.000000,55,59,63,65,77,130,230,370,4000,6200,6800,25966,0,55,73.63209046505207,27.178896008990705,6842.618677997962,60808.61526611723
1769673119,50,,Aggregated,61.100000,0.000000,55,59,63,65,77,130,230,370,3900,6200,6800,26020,0,55,73.59316690290521,27.178896008990705,6842.618677997962,60802.00507302075
1769673120,50,,Aggregated,62.700000,0.000000,55,59,63,65,77,130,230,370,3900,6200,6800,26078,0,55,73.58387698203794,27.178896008990705,6842.618677997962,60800.66350947158
1769673121,50,,Aggregated,63.300000,0.000000,55,59,63,65,76,130,230,370,3900,6200,6800,26133,0,55,73.55473878960377,27.178896008990705,6842.618677997962,60806.91849385834
1769673122,50,,Aggregated,63.500000,0.000000,55,59,63,65,76,130,230,370,3900,6200,6800,26198,0,55,73.51686471988977,27.178896008990705,6842.618677997962,60808.2852507825
1769673124,50,,Aggregated,61.700000,0.000000,55,59,63,65,76,130,230,370,3900,6200,6800,26258,0,55,73.47423139716014,27.178896008990705,6842.618677997962,60812.9387615203
1769673125,50,,Aggregated,60.800000,0.000000,55,59,63,65,76,130,230,370,3900,6200,6800,26325,0,55,73.49511949928541,27.178896008990705,6842.618677997962,60800.00292497626
1769673126,50,,Aggregated,60.100000,0.000000,55,59,63,65,76,130,230,370,3900,6200,6800,26386,0,55,73.47050954573159,27.178896008990705,6842.618677997962,60811.238687182595
1769673127,50,,Aggregated,61.800000,0.000000,55,59,63,65,76,130,230,370,3900,6200,6800,26444,0,55,73.43041112965669,27.178896008990705,6842.618677997962,60817.10928755105
1769673128,50,,Aggregated,61.300000,0.000000,55,59,63,65,76,130,230,370,3900,6200,6800,26506,0,55,73.41033003070451,27.178896008990705,6842.618677997962,60827.16932015393
1769673129,50,,Aggregated,60.600000,0.000000,55,59,63,65,76,130,230,370,3900,6200,6800,26571,0,55,73.39142384558784,27.178896008990705,6842.618677997962,60822.73237740394
1769673130,50,,Aggregated,59.800000,0.000000,55,59,63,65,76,130,230,370,3900,6200,6800,26634,0,55,73.40210152189664,27.178896008990705,6842.618677997962,60836.17045881205
1769673131,50,,Aggregated,60.000000,0.000000,55,59,63,65,76,130,230,370,3900,6200,6800,26692,0,55,73.38487173735123,27.178896008990705,6842.618677997962,60842.91806533793
1769673132,50,,Aggregated,60.600000,0.000000,55,59,63,65,76,130,230,370,3900,6200,6800,26742,0,55,73.36919913417894,27.178896008990705,6842.618677997962,60853.74594271184
1769673133,50,,Aggregated,60.400000,0.000000,55,59,63,65,76,130,230,370,3900,6200,6800,26812,0,55,73.35593862465082,27.178896008990705,6842.618677997962,60855.5965239445
1769673134,50,,Aggregated,60.000000,0.000000,55,59,63,65,76,130,230,370,3900,6200,6800,26874,0,55,73.3801828256389,27.178896008990705,6842.618677997962,60848.992706705365
1769673135,50,,Aggregated,59.700000,0.000000,55,59,63,65,76,130,230,370,3900,6200,6800,26928,0,55,73.35163883007255,27.178896008990705,6842.618677997962,60868.279411764706
1769673136,50,,Aggregated,61.200000,0.000000,55,59,63,65,76,130,230,370,3900,6200,6800,26989,0,55,73.38683990233531,27.178896008990705,6842.618677997962,60880.44388454556
1769673137,50,,Aggregated,59.700000,0.000000,55,59,63,65,76,130,230,370,3900,6200,6800,27030,0,55,73.44021160170436,27.178896008990705,6842.618677997962,60888.05320014798
1769673138,50,,Aggregated,59.700000,0.000000,55,59,63,65,76,130,230,370,3900,6200,6800,27089,0,55,73.48630376215334,27.178896008990705,6842.618677997962,60909.93303554948
1769673139,50,,Aggregated,58.000000,0.000000,55,59,63,65,77,130,230,370,3900,6200,6800,27129,0,55,73.5160552919384,27.178896008990705,6842.618677997962,60931.417597404994
1769673140,50,,Aggregated,56.900000,0.000000,55,59,63,65,77,130,230,380,3900,6200,6800,27171,0,55,73.55168956725946,27.178896008990705,6842.618677997962,60950.37786610725
1769673141,50,,Aggregated,55.400000,0.000000,55,60,63,65,77,130,230,390,3900,6200,6800,27224,0,55,73.77493065420394,27.178896008990705,6842.618677997962,60935.006097560974
1769673142,50,,Aggregated,53.900000,0.000000,55,60,63,65,77,130,230,390,3900,6200,6800,27280,0,55,73.87991407580706,27.178896008990705,6842.618677997962,60958.07576979472
1769673143,50,,Aggregated,52.900000,0.000000,55,60,63,65,77,130,230,390,3900,6200,6800,27327,0,55,73.89374460083448,27.178896008990705,6842.618677997962,60989.81600614777
1769673144,50,,Aggregated,54.100000,0.000000,55,60,63,66,77,130,240,390,3900,6200,6800,27379,0,55,73.95293731035729,27.178896008990705,6842.618677997962,60998.84637861134
1769673145,50,,Aggregated,52.700000,0.000000,55,60,63,66,77,130,240,390,3900,6200,6800,27432,0,55,74.03023729860303,27.178896008990705,6842.618677997962,61007.25918635171
1769673146,50,,Aggregated,50.000000,0.000000,55,60,63,66,77,130,240,390,3900,6200,6800,27479,0,55,74.07255974545221,27.178896008990705,6842.618677997962,61024.43283962298
1769673147,50,,Aggregated,49.700000,0.000000,55,60,63,66,77,130,240,390,3900,6200,6800,27515,0,55,74.08962639132109,27.178896008990705,6842.618677997962,61038.09950935853
1769673148,50,,Aggregated,47.300000,0.000000,55,60,63,66,77,140,240,390,3900,6200,6800,27583,0,55,74.2485337973517,27.178896008990705,6842.618677997962,61045.806184969006
1769673149,50,,Aggregated,48.700000,0.000000,55,60,63,66,78,140,240,400,3900,6200,6800,27633,0,55,74.33296953332037,27.178896008990705,6842.618677997962,61044.12528498534
1769673150,50,,Aggregated,48.700000,0.000000,55,60,63,66,78,140,240,400,3900,6200,6800,27693,0,55,74.3615716256936,27.178896008990705,6842.618677997962,61051.54140035388
1769673151,50,,Aggregated,50.100000,0.000000,55,60,63,66,78,140,240,400,3900,6200,6800,27753,0,55,74.48307620719716,27.178896008990705,6842.618677997962,61035.62901307967
1769673152,50,,Aggregated,50.200000,0.000000,55,60,63,66,78,140,240,400,3900,6200,6800,27802,0,55,74.5101967932284,27.178896008990705,6842.618677997962,61038.01535860729
1769673153,50,,Aggregated,48.400000,0.000000,55,60,63,66,78,140,240,400,3900,6200,6800,27856,0,55,74.54241508857561,27.178896008990705,6842.618677997962,61029.48761487651
1769673154,50,,Aggregated,49.300000,0.000000,55,60,63,66,78,140,240,400,3900,6200,6800,27911,0,55,74.52038341627454,27.178896008990705,6842.618677997962,61031.01719752069
1769673155,50,,Aggregated,50.600000,0.000000,55,60,63,66,78,140,240,400,3900,6200,6800,27976,0,55,74.49706581089798,27.178896008990705,6842.618677997962,61038.61206033743
1769673156,50,,Aggregated,52.000000,0.000000,55,60,63,66,78,140,240,400,3800,6200,6800,28026,0,55,74.47753905308069,27.178896008990705,6842.618677997962,61042.76371940341
1769673157,50,,Aggregated,54.000000,0.000000,55,60,63,66,78,140,240,400,3800,6200,6800,28093,0,55,74.46031267713066,27.178896008990705,6842.618677997962,61044.71861317766
1769673158,50,,Aggregated,56.100000,0.000000,55,60,63,66,78,140,240,400,3800,6200,6800,28155,0,55,74.43402263657282,27.178896008990705,6842.618677997962,61039.642798792396
1769673159,50,,Aggregated,56.600000,0.000000,55,60,63,66,79,140,240,400,3800,6200,6800,28223,0,55,74.4500996372324,27.178896008990705,6842.618677997962,61035.2539063884
1769673160,50,,Aggregated,57.500000,0.000000,55,60,63,66,79,140,240,400,3800,6200,6800,28282,0,55,74.44745758643704,27.178896008990705,6842.618677997962,61028.07177710204
1769673161,50,,Aggregated,57.300000,0.000000,55,60,63,66,79,140,240,400,3800,6200,6800,28348,0,55,74.42496498443016,27.178896008990705,6842.618677997962,61020.871172569496
1769673162,50,,Aggregated,55.600000,0.000000,55,60,63,66,78,140,240,400,3800,6200,6800,28411,0,55,74.40257473325995,27.178896008990705,6842.618677997962,61017.47207067685
1769673163,50,,Aggregated,59.900000,0.000000,55,60,63,66,78,140,240,400,3800,6200,6800,28483,0,55,74.35776379394032,27.178896008990705,6842.618677997962,61011.36298844925
1769673164,50,,Aggregated,58.400000,0.000000,55,60,63,66,78,140,240,400,3800,6200,6800,28550,0,55,74.30994123884071,27.178896008990705,6842.618677997962,61008.771628721544
1769673165,50,,Aggregated,58.900000,0.000000,55,60,63,66,78,140,240,390,3800,6200,6800,28606,0,55,74.27159808641181,27.178896008990705,6842.618677997962,61004.16968468153
1769673166,50,,Aggregated,59.500000,0.000000,55,60,63,66,78,140,240,390,3800,6200,6800,28668,0,55,74.22869776269596,27.178896008990705,6842.618677997962,61003.947537323846
1769673167,50,,Aggregated,59.400000,0.000000,55,60,63,66,78,140,240,390,3800,6200,6800,28718,0,55,74.19083735360736,27.178896008990705,6842.618677997962,60996.264642384565
1769673168,50,,Aggregated,59.400000,0.000000,55,60,63,66,78,140,240,390,3800,6200,6800,28779,0,55,74.15874758034754,27.178896008990705,6842.618677997962,60986.19826957156
1769673169,50,,Aggregated,60.300000,0.000000,55,60,63,66,78,140,240,390,3800,6200,6800,28828,0,55,74.12281590751346,27.178896008990705,6842.618677997962,60988.90065214375
1769673170,50,,Aggregated,59.500000,0.000000,55,60,63,66,78,140,240,390,3800,6200,6800,28895,0,55,74.0775739691575,27.178896008990705,6842.618677997962,60981.346599757744
1769673171,50,,Aggregated,60.300000,0.000000,55,60,63,66,78,140,240,390,3800,6200,6800,28956,0,55,74.05244413702515,27.178896008990705,6842.618677997962,60974.61417322834
1769673172,50,,Aggregated,62.100000,0.000000,55,60,63,66,78,140,240,390,3700,6200,6800,29019,0,55,74.03229322721972,27.178896008990705,6842.618677997962,60968.4395051518
1769673173,50,,Aggregated,61.300000,0.000000,55,60,63,66,78,140,240,390,3700,6200,6800,29074,0,55,73.99951119380262,27.178896008990705,6842.618677997962,60971.18951640641
1769673174,50,,Aggregated,61.600000,0.000000,55,60,63,66,78,140,240,390,3700,6200,6800,29148,0,55,73.95060540804621,27.178896008990705,6842.618677997962,60966.642170989435
1769673175,50,,Aggregated,61.600000,0.000000,55,60,63,66,78,140,240,390,3700,6200,6800,29206,0,55,73.91024649259215,27.178896008990705,6842.618677997962,60963.2359446689
1769673176,50,,Aggregated,60.600000,0.000000,55,60,63,66,78,140,240,390,3700,6200,6800,29273,0,55,73.85986765032071,27.178896008990705,6842.618677997962,60960.968161787314
1769673177,50,,Aggregated,60.600000,0.000000,55,60,63,66,78,140,240,390,3700,6200,6800,29335,0,55,73.82295933812698,27.178896008990705,6842.618677997962,60958.44264530425
1769673178,50,,Aggregated,60.100000,0.000000,55,60,63,66,78,140,240,390,3700,6200,6800,29398,0,55,73.77868800465711,27.178896008990705,6842.618677997962,60958.02452547792
1769673179,50,,Aggregated,59.900000,0.000000,55,59,63,66,78,140,240,390,3700,6200,6800,29468,0,55,73.73041894753578,27.178896008990705,6842.618677997962,60955.67978824487
1769673180,50,,Aggregated,60.900000,0.000000,55,59,63,66,78,140,240,390,3700,6200,6800,29531,0,55,73.68411696095859,27.178896008990705,6842.618677997962,60950.137922860726
1769673181,50,,Aggregated,59.900000,0.000000,55,59,63,66,77,140,240,390,3700,6200,6800,29594,0,55,73.64670606193923,27.178896008990705,6842.618677997962,60949.00554166385
1769673182,50,,Aggregated,62.100000,0.000000,55,59,63,66,77,140,230,390,3700,6200,6800,29662,0,55,73.60414228690239,27.178896008990705,6842.618677997962,60946.75598408739
1769673183,50,,Aggregated,62.300000,0.000000,55,59,63,66,77,140,230,380,3700,6200,6800,29727,0,55,73.56088848256074,27.178896008990705,6842.618677997962,60942.599791435394
1769673185,50,,Aggregated,62.900000,0.000000,55,59,63,66,77,130,230,380,3700,6200,6800,29795,0,55,73.51643820527583,27.178896008990705,6842.618677997962,60935.74042624601
1769673186,50,,Aggregated,63.600000,0.000000,55,59,63,65,77,130,230,380,3700,6200,6800,29853,0,55,73.47641594118197,27.178896008990705,6842.618677997962,60933.413693766124
1769673187,50,,Aggregated,63.500000,0.000000,55,59,63,65,77,130,230,380,3700,6200,6800,29915,0,55,73.43898674083674,27.178896008990705,6842.618677997962,60926.91602874812
1769673188,50,,Aggregated,64.000000,0.000000,55,59,63,65,77,130,230,380,3700,6200,6800,29971,0,55,73.41066080524952,27.178896008990705,6842.618677997962,60928.72426679123
1769673189,50,,Aggregated,63.400000,0.000000,55,59,63,65,77,130,230,380,3700,6200,6800,30025,0,55,73.37611909406044,27.178896008990705,6842.618677997962,60927.86957535387
1769673190,50,,Aggregated,63.100000,0.000000,55,59,63,65,77,130,230,380,3700,6200,6800,30101,0,55,73.32870924259447,27.178896008990705,6842.618677997962,60927.561144148036
1769673191,50,,Aggregated,62.200000,0.000000,55,59,63,65,77,130,230,380,3700,6200,6800,30158,0,55,73.28969471660166,27.178896008990705,6842.618677997962,60924.04463160687
1769673192,50,,Aggregated,62.700000,0.000000,55,59,63,65,77,130,230,380,3700,6200,6800,30222,0,55,73.25293245100221,27.178896008990705,6842.618677997962,60922.29038448812
1769673193,50,,Aggregated,61.800000,0.000000,55,59,63,65,77,130,230,380,3700,6200,6800,30284,0,55,73.20980883308587,27.178896008990705,6842.618677997962,60919.05709285431
1769673194,50,,Aggregated,62.100000,0.000000,55,59,63,65,77,130,230,380,3700,6200,6800,30354,0,55,73.1702138352822,27.178896008990705,6842.618677997962,60919.65539961784
1769673195,50,,Aggregated,61.800000,0.000000,55,59,63,65,77,130,230,380,3700,6200,6800,30410,0,55,73.13351297119469,27.178896008990705,6842.618677997962,60917.720092074975
1769673196,50,,Aggregated,62.100000,0.000000,55,59,63,65,77,130,230,380,3700,6200,6800,30477,0,55,73.08904900348433,27.178896008990705,6842.618677997962,60913.39987531581
1769673197,50,,Aggregated,61.500000,0.000000,55,59,63,65,77,130,230,380,3700,6200,6800,30547,0,55,73.05082684284248,27.178896008990705,6842.618677997962,60909.97682260124
1769673198,50,,Aggregated,62.200000,0.000000,55,59,63,65,77,130,230,370,3700,6200,6800,30608,0,55,73.01200178091705,27.178896008990705,6842.618677997962,60909.2678384736
1769673199,50,,Aggregated,62.900000,0.000000,55,59,63,65,77,130,230,370,3700,6200,6800,30678,0,55,72.96735146062835,27.178896008990705,6842.618677997962,60906.84979464111
1769673200,50,,Aggregated,63.200000,0.000000,55,59,63,65,77,130,230,370,3700,6200,6800,30743,0,55,72.92622941265456,27.178896008990705,6842.618677997962,60898.2489997723
1769673201,50,,Aggregated,64.000000,0.000000,55,59,63,65,77,130,230,370,3700,6200,6800,30800,0,55,72.89472212919509,27.178896008990705,6842.618677997962,60897.840064935066
1769673202,50,,Aggregated,62.600000,0.000000,55,59,63,65,77,130,230,370,3700,6200,6800,30860,0,55,72.86157585814189,27.178896008990705,6842.618677997962,60895.97278029812
1769673203,50,,Aggregated,63.200000,0.000000,55,59,63,65,77,130,230,370,3700,6200,6800,30926,0,55,72.82668021981917,27.178896008990705,6842.618677997962,60895.874797904675
1769673204,50,,Aggregated,63.000000,0.000000,55,59,63,65,77,130,230,370,3700,6200,6800,30995,0,55,72.78230232970104,27.178896008990705,6842.618677997962,60893.887852879496
1769673205,50,,Aggregated,63.300000,0.000000,55,59,63,65,77,130,230,370,3400,6200,6800,31052,0,55,72.74845736754901,27.178896008990705,6842.618677997962,60893.838464511144
1769673206,50,,Aggregated,62.700000,0.000000,55,59,63,65,77,130,230,370,3400,6200,6800,31116,0,55,72.7180097209827,27.178896008990705,6842.618677997962,60890.88247204011
1769673207,50,,Aggregated,63.600000,0.000000,55,59,63,65,77,130,230,370,3400,6200,6800,31173,0,55,72.68382303670023,27.178896008990705,6842.618677997962,60886.94286722484
1769673208,50,,Aggregated,61.800000,0.000000,55,59,63,65,77,130,230,370,3400,6200,6800,31232,0,55,72.65589672591913,27.178896008990705,6842.618677997962,60881.61683529713
1769673209,50,,Aggregated,61.900000,0.000000,55,59,63,65,77,130,230,370,3400,6200,6800,31303,0,55,72.62121481288813,27.178896008990705,6842.618677997962,60881.68542951155
1769673210,50,,Aggregated,61.100000,0.000000,55,59,63,65,77,130,230,370,3400,6200,6800,31347,0,55,72.59674250702996,27.178896008990705,6842.618677997962,60883.00373241459
1769673211,50,,Aggregated,62.400000,0.000000,55,59,63,65,77,130,230,370,3400,6200,6800,31416,0,55,72.56652772911474,27.178896008990705,6842.618677997962,60875.55427170869
1769673212,50,,Aggregated,60.900000,0.000000,55,59,63,65,77,130,230,370,3400,6200,6800,31467,0,55,72.53964673575659,27.178896008990705,6842.618677997962,60876.90571074459
1769673213,50,,Aggregated,61.000000,0.000000,55,59,63,65,77,130,230,370,3400,6200,6800,31538,0,55,72.51084993630093,27.178896008990705,6842.618677997962,60873.476282579744
1769673214,50,,Aggregated,60.500000,0.000000,55,59,63,65,77,130,230,370,3400,6200,6800,31603,0,55,72.47715385814412,27.178896008990705,6842.618677997962,60875.72882321299
1769673215,50,,Aggregated,60.000000,0.000000,55,59,63,65,76,130,230,370,3400,6200,6800,31653,0,55,72.46458979811776,27.178896008990705,6842.618677997962,60881.25210880485
1769673216,50,,Aggregated,60.600000,0.000000,55,59,63,65,76,130,230,370,3400,6200,6800,31719,0,55,72.44354562230572,27.178896008990705,6842.618677997962,60879.77540275545
1769673217,50,,Aggregated,59.000000,0.000000,55,59,63,65,76,130,230,370,3400,6200,6800,31778,0,55,72.4183772255622,27.178896008990705,6842.618677997962,60881.18597772044
1769673218,50,,Aggregated,60.100000,0.000000,55,59,63,65,76,130,230,370,3400,6200,6800,31834,0,55,72.39125585587718,27.178896008990705,6842.618677997962,60875.9825972231
1769673219,50,,Aggregated,59.500000,0.000000,55,59,63,65,76,130,230,370,3400,6200,6800,31898,0,55,72.37495777587694,27.178896008990705,6842.618677997962,60881.60430121011
1769673220,50,,Aggregated,59.700000,0.000000,55,59,63,65,76,130,230,370,3400,6200,6800,31962,0,55,72.33095058428863,27.178896008990705,6842.618677997962,60888.027282397845
1769673221,50,,Aggregated,59.000000,0.000000,55,59,63,65,76,130,230,370,3100,6200,6800,32023,0,55,72.30491483105644,27.178896008990705,6842.618677997962,60895.736095931046
1769673222,50,,Aggregated,60.400000,0.000000,55,59,63,65,76,130,230,370,3100,6200,6800,32086,0,55,72.30476795757296,27.178896008990705,6842.618677997962,60894.638191111386
1769673223,50,,Aggregated,59.900000,0.000000,55,59,63,65,76,130,230,370,3100,6200,6800,32151,0,55,72.27672910506342,27.178896008990705,6842.618677997962,60896.52150788467
1769673224,50,,Aggregated,59.700000,0.000000,55,59,63,65,76,130,230,370,3100,6200,6800,32204,0,55,72.26931746133513,27.178896008990705,6842.618677997962,60908.15687492237
1769673225,50,,Aggregated,60.800000,0.000000,55,59,63,65,76,130,230,370,3100,6200,6800,32269,0,55,72.27679664668867,27.178896008990705,6842.618677997962,60903.7133781648
1769673226,50,,Aggregated,60.300000,0.000000,55,59,63,65,76,130,230,370,3100,6200,6800,32317,0,55,72.30561666470024,27.178896008990705,6842.618677997962,60912.92669492836
1769673227,50,,Aggregated,59.600000,0.000000,55,59,63,65,77,130,230,370,3100,6200,6800,32387,0,55,72.33357621045391,27.178896008990705,6842.618677997962,60913.03881186896
1769673228,50,,Aggregated,60.200000,0.000000,55,59,63,65,76,130,230,370,3100,6200,6800,32428,0,55,72.3270038031288,27.178896008990705,6842.618677997962,60937.150764771184
1769673229,50,,Aggregated,60.100000,0.000000,55,59,63,65,77,130,230,370,3100,6200,6800,32484,0,55,72.33628677483789,27.178896008990705,6842.618677997962,60950.02921438246
1769673230,50,,Aggregated,59.700000,0.000000,55,59,63,65,77,130,230,370,3100,6200,6800,32545,0,55,72.37983359941391,27.178896008990705,6842.618677997962,60957.05970195115
1769673231,50,,Aggregated,57.500000,0.000000,55,59,63,65,77,130,230,380,3100,6200,6800,32587,0,55,72.43855825715363,27.178896008990705,6842.618677997962,60958.86957989382
1769673232,50,,Aggregated,57.700000,0.000000,55,59,63,65,77,130,230,380,3100,6200,6800,32639,0,55,72.48603128517745,27.178896008990705,6842.618677997962,60977.00830295046
1769673233,50,,Aggregated,56.800000,0.000000,55,59,63,65,77,130,230,380,3100,6200,6800,32691,0,55,72.534015442406,27.178896008990705,6842.618677997962,60994.18105900707
1769673234,50,,Aggregated,56.300000,0.000000,55,59,63,65,77,130,230,380,3100,6200,6800,32747,0,55,72.58279040121725,27.178896008990705,6842.618677997962,61018.47442513818
1769673235,50,,Aggregated,54.600000,0.000000,55,59,63,65,77,130,230,380,3100,6200,6800,32788,0,55,72.66478285698264,27.178896008990705,6842.618677997962,61011.13489691351
1769673236,50,,Aggregated,52.900000,0.000000,55,59,63,65,77,130,230,390,3100,6200,6800,32842,0,55,72.73587756147084,27.178896008990705,6842.618677997962,61030.473326837586
1769673237,50,,Aggregated,52.900000,0.000000,55,59,63,65,77,130,240,390,3100,6200,6800,32894,0,55,72.78896684552814,27.178896008990705,6842.618677997962,61041.54605703168
1769673238,50,,Aggregated,52.700000,0.000000,55,59,63,65,77,130,240,390,3100,6200,6800,32942,0,55,72.84974900740164,27.178896008990705,6842.618677997962,61049.24109040131
1769673239,50,,Aggregated,49.600000,0.000000,55,59,63,65,77,140,240,390,3100,6200,6800,33007,0,55,72.93138458595098,27.178896008990705,6842.618677997962,61056.55339776411
1769673240,50,,Aggregated,49.300000,0.000000,55,59,63,65,77,140,240,390,3100,6200,6800,33056,0,55,72.959169159559,27.178896008990705,6842.618677997962,61063.694578896415
1769673241,50,,Aggregated,50.000000,0.000000,55,59,63,65,78,140,240,390,3100,6200,6800,33110,0,55,73.01697640131488,27.178896008990705,6842.618677997962,61066.290818483845
1769673242,50,,Aggregated,50.300000,0.000000,55,59,63,65,78,140,240,390,3100,6200,6800,33156,0,55,73.04261692223442,27.178896008990705,6842.618677997962,61063.47279527084
1769673243,50,,Aggregated,50.400000,0.000000,55,59,63,66,78,140,240,390,3100,6200,6800,33200,0,55,73.09178142399185,27.178896008990705,6842.618677997962,61068.56831325301
1769673244,50,,Aggregated,51.400000,0.000000,55,59,63,66,78,140,240,390,3100,6200,6800,33265,0,55,73.11333780419467,27.178896008990705,6842.618677997962,61076.60892830302
1769673245,50,,Aggregated,50.400000,0.000000,55,59,63,66,78,140,240,390,3100,6200,6800,33322,0,55,73.18047785737782,27.178896008990705,6842.618677997962,61074.97260068423
1769673246,50,,Aggregated,50.600000,0.000000,55,59,63,66,78,140,240,390,3100,6200,6800,33389,0,55,73.20603371648048,27.178896008990705,6842.618677997962,61068.71900925454
1769673247,50,,Aggregated,51.000000,0.000000,55,59,63,66,78,140,240,390,3100,6200,6800,33440,0,55,73.19118329059444,27.178896008990705,6842.618677997962,61073.90200358852
1769673248,50,,Aggregated,50.700000,0.000000,55,59,63,66,78,140,240,390,3100,6200,6800,33498,0,55,73.2038787728391,27.178896008990705,6842.618677997962,61069.77974804466
1769673249,50,,Aggregated,54.200000,0.000000,55,59,63,66,78,140,240,390,3100,6200,6800,33568,0,55,73.20282548926093,27.178896008990705,6842.618677997962,61068.31101048618
1769673250,50,,Aggregated,54.300000,0.000000,55,59,63,66,78,140,240,390,3100,6200,6800,33635,0,55,73.19435113247097,27.178896008990705,6842.618677997962,61056.0319904861
1769673251,50,,Aggregated,55.400000,0.000000,55,59,63,66,78,140,240,390,3100,6200,6800,33685,0,55,73.17733029554996,27.178896008990705,6842.618677997962,61056.67665132848
1769673253,50,,Aggregated,57.300000,0.000000,55,59,63,66,78,140,240,390,3100,6200,6800,33749,0,55,73.16142257078737,27.178896008990705,6842.618677997962,61055.573646626566
1769673254,50,,Aggregated,57.300000,0.000000,55,59,63,66,78,140,240,390,3100,6200,6800,33813,0,55,73.16434414404071,27.178896008990705,6842.618677997962,61048.32558483424
1769673255,50,,Aggregated,57.700000,0.000000,55,59,63,66,78,140,240,390,3100,6200,6800,33877,0,55,73.15174563775984,27.178896008990705,6842.618677997962,61048.276027983586
1769673256,50,,Aggregated,59.400000,0.000000,55,59,63,66,78,140,240,390,3100,6200,6800,33936,0,55,73.11807873017699,27.178896008990705,6842.618677997962,61042.39288661009
1769673257,50,,Aggregated,60.400000,0.000000,55,59,63,66,78,140,240,390,2800,6200,6800,34004,0,55,73.08963731911591,27.178896008990705,6842.618677997962,61030.68356663922
1769673258,50,,Aggregated,60.400000,0.000000,55,59,63,66,78,140,240,390,2800,6200,6800,34073,0,55,73.05027629240368,27.178896008990705,6842.618677997962,61032.49716784551
1769673259,50,,Aggregated,60.300000,0.000000,55,59,63,66,78,140,240,390,2800,6200,6800,34119,0,55,73.02341555482339,27.178896008990705,6842.618677997962,61032.81781412116
1769673260,50,,Aggregated,62.700000,0.000000,55,59,63,66,78,140,240,390,2800,6200,6800,34192,0,55,72.98486039596827,27.178896008990705,6842.618677997962,61026.87631609733
1769673261,50,,Aggregated,60.800000,0.000000,55,59,63,66,78,140,240,390,2800,6200,6800,34245,0,55,72.95976691825925,27.178896008990705,6842.618677997962,61024.61048328223
1769673262,50,,Aggregated,60.900000,0.000000,55,59,63,66,78,140,240,390,2800,6200,6800,34311,0,55,72.92797813668162,27.178896008990705,6842.618677997962,61013.64370027105
1769673263,50,,Aggregated,59.900000,0.000000,55,59,63,66,78,140,240,390,2800,6200,6800,34377,0,55,72.88929098672551,27.178896008990705,6842.618677997962,61021.64479157576
1769673264,50,,Aggregated,61.000000,0.000000,55,59,63,66,78,140,240,390,2800,6200,6800,34435,0,55,72.85884427898213,27.178896008990705,6842.618677997962,61018.61794685639
1769673265,50,,Aggregated,61.100000,0.000000,55,59,63,66,78,140,240,390,2800,6200,6800,34485,0,55,72.85022814260194,27.178896008990705,6842.618677997962,61016.154182978105
1769673266,50,,Aggregated,60.600000,0.000000,55,59,63,66,78,140,240,390,2800,6200,6800,34559,0,55,72.81154328859562,27.178896008990705,6842.618677997962,61008.443213055936
1769673267,50,,Aggregated,60.100000,0.000000,55,59,63,66,78,140,240,390,2800,6200,6800,34608,0,55,72.78367360117777,27.178896008990705,6842.618677997962,61007.07073509015
1769673268,50,,Aggregated,60.300000,0.000000,55,59,63,65,78,140,240,390,2800,6200,6800,34679,0,55,72.74785749610585,27.178896008990705,6842.618677997962,61005.82309178465
1769673269,50,,Aggregated,59.700000,0.000000,55,59,63,65,78,140,240,380,2800,6200,6800,34728,0,55,72.72554583749215,27.178896008990705,6842.618677997962,60998.64711472011
1769673270,50,,Aggregated,59.200000,0.000000,55,59,63,65,78,140,240,380,2800,6200,6800,34798,0,55,72.69864116203415,27.178896008990705,6842.618677997962,60998.61356974539
1769673271,50,,Aggregated,60.500000,0.000000,55,59,63,65,78,140,240,380,2800,6200,6800,34861,0,55,72.66572053803172,27.178896008990705,6842.618677997962,60997.17280055076
