Timestamp,User Count,Type,Name,Requests/s,Failures/s,50%,66%,75%,80%,90%,95%,98%,99%,99.9%,99.99%,100%,Total Request Count,Total Failure Count,Total Median Response Time,Total Average Response Time,Total Min Response Time,Total Max Response Time,Total Average Content Size
1770119272,0,,Aggregated,0.000000,0.000000,N/A,N/A,N/A,N/A,N/A,N/A,N/A,N/A,N/A,N/A,N/A,0,0,0,0.0,0,0,0
1770119277,200,,Aggregated,0.000000,0.000000,N/A,N/A,N/A,N/A,N/A,N/A,N/A,N/A,N/A,N/A,N/A,0,0,0,0.0,0,0,0
1770119283,200,,Aggregated,0.000000,0.000000,N/A,N/A,N/A,N/A,N/A,N/A,N/A,N/A,N/A,N/A,N/A,0,0,0,0.0,0,0,0
1770119289,200,,Aggregated,0.000000,0.000000,N/A,N/A,N/A,N/A,N/A,N/A,N/A,N/A,N/A,N/A,N/A,0,0,0,0.0,0,0,0
1770119295,200,,Aggregated,0.000000,0.000000,N/A,N/A,N/A,N/A,N/A,N/A,N/A,N/A,N/A,N/A,N/A,0,0,0,0.0,0,0,0
1770119296,200,,Aggregated,0.000000,0.000000,N/A,N/A,N/A,N/A,N/A,N/A,N/A,N/A,N/A,N/A,N/A,0,0,0,0.0,0,0,0
1770119297,200,,Aggregated,0.000000,0.000000,19000,19000,21000,21000,23000,24000,24000,24000,24000,24000,24000,27,0,19000.0,16397.99936881496,1941.3684000028297,23894.13253800012,217.0
1770119298,200,,Aggregated,0.000000,0.000000,140,6100,12000,16000,20000,22000,24000,24000,26000,26000,26000,266,0,140.0,5828.847072023331,34.98886799206957,25889.343893009936,34317.92857142857
1770119299,200,,Aggregated,0.800000,0.000000,79,380,6800,11000,19000,22000,24000,25000,26000,26000,26000,610,0,79,4361.057367554355,34.79202699963935,25921.13906200393,40389.94918032787
1770119300,200,,Aggregated,17.800000,0.000000,70,94,1100,6000,16000,20000,24000,24000,26000,26000,26000,860,0,70,3318.628126295582,33.97183501510881,25921.13906200393,44142.33604651163
1770119301,200,,Aggregated,50.100000,0.000000,68,81,110,530,13000,19000,23000,24000,26000,26000,26000,1106,0,68,2595.787621338394,33.97183501510881,25921.13906200393,47141.5253164557
1770119302,200,,Aggregated,75.100000,0.000000,68,80,95,120,9800,18000,23000,24000,26000,26000,26000,1351,0,68,2138.761861317592,33.97183501510881,25921.13906200393,49182.75795706884
1770119303,200,,Aggregated,98.200000,0.000000,68,77,90,100,7100,16000,22000,24000,26000,26000,26000,1585,0,68,1833.1427707181633,33.97183501510881,25921.13906200393,50577.632807570975
1770119304,200,,Aggregated,122.100000,0.000000,67,75,86,95,4700,15000,21000,24000,26000,26000,26000,1832,0,67,1595.0167081634731,33.97183501510881,25921.13906200393,51887.20633187773
1770119305,200,,Aggregated,146.600000,0.000000,66,74,83,91,1400,13000,20000,24000,26000,26000,26000,2052,0,66,1431.2878139207219,33.97183501510881,25921.13906200393,52735.43762183236
1770119306,200,,Aggregated,172.000000,0.000000,66,74,82,89,350,12000,19000,23000,26000,26000,26000,2321,0,66,1273.440902475787,33.97183501510881,25921.13906200393,53342.51486428264
1770119307,200,,Aggregated,196.600000,0.000000,66,73,79,86,140,10000,19000,23000,26000,26000,26000,2564,0,66,1158.8774877728283,33.97183501510881,25921.13906200393,53942.99648985959
1770119308,200,,Aggregated,222.200000,0.000000,66,72,78,84,120,9300,19000,22000,26000,26000,26000,2819,0,66,1060.1095330210885,33.97183501510881,25921.13906200393,54394.08194395176
1770119309,200,,Aggregated,247.200000,0.000000,65,72,77,82,110,7700,18000,22000,26000,26000,26000,3056,0,65,982.9153491101738,33.97183501510881,25921.13906200393,54710.20876963351
1770119310,200,,Aggregated,255.100000,0.000000,65,71,77,82,110,6300,18000,21000,26000,26000,26000,3329,0,65,907.8997013020464,33.97183501510881,25921.13906200393,55035.02493241213
1770119311,200,,Aggregated,246.900000,0.000000,65,71,76,81,100,5100,17000,21000,26000,26000,26000,3570,0,65,851.1528593312157,33.97183501510881,25921.13906200393,55163.86526610644
1770119312,200,,Aggregated,245.100000,0.000000,65,71,76,80,100,3000,17000,21000,26000,26000,26000,3841,0,65,795.7842432044243,33.97183501510881,25921.13906200393,55492.79093985941
1770119313,200,,Aggregated,246.400000,0.000000,65,71,75,79,98,1700,16000,20000,25000,26000,26000,4074,0,65,753.9548217492156,33.97183501510881,25921.13906200393,55512.11708394698
1770119314,200,,Aggregated,248.700000,0.000000,64,70,75,79,96,1000,16000,20000,25000,26000,26000,4319,0,64,714.8921110373493,33.97183501510881,25921.13906200393,55740.11275758277
1770119315,200,,Aggregated,249.600000,0.000000,64,70,75,78,96,420,15000,20000,25000,26000,26000,4550,0,64,682.172729622001,33.97183501510881,25921.13906200393,55969.36307692308
1770119316,200,,Aggregated,249.600000,0.000000,64,70,74,78,95,220,14000,19000,25000,26000,26000,4788,0,64,651.4783259925373,33.97183501510881,25921.13906200393,56032.78989139516
1770119317,200,,Aggregated,246.500000,0.000000,64,70,74,78,94,160,13000,19000,25000,26000,26000,5036,0,64,622.5757733661055,33.97183501510881,25921.13906200393,56151.09213661636
1770119318,200,,Aggregated,246.000000,0.000000,64,69,74,77,93,140,13000,19000,25000,26000,26000,5256,0,64,599.1895910480796,33.97183501510881,25921.13906200393,56349.08961187214
1770119319,200,,Aggregated,245.500000,0.000000,64,69,73,77,91,130,13000,19000,25000,26000,26000,5521,0,64,573.6158276447742,33.97183501510881,25921.13906200393,56465.12370947292
1770119320,200,,Aggregated,243.300000,0.000000,64,69,73,77,90,120,12000,19000,25000,26000,26000,5788,0,64,550.1107857311752,33.97183501510881,25921.13906200393,56575.87646855563
1770119321,200,,Aggregated,244.500000,0.000000,64,69,73,76,90,120,12000,19000,25000,26000,26000,6023,0,64,531.1040072128361,33.97183501510881,25921.13906200393,56634.70645857546
1770119322,200,,Aggregated,245.000000,0.000000,64,69,73,76,89,120,11000,18000,25000,26000,26000,6266,0,64,512.8914716517188,33.71610099566169,25921.13906200393,56715.02266198532
1770119323,200,,Aggregated,245.100000,0.000000,63,69,73,76,89,110,10000,18000,25000,26000,26000,6510,0,63,495.9981365371271,33.71610099566169,25921.13906200393,56801.77480798771
1770119324,200,,Aggregated,241.500000,0.000000,63,68,72,75,88,110,9800,18000,25000,26000,26000,6771,0,63,479.2669180076492,33.71610099566169,25921.13906200393,56835.9350169842
1770119325,200,,Aggregated,240.500000,0.000000,63,68,72,75,87,110,9300,17000,25000,26000,26000,7008,0,63,465.08763959702287,33.45340001396835,25921.13906200393,56946.0435216895
1770119326,200,,Aggregated,240.600000,0.000000,63,68,72,75,87,110,8900,17000,25000,26000,26000,7257,0,63,451.2472520609432,33.45340001396835,25921.13906200393,57108.819484635525
1770119327,200,,Aggregated,245.500000,0.000000,63,68,72,75,87,110,8000,17000,25000,26000,26000,7488,0,63,439.33196399105816,33.102921006502584,25921.13906200393,57119.77216880342
1770119328,200,,Aggregated,243.600000,0.000000,63,68,72,75,86,110,7500,16000,25000,26000,26000,7743,0,63,426.97728177407595,33.102921006502584,25921.13906200393,57262.48185457833
1770119329,200,,Aggregated,244.300000,0.000000,63,68,72,75,86,110,6900,16000,24000,26000,26000,8005,0,63,415.2308123067579,33.102921006502584,25921.13906200393,57307.63847595253
1770119330,200,,Aggregated,245.500000,0.000000,63,68,72,75,86,100,6600,16000,24000,26000,26000,8240,0,63,405.2324356453466,33.102921006502584,25921.13906200393,57445.1677184466
1770119331,200,,Aggregated,245.700000,0.000000,63,68,72,75,86,100,6000,16000,24000,26000,26000,8504,0,63,394.70336358229594,33.102921006502584,25921.13906200393,57478.2270696143
1770119332,200,,Aggregated,246.900000,0.000000,63,68,72,75,86,100,5600,16000,24000,26000,26000,8735,0,63,385.8926511925412,33.102921006502584,25921.13906200393,57600.969433314254
1770119333,200,,Aggregated,244.800000,0.000000,63,68,72,75,86,100,5000,16000,24000,26000,26000,8993,0,63,376.6686573304842,33.102921006502584,25921.13906200393,57642.429889914376
1770119334,200,,Aggregated,249.200000,0.000000,63,68,72,75,85,100,4700,15000,24000,26000,26000,9247,0,63,368.020813442647,33.102921006502584,25921.13906200393,57705.6519952417
1770119335,200,,Aggregated,246.000000,0.000000,63,68,72,74,85,100,3800,15000,24000,26000,26000,9483,0,63,360.3958492889267,33.102921006502584,25921.13906200393,57776.22271433091
1770119336,200,,Aggregated,249.000000,0.000000,63,68,72,74,85,100,2800,14000,24000,26000,26000,9726,0,63,353.0390603344208,33.102921006502584,25921.13906200393,57825.1811638906
1770119337,200,,Aggregated,244.500000,0.000000,63,68,72,74,84,99,2000,13000,24000,26000,26000,9971,0,63,345.9404760479299,33.102921006502584,25921.13906200393,57873.56654297463
1770119338,200,,Aggregated,246.300000,0.000000,63,68,72,75,85,99,1600,13000,24000,26000,26000,10241,0,63,338.66082123785435,33.102921006502584,25921.13906200393,57929.39546919246
1770119339,200,,Aggregated,244.500000,0.000000,63,68,72,75,85,99,1400,13000,24000,26000,26000,10466,0,63,332.7300288502733,33.102921006502584,25921.13906200393,57942.66558379515
1770119340,200,,Aggregated,246.000000,0.000000,63,68,72,75,85,98,1100,13000,24000,26000,26000,10739,0,63,325.9495803172263,33.102921006502584,25921.13906200393,58038.22655740758
1770119341,200,,Aggregated,244.700000,0.000000,63,68,72,75,85,99,860,13000,24000,26000,26000,10992,0,63,320.0587921373733,33.102921006502584,25921.13906200393,58039.20542212518
1770119342,200,,Aggregated,245.400000,0.000000,63,68,72,75,85,98,470,12000,24000,26000,26000,11225,0,63,314.71720034531387,33.102921006502584,25921.13906200393,58100.607305122496
1770119343,200,,Aggregated,248.100000,0.000000,63,68,72,75,85,98,380,12000,24000,26000,26000,11468,0,63,309.35314928392233,33.102921006502584,25921.13906200393,58157.74782002093
1770119344,200,,Aggregated,244.600000,0.000000,63,68,72,74,84,98,320,12000,24000,26000,26000,11715,0,63,304.12941024345014,33.102921006502584,25921.13906200393,58182.85300896287
1770119345,200,,Aggregated,248.900000,0.000000,63,68,72,74,84,97,230,12000,24000,26000,26000,11979,0,63,298.8246626674159,33.102921006502584,25921.13906200393,58201.951748893895
1770119346,200,,Aggregated,245.800000,0.000000,63,68,72,74,84,97,190,11000,24000,26000,26000,12229,0,63,294.0058579528805,33.102921006502584,25921.13906200393,58252.97211546324
1770119347,200,,Aggregated,248.000000,0.000000,63,68,71,74,84,96,170,11000,24000,26000,26000,12480,0,63,289.31926584101853,33.102921006502584,25921.13906200393,58257.617387820515
1770119348,200,,Aggregated,247.000000,0.000000,63,67,71,74,84,96,160,10000,24000,26000,26000,12726,0,63,284.88784034086825,33.102921006502584,25921.13906200393,58285.43957252868
1770119349,200,,Aggregated,245.900000,0.000000,63,67,71,74,84,96,150,10000,24000,26000,26000,12986,0,63,280.40689350676837,33.102921006502584,25921.13906200393,58280.97066071154
1770119350,200,,Aggregated,246.800000,0.000000,63,67,71,74,84,95,150,10000,24000,26000,26000,13203,0,63,276.817752598101,33.102921006502584,25921.13906200393,58330.5684314171
1770119351,200,,Aggregated,246.900000,0.000000,63,67,71,74,83,95,140,10000,24000,26000,26000,13467,0,63,272.6184273850004,32.996699010254815,25921.13906200393,58363.308086433506
1770119352,200,,Aggregated,248.100000,0.000000,63,67,71,74,83,95,140,9700,24000,26000,26000,13705,0,63,268.96680571691036,32.996699010254815,25921.13906200393,58359.09098869026
1770119353,200,,Aggregated,245.500000,0.000000,62,67,71,74,83,95,140,9400,24000,26000,26000,13943,0,62,265.43759799565305,32.996699010254815,25921.13906200393,58388.59657175644
1770119354,200,,Aggregated,246.700000,0.000000,62,67,71,74,83,94,130,9100,24000,26000,26000,14202,0,62,261.8051225561436,32.996699010254815,25921.13906200393,58412.1075200676
1770119355,200,,Aggregated,245.600000,0.000000,62,67,71,74,82,94,130,8900,24000,26000,26000,14438,0,62,258.5574272786908,32.996699010254815,25921.13906200393,58431.45865078265
1770119356,200,,Aggregated,244.100000,0.000000,62,67,71,74,83,94,130,8600,24000,26000,26000,14707,0,62,255.0684373320633,32.996699010254815,25921.13906200393,58461.78561229347
1770119357,200,,Aggregated,246.200000,0.000000,62,67,71,74,83,95,130,8000,24000,26000,26000,14960,0,62,251.92856262517142,32.996699010254815,25921.13906200393,58454.16764705882
1770119358,200,,Aggregated,245.000000,0.000000,63,67,71,74,83,95,130,7700,24000,26000,26000,15206,0,63,249.03424432327543,32.996699010254815,25921.13906200393,58470.23970801
1770119359,200,,Aggregated,247.100000,0.000000,63,67,71,74,84,95,130,7500,24000,26000,26000,15453,0,63,246.13946704685526,32.996699010254815,25921.13906200393,58474.43978515499
1770119360,200,,Aggregated,246.500000,0.000000,63,67,71,74,83,95,130,7300,24000,26000,26000,15723,0,63,243.05063672008478,32.996699010254815,25921.13906200393,58486.290084589455
1770119361,200,,Aggregated,246.500000,0.000000,63,67,71,74,83,95,130,7100,24000,26000,26000,15940,0,63,240.61749579166,32.996699010254815,25921.13906200393,58486.922145545796
1770119362,200,,Aggregated,244.800000,0.000000,63,67,71,74,83,94,120,6800,24000,26000,26000,16205,0,63,237.75991461691987,32.996699010254815,25921.13906200393,58504.93156433199
1770119363,200,,Aggregated,249.100000,0.000000,63,67,71,74,83,94,120,6600,24000,26000,26000,16456,0,63,235.1340021890731,32.996699010254815,25921.13906200393,58511.98578026252
1770119364,200,,Aggregated,245.400000,0.000000,63,67,71,74,83,94,120,6300,24000,26000,26000,16696,0,63,232.714302147231,32.996699010254815,25921.13906200393,58504.56546478198
1770119365,200,,Aggregated,247.200000,0.000000,63,67,71,74,83,94,120,6100,24000,26000,26000,16923,0,63,230.45875798582452,32.996699010254815,25921.13906200393,58555.97470897595
1770119366,200,,Aggregated,247.000000,0.000000,63,67,71,74,83,94,120,5800,24000,26000,26000,17201,0,63,227.87891363329652,32.996699010254815,25921.13906200393,58568.750479623275
1770119367,200,,Aggregated,246.200000,0.000000,63,67,71,74,83,94,120,5600,24000,26000,26000,17433,0,63,225.71808069782944,32.656115014106035,25921.13906200393,58614.9634601044
1770119368,200,,Aggregated,243.200000,0.000000,63,67,71,74,83,94,120,5200,24000,26000,26000,17687,0,63,223.4480362928822,32.656115014106035,25921.13906200393,58633.810143042916
1770119369,200,,Aggregated,245.900000,0.000000,63,67,71,74,83,94,120,5000,24000,26000,26000,17934,0,63,221.2453022873445,32.656115014106035,25921.13906200393,58703.16404594625
1770119370,200,,Aggregated,242.900000,0.000000,63,67,71,74,83,94,120,4800,24000,26000,26000,18200,0,63,218.96592903932182,32.656115014106035,25921.13906200393,58739.89478021978
1770119372,200,,Aggregated,244.200000,0.000000,63,67,71,74,83,94,120,4700,24000,26000,26000,18452,0,63,216.82135865691546,32.656115014106035,25921.13906200393,58814.54194667245
1770119373,200,,Aggregated,242.800000,0.000000,63,67,71,74,83,94,120,4600,24000,26000,26000,18683,0,63,214.89402672090642,32.37229201477021,25921.13906200393,58875.212599689556
1770119374,200,,Aggregated,247.000000,0.000000,63,67,71,74,83,94,120,3800,24000,26000,26000,18935,0,63,212.96458259306814,32.37229201477021,25921.13906200393,58925.489833641404
1770119375,200,,Aggregated,243.600000,0.000000,63,67,71,74,83,95,120,3100,24000,26000,26000,19189,0,63,211.16263785058928,32.37229201477021,25921.13906200393,58986.82510813487
1770119376,200,,Aggregated,244.800000,0.000000,63,68,71,74,84,95,130,2800,24000,26000,26000,19406,0,63,209.77378858250393,32.37229201477021,25921.13906200393,59041.629289910336
1770119377,200,,Aggregated,244.300000,0.000000,63,68,72,75,84,97,140,2400,24000,26000,26000,19647,0,63,208.80381882332748,32.37229201477021,25921.13906200393,59113.95673639741
1770119378,200,,Aggregated,246.300000,0.000000,63,68,72,75,85,98,150,2200,24000,26000,26000,19834,0,63,208.02795109053628,32.37229201477021,25921.13906200393,59226.19098517697
1770119379,200,,Aggregated,242.100000,0.000000,63,68,72,75,86,100,190,2000,24000,26000,26000,19999,0,63,207.87563620199649,32.37229201477021,25921.13906200393,59317.0401520076
1770119380,200,,Aggregated,238.800000,0.000000,63,68,72,76,87,110,240,2000,24000,26000,26000,20155,0,63,208.21945177120784,32.37229201477021,25921.13906200393,59371.328901017114
1770119381,200,,Aggregated,229.500000,0.000000,63,68,73,76,88,110,280,2000,24000,26000,26000,20286,0,63,209.00075204263615,32.37229201477021,25921.13906200393,59493.45243024746
1770119382,200,,Aggregated,220.100000,0.000000,63,68,73,76,89,110,330,2400,24000,26000,26000,20398,0,63,210.7952046073036,32.37229201477021,25921.13906200393,59526.830718697915
1770119383,200,,Aggregated,207.100000,0.000000,63,69,73,77,90,120,400,2900,24000,26000,26000,20483,0,63,212.67607312951833,32.37229201477021,25921.13906200393,59637.91158521701
1770119384,200,,Aggregated,193.300000,0.000000,63,69,73,77,91,130,490,3900,24000,26000,26000,20575,0,63,216.80207924062972,32.37229201477021,25921.13906200393,59703.654143377884
1770119385,200,,Aggregated,179.400000,0.000000,63,69,73,77,92,130,540,4000,24000,26000,26000,20629,0,63,219.46601139336974,32.37229201477021,25921.13906200393,59762.81060642785
1770119386,200,,Aggregated,163.400000,0.000000,63,69,73,77,92,140,620,4600,24000,26000,26000,20678,0,63,222.83169906106852,32.37229201477021,25921.13906200393,59802.62104652287
1770119387,200,,Aggregated,144.100000,0.000000,63,69,74,77,93,150,710,4600,24000,26000,26000,20720,0,63,225.47186589110558,32.37229201477021,25921.13906200393,59850.644305019305
1770119388,200,,Aggregated,127.400000,0.000000,63,69,74,77,94,160,850,4700,24000,26000,26000,20791,0,63,230.8203565671503,32.37229201477021,25921.13906200393,59953.452936366695
1770119389,200,,Aggregated,107.200000,0.000000,63,69,74,78,95,170,980,4800,24000,26000,26000,20861,0,63,234.60997507677703,32.37229201477021,25921.13906200393,60030.11183548248
1770119390,200,,Aggregated,94.800000,0.000000,63,69,74,78,95,180,1100,4800,24000,26000,26000,20915,0,63,236.15722308962592,32.37229201477021,25921.13906200393,60121.584221850346
1770119391,200,,Aggregated,85.300000,0.000000,63,69,74,78,95,190,1200,4800,24000,26000,26000,20969,0,63,237.2437029923095,32.37229201477021,25921.13906200393,60202.72859936096
1770119392,200,,Aggregated,76.500000,0.000000,63,69,74,78,95,200,1200,4700,23000,26000,26000,21015,0,63,238.6414957504961,32.37229201477021,25921.13906200393,60274.062717106826
1770119393,200,,Aggregated,69.000000,0.000000,63,69,74,78,96,220,1300,4700,23000,26000,26000,21077,0,63,239.86355517785964,32.37229201477021,25921.13906200393,60327.41168097927
1770119394,200,,Aggregated,62.100000,0.000000,63,69,74,78,97,230,1300,4700,23000,26000,26000,21123,0,63,240.11809516034376,32.37229201477021,25921.13906200393,60359.4437816598
1770119395,200,,Aggregated,57.700000,0.000000,64,69,74,78,98,240,1400,4800,23000,26000,26000,21185,0,64,242.21433511144727,32.37229201477021,25921.13906200393,60379.091999055934
1770119396,200,,Aggregated,53.900000,0.000000,64,69,74,78,98,240,1400,4800,23000,26000,26000,21243,0,64,245.21578988791714,32.37229201477021,25921.13906200393,60423.695711528504
1770119397,200,,Aggregated,53.100000,0.000000,64,69,75,79,99,260,1400,5000,23000,26000,26000,21288,0,64,249.0319873939798,32.37229201477021,25921.13906200393,60398.125798571964
1770119398,200,,Aggregated,54.700000,0.000000,64,69,75,79,100,280,1500,5300,23000,26000,26000,21395,0,64,255.31779699672825,32.37229201477021,25921.13906200393,60452.257677027344
1770119399,200,,Aggregated,56.600000,0.000000,64,70,75,79,100,310,1600,7100,23000,26000,26000,21514,0,64,276.30157370967754,32.37229201477021,25921.13906200393,60449.21455796226
1770119401,200,,Aggregated,54.000000,0.000000,64,70,75,80,110,340,1800,8200,23000,26000,26000,21649,0,64,291.8761980927524,32.37229201477021,25921.13906200393,60474.602614439464
1770119402,200,,Aggregated,63.200000,0.000000,64,70,76,80,110,350,1900,8900,23000,26000,26000,21839,0,64,302.211347546713,32.37229201477021,25921.13906200393,60572.795595036405
1770119403,200,,Aggregated,68.800000,0.000000,64,70,76,81,120,360,2000,9800,23000,26000,26000,21909,0,64,311.37416411555114,32.37229201477021,25921.13906200393,60566.12894244374
1770119404,200,,Aggregated,82.100000,0.000000,64,71,77,82,130,440,2100,11000,23000,26000,26000,22176,0,64,320.94165488474334,32.37229201477021,25921.13906200393,60705.38036616162
1770119406,200,,Aggregated,82.100000,0.000000,64,71,77,82,140,440,2100,10000,23000,26000,26000,22269,0,64,320.65666524446755,32.37229201477021,25921.13906200393,60705.26759171943
1770119407,200,,Aggregated,87.100000,0.000000,64,71,77,83,150,450,2100,10000,23000,26000,26000,22379,0,64,321.7869628116584,32.37229201477021,25921.13906200393,60737.15286652665
1770119408,200,,Aggregated,104.300000,0.000000,64,71,78,84,160,550,2100,10000,23000,26000,26000,22533,0,64,326.1685420823708,32.37229201477021,25921.13906200393,60724.68903386145
1770119410,200,,Aggregated,110.800000,0.000000,64,71,78,85,180,650,2000,10000,23000,26000,26000,22694,0,64,329.24029360712115,32.37229201477021,25921.13906200393,60772.7607737728
1770119411,200,,Aggregated,121.800000,0.000000,64,71,78,85,210,670,2000,10000,23000,26000,26000,22777,0,64,332.39533297668635,32.37229201477021,25921.13906200393,60730.8777714361
1770119413,200,,Aggregated,115.900000,0.000000,65,72,79,86,240,750,2000,10000,23000,26000,26000,22895,0,65,337.7204186266472,32.37229201477021,25921.13906200393,60698.7254422363
1770119414,200,,Aggregated,112.800000,0.000000,65,72,79,87,270,850,2000,10000,23000,26000,26000,23020,0,65,343.90322430691856,32.37229201477021,25921.13906200393,60673.91503040834
1770119415,200,,Aggregated,96.900000,0.000000,65,72,80,88,290,880,2000,10000,23000,26000,26000,23120,0,65,346.8621876354358,32.37229201477021,25921.13906200393,60720.510726643595
1770119417,200,,Aggregated,92.700000,0.000000,65,72,80,90,350,1000,1900,10000,23000,26000,26000,23325,0,65,354.0074317003404,32.37229201477021,25921.13906200393,60562.27738478028
1770119419,200,,Aggregated,85.100000,0.000000,65,73,81,91,400,1000,1900,9800,23000,26000,26000,23510,0,65,356.6712140377845,32.37229201477021,25921.13906200393,60667.803275202044
1770119420,200,,Aggregated,91.500000,0.000000,65,73,82,94,450,1000,1800,9700,23000,26000,26000,23792,0,65,357.95261564459366,32.37229201477021,25921.13906200393,60633.60087424344
1770119421,200,,Aggregated,89.400000,0.000000,65,73,83,95,440,990,1800,9500,23000,26000,26000,23997,0,65,355.5941755216103,32.37229201477021,25921.13906200393,60648.96416218694
1770119422,200,,Aggregated,104.000000,0.000000,65,74,83,95,430,980,1800,9400,23000,26000,26000,24269,0,65,352.6647535291709,32.37229201477021,25921.13906200393,60588.51394783468
1770119423,200,,Aggregated,120.500000,0.000000,65,73,83,95,420,980,1800,9100,23000,26000,26000,24511,0,65,349.83626053613915,32.37229201477021,25921.13906200393,60595.882624127946
1770119424,200,,Aggregated,140.600000,0.000000,65,73,82,95,410,970,1700,8900,23000,26000,26000,24758,0,65,347.07204116246936,32.37229201477021,25921.13906200393,60569.747839082316
1770119425,200,,Aggregated,155.800000,0.000000,65,73,82,94,390,960,1700,8900,23000,26000,26000,24992,0,65,344.41587544291934,32.37229201477021,25921.13906200393,60534.039972791295
1770119426,200,,Aggregated,168.600000,0.000000,65,73,82,94,380,930,1700,8700,23000,26000,26000,25257,0,65,341.52508021714533,32.37229201477021,25921.13906200393,60536.30122342321
1770119427,200,,Aggregated,183.500000,0.000000,65,73,82,93,380,910,1600,8600,23000,26000,26000,25484,0,65,339.0890248074888,32.37229201477021,25921.13906200393,60531.1714801444
1770119428,200,,Aggregated,210.400000,0.000000,65,73,82,93,370,900,1600,8500,23000,26000,26000,25765,0,65,336.1603947576152,32.37229201477021,25921.13906200393,60506.86671841646
1770119429,200,,Aggregated,221.500000,0.000000,65,73,82,92,360,890,1600,8300,23000,26000,26000,26006,0,65,333.6417735329906,32.37229201477021,25921.13906200393,60486.676190109974
1770119430,200,,Aggregated,225.000000,0.000000,65,73,81,92,350,890,1600,8200,23000,26000,26000,26278,0,65,330.8704881176238,32.37229201477021,25921.13906200393,60465.99813532232
1770119431,200,,Aggregated,241.100000,0.000000,65,73,81,91,350,890,1600,8000,23000,26000,26000,26522,0,65,328.4299079718685,32.37229201477021,25921.13906200393,60425.481336249155
1770119432,200,,Aggregated,244.000000,0.000000,65,73,81,91,340,890,1600,7800,23000,26000,26000,26752,0,65,326.1912509128573,32.37229201477021,25921.13906200393,60406.14641895933
1770119433,200,,Aggregated,242.500000,0.000000,65,73,81,91,330,880,1600,7700,23000,26000,26000,27005,0,65,323.7743322851437,32.37229201477021,25921.13906200393,60405.90368450287
1770119434,200,,Aggregated,245.000000,0.000000,65,73,81,90,320,880,1600,7700,23000,26000,26000,27265,0,65,321.30109463121977,32.37229201477021,25921.13906200393,60394.9139189437
1770119435,200,,Aggregated,245.000000,0.000000,65,73,81,90,310,870,1600,7600,23000,26000,26000,27496,0,65,319.1225578898843,32.37229201477021,25921.13906200393,60384.937518184466
1770119436,200,,Aggregated,244.100000,0.000000,65,73,80,89,300,870,1600,7500,23000,26000,26000,27754,0,65,316.75747766662164,32.37229201477021,25921.13906200393,60364.88340419399
1770119437,200,,Aggregated,244.100000,0.000000,65,72,80,89,290,870,1600,7400,22000,26000,26000,28002,0,65,314.5274758216001,32.37229201477021,25921.13906200393,60358.86365259624
1770119438,200,,Aggregated,242.200000,0.000000,65,72,80,89,290,870,1600,7300,22000,26000,26000,28258,0,65,312.2586169542865,32.37229201477021,25921.13906200393,60350.60793403638
1770119439,200,,Aggregated,243.300000,0.000000,65,72,80,89,290,860,1600,7200,22000,26000,26000,28500,0,65,310.25733196299734,32.37229201477021,25921.13906200393,60328.14880701755
1770119440,200,,Aggregated,246.700000,0.000000,65,72,80,88,280,860,1600,7000,22000,26000,26000,28739,0,65,308.20556186288474,32.37229201477021,25921.13906200393,60338.34976860712
1770119441,200,,Aggregated,245.600000,0.000000,65,72,80,88,270,860,1600,6900,22000,26000,26000,28991,0,65,306.08548557471323,32.37229201477021,25921.13906200393,60324.56634817702
1770119442,200,,Aggregated,245.100000,0.000000,65,72,80,87,270,860,1600,6800,22000,26000,26000,29253,0,65,303.9186345353749,32.37229201477021,25921.13906200393,60305.680272108846
1770119443,200,,Aggregated,246.200000,0.000000,65,72,79,87,260,850,1600,6700,22000,26000,26000,29500,0,65,301.91779213024586,32.37229201477021,25921.13906200393,60301.324
1770119444,200,,Aggregated,247.100000,0.000000,65,72,79,87,260,850,1600,6600,22000,26000,26000,29746,0,65,299.9275950974634,32.37229201477021,25921.13906200393,60294.81036105695
1770119445,200,,Aggregated,246.200000,0.000000,65,72,79,87,250,840,1600,6300,22000,26000,26000,30021,0,65,297.7615417090372,32.37229201477021,25921.13906200393,60295.69288164951
1770119446,200,,Aggregated,245.700000,0.000000,65,72,79,86,250,840,1500,6100,22000,26000,26000,30238,0,65,296.07100776496145,32.37229201477021,25921.13906200393,60299.786890667376
1770119447,200,,Aggregated,245.300000,0.000000,65,72,79,86,240,830,1500,6000,22000,26000,26000,30519,0,65,293.9256214111517,32.37229201477021,25921.13906200393,60294.38104131852
1770119448,200,,Aggregated,246.900000,0.000000,65,72,79,86,240,830,1500,5900,22000,26000,26000,30757,0,65,292.12759397526565,32.37229201477021,25921.13906200393,60286.1935494359
1770119449,200,,Aggregated,244.900000,0.000000,65,71,78,86,230,820,1500,5800,22000,26000,26000,30998,0,65,290.3579801788236,32.37229201477021,25921.13906200393,60277.29782566617
1770119450,200,,Aggregated,243.400000,0.000000,65,71,78,85,230,820,1500,5600,22000,26000,26000,31236,0,65,288.62930888656456,32.37229201477021,25921.13906200393,60280.24731079524
1770119451,200,,Aggregated,244.700000,0.000000,65,71,78,85,230,820,1500,5600,22000,26000,26000,31475,0,65,286.9097209915712,32.37229201477021,25921.13906200393,60280.322954725976
1770119452,200,,Aggregated,243.800000,0.000000,64,71,78,85,220,810,1500,5300,22000,26000,26000,31729,0,64,285.1154532410179,32.37229201477021,25921.13906200393,60267.38349774654
1770119453,200,,Aggregated,244.000000,0.000000,64,71,78,85,220,810,1500,5300,22000,26000,26000,31978,0,64,283.3781643298489,32.37229201477021,25921.13906200393,60267.62180248921
1770119454,200,,Aggregated,242.600000,0.000000,64,71,78,84,220,810,1500,5200,22000,26000,26000,32207,0,64,281.79790478657253,32.37229201477021,25921.13906200393,60278.14419225634
1770119455,200,,Aggregated,243.000000,0.000000,64,71,78,84,210,800,1500,5100,22000,26000,26000,32470,0,64,280.0269058530677,32.37229201477021,25921.13906200393,60284.21496766246
1770119456,200,,Aggregated,244.100000,0.000000,64,71,78,84,210,800,1500,5000,22000,26000,26000,32713,0,64,278.4099913037072,32.37229201477021,25921.13906200393,60263.27994986703
1770119457,200,,Aggregated,241.300000,0.000000,64,71,77,84,200,800,1500,5000,22000,26000,26000,32982,0,64,276.6517816422678,32.37229201477021,25921.13906200393,60260.37835789219
1770119458,200,,Aggregated,241.200000,0.000000,64,71,77,84,200,790,1500,4900,21000,26000,26000,33224,0,64,275.0882677114827,32.37229201477021,25921.13906200393,60268.63243438478
1770119459,200,,Aggregated,242.900000,0.000000,64,71,77,83,190,790,1500,4800,21000,26000,26000,33478,0,64,273.4563069406,32.37229201477021,25921.13906200393,60255.214917259094
1770119460,200,,Aggregated,242.100000,0.000000,64,71,77,83,190,780,1500,4700,21000,26000,26000,33727,0,64,271.890232360191,32.37229201477021,25921.13906200393,60252.39211907374
1770119461,200,,Aggregated,243.600000,0.000000,64,71,77,83,180,770,1500,4700,21000,26000,26000,33960,0,64,270.4526089844888,32.37229201477021,25921.13906200393,60254.50515312132
1770119462,200,,Aggregated,243.900000,0.000000,64,71,77,83,180,760,1500,4600,21000,26000,26000,34211,0,64,268.92125795844856,32.37229201477021,25921.13906200393,60233.85156820906
1770119463,200,,Aggregated,243.800000,0.000000,64,70,77,83,170,760,1500,4600,21000,26000,26000,34478,0,64,267.31759596851026,32.37229201477021,25921.13906200393,60235.13733395209
1770119464,200,,Aggregated,243.600000,0.000000,64,70,77,82,170,740,1500,4500,21000,26000,26000,34707,0,64,265.9473890464522,32.37229201477021,25921.13906200393,60235.00236263578
1770119465,200,,Aggregated,244.400000,0.000000,64,70,77,82,170,720,1500,4500,21000,26000,26000,34978,0,64,264.368127372356,32.37229201477021,25921.13906200393,60221.5512036137
1770119466,200,,Aggregated,245.100000,0.000000,64,70,77,82,160,700,1500,4300,21000,26000,26000,35221,0,64,262.97799977480105,32.37229201477021,25921.13906200393,60224.940915930834
1770119467,200,,Aggregated,245.700000,0.000000,64,70,77,82,160,690,1500,4200,21000,26000,26000,35475,0,64,261.56439018117135,32.37229201477021,25921.13906200393,60219.385257223395
1770119469,200,,Aggregated,246.400000,0.000000,64,70,76,82,160,680,1500,4000,21000,26000,26000,35725,0,64,260.1713452274213,30.128012993372977,25921.13906200393,60207.73917424773
1770119470,200,,Aggregated,245.500000,0.000000,64,70,76,82,160,680,1500,4000,21000,26000,26000,35985,0,64,258.7388210310779,30.128012993372977,25921.13906200393,60211.15500903154
1770119471,200,,Aggregated,246.100000,0.000000,64,70,76,82,150,680,1500,3900,21000,26000,26000,36235,0,64,257.38794358546454,30.128012993372977,25921.13906200393,60205.6571546847
1770119472,200,,Aggregated,247.700000,0.000000,64,70,76,81,150,670,1500,3900,21000,26000,26000,36486,0,64,256.0595592880966,30.128012993372977,25921.13906200393,60194.03812421203
1770119473,200,,Aggregated,247.300000,0.000000,64,70,76,81,150,670,1500,3700,21000,26000,26000,36718,0,64,254.85115077796368,30.128012993372977,25921.13906200393,60194.939321313796
1770119474,200,,Aggregated,248.400000,0.000000,64,70,76,81,150,670,1500,3700,21000,26000,26000,36999,0,64,253.48511155991042,30.128012993372977,25921.13906200393,60184.32125192573
1770119475,200,,Aggregated,245.700000,0.000000,64,70,76,81,150,660,1400,3600,21000,26000,26000,37215,0,64,252.38527156703222,30.128012993372977,25921.13906200393,60176.71917237673
1770119476,200,,Aggregated,248.000000,0.000000,64,70,76,81,150,660,1400,3600,21000,26000,26000,37474,0,64,251.10888571454905,30.128012993372977,25921.13906200393,60175.45548913914
1770119477,200,,Aggregated,246.700000,0.000000,64,70,76,81,140,660,1400,3500,21000,26000,26000,37711,0,64,249.93476000808207,30.128012993372977,25921.13906200393,60170.91193550953
1770119478,200,,Aggregated,243.800000,0.000000,64,70,76,81,140,650,1400,3400,21000,26000,26000,37967,0,64,248.69437453072655,30.128012993372977,25921.13906200393,60164.387020307106
1770119479,200,,Aggregated,244.200000,0.000000,64,70,76,81,140,650,1400,3300,21000,26000,26000,38208,0,64,247.534469990532,30.128012993372977,25921.13906200393,60176.74309045226
1770119480,200,,Aggregated,243.600000,0.000000,64,70,76,81,140,650,1400,3200,21000,26000,26000,38438,0,64,246.4300723798629,30.128012993372977,25921.13906200393,60163.23370102503
1770119481,200,,Aggregated,245.100000,0.000000,64,70,76,81,140,650,1400,3200,21000,26000,26000,38696,0,64,245.24318408926194,30.128012993372977,25921.13906200393,60170.568973537316
1770119482,200,,Aggregated,240.800000,0.000000,64,70,76,81,140,640,1400,3100,21000,26000,26000,38930,0,64,244.16859543521082,30.128012993372977,25921.13906200393,60170.716568199336
1770119483,200,,Aggregated,243.100000,0.000000,64,70,76,81,140,630,1400,3000,21000,26000,26000,39186,0,64,243.0005409256581,30.128012993372977,25921.13906200393,60169.02927065789
1770119484,200,,Aggregated,241.100000,0.000000,64,70,76,81,130,630,1400,3000,21000,26000,26000,39444,0,64,241.85403346614396,30.128012993372977,25921.13906200393,60171.06873035189
1770119485,200,,Aggregated,242.000000,0.000000,64,70,76,81,130,630,1400,2900,21000,26000,26000,39695,0,64,240.75062081954275,30.128012993372977,25921.13906200393,60171.80725532183
1770119486,200,,Aggregated,237.900000,0.000000,64,70,76,81,130,620,1400,2900,21000,26000,26000,39937,0,64,239.694958817734,30.128012993372977,25921.13906200393,60188.83491499111
1770119487,200,,Aggregated,243.900000,0.000000,64,70,76,81,130,620,1400,2900,20000,25000,26000,40166,0,64,238.81542822707888,30.128012993372977,25921.13906200393,60209.02766021013
1770119488,200,,Aggregated,241.900000,0.000000,64,70,76,81,130,620,1400,2800,20000,25000,26000,40402,0,64,238.06681394528005,30.128012993372977,25921.13906200393,60210.03831493491
1770119489,200,,Aggregated,242.500000,0.000000,64,70,76,81,130,610,1400,2800,20000,25000,26000,40630,0,64,237.34257439965046,30.128012993372977,25921.13906200393,60246.03667240955
1770119490,200,,Aggregated,239.900000,0.000000,64,70,76,81,140,600,1400,2700,20000,25000,26000,40808,0,64,236.94844396098551,30.128012993372977,25921.13906200393,60244.049157028036
1770119491,200,,Aggregated,238.100000,0.000000,64,70,76,82,140,600,1400,2700,20000,25000,26000,41038,0,64,236.43339874982257,30.128012993372977,25921.13906200393,60315.51337784492
1770119492,200,,Aggregated,237.400000,0.000000,64,70,77,82,140,600,1400,2700,20000,25000,26000,41235,0,64,236.1875547286379,30.128012993372977,25921.13906200393,60323.5518127804
1770119493,200,,Aggregated,232.600000,0.000000,64,70,77,82,150,600,1400,2700,20000,25000,26000,41409,0,64,236.17305654665373,30.128012993372977,25921.13906200393,60357.79159119998
1770119494,200,,Aggregated,227.300000,0.000000,64,71,77,83,150,600,1400,2700,20000,25000,26000,41581,0,64,236.07312966748262,30.128012993372977,25921.13906200393,60371.318053918854
1770119495,200,,Aggregated,220.400000,0.000000,64,71,77,83,150,600,1400,2700,20000,25000,26000,41759,0,64,236.44073600209646,30.128012993372977,25921.13906200393,60408.55106683589
1770119496,200,,Aggregated,213.600000,0.000000,64,71,77,84,150,600,1400,2900,20000,25000,26000,41946,0,64,237.16357112857781,30.128012993372977,25921.13906200393,60430.0939541315
1770119497,200,,Aggregated,203.800000,0.000000,64,71,78,84,160,600,1400,2900,20000,25000,26000,42108,0,64,237.2183454841013,30.128012993372977,25921.13906200393,60472.52329723568
1770119498,200,,Aggregated,198.700000,0.000000,64,71,78,84,160,600,1400,2900,20000,25000,26000,42271,0,64,237.53610565230443,30.128012993372977,25921.13906200393,60516.86281374938
1770119499,200,,Aggregated,193.100000,0.000000,64,71,78,85,160,610,1400,3000,20000,25000,26000,42438,0,64,238.25330641353315,30.128012993372977,25921.13906200393,60563.3482727744
1770119500,200,,Aggregated,187.100000,0.000000,64,71,78,85,160,610,1400,3100,20000,25000,26000,42584,0,64,238.69166412935124,30.128012993372977,25921.13906200393,60590.07138831486
1770119501,200,,Aggregated,178.900000,0.000000,64,71,79,86,170,620,1400,3100,20000,25000,26000,42712,0,64,239.47847192611644,30.128012993372977,25921.13906200393,60635.778399513016
1770119502,200,,Aggregated,173.200000,0.000000,64,71,79,86,180,630,1400,3100,20000,25000,26000,42833,0,64,240.50825775290662,30.128012993372977,25921.13906200393,60676.40877360913
1770119503,200,,Aggregated,164.900000,0.000000,64,72,79,86,180,630,1400,3100,20000,25000,26000,42927,0,64,241.16715828784072,30.128012993372977,25921.13906200393,60704.311319216344
1770119504,200,,Aggregated,159.300000,0.000000,65,72,79,87,190,640,1400,3100,20000,25000,26000,43001,0,65,241.99917526529785,30.128012993372977,25921.13906200393,60740.66428687705
1770119505,200,,Aggregated,154.900000,0.000000,65,72,79,87,190,650,1400,3100,20000,25000,26000,43112,0,65,243.7988233239706,30.128012993372977,25921.13906200393,60775.1981118946
1770119506,200,,Aggregated,144.600000,0.000000,65,72,79,87,200,660,1500,3200,20000,25000,26000,43186,0,65,245.8199971873079,30.128012993372977,25921.13906200393,60792.58444866392
1770119507,200,,Aggregated,135.800000,0.000000,65,72,80,88,210,670,1500,3300,20000,25000,26000,43282,0,65,247.81477342431342,30.128012993372977,25921.13906200393,60822.04422161638
1770119509,200,,Aggregated,128.200000,0.000000,65,72,80,88,220,680,1500,3300,20000,25000,26000,43358,0,65,249.00221868260172,30.128012993372977,25921.13906200393,60851.49130494949
1770119510,200,,Aggregated,112.500000,0.000000,65,72,80,88,220,690,1500,3400,20000,25000,26000,43445,0,65,251.13533721938737,30.128012993372977,25921.13906200393,60852.141190010356
1770119511,200,,Aggregated,112.500000,0.000000,65,72,80,89,220,710,1500,3400,20000,25000,26000,43524,0,65,252.54125592834086,30.128012993372977,25921.13906200393,60877.42314585057
1770119512,200,,Aggregated,94.400000,0.000000,65,72,80,89,230,750,1500,3500,20000,25000,26000,43635,0,65,255.1337670063306,30.128012993372977,25921.13906200393,60892.921232955196
1770119513,200,,Aggregated,89.800000,0.000000,65,72,80,89,230,760,1500,3600,20000,25000,26000,43758,0,65,257.6283989544388,30.128012993372977,25921.13906200393,60908.79996800585
1770119514,200,,Aggregated,86.900000,0.000000,65,72,81,90,240,780,1600,3700,20000,25000,26000,43865,0,65,259.950886586762,30.128012993372977,25921.13906200393,60931.71505756298
1770119515,200,,Aggregated,84.800000,0.000000,65,73,81,90,240,790,1600,3700,20000,25000,26000,44013,0,65,261.3847658510966,30.128012993372977,25921.13906200393,60959.85951877854
1770119516,200,,Aggregated,87.400000,0.000000,65,73,81,91,250,800,1600,3700,20000,25000,26000,44215,0,65,264.82934886639214,30.128012993372977,25921.13906200393,60969.68804704286
1770119517,200,,Aggregated,96.100000,0.000000,65,73,81,92,260,800,1600,3700,20000,25000,26000,44359,0,65,265.42201965117766,30.128012993372977,25921.13906200393,60995.71971865912
1770119519,200,,Aggregated,92.200000,0.000000,65,73,82,93,260,800,1600,3800,20000,25000,26000,44478,0,65,266.8511348908374,30.128012993372977,25921.13906200393,60993.142092719994
1770119520,200,,Aggregated,108.300000,0.000000,65,73,82,94,270,800,1600,3900,20000,25000,26000,44761,0,65,268.21454269756083,30.128012993372977,25921.13906200393,61037.80371305378
1770119521,200,,Aggregated,108.300000,0.000000,65,73,82,94,270,800,1600,3900,20000,25000,26000,44773,0,65,268.2357482802914,30.128012993372977,25921.13906200393,61039.7180220222
1770119522,200,,Aggregated,112.000000,0.000000,65,73,83,95,270,810,1600,3900,20000,25000,26000,44834,0,65,269.1158540175219,30.128012993372977,25921.13906200393,60986.350336797965
1770119523,200,,Aggregated,124.900000,0.000000,65,74,83,97,290,840,1600,3800,20000,25000,26000,45138,0,65,273.5585922766523,30.128012993372977,25921.13906200393,61021.070184766715
1770119525,200,,Aggregated,121.900000,0.000000,65,74,84,98,290,840,1600,3800,20000,25000,26000,45301,0,65,273.3390156140837,30.128012993372977,25921.13906200393,61013.36639367785
1770119526,200,,Aggregated,133.200000,0.000000,65,74,84,99,310,870,1600,3700,20000,25000,26000,45471,0,65,275.55331962338363,30.128012993372977,25921.13906200393,60945.59332321699
1770119528,200,,Aggregated,131.900000,0.000000,66,74,85,100,350,860,1600,3700,20000,25000,26000,45696,0,66,276.29118293334,30.128012993372977,25921.13906200393,61011.59578518908
1770119529,200,,Aggregated,127.300000,0.000000,66,74,86,100,350,860,1600,3700,20000,25000,26000,45956,0,66,276.10013902764274,30.128012993372977,25921.13906200393,60955.04419444686
1770119530,200,,Aggregated,130.700000,0.000000,66,75,86,100,350,860,1600,3700,20000,25000,26000,46141,0,66,275.4805012985314,30.128012993372977,25921.13906200393,60993.14366832102
1770119531,200,,Aggregated,135.500000,0.000000,66,75,86,110,340,860,1600,3700,20000,25000,26000,46368,0,66,274.74658872481535,30.128012993372977,25921.13906200393,60977.38942805383
1770119532,200,,Aggregated,138.300000,0.000000,66,75,87,110,360,860,1600,3600,20000,25000,26000,46649,0,66,274.66453108135903,30.128012993372977,25921.13906200393,60961.99762052777
1770119533,200,,Aggregated,150.500000,0.000000,66,75,87,110,360,860,1600,3600,20000,25000,26000,46861,0,66,273.79141573142675,30.128012993372977,25921.13906200393,60941.51087258061
1770119534,200,,Aggregated,160.300000,0.000000,66,75,87,110,350,850,1600,3600,20000,25000,26000,47143,0,66,272.61079090672,30.128012993372977,25921.13906200393,60927.97395159409
1770119535,200,,Aggregated,174.900000,0.000000,66,75,87,110,350,850,1600,3600,20000,25000,26000,47362,0,66,271.6440253980945,30.128012993372977,25921.13906200393,60914.34947848486
1770119536,200,,Aggregated,178.700000,0.000000,66,75,87,110,340,850,1600,3500,20000,25000,26000,47640,0,66,270.4695963079277,30.128012993372977,25921.13906200393,60901.31618387909
1770119537,200,,Aggregated,187.700000,0.000000,66,75,87,110,340,840,1600,3500,20000,25000,26000,47898,0,66,269.35301852041437,30.128012993372977,25921.13906200393,60898.87227024093
1770119538,200,,Aggregated,206.300000,0.000000,66,75,86,100,340,840,1600,3500,20000,25000,26000,48158,0,66,268.2280800586747,30.128012993372977,25921.13906200393,60875.07668507828
1770119539,200,,Aggregated,212.200000,0.000000,66,75,86,100,330,840,1600,3500,20000,25000,26000,48405,0,66,267.1715737649364,30.128012993372977,25921.13906200393,60859.84414833179
1770119540,200,,Aggregated,221.700000,0.000000,66,75,86,100,320,840,1600,3400,20000,25000,26000,48649,0,66,266.12670835603626,30.128012993372977,25921.13906200393,60848.61440111821
1770119541,200,,Aggregated,234.900000,0.000000,66,74,86,100,320,830,1600,3400,20000,25000,26000,48889,0,66,265.1215696089626,30.128012993372977,25921.13906200393,60843.384033218106
1770119542,200,,Aggregated,228.800000,0.000000,65,74,86,100,320,830,1500,3400,20000,25000,26000,49116,0,65,264.1653878656324,30.128012993372977,25921.13906200393,60832.21819773597
1770119544,200,,Aggregated,246.200000,0.000000,65,74,85,100,310,830,1500,3400,20000,25000,26000,49368,0,65,263.13340428623263,30.128012993372977,25921.13906200393,60826.780404310484
1770119545,200,,Aggregated,240.300000,0.000000,65,74,85,100,310,820,1500,3300,20000,25000,26000,49617,0,65,262.118076909308,30.128012993372977,25921.13906200393,60821.63613277707
1770119546,200,,Aggregated,243.700000,0.000000,65,74,85,100,300,820,1500,3300,20000,25000,26000,49884,0,65,261.04035539072595,30.128012993372977,25921.13906200393,60810.60167588806
1770119547,200,,Aggregated,243.400000,0.000000,65,74,85,100,300,820,1500,3300,19000,25000,26000,50144,0,65,259.9877243466037,30.128012993372977,25921.13906200393,60797.59177568602
1770119548,200,,Aggregated,245.600000,0.000000,65,74,84,100,290,820,1500,3300,19000,25000,26000,50388,0,65,259.0083008787702,30.128012993372977,25921.13906200393,60789.785742637134
1770119549,200,,Aggregated,245.200000,0.000000,65,74,84,99,290,810,1500,3300,19000,25000,26000,50640,0,65,258.01837285160263,30.128012993372977,25921.13906200393,60779.72063586098
1770119550,200,,Aggregated,245.300000,0.000000,65,74,84,99,290,810,1500,3300,19000,25000,26000,50908,0,65,256.97026946700174,30.128012993372977,25921.13906200393,60779.78087923313
1770119551,200,,Aggregated,243.000000,0.000000,65,74,84,98,290,810,1500,3200,19000,25000,26000,51142,0,65,256.05744117430737,30.128012993372977,25921.13906200393,60767.55097571468
1770119552,200,,Aggregated,245.600000,0.000000,65,73,84,98,290,810,1500,3200,19000,25000,26000,51401,0,65,255.0630361919759,30.128012993372977,25921.13906200393,60765.11811054259
1770119553,200,,Aggregated,244.300000,0.000000,65,73,83,97,280,800,1500,3200,19000,25000,26000,51667,0,65,254.0543572663173,30.128012993372977,25921.13906200393,60757.32812046374
1770119554,200,,Aggregated,246.400000,0.000000,65,73,83,97,280,800,1500,3200,19000,25000,26000,51926,0,65,253.08609743357593,30.128012993372977,25921.13906200393,60755.5305434657
1770119555,200,,Aggregated,249.800000,0.000000,65,73,83,96,280,800,1500,3200,19000,25000,26000,52172,0,65,252.17062347940362,30.128012993372977,25921.13906200393,60744.76138541746
1770119556,200,,Aggregated,248.100000,0.000000,65,73,83,96,280,790,1500,3200,19000,25000,26000,52414,0,65,251.34426006357154,30.128012993372977,25921.13906200393,60737.354790704776
1770119557,200,,Aggregated,247.400000,0.000000,65,73,83,96,280,790,1500,3100,19000,25000,26000,52660,0,65,250.44593996747253,30.128012993372977,25921.13906200393,60736.10552601595
1770119558,200,,Aggregated,244.600000,0.000000,65,73,82,95,280,790,1500,3100,19000,25000,26000,52915,0,65,249.51374220053145,30.128012993372977,25921.13906200393,60735.1285646792
1770119559,200,,Aggregated,245.300000,0.000000,65,73,82,95,270,790,1500,3100,19000,25000,26000,53147,0,65,248.69639095674748,30.128012993372977,25921.13906200393,60730.656895027
1770119560,200,,Aggregated,247.200000,0.000000,65,73,82,95,270,780,1500,3000,19000,25000,26000,53403,0,65,247.80882226419175,30.128012993372977,25921.13906200393,60727.05634514915
1770119561,200,,Aggregated,245.900000,0.000000,65,73,82,94,270,780,1500,3000,19000,25000,26000,53674,0,65,246.86331985112,30.128012993372977,25921.13906200393,60724.52047546298
1770119562,200,,Aggregated,242.400000,0.000000,65,73,82,94,270,780,1500,3000,19000,25000,26000,53929,0,65,245.9775187383796,30.128012993372977,25921.13906200393,60720.40501399989
1770119563,200,,Aggregated,244.900000,0.000000,65,73,82,94,270,780,1500,3000,19000,25000,26000,54199,0,65,245.06144720842207,30.128012993372977,25921.13906200393,60714.32205391243
1770119564,200,,Aggregated,245.600000,0.000000,65,73,82,94,270,780,1500,3000,19000,25000,26000,54429,0,65,244.28240147342873,30.128012993372977,25921.13906200393,60717.3368241195
1770119565,200,,Aggregated,246.600000,0.000000,64,72,82,93,260,770,1500,3000,19000,25000,26000,54680,0,64,243.42687660512846,30.128012993372977,25921.13906200393,60701.53533284565
1770119566,200,,Aggregated,248.300000,0.000000,64,72,81,93,260,770,1500,2900,19000,25000,26000,54933,0,64,242.59210913105582,30.128012993372977,25921.13906200393,60702.14268290463
1770119567,200,,Aggregated,248.300000,0.000000,64,72,81,92,260,770,1500,2900,19000,25000,26000,55172,0,64,241.79711193058256,30.128012993372977,25921.13906200393,60700.77466831001
1770119568,200,,Aggregated,249.300000,0.000000,64,72,81,92,260,760,1500,2900,19000,25000,26000,55418,0,64,240.99656380170396,30.128012993372977,25921.13906200393,60698.48386805731
1770119569,200,,Aggregated,247.100000,0.000000,64,72,81,92,260,760,1500,2900,19000,25000,26000,55686,0,64,240.1262876092356,30.128012993372977,25921.13906200393,60694.87910785476
1770119570,200,,Aggregated,245.500000,0.000000,64,72,81,92,260,750,1500,2900,19000,25000,26000,55925,0,64,239.35408708480614,30.128012993372977,25921.13906200393,60693.26013410818
1770119571,200,,Aggregated,246.800000,0.000000,64,72,81,91,250,750,1500,2900,19000,25000,26000,56193,0,64,238.48985664257438,30.128012993372977,25921.13906200393,60683.179862260426
1770119572,200,,Aggregated,247.800000,0.000000,64,72,81,91,250,740,1500,2800,19000,25000,26000,56436,0,64,237.71078609967628,30.128012993372977,25921.13906200393,60672.47646892055
1770119573,200,,Aggregated,246.300000,0.000000,64,72,80,91,250,720,1500,2800,19000,25000,26000,56718,0,64,236.82740007731852,30.128012993372977,25921.13906200393,60677.25995274869
1770119574,200,,Aggregated,245.100000,0.000000,64,72,80,91,250,710,1400,2800,19000,25000,26000,56949,0,64,236.11111142368244,30.128012993372977,25921.13906200393,60663.935029587876
1770119575,200,,Aggregated,242.600000,0.000000,64,72,80,90,250,710,1400,2800,19000,25000,26000,57223,0,64,235.26719865147876,30.128012993372977,25921.13906200393,60660.63041084878
1770119576,200,,Aggregated,245.400000,0.000000,64,72,80,90,250,700,1400,2800,19000,25000,26000,57471,0,64,234.50297258061744,30.128012993372977,25921.13906200393,60655.580553670545
1770119577,200,,Aggregated,245.500000,0.000000,64,72,80,90,240,700,1400,2800,19000,25000,26000,57718,0,64,233.7563706827284,30.128012993372977,25921.13906200393,60651.862833085
1770119578,200,,Aggregated,246.000000,0.000000,64,72,80,90,240,690,1400,2800,19000,25000,26000,57979,0,64,232.99139652220387,30.128012993372977,25921.13906200393,60647.42065230515
1770119579,200,,Aggregated,249.700000,0.000000,64,72,80,90,240,690,1400,2800,19000,25000,26000,58251,0,64,232.20991574849393,30.128012993372977,25921.13906200393,60641.6920911229
1770119580,200,,Aggregated,249.600000,0.000000,64,71,80,89,240,680,1400,2800,19000,25000,26000,58474,0,64,231.5568138488118,30.128012993372977,25921.13906200393,60625.28732428088
1770119581,200,,Aggregated,250.300000,0.000000,64,71,80,89,240,680,1400,2800,19000,25000,26000,58739,0,64,230.87003862265775,30.128012993372977,25921.13906200393,60633.10802022507
1770119582,200,,Aggregated,251.300000,0.000000,64,71,80,89,240,680,1400,2700,19000,25000,26000,58984,0,64,230.17906225304313,30.128012993372977,25921.13906200393,60625.78078801031
1770119583,200,,Aggregated,250.300000,0.000000,64,71,80,89,230,680,1400,2700,19000,25000,26000,59241,0,64,229.46316781770312,30.128012993372977,25921.13906200393,60622.704005671745
1770119584,200,,Aggregated,250.500000,0.000000,64,71,80,89,230,670,1400,2700,19000,25000,26000,59488,0,64,228.7766327395043,30.128012993372977,25921.13906200393,60614.973423211406
1770119585,200,,Aggregated,252.100000,0.000000,64,71,80,89,230,670,1400,2700,19000,25000,26000,59755,0,64,228.0722661613694,30.128012993372977,25921.13906200393,60613.10747217806
1770119586,200,,Aggregated,248.100000,0.000000,64,71,80,88,230,670,1400,2700,19000,25000,26000,59997,0,64,227.40584610543027,30.128012993372977,25921.13906200393,60610.860243012154
1770119588,200,,Aggregated,248.300000,0.000000,64,71,79,88,230,670,1400,2700,19000,25000,26000,60249,0,64,226.7246740089166,30.128012993372977,25921.13906200393,60607.80308386861
1770119589,200,,Aggregated,245.000000,0.000000,64,71,79,88,230,660,1400,2700,19000,25000,26000,60493,0,64,226.07302306669314,30.128012993372977,25921.13906200393,60600.271436364535
1770119590,200,,Aggregated,245.800000,0.000000,64,71,79,88,220,660,1400,2700,19000,25000,26000,60729,0,64,225.47339551793445,30.128012993372977,25921.13906200393,60604.21814948377
1770119591,200,,Aggregated,244.800000,0.000000,64,71,79,88,220,660,1400,2700,19000,25000,26000,60977,0,64,224.84264133802685,30.128012993372977,25921.13906200393,60597.06007183036
1770119592,200,,Aggregated,241.600000,0.000000,64,71,79,88,220,660,1400,2700,19000,25000,26000,61221,0,64,224.23524064151337,30.128012993372977,25921.13906200393,60595.45776775943
1770119593,200,,Aggregated,243.100000,0.000000,64,71,79,88,220,650,1400,2600,19000,25000,26000,61486,0,64,223.56872522159767,30.128012993372977,25921.13906200393,60604.71987119019
1770119594,200,,Aggregated,242.200000,0.000000,64,71,79,88,220,650,1400,2600,19000,25000,26000,61740,0,64,222.92687196272925,30.128012993372977,25921.13906200393,60608.95170068027
1770119595,200,,Aggregated,243.300000,0.000000,64,71,79,88,220,650,1400,2600,19000,25000,26000,61989,0,64,222.30581802581824,30.128012993372977,25921.13906200393,60619.135104615336
1770119596,200,,Aggregated,243.400000,0.000000,64,71,79,87,220,650,1400,2600,19000,25000,26000,62220,0,64,221.7405874276676,30.128012993372977,25921.13906200393,60629.91657023465
1770119597,200,,Aggregated,244.500000,0.000000,64,71,79,88,220,640,1400,2600,19000,25000,26000,62433,0,64,221.31279001583115,30.128012993372977,25921.13906200393,60629.56909006455
1770119598,200,,Aggregated,240.700000,0.000000,64,71,79,88,210,640,1400,2600,19000,25000,26000,62651,0,64,220.95229441969445,30.128012993372977,25921.13906200393,60638.015706054175
1770119599,200,,Aggregated,237.700000,0.000000,64,71,80,88,210,640,1400,2600,19000,25000,26000,62852,0,64,220.7183673466309,30.128012993372977,25921.13906200393,60658.51482848597
1770119600,200,,Aggregated,235.800000,0.000000,64,72,80,89,210,640,1400,2600,19000,25000,26000,63098,0,64,220.5763381448627,30.128012993372977,25921.13906200393,60671.10203176012
1770119601,200,,Aggregated,232.300000,0.000000,64,72,80,89,210,630,1400,2600,19000,25000,26000,63280,0,64,220.33312849542412,30.128012993372977,25921.13906200393,60689.5413874842
1770119602,200,,Aggregated,232.400000,0.000000,64,72,80,89,220,630,1400,2600,19000,25000,26000,63492,0,64,220.21576622808013,30.128012993372977,25921.13906200393,60706.843933093936
1770119603,200,,Aggregated,226.000000,0.000000,64,72,80,90,220,630,1400,2600,19000,25000,26000,63698,0,64,220.0867722805773,30.128012993372977,25921.13906200393,60734.09050519639
1770119604,200,,Aggregated,221.900000,0.000000,64,72,80,90,220,630,1400,2600,19000,25000,26000,63862,0,64,220.09644235434033,30.128012993372977,25921.13906200393,60760.073690144374
1770119605,200,,Aggregated,215.100000,0.000000,64,72,81,90,220,630,1400,2600,19000,25000,26000,64032,0,64,220.48487785510207,30.128012993372977,25921.13906200393,60763.57149550225
1770119606,200,,Aggregated,210.200000,0.000000,64,72,81,91,220,630,1400,2600,19000,25000,26000,64161,0,64,220.77591988930675,30.128012993372977,25921.13906200393,60783.90876077368
1770119607,200,,Aggregated,202.200000,0.000000,64,72,81,91,230,650,1400,2600,19000,25000,26000,64317,0,64,221.86335701156506,30.128012993372977,25921.13906200393,60805.901892190246
1770119608,200,,Aggregated,193.900000,0.000000,64,72,81,91,230,650,1400,2600,19000,25000,26000,64415,0,64,222.39361688140258,30.128012993372977,25921.13906200393,60822.82369013428
1770119609,200,,Aggregated,184.900000,0.000000,64,72,81,92,230,660,1400,2700,19000,25000,26000,64533,0,64,223.52175983906574,30.128012993372977,25921.13906200393,60858.01772736429
1770119610,200,,Aggregated,175.800000,0.000000,64,72,81,92,230,660,1400,2700,19000,25000,26000,64610,0,64,223.7758161896373,30.128012993372977,25921.13906200393,60876.37856368983
1770119611,200,,Aggregated,165.000000,0.000000,64,72,81,92,230,660,1400,2700,19000,25000,26000,64691,0,64,224.5717391773732,30.128012993372977,25921.13906200393,60876.806696449275
1770119612,200,,Aggregated,153.300000,0.000000,64,72,82,93,240,670,1400,2700,19000,25000,26000,64779,0,64,225.18605052181417,30.128012993372977,25921.13906200393,60883.213495114156
1770119613,200,,Aggregated,141.600000,0.000000,64,73,82,93,240,670,1400,2800,19000,25000,26000,64869,0,64,226.00643856365477,30.128012993372977,25921.13906200393,60905.36919021412
1770119614,200,,Aggregated,129.400000,0.000000,64,73,82,93,240,670,1400,2800,19000,25000,26000,64962,0,64,226.7036193487843,30.128012993372977,25921.13906200393,60931.22276099874
1770119615,200,,Aggregated,120.500000,0.000000,64,73,82,93,240,670,1500,2800,19000,25000,26000,65049,0,64,228.27847727089457,30.128012993372977,25921.13906200393,60957.353026180266
1770119616,200,,Aggregated,109.800000,0.000000,64,73,82,93,240,670,1500,2800,19000,25000,26000,65154,0,64,228.65806372536284,30.128012993372977,25921.13906200393,60965.220278110326
1770119617,200,,Aggregated,100.800000,0.000000,64,73,82,94,240,680,1500,2900,19000,25000,26000,65227,0,64,229.95444100132266,30.128012993372977,25921.13906200393,60966.79684793107
1770119618,200,,Aggregated,97.500000,0.000000,64,73,82,94,240,680,1500,3000,19000,25000,26000,65312,0,64,231.0235517719273,30.128012993372977,25921.13906200393,60979.572084762374
1770119620,200,,Aggregated,93.700000,0.000000,64,73,82,94,250,680,1500,3000,19000,25000,26000,65395,0,64,232.45268183830677,30.128012993372977,25921.13906200393,60980.03173025461
1770119621,200,,Aggregated,84.900000,0.000000,64,73,82,94,250,680,1500,3100,19000,25000,26000,65489,0,64,234.47398092991418,30.128012993372977,25921.13906200393,60986.673762005834
1770119622,200,,Aggregated,82.700000,0.000000,64,73,82,95,250,700,1500,3300,19000,25000,26000,65584,0,64,238.4499193027898,30.128012993372977,25921.13906200393,61013.96906257624
1770119623,200,,Aggregated,85.200000,0.000000,64,73,83,95,250,700,1500,3500,19000,25000,26000,65756,0,64,240.99074113871262,30.128012993372977,25921.13906200393,61059.88577468216
1770119624,200,,Aggregated,85.500000,0.000000,65,73,83,96,250,710,1500,3600,19000,25000,26000,65877,0,65,242.04720480421554,30.128012993372977,25921.13906200393,61069.6908632755
1770119625,200,,Aggregated,91.000000,0.000000,65,73,83,96,250,710,1500,3600,19000,25000,26000,65966,0,65,242.2284098404225,30.128012993372977,25921.13906200393,61063.40786162569
1770119627,200,,Aggregated,89.900000,0.000000,65,73,83,97,260,760,1600,4000,19000,25000,26000,66084,0,65,246.6222482998963,30.128012993372977,25921.13906200393,61055.63051570728
1770119628,200,,Aggregated,92.500000,0.000000,65,73,84,98,270,780,1600,4100,19000,25000,26000,66267,0,65,249.57855298642514,30.128012993372977,25921.13906200393,61079.59808049255
1770119629,200,,Aggregated,92.400000,0.000000,65,73,84,98,270,780,1600,4100,19000,25000,26000,66392,0,65,250.0930149839399,30.128012993372977,25921.13906200393,61098.35686528497
1770119631,200,,Aggregated,94.800000,0.000000,65,73,84,99,280,780,1600,4100,19000,25000,26000,66540,0,65,251.1600810737291,30.128012993372977,25921.13906200393,61077.058310790504
1770119632,200,,Aggregated,99.700000,0.000000,65,74,85,100,290,780,1600,4000,19000,25000,26000,66779,0,65,252.0331224479977,30.128012993372977,25921.13906200393,61119.01964689498
1770119634,200,,Aggregated,105.200000,0.000000,65,74,85,100,300,780,1600,4000,19000,25000,26000,66842,0,65,252.458107741688,30.128012993372977,25921.13906200393,61099.83763202777
1770119635,200,,Aggregated,107.500000,0.000000,65,74,86,100,310,790,1600,4000,19000,25000,26000,67188,0,65,253.5203969807084,30.128012993372977,25921.13906200393,61112.9689676728
1770119636,200,,Aggregated,104.300000,0.000000,65,74,86,100,310,790,1600,4000,19000,25000,26000,67397,0,65,253.15112275065192,30.128012993372977,25921.13906200393,61113.411650370195
1770119637,200,,Aggregated,124.700000,0.000000,65,74,86,110,310,780,1600,3900,19000,25000,26000,67559,0,65,253.27219755111471,30.128012993372977,25921.13906200393,61086.9258722006
1770119638,200,,Aggregated,138.800000,0.000000,65,74,87,110,310,780,1600,3900,19000,25000,26000,67742,0,65,253.02876939495394,30.128012993372977,25921.13906200393,61091.808612087036
1770119639,200,,Aggregated,138.600000,0.000000,65,75,87,110,310,780,1600,3900,19000,25000,26000,67963,0,65,252.77733945392396,30.128012993372977,25921.13906200393,61063.84935921016
1770119640,200,,Aggregated,151.000000,0.000000,65,75,87,110,310,780,1600,3800,18000,25000,26000,68197,0,65,252.4202807733438,30.128012993372977,25921.13906200393,61100.47719107879
1770119641,200,,Aggregated,154.000000,0.000000,65,75,88,110,310,780,1600,3800,18000,25000,26000,68460,0,65,252.08324717478376,30.128012993372977,25921.13906200393,61095.908413672216
1770119642,200,,Aggregated,178.500000,0.000000,65,75,88,110,310,780,1600,3700,18000,25000,26000,68701,0,65,251.5957457671735,30.128012993372977,25921.13906200393,61091.85746932359
1770119643,200,,Aggregated,178.500000,0.000000,65,75,88,110,310,780,1600,3700,18000,25000,26000,68889,0,65,251.48196477724417,30.128012993372977,25921.13906200393,61059.92422592867
1770119644,200,,Aggregated,180.600000,0.000000,65,75,88,110,310,780,1600,3700,18000,25000,26000,69198,0,65,251.0395981759937,30.128012993372977,25921.13906200393,61069.37230844822
1770119645,200,,Aggregated,195.400000,0.000000,65,75,88,110,310,770,1600,3700,18000,25000,26000,69411,0,65,250.50600080292259,30.128012993372977,25921.13906200393,61058.892351356415
1770119646,200,,Aggregated,211.200000,0.000000,65,75,88,110,310,770,1500,3700,18000,25000,26000,69702,0,65,249.73938262694912,30.128012993372977,25921.13906200393,61053.37921436974
1770119647,200,,Aggregated,202.900000,0.000000,65,75,88,110,310,770,1500,3600,18000,25000,26000,69927,0,65,249.1894189035651,30.128012993372977,25921.13906200393,61041.42949075464
1770119648,200,,Aggregated,205.400000,0.000000,65,75,88,110,300,770,1500,3600,18000,25000,26000,70138,0,65,248.63030015459324,30.128012993372977,25921.13906200393,61030.211383272974
1770119649,200,,Aggregated,223.700000,0.000000,65,75,88,110,300,760,1500,3600,18000,25000,26000,70422,0,65,247.93728741052428,30.128012993372977,25921.13906200393,61026.08716026242
1770119651,200,,Aggregated,224.500000,0.000000,65,75,88,110,300,760,1500,3600,18000,25000,26000,70660,0,65,247.30581669676195,30.128012993372977,25921.13906200393,61013.13201245401
1770119652,200,,Aggregated,224.500000,0.000000,65,75,88,110,300,750,1500,3600,18000,25000,26000,70924,0,65,246.6114960317267,30.128012993372977,25921.13906200393,61004.822796232584
1770119653,200,,Aggregated,233.100000,0.000000,65,75,87,110,300,750,1500,3600,18000,25000,26000,71178,0,65,245.95311639380571,30.128012993372977,25921.13906200393,61001.060440023604
1770119654,200,,Aggregated,235.600000,0.000000,65,75,87,110,300,750,1500,3600,18000,25000,26000,71448,0,65,245.27202898776804,30.128012993372977,25921.13906200393,60991.06312283059
1770119655,200,,Aggregated,241.300000,0.000000,65,75,87,110,290,750,1500,3600,18000,25000,26000,71697,0,65,244.62063127415306,30.128012993372977,25921.13906200393,60986.90914543147
1770119656,200,,Aggregated,248.300000,0.000000,65,74,87,110,290,740,1500,3500,18000,25000,26000,71976,0,65,243.91619852429818,30.128012993372977,25921.13906200393,60974.667889296434
1770119657,200,,Aggregated,246.700000,0.000000,65,74,87,110,290,740,1500,3500,18000,25000,26000,72232,0,65,243.2664874622183,30.128012993372977,25921.13906200393,60973.49532063351
1770119658,200,,Aggregated,248.900000,0.000000,65,74,87,110,290,740,1500,3500,18000,25000,26000,72491,0,65,242.60426957532883,30.128012993372977,25921.13906200393,60961.88736532811
1770119659,200,,Aggregated,247.700000,0.000000,65,74,86,110,290,740,1500,3500,18000,25000,26000,72736,0,65,241.98302779262667,30.128012993372977,25921.13906200393,60955.17914100308
1770119660,200,,Aggregated,246.600000,0.000000,65,74,86,110,290,740,1500,3500,18000,25000,26000,72973,0,65,241.4032739405336,30.128012993372977,25921.13906200393,60955.13161032162
1770119661,200,,Aggregated,253.400000,0.000000,65,74,86,110,290,730,1500,3400,18000,25000,26000,73239,0,65,240.74323892479143,30.086228012805805,25921.13906200393,60941.3552205792
1770119662,200,,Aggregated,249.800000,0.000000,65,74,86,100,290,730,1500,3400,18000,25000,26000,73486,0,65,240.1502429918597,30.086228012805805,25921.13906200393,60940.82044198895
1770119663,200,,Aggregated,249.900000,0.000000,65,74,86,100,280,730,1500,3400,18000,25000,26000,73721,0,65,239.57769661957863,30.086228012805805,25921.13906200393,60937.87394365242
1770119664,200,,Aggregated,248.900000,0.000000,65,74,86,100,280,720,1500,3400,18000,25000,26000,73972,0,65,238.9695000405284,30.086228012805805,25921.13906200393,60932.83523495377
1770119665,200,,Aggregated,247.300000,0.000000,65,74,86,100,280,720,1500,3400,18000,25000,26000,74218,0,65,238.37503267809853,30.086228012805805,25921.13906200393,60935.70776631006
1770119666,200,,Aggregated,244.100000,0.000000,65,74,85,100,280,720,1500,3400,18000,25000,26000,74476,0,65,237.75948501799456,30.086228012805805,25921.13906200393,60922.34098232988
1770119667,200,,Aggregated,245.100000,0.000000,65,74,85,100,280,710,1500,3300,18000,25000,26000,74727,0,65,237.16875057370405,30.086228012805805,25921.13906200393,60923.79402357916
1770119668,200,,Aggregated,246.200000,0.000000,65,74,85,100,280,710,1500,3300,18000,25000,26000,74990,0,65,236.5664186044457,30.086228012805805,25921.13906200393,60921.49359914655
1770119669,200,,Aggregated,245.400000,0.000000,65,74,85,100,280,710,1500,3300,18000,25000,26000,75226,0,65,236.00981938481613,30.086228012805805,25921.13906200393,60917.325379523034
1770119670,200,,Aggregated,248.600000,0.000000,65,74,85,100,280,710,1500,3300,18000,25000,26000,75495,0,65,235.38645377558527,30.086228012805805,25921.13906200393,60914.76447446851
1770119671,200,,Aggregated,244.900000,0.000000,65,73,85,100,270,700,1500,3300,18000,25000,26000,75751,0,65,234.7893714877694,30.086228012805805,25921.13906200393,60910.79243838365
1770119672,200,,Aggregated,246.800000,0.000000,64,73,85,100,270,700,1500,3300,18000,25000,26000,76010,0,64,234.2008298440176,30.086228012805805,25921.13906200393,60906.35165109854
1770119673,200,,Aggregated,245.700000,0.000000,64,73,85,100,270,690,1500,3200,18000,25000,26000,76274,0,64,233.6387475206316,30.086228012805805,25921.13906200393,60904.03129506778
1770119674,200,,Aggregated,246.400000,0.000000,64,73,84,100,270,690,1500,3200,18000,25000,26000,76523,0,64,233.0669426600991,29.569990001618862,25921.13906200393,60899.5342838101
1770119675,200,,Aggregated,243.000000,0.000000,64,73,84,100,270,680,1500,3200,18000,25000,26000,76802,0,64,232.43159299650938,29.569990001618862,25921.13906200393,60897.11055701674
1770119676,200,,Aggregated,247.500000,0.000000,64,73,84,100,270,680,1500,3200,18000,25000,26000,77047,0,64,231.88492849917867,29.569990001618862,25921.13906200393,60894.009059405296
1770119677,200,,Aggregated,247.000000,0.000000,64,73,84,99,270,680,1500,3200,18000,25000,26000,77296,0,64,231.33207779414607,29.569990001618862,25921.13906200393,60885.02950993583
1770119678,200,,Aggregated,246.300000,0.000000,64,73,84,99,270,680,1500,3200,18000,25000,26000,77537,0,64,230.80377088750018,29.569990001618862,25921.13906200393,60879.81773862801
1770119679,200,,Aggregated,247.400000,0.000000,64,73,84,99,270,670,1500,3200,18000,25000,26000,77789,0,64,230.2433698174825,29.569990001618862,25921.13906200393,60875.56496419802
1770119680,200,,Aggregated,246.200000,0.000000,64,73,84,98,260,670,1500,3200,18000,25000,26000,78023,0,64,229.73040112982432,29.569990001618862,25921.13906200393,60873.27822565141
1770119681,200,,Aggregated,248.900000,0.000000,64,73,83,98,260,670,1500,3200,18000,25000,26000,78281,0,64,229.1786967361717,29.569990001618862,25921.13906200393,60869.706416627276
1770119682,200,,Aggregated,247.500000,0.000000,64,73,83,98,260,670,1400,3100,18000,25000,26000,78529,0,64,228.65695608197396,29.569990001618862,25921.13906200393,60868.97434068943
1770119683,200,,Aggregated,248.900000,0.000000,64,73,83,97,260,670,1400,3100,18000,25000,26000,78774,0,64,228.14398728911107,29.569990001618862,25921.13906200393,60867.015906263485
1770119684,200,,Aggregated,249.100000,0.000000,64,73,83,97,260,660,1400,3100,18000,25000,26000,79020,0,64,227.63302305979738,29.569990001618862,25921.13906200393,60860.16707162744
1770119685,200,,Aggregated,251.300000,0.000000,64,73,83,97,260,660,1400,3100,18000,25000,26000,79278,0,64,227.09768308851218,29.569990001618862,25921.13906200393,60858.52242740735
1770119686,200,,Aggregated,245.600000,0.000000,64,73,83,97,260,660,1400,3100,18000,25000,26000,79535,0,64,226.55771416956296,29.569990001618862,25921.13906200393,60855.29745395109
1770119687,200,,Aggregated,243.800000,0.000000,64,73,83,96,260,660,1400,3100,18000,25000,26000,79782,0,64,226.0382747722689,29.569990001618862,25921.13906200393,60844.80159685142
1770119688,200,,Aggregated,243.700000,0.000000,64,73,83,96,260,660,1400,3100,18000,24000,26000,80053,0,64,225.48021346106995,29.569990001618862,25921.13906200393,60844.548124367604
1770119689,200,,Aggregated,243.100000,0.000000,64,73,83,96,250,650,1400,3100,18000,24000,26000,80316,0,64,224.9599308396975,29.569990001618862,25921.13906200393,60839.49595348374
1770119691,200,,Aggregated,243.600000,0.000000,64,73,83,96,250,650,1400,3000,18000,24000,26000,80575,0,64,224.43932789169293,29.569990001618862,25921.13906200393,60833.70783741855
1770119692,200,,Aggregated,245.300000,0.000000,64,72,82,95,250,650,1400,3000,18000,24000,26000,80826,0,64,223.9330504793248,29.569990001618862,25921.13906200393,60830.13119540742
1770119693,200,,Aggregated,247.200000,0.000000,64,72,82,95,250,650,1400,3000,18000,24000,26000,81064,0,64,223.4607539410589,29.569990001618862,25921.13906200393,60824.51918237442
1770119694,200,,Aggregated,245.800000,0.000000,64,72,82,95,250,640,1400,3000,18000,24000,26000,81329,0,64,222.9462350654987,29.569990001618862,25921.13906200393,60816.39710312435
1770119695,200,,Aggregated,245.800000,0.000000,64,72,82,95,250,640,1400,3000,18000,24000,26000,81552,0,64,222.50592638404848,29.569990001618862,25921.13906200393,60820.84553413773
1770119696,200,,Aggregated,249.000000,0.000000,64,72,82,95,250,640,1400,3000,18000,24000,26000,81799,0,64,222.02288965458305,29.569990001618862,25921.13906200393,60813.24812039267
1770119697,200,,Aggregated,248.000000,0.000000,64,72,82,94,250,630,1400,3000,18000,24000,26000,82050,0,64,221.5469121474245,29.569990001618862,25921.13906200393,60813.82363193175
1770119698,200,,Aggregated,246.200000,0.000000,64,72,82,94,250,630,1400,2900,18000,24000,26000,82305,0,64,221.08289732055138,29.569990001618862,25921.13906200393,60810.80879654942
1770119699,200,,Aggregated,247.400000,0.000000,64,72,82,94,250,630,1400,2900,18000,24000,26000,82546,0,64,220.6223455564758,29.569990001618862,25921.13906200393,60809.864184818165
1770119700,200,,Aggregated,246.500000,0.000000,64,72,82,94,250,630,1400,2900,18000,24000,26000,82800,0,64,220.15606284795373,29.569990001618862,25921.13906200393,60809.66793478261
1770119701,200,,Aggregated,243.700000,0.000000,64,72,82,94,250,620,1400,2900,18000,24000,26000,83057,0,64,219.7105479903013,29.569990001618862,25921.13906200393,60810.31785400388
1770119702,200,,Aggregated,243.500000,0.000000,64,72,82,94,250,620,1400,2900,18000,24000,26000,83307,0,64,219.25510738680268,29.569990001618862,25921.13906200393,60809.5344088732
1770119703,200,,Aggregated,241.900000,0.000000,64,72,82,93,250,620,1400,2900,18000,24000,26000,83565,0,64,218.79793334901413,29.569990001618862,25921.13906200393,60814.87153712679
1770119704,200,,Aggregated,240.300000,0.000000,64,72,82,93,240,620,1400,2900,18000,24000,26000,83783,0,64,218.40501202121067,29.569990001618862,25921.13906200393,60818.57996252223
1770119705,200,,Aggregated,242.400000,0.000000,64,72,82,93,240,620,1400,2800,18000,24000,26000,84018,0,64,217.99079062098733,29.569990001618862,25921.13906200393,60820.40453236211
1770119706,200,,Aggregated,238.900000,0.000000,64,72,82,93,240,620,1400,2800,18000,24000,26000,84234,0,64,217.65388160180927,29.569990001618862,25921.13906200393,60829.389332098675
1770119707,200,,Aggregated,240.000000,0.000000,64,72,82,94,240,610,1400,2800,18000,24000,26000,84464,0,64,217.3927353114637,29.569990001618862,25921.13906200393,60831.173209888235
1770119708,200,,Aggregated,238.400000,0.000000,64,72,82,94,240,610,1400,2800,18000,24000,26000,84694,0,64,217.20389950150434,29.569990001618862,25921.13906200393,60842.50112168513
1770119709,200,,Aggregated,235.000000,0.000000,64,72,82,94,240,610,1400,2800,18000,24000,26000,84919,0,64,217.08221714595734,29.569990001618862,25921.13906200393,60853.11446201675
1770119710,200,,Aggregated,232.700000,0.000000,64,72,82,94,240,610,1400,2800,18000,24000,26000,85126,0,64,216.81458839586358,29.569990001618862,25921.13906200393,60866.381622536006
1770119711,200,,Aggregated,230.600000,0.000000,64,73,82,94,240,610,1400,2800,18000,24000,26000,85305,0,64,216.6892023345912,29.569990001618862,25921.13906200393,60876.28835355489
1770119712,200,,Aggregated,225.800000,0.000000,64,73,83,95,240,610,1400,2800,18000,24000,26000,85506,0,64,216.68259612495504,29.569990001618862,25921.13906200393,60887.65835146072
1770119713,200,,Aggregated,221.000000,0.000000,64,73,83,95,240,610,1400,2800,18000,24000,26000,85698,0,64,216.8589925016458,29.569990001618862,25921.13906200393,60909.10881234101
1770119714,200,,Aggregated,217.000000,0.000000,64,73,83,95,240,610,1400,2800,18000,24000,26000,85867,0,64,216.90868421142966,29.569990001618862,25921.13906200393,60916.990729849655
1770119715,200,,Aggregated,210.400000,0.000000,64,73,83,96,240,610,1400,2900,18000,24000,26000,86061,0,64,217.28321385961127,29.569990001618862,25921.13906200393,60942.91588524419
1770119716,200,,Aggregated,207.900000,0.000000,64,73,83,96,250,610,1400,2900,18000,24000,26000,86191,0,64,217.51238492416815,29.569990001618862,25921.13906200393,60951.48829924238
1770119717,200,,Aggregated,201.600000,0.000000,64,73,83,97,250,620,1400,2900,18000,24000,26000,86356,0,64,218.039016527375,29.569990001618862,25921.13906200393,60968.52160822641
1770119718,200,,Aggregated,196.300000,0.000000,64,73,83,97,250,620,1400,2900,18000,24000,26000,86474,0,64,218.42690562433992,29.569990001618862,25921.13906200393,60990.804426764116
1770119719,200,,Aggregated,185.500000,0.000000,64,73,84,97,250,620,1400,2900,18000,24000,26000,86545,0,64,218.8269029666439,29.569990001618862,25921.13906200393,60989.84190883356
1770119720,200,,Aggregated,178.500000,0.000000,64,73,84,98,250,630,1400,2900,18000,24000,26000,86623,0,64,219.25300441707674,29.569990001618862,25921.13906200393,60999.60601687773
1770119721,200,,Aggregated,169.600000,0.000000,64,73,84,98,250,630,1400,3000,18000,24000,26000,86680,0,64,220.20317244789314,29.569990001618862,25921.13906200393,61000.043977849564
1770119722,200,,Aggregated,154.900000,0.000000,64,73,84,98,250,640,1400,3000,18000,24000,26000,86781,0,64,220.9891984323789,29.569990001618862,25921.13906200393,61013.967953814776
1770119723,200,,Aggregated,143.000000,0.000000,64,73,84,98,260,650,1500,3200,18000,24000,26000,86887,0,64,222.6543159540341,29.569990001618862,25921.13906200393,61042.00705514059
1770119725,200,,Aggregated,122.300000,0.000000,64,73,84,99,260,660,1500,3300,18000,24000,26000,87028,0,64,224.80029621984013,29.569990001618862,25921.13906200393,61066.15892586294
1770119726,200,,Aggregated,112.000000,0.000000,64,73,84,99,260,660,1500,3300,18000,24000,26000,87149,0,64,225.6913216754311,29.569990001618862,25921.13906200393,61084.15647913344
1770119727,200,,Aggregated,108.900000,0.000000,64,73,84,100,260,670,1500,3300,18000,24000,26000,87266,0,64,226.36832325956388,29.569990001618862,25921.13906200393,61091.03060756766
1770119728,200,,Aggregated,100.600000,0.000000,64,74,85,100,270,670,1500,3300,18000,24000,26000,87388,0,64,226.85549029546522,29.569990001618862,25921.13906200393,61094.40891197876
1770119729,200,,Aggregated,103.200000,0.000000,64,74,85,100,270,670,1500,3300,18000,24000,26000,87492,0,64,227.0437825799678,29.569990001618862,25921.13906200393,61101.67757052073
1770119730,200,,Aggregated,98.400000,0.000000,64,74,85,100,270,680,1500,3300,18000,24000,26000,87612,0,64,228.36118250143264,29.569990001618862,25921.13906200393,61101.99187325937
1770119731,200,,Aggregated,97.400000,0.000000,65,74,85,100,280,690,1600,3300,18000,24000,26000,87787,0,65,230.2019273279684,29.569990001618862,25921.13906200393,61123.62626584802
1770119732,200,,Aggregated,94.900000,0.000000,65,74,85,100,280,700,1600,3300,18000,24000,26000,87886,0,65,230.72966038996304,29.569990001618862,25921.13906200393,61139.922979769246
1770119734,200,,Aggregated,100.100000,0.000000,65,74,86,100,280,700,1600,3300,18000,24000,26000,88110,0,65,230.99529486313895,29.569990001618862,25921.13906200393,61155.4127113835
1770119735,200,,Aggregated,114.100000,0.000000,65,74,86,100,280,700,1600,3300,18000,24000,26000,88156,0,65,231.20514296947505,29.569990001618862,25921.13906200393,61154.867155950815
1770119736,200,,Aggregated,115.300000,0.000000,65,74,86,100,290,710,1600,3300,18000,24000,26000,88247,0,65,232.19133651697237,29.569990001618862,25921.13906200393,61138.2556120888
1770119738,200,,Aggregated,122.300000,0.000000,65,74,86,110,290,740,1600,3300,18000,24000,26000,88389,0,65,233.85758756682668,29.569990001618862,25921.13906200393,61127.36791908495
1770119739,200,,Aggregated,113.300000,0.000000,65,74,86,110,300,760,1600,3300,18000,24000,26000,88501,0,65,235.3722039142508,29.569990001618862,25921.13906200393,61141.994146958794
1770119740,200,,Aggregated,103.100000,0.000000,65,74,87,110,300,770,1600,3300,18000,24000,26000,88843,0,65,236.33842743527774,29.569990001618862,25921.13906200393,61166.470312798985
1770119741,200,,Aggregated,103.500000,0.000000,65,74,87,110,300,770,1600,3300,18000,24000,26000,88939,0,65,236.3744217061943,29.569990001618862,25921.13906200393,61143.88610171016
1770119742,200,,Aggregated,127.300000,0.000000,65,75,88,110,300,770,1600,3300,18000,24000,26000,89200,0,65,236.3118717084324,29.569990001618862,25921.13906200393,61161.21921524664
1770119743,200,,Aggregated,122.900000,0.000000,65,75,88,110,300,770,1600,3300,18000,24000,26000,89476,0,65,236.0704900421954,29.569990001618862,25921.13906200393,61155.92380079575
1770119745,200,,Aggregated,119.800000,0.000000,65,75,88,110,300,770,1600,3300,18000,24000,26000,89684,0,65,235.8315195744532,29.569990001618862,25921.13906200393,61157.80446902457
1770119746,200,,Aggregated,138.100000,0.000000,65,75,88,110,300,760,1500,3300,18000,24000,26000,89934,0,65,235.47950039130316,29.569990001618862,25921.13906200393,61165.72792269887
1770119747,200,,Aggregated,152.800000,0.000000,65,75,89,110,300,760,1500,3300,17000,24000,26000,90125,0,65,235.40503054697626,29.569990001618862,25921.13906200393,61147.61126213592
1770119748,200,,Aggregated,152.800000,0.000000,65,75,89,110,300,760,1500,3300,17000,24000,26000,90280,0,65,235.2575090844168,29.569990001618862,25921.13906200393,61155.305372175455
1770119749,200,,Aggregated,169.700000,0.000000,65,75,89,110,300,760,1500,3300,17000,24000,26000,90570,0,65,235.0151521727624,29.569990001618862,25921.13906200393,61139.238533730815
1770119750,200,,Aggregated,189.100000,0.000000,65,75,89,110,300,760,1500,3300,17000,24000,26000,90813,0,65,234.67066367932043,29.569990001618862,25921.13906200393,61143.006860251284
1770119751,200,,Aggregated,202.900000,0.000000,65,75,89,110,300,750,1500,3300,17000,24000,26000,91061,0,65,234.2524342494924,29.569990001618862,25921.13906200393,61138.992686221325
1770119752,200,,Aggregated,201.500000,0.000000,65,75,89,110,300,750,1500,3300,17000,24000,26000,91347,0,65,233.82019491234738,29.569990001618862,25921.13906200393,61137.26803288559
1770119753,200,,Aggregated,217.900000,0.000000,65,75,89,110,300,750,1500,3300,17000,24000,26000,91546,0,65,233.5346637425681,29.569990001618862,25921.13906200393,61113.366220260854
1770119754,200,,Aggregated,219.400000,0.000000,65,75,89,120,290,750,1500,3300,17000,24000,26000,91829,0,65,233.12702157501437,29.569990001618862,25921.13906200393,61122.488298903394
1770119755,200,,Aggregated,220.800000,0.000000,65,75,89,120,290,750,1500,3300,17000,24000,26000,92009,0,65,232.86463241891397,29.569990001618862,25921.13906200393,61104.2338140834
1770119756,200,,Aggregated,220.500000,0.000000,65,75,90,120,290,740,1500,3300,17000,24000,26000,92318,0,65,232.49558035541267,29.569990001618862,25921.13906200393,61108.45888125826
1770119757,200,,Aggregated,227.500000,0.000000,65,75,90,120,290,740,1500,3200,17000,24000,26000,92546,0,65,232.10799865986374,29.569990001618862,25921.13906200393,61102.649277116245
1770119758,200,,Aggregated,222.400000,0.000000,65,75,90,120,290,740,1500,3200,17000,24000,26000,92813,0,65,231.63180760522434,29.569990001618862,25921.13906200393,61092.65683686553
1770119759,200,,Aggregated,234.600000,0.000000,65,75,89,120,290,740,1500,3200,17000,24000,26000,93047,0,65,231.23642272810835,29.569990001618862,25921.13906200393,61089.68401990392
1770119760,200,,Aggregated,237.300000,0.000000,65,75,89,120,290,740,1500,3200,17000,24000,26000,93312,0,65,230.76427920822144,29.569990001618862,25921.13906200393,61082.67920524691
1770119761,200,,Aggregated,236.500000,0.000000,65,75,89,110,290,730,1500,3200,17000,24000,26000,93533,0,65,230.3616059780544,29.569990001618862,25921.13906200393,61073.39708979718
1770119762,200,,Aggregated,233.200000,0.000000,65,75,89,110,290,730,1500,3200,17000,24000,26000,93807,0,65,229.8728260998266,29.569990001618862,25921.13906200393,61071.307525024786
1770119763,200,,Aggregated,231.100000,0.000000,65,75,89,110,290,730,1500,3200,17000,24000,26000,94051,0,65,229.4674120288616,29.569990001618862,25921.13906200393,61070.01377975779
1770119764,200,,Aggregated,239.000000,0.000000,65,75,89,110,280,720,1500,3200,17000,24000,26000,94301,0,65,229.01854033323704,29.569990001618862,25921.13906200393,61065.046966628135
1770119765,200,,Aggregated,242.300000,0.000000,65,75,89,110,280,720,1500,3200,17000,24000,26000,94579,0,65,228.5196120397003,29.569990001618862,25921.13906200393,61052.29390245192
1770119766,200,,Aggregated,240.800000,0.000000,65,75,88,110,280,720,1500,3200,17000,24000,26000,94821,0,65,228.0919396324514,29.569990001618862,25921.13906200393,61052.18711045021
1770119767,200,,Aggregated,239.800000,0.000000,65,75,88,110,280,720,1500,3200,17000,24000,26000,95060,0,65,227.67161660999113,29.569990001618862,25921.13906200393,61044.113591415946
1770119768,200,,Aggregated,245.500000,0.000000,65,75,88,110,280,710,1500,3200,17000,24000,26000,95293,0,65,227.26324481736262,29.569990001618862,25921.13906200393,61043.240332448346
1770119769,200,,Aggregated,242.800000,0.000000,65,75,88,110,280,710,1500,3200,17000,24000,26000,95553,0,65,226.80875185495015,29.569990001618862,25921.13906200393,61038.470053268866
1770119770,200,,Aggregated,246.100000,0.000000,65,75,88,110,280,710,1500,3200,17000,24000,26000,95810,0,65,226.3614672123456,29.569990001618862,25921.13906200393,61040.28014821
1770119771,200,,Aggregated,243.000000,0.000000,65,75,88,110,280,710,1500,3100,17000,24000,26000,96057,0,65,225.94147198081123,29.569990001618862,25921.13906200393,61033.39425549413
1770119772,200,,Aggregated,244.900000,0.000000,65,75,88,110,280,710,1500,3100,17000,24000,26000,96305,0,65,225.51411456014324,29.569990001618862,25921.13906200393,61031.382420435075
1770119774,200,,Aggregated,244.200000,0.000000,65,74,87,110,280,700,1500,3100,17000,24000,26000,96582,0,65,225.0407842792993,29.569990001618862,25921.13906200393,61028.938011223625
1770119775,200,,Aggregated,243.000000,0.000000,65,74,87,110,280,700,1500,3100,17000,24000,26000,96847,0,65,224.59603770407213,29.569990001618862,25921.13906200393,61025.63311202206
1770119776,200,,Aggregated,247.500000,0.000000,65,74,87,110,270,700,1500,3100,17000,24000,26000,97098,0,65,224.16989248054932,29.569990001618862,25921.13906200393,61020.811921975735
1770119777,200,,Aggregated,248.100000,0.000000,65,74,87,110,270,690,1500,3100,17000,24000,26000,97352,0,65,223.74491679538596,29.569990001618862,25921.13906200393,61018.94188100912
1770119778,200,,Aggregated,247.200000,0.000000,65,74,87,110,270,690,1500,3100,17000,24000,26000,97607,0,65,223.32192258427744,29.569990001618862,25921.13906200393,61013.89842941592
1770119779,200,,Aggregated,246.700000,0.000000,65,74,87,110,270,690,1500,3100,17000,24000,26000,97861,0,65,222.90070221290733,29.569990001618862,25921.13906200393,61008.55503213742
1770119780,200,,Aggregated,246.600000,0.000000,65,74,87,110,270,680,1500,3100,17000,24000,26000,98113,0,65,222.48298280679188,29.569990001618862,25921.13906200393,61007.33436955347
1770119781,200,,Aggregated,250.500000,0.000000,65,74,87,110,270,680,1500,3100,17000,24000,26000,98357,0,65,222.08030743931624,29.569990001618862,25921.13906200393,61005.70523704464
1770119782,200,,Aggregated,249.500000,0.000000,65,74,87,110,270,680,1500,3100,17000,24000,26000,98618,0,65,221.66710461026403,29.569990001618862,25921.13906200393,61000.02196353607
1770119783,200,,Aggregated,249.700000,0.000000,64,74,86,110,270,680,1500,3100,17000,24000,26000,98871,0,64,221.24861392066427,29.569990001618862,25921.13906200393,60998.85768324382
1770119784,200,,Aggregated,248.100000,0.000000,64,74,86,110,270,670,1500,3100,17000,24000,26000,99121,0,64,220.84394451625636,29.569990001618862,25921.13906200393,60994.663582893634
1770119785,200,,Aggregated,248.700000,0.000000,64,74,86,110,270,670,1500,3100,17000,24000,26000,99396,0,64,220.4011961790076,29.569990001618862,25921.13906200393,60991.05689363757
1770119786,200,,Aggregated,247.200000,0.000000,64,74,86,110,270,670,1500,3100,17000,24000,26000,99597,0,64,220.0957400711534,29.569990001618862,25921.13906200393,60988.023032822275
1770119787,200,,Aggregated,247.200000,0.000000,64,74,86,110,270,670,1500,3100,17000,24000,26000,99875,0,64,219.65369483691043,29.569990001618862,25921.13906200393,60987.561712140174
1770119788,200,,Aggregated,247.200000,0.000000,64,74,86,100,260,670,1500,3100,17000,24000,26000,100116,0,64,219.26784426206007,29.569990001618862,25921.13906200393,60983.889687961964
1770119789,200,,Aggregated,247.100000,0.000000,64,74,86,100,260,660,1400,3100,17000,24000,26000,100388,0,64,218.83180091428758,29.569990001618862,25921.13906200393,60980.51859784038
1770119790,200,,Aggregated,245.800000,0.000000,64,74,86,100,260,660,1400,3100,17000,24000,26000,100666,0,64,218.38984940696298,29.569990001618862,25921.13906200393,60977.26418055749
1770119791,200,,Aggregated,246.000000,0.000000,64,74,85,100,260,660,1400,3100,17000,24000,26000,100922,0,64,217.98477368328506,29.569990001618862,25921.13906200393,60973.66467172668
1770119792,200,,Aggregated,248.800000,0.000000,64,74,85,100,260,660,1400,3000,17000,24000,26000,101182,0,64,217.5766374968031,29.569990001618862,25921.13906200393,60965.26597616177
1770119793,200,,Aggregated,249.200000,0.000000,64,73,85,100,260,660,1400,3000,17000,24000,26000,101428,0,64,217.19500186200733,29.569990001618862,25921.13906200393,60966.22827030011
1770119794,200,,Aggregated,249.900000,0.000000,64,73,85,100,260,660,1400,3000,17000,24000,26000,101689,0,64,216.78952884119735,29.569990001618862,25921.13906200393,60961.52341944556
1770119795,200,,Aggregated,250.900000,0.000000,64,73,85,100,260,650,1400,3000,17000,24000,26000,101945,0,64,216.39381090555102,29.569990001618862,25921.13906200393,60958.69230467409
1770119796,200,,Aggregated,248.400000,0.000000,64,73,85,100,260,650,1400,3000,17000,24000,26000,102174,0,64,216.04000502854385,29.569990001618862,25921.13906200393,60950.67598410555
1770119797,200,,Aggregated,248.900000,0.000000,64,73,85,100,260,650,1400,3000,17000,24000,26000,102437,0,64,215.63975729926307,29.569990001618862,25921.13906200393,60951.71995470387
1770119798,200,,Aggregated,247.400000,0.000000,64,73,85,100,260,650,1400,3000,17000,24000,26000,102654,0,64,215.312324665699,29.569990001618862,25921.13906200393,60946.95513082783
1770119799,200,,Aggregated,246.900000,0.000000,64,73,85,100,260,650,1400,3000,17000,24000,26000,102920,0,64,214.91449663449708,29.569990001618862,25921.13906200393,60942.158074232415
1770119800,200,,Aggregated,247.100000,0.000000,64,73,85,100,260,640,1400,3000,17000,24000,26000,103165,0,64,214.5514546315,29.569990001618862,25921.13906200393,60941.84501526681
1770119801,200,,Aggregated,245.200000,0.000000,64,73,84,100,260,640,1400,3000,17000,24000,26000,103424,0,64,214.16326419899218,29.569990001618862,25921.13906200393,60933.358611154086
1770119802,200,,Aggregated,244.000000,0.000000,64,73,84,100,260,640,1400,3000,17000,24000,26000,103678,0,64,213.7924503088163,29.569990001618862,25921.13906200393,60931.2705877814
1770119803,200,,Aggregated,243.100000,0.000000,64,73,84,100,250,630,1400,3000,17000,24000,26000,103923,0,64,213.45144099530927,29.569990001618862,25921.13906200393,60931.81333294843
1770119804,200,,Aggregated,245.200000,0.000000,64,73,84,100,250,630,1400,3000,17000,24000,26000,104179,0,64,213.09608982534715,29.569990001618862,25921.13906200393,60930.06238301385
1770119805,200,,Aggregated,245.000000,0.000000,64,73,84,100,250,630,1400,3000,17000,24000,26000,104418,0,64,212.78633636050094,29.569990001618862,25921.13906200393,60928.58824149093
1770119806,200,,Aggregated,244.000000,0.000000,64,73,84,100,250,630,1400,3000,17000,24000,26000,104680,0,64,212.41368331486427,29.569990001618862,25921.13906200393,60928.71189338938
1770119807,200,,Aggregated,241.800000,0.000000,64,73,84,100,250,630,1400,3000,17000,24000,26000,104924,0,64,212.07261435770693,29.569990001618862,25921.13906200393,60930.13864320842
1770119808,200,,Aggregated,242.800000,0.000000,64,73,84,100,250,630,1400,3000,17000,24000,26000,105189,0,64,211.72508688146917,29.569990001618862,25921.13906200393,60927.52242154598
1770119809,200,,Aggregated,242.900000,0.000000,64,73,84,99,250,630,1400,2900,17000,24000,26000,105417,0,64,211.43422695209296,29.569990001618862,25921.13906200393,60932.00622290523
1770119810,200,,Aggregated,243.900000,0.000000,64,73,84,99,250,620,1400,2900,17000,24000,26000,105649,0,64,211.14841119902525,29.569990001618862,25921.13906200393,60929.18446932768
1770119812,200,,Aggregated,243.000000,0.000000,64,73,84,100,250,620,1400,2900,17000,24000,26000,105894,0,64,210.92647990050065,29.569990001618862,25921.13906200393,60935.56599051882
1770119813,200,,Aggregated,241.000000,0.000000,64,73,84,100,250,620,1400,2900,17000,24000,26000,106116,0,64,210.66150359449125,29.569990001618862,25921.13906200393,60939.85274605149
1770119814,200,,Aggregated,240.000000,0.000000,64,73,84,100,250,620,1400,2900,17000,24000,26000,106368,0,64,210.43621138553166,29.569990001618862,25921.13906200393,60946.575652451866
1770119815,200,,Aggregated,236.400000,0.000000,64,73,84,100,250,620,1400,2900,17000,24000,26000,106595,0,64,210.22922804181283,29.569990001618862,25921.13906200393,60953.90279093766
1770119816,200,,Aggregated,238.300000,0.000000,64,73,84,100,250,620,1400,2900,17000,24000,26000,106806,0,64,210.0438481066256,29.569990001618862,25921.13906200393,60964.12774563227
1770119817,200,,Aggregated,235.400000,0.000000,64,73,85,100,250,620,1400,2900,17000,24000,26000,106991,0,64,209.95418968030293,29.569990001618862,25921.13906200393,60974.51317400529
1770119818,200,,Aggregated,231.600000,0.000000,64,73,85,100,250,620,1400,2900,17000,24000,26000,107195,0,64,209.9356481074607,29.569990001618862,25921.13906200393,60982.02130696394
1770119819,200,,Aggregated,227.700000,0.000000,64,73,85,100,250,620,1400,2900,17000,24000,26000,107362,0,64,209.9137178378669,29.569990001618862,25921.13906200393,60991.184357593935
1770119820,200,,Aggregated,220.100000,0.000000,64,73,85,100,250,620,1400,2900,17000,24000,26000,107551,0,64,209.9610660826659,29.569990001618862,25921.13906200393,61001.425993249715
1770119821,200,,Aggregated,213.400000,0.000000,64,73,85,100,250,620,1400,2900,17000,24000,26000,107703,0,64,210.12790558778258,29.569990001618862,25921.13906200393,61014.67225611171
1770119822,200,,Aggregated,206.700000,0.000000,64,73,85,100,250,620,1400,2900,17000,24000,26000,107824,0,64,210.39932423630205,29.569990001618862,25921.13906200393,61019.42370900727
1770119823,200,,Aggregated,200.800000,0.000000,64,74,85,100,250,620,1400,2900,17000,24000,26000,107967,0,64,211.24283518218445,29.569990001618862,25921.13906200393,61024.05686922856
1770119824,200,,Aggregated,188.900000,0.000000,64,74,85,100,250,630,1400,2900,17000,24000,26000,108069,0,64,211.5390086000696,29.569990001618862,25921.13906200393,61035.74775374992
1770119825,200,,Aggregated,180.100000,0.000000,64,74,86,100,250,630,1400,2900,17000,24000,26000,108170,0,64,211.82352880585944,29.569990001618862,25921.13906200393,61043.71044651937
1770119826,200,,Aggregated,167.700000,0.000000,64,74,86,100,260,630,1400,3000,17000,24000,26000,108284,0,64,212.59169831149566,29.569990001618862,25921.13906200393,61050.80731225297
1770119827,200,,Aggregated,155.200000,0.000000,64,74,86,100,260,650,1500,3000,17000,24000,26000,108416,0,64,214.02092908258186,29.569990001618862,25921.13906200393,61060.69251770956
1770119828,200,,Aggregated,146.400000,0.000000,64,74,86,100,260,650,1500,3000,17000,24000,26000,108524,0,64,214.53363069145323,29.569990001618862,25921.13906200393,61076.26032029781
1770119829,200,,Aggregated,137.500000,0.000000,64,74,86,100,260,660,1500,3000,17000,24000,26000,108614,0,64,214.78795796871736,29.569990001618862,25921.13906200393,61081.61900859926
1770119830,200,,Aggregated,132.500000,0.000000,64,74,86,100,260,660,1500,3000,17000,24000,26000,108722,0,64,215.89528274492093,29.569990001618862,25921.13906200393,61097.05681462814
1770119831,200,,Aggregated,123.200000,0.000000,64,74,86,110,260,670,1500,3000,17000,24000,26000,108850,0,64,217.0790515994889,29.569990001618862,25921.13906200393,61114.61642627469
1770119832,200,,Aggregated,114.600000,0.000000,64,74,86,110,260,680,1500,3000,17000,24000,26000,108936,0,64,217.55297879077023,29.569990001618862,25921.13906200393,61126.184245795695
1770119833,200,,Aggregated,110.400000,0.000000,64,74,87,110,270,690,1500,3000,17000,24000,26000,109057,0,64,218.26190532168795,29.569990001618862,25921.13906200393,61134.806459007676
1770119834,200,,Aggregated,108.700000,0.000000,64,74,87,110,270,700,1500,3000,17000,24000,26000,109183,0,64,218.74865601213807,29.569990001618862,25921.13906200393,61140.471437861204
1770119835,200,,Aggregated,107.500000,0.000000,64,74,87,110,270,700,1500,3000,17000,24000,26000,109317,0,64,219.2878730293302,29.569990001618862,25921.13906200393,61152.284054630116
1770119837,200,,Aggregated,102.700000,0.000000,64,74,87,110,270,710,1500,3000,17000,24000,26000,109397,0,64,219.68412697622713,29.569990001618862,25921.13906200393,61155.58479665804
1770119838,200,,Aggregated,108.200000,0.000000,64,74,87,110,270,710,1500,3100,17000,24000,26000,109491,0,64,220.6284758377325,29.569990001618862,25921.13906200393,61147.65003516271
1770119839,200,,Aggregated,104.900000,0.000000,64,74,87,110,280,730,1600,3100,17000,24000,26000,109698,0,64,222.49514496379436,29.569990001618862,25921.13906200393,61162.64472460756
1770119840,200,,Aggregated,95.800000,0.000000,65,74,88,110,280,730,1600,3100,17000,24000,26000,109810,0,65,222.76704796625177,29.569990001618862,25921.13906200393,61174.53814770968
1770119842,200,,Aggregated,102.200000,0.000000,65,74,88,110,290,730,1600,3100,17000,24000,26000,109928,0,65,223.01704205763087,29.569990001618862,25921.13906200393,61175.32175605851
1770119843,200,,Aggregated,110.200000,0.000000,65,75,88,110,290,750,1600,3100,17000,24000,26000,110108,0,65,224.12026585077555,29.569990001618862,25921.13906200393,61165.66731754278
1770119844,200,,Aggregated,106.000000,0.000000,65,75,88,110,290,750,1600,3100,17000,24000,26000,110302,0,65,224.25394752322762,29.569990001618862,25921.13906200393,61192.16780294102
1770119845,200,,Aggregated,101.800000,0.000000,65,75,89,110,300,750,1600,3100,17000,24000,26000,110438,0,65,224.52134581196543,29.569990001618862,25921.13906200393,61178.38102826926
1770119846,200,,Aggregated,123.700000,0.000000,65,75,89,110,300,750,1600,3100,17000,24000,26000,110697,0,65,224.8498919193834,29.569990001618862,25921.13906200393,61183.16091673668
1770119847,200,,Aggregated,118.300000,0.000000,65,75,89,120,300,750,1600,3100,17000,24000,26000,110824,0,65,224.91864419258624,29.569990001618862,25921.13906200393,61178.289783801345
1770119848,200,,Aggregated,128.100000,0.000000,65,75,90,120,300,750,1600,3100,17000,24000,26000,111114,0,65,224.97555198747318,29.569990001618862,25921.13906200393,61183.50142196303
1770119850,200,,Aggregated,131.500000,0.000000,65,75,90,120,300,750,1600,3100,17000,24000,26000,111243,0,65,224.98687996436632,29.569990001618862,25921.13906200393,61179.48512715407
1770119851,200,,Aggregated,152.100000,0.000000,65,75,90,120,310,750,1600,3100,17000,24000,26000,111573,0,65,224.93672597554078,29.569990001618862,25921.13906200393,61187.201975388314
1770119852,200,,Aggregated,149.900000,0.000000,65,75,90,120,310,750,1600,3100,17000,24000,26000,111760,0,65,224.78977310794667,29.569990001618862,25921.13906200393,61183.22110773085
1770119853,200,,Aggregated,165.300000,0.000000,65,75,90,120,300,740,1600,3100,17000,24000,26000,111989,0,65,224.5984021788951,29.569990001618862,25921.13906200393,61186.74697514935
1770119854,200,,Aggregated,171.900000,0.000000,65,75,91,120,300,740,1600,3100,17000,24000,26000,112250,0,65,224.49940101830222,29.569990001618862,25921.13906200393,61174.82872160356
1770119855,200,,Aggregated,188.300000,0.000000,65,75,91,120,300,740,1500,3100,17000,24000,26000,112438,0,65,224.28628816065188,29.569990001618862,25921.13906200393,61175.09649762536
1770119856,200,,Aggregated,179.300000,0.000000,65,75,91,120,300,740,1500,3100,17000,24000,26000,112650,0,65,224.07223215673616,29.569990001618862,25921.13906200393,61178.52721704394
1770119857,200,,Aggregated,195.500000,0.000000,65,76,91,120,300,740,1500,3000,17000,24000,26000,112887,0,65,223.9116786405918,29.569990001618862,25921.13906200393,61181.14334688671
1770119858,200,,Aggregated,195.500000,0.000000,65,76,91,120,300,740,1500,3000,17000,24000,26000,113131,0,65,223.73907629621894,29.569990001618862,25921.13906200393,61169.74198937515
1770119859,200,,Aggregated,204.200000,0.000000,65,76,91,120,300,740,1500,3000,17000,24000,26000,113373,0,65,223.48648344038662,29.569990001618862,25921.13906200393,61167.51170031665
1770119860,200,,Aggregated,211.600000,0.000000,65,76,91,120,300,740,1500,3000,17000,24000,26000,113614,0,65,223.229465833091,29.569990001618862,25921.13906200393,61163.26177231679
1770119861,200,,Aggregated,208.500000,0.000000,65,76,91,120,300,730,1500,3000,17000,24000,26000,113844,0,65,222.95641085012778,29.569990001618862,25921.13906200393,61158.77906609044
1770119862,200,,Aggregated,215.300000,0.000000,65,76,91,120,300,730,1500,3000,17000,24000,26000,114045,0,65,222.69756990438069,29.569990001618862,25921.13906200393,61160.42419220483
1770119863,200,,Aggregated,214.300000,0.000000,65,76,92,120,300,730,1500,3000,17000,24000,26000,114296,0,65,222.4823323327756,29.569990001618862,25921.13906200393,61159.37483376496
1770119864,200,,Aggregated,224.000000,0.000000,65,76,91,120,300,730,1500,3000,17000,24000,26000,114554,0,65,222.1532770257521,29.569990001618862,25921.13906200393,61154.10629048309
1770119865,200,,Aggregated,217.300000,0.000000,65,76,92,120,300,720,1500,3000,17000,24000,26000,114797,0,65,221.8720136355042,29.569990001618862,25921.13906200393,61150.71663893656
1770119866,200,,Aggregated,224.000000,0.000000,65,76,91,120,300,720,1500,3000,17000,24000,26000,115051,0,65,221.5461930304131,29.569990001618862,25921.13906200393,61143.58074245335
1770119868,200,,Aggregated,224.500000,0.000000,65,76,91,120,300,720,1500,3000,17000,24000,26000,115181,0,65,221.37510770779082,29.569990001618862,25921.13906200393,61141.25203809656
1770119869,200,,Aggregated,230.000000,0.000000,65,76,92,120,290,720,1500,3000,17000,24000,26000,115498,0,65,221.0650621641267,29.569990001618862,25921.13906200393,61136.55439921038
1770119870,200,,Aggregated,223.300000,0.000000,65,76,91,120,290,720,1500,3000,17000,24000,26000,115743,0,65,220.73854154259178,29.569990001618862,25921.13906200393,61133.09952221733
1770119871,200,,Aggregated,229.400000,0.000000,65,76,91,120,290,720,1500,3000,17000,24000,26000,116007,0,65,220.38357735624152,29.569990001618862,25921.13906200393,61126.71945658451
1770119872,200,,Aggregated,234.600000,0.000000,65,76,91,120,290,710,1500,3000,17000,24000,26000,116256,0,65,220.094524072149,29.569990001618862,25921.13906200393,61124.033847715385
1770119873,200,,Aggregated,233.600000,0.000000,65,76,91,120,290,710,1500,3000,17000,24000,26000,116525,0,65,219.7342759960798,29.569990001618862,25921.13906200393,61118.188397339625
1770119874,200,,Aggregated,235.300000,0.000000,65,76,91,120,290,710,1500,3000,17000,24000,26000,116787,0,65,219.38765982232434,29.569990001618862,25921.13906200393,61113.99077808318
1770119875,200,,Aggregated,243.100000,0.000000,65,76,91,120,290,710,1500,3000,16000,24000,26000,117032,0,65,219.0625163525613,29.569990001618862,25921.13906200393,61112.305788160505
1770119876,200,,Aggregated,242.300000,0.000000,65,76,91,120,290,710,1500,3000,16000,24000,26000,117296,0,65,218.7125591136533,29.569990001618862,25921.13906200393,61104.4177636066
1770119877,200,,Aggregated,240.600000,0.000000,65,76,91,120,290,710,1500,3000,16000,24000,26000,117530,0,65,218.39738294276546,29.569990001618862,25921.13906200393,61104.05276950566
1770119878,200,,Aggregated,240.100000,0.000000,65,75,91,120,290,700,1500,3000,16000,24000,26000,117793,0,65,218.05663954647025,29.569990001618862,25921.13906200393,61098.18044365964
1770119879,200,,Aggregated,237.800000,0.000000,65,75,90,120,290,700,1500,3000,16000,24000,26000,118027,0,65,217.74637056531552,29.569990001618862,25921.13906200393,61091.29771154058
1770119880,200,,Aggregated,247.300000,0.000000,65,75,90,120,290,700,1500,3000,16000,24000,26000,118278,0,65,217.42077748052554,29.569990001618862,25921.13906200393,61092.29712203453
1770119881,200,,Aggregated,240.500000,0.000000,65,75,90,120,290,700,1500,2900,16000,24000,26000,118520,0,65,217.10321847646335,29.569990001618862,25921.13906200393,61089.714411069865
1770119882,200,,Aggregated,241.700000,0.000000,65,75,90,120,280,700,1500,2900,16000,24000,26000,118790,0,65,216.76159771090403,29.569990001618862,25921.13906200393,61087.11620506777
1770119883,200,,Aggregated,241.600000,0.000000,65,75,90,120,280,690,1500,2900,16000,24000,26000,119014,0,65,216.47869221822054,29.569990001618862,25921.13906200393,61085.8204160855
1770119884,200,,Aggregated,244.200000,0.000000,65,75,90,120,280,690,1500,2900,16000,24000,26000,119282,0,65,216.143087715751,29.569990001618862,25921.13906200393,61080.19680253517
1770119885,200,,Aggregated,243.700000,0.000000,65,75,90,120,280,690,1500,2900,16000,24000,26000,119530,0,65,215.83678440928057,29.569990001618862,25921.13906200393,61081.46279595081
1770119886,200,,Aggregated,242.900000,0.000000,65,75,90,120,280,690,1500,2900,16000,24000,26000,119792,0,65,215.50843457435764,29.569990001618862,25921.13906200393,61077.02991017764
1770119887,200,,Aggregated,245.400000,0.000000,65,75,90,110,280,690,1500,2900,16000,24000,26000,120038,0,65,215.18800188875355,29.569990001618862,25921.13906200393,61075.10619137273
1770119888,200,,Aggregated,246.400000,0.000000,65,75,89,110,280,680,1500,2900,16000,24000,26000,120269,0,65,214.89141253610666,29.569990001618862,25921.13906200393,61073.05571676824
1770119889,200,,Aggregated,247.400000,0.000000,65,75,89,110,280,680,1500,2900,16000,24000,26000,120551,0,65,214.5325626130698,29.569990001618862,25921.13906200393,61069.78296322718
1770119890,200,,Aggregated,248.600000,0.000000,65,75,89,110,280,680,1500,2900,16000,24000,26000,120792,0,65,214.2205071745724,29.569990001618862,25921.13906200393,61067.361961057024
1770119891,200,,Aggregated,248.400000,0.000000,65,75,89,110,280,680,1500,2900,16000,24000,26000,121051,0,65,213.8934118574974,29.569990001618862,25921.13906200393,61063.74754442342
1770119892,200,,Aggregated,246.800000,0.000000,65,75,89,110,280,670,1500,2900,16000,24000,26000,121316,0,65,213.562856809195,29.569990001618862,25921.13906200393,61061.328959082064
1770119893,200,,Aggregated,245.000000,0.000000,65,75,89,110,280,670,1500,2900,16000,24000,26000,121549,0,65,213.26996438188266,29.569990001618862,25921.13906200393,61054.27546092522
1770119894,200,,Aggregated,242.400000,0.000000,65,75,89,110,280,670,1500,2900,16000,24000,26000,121794,0,65,212.96131919239394,29.569990001618862,25921.13906200393,61054.27530912853
1770119895,200,,Aggregated,242.000000,0.000000,65,75,89,110,280,670,1500,2900,16000,24000,26000,122056,0,65,212.63785155930182,29.569990001618862,25921.13906200393,61050.45314445828
1770119896,200,,Aggregated,241.200000,0.000000,65,75,88,110,270,670,1500,2900,16000,24000,26000,122300,0,65,212.33128547900236,29.569990001618862,25921.13906200393,61049.26798855274
1770119897,200,,Aggregated,241.100000,0.000000,65,75,88,110,270,670,1500,2900,16000,24000,26000,122559,0,65,212.02289052050708,29.569990001618862,25921.13906200393,61043.886878972575
1770119898,200,,Aggregated,243.300000,0.000000,65,75,88,110,270,660,1500,2900,16000,24000,26000,122816,0,65,211.70707658760128,29.569990001618862,25921.13906200393,61041.353463718086
1770119899,200,,Aggregated,242.400000,0.000000,65,75,88,110,270,660,1500,2900,16000,24000,26000,123061,0,65,211.4013457824004,29.569990001618862,25921.13906200393,61038.82125937543
1770119900,200,,Aggregated,244.900000,0.000000,65,75,88,110,270,660,1500,2900,16000,24000,26000,123339,0,65,211.07873821194553,29.569990001618862,25921.13906200393,61036.2674660894
1770119901,200,,Aggregated,246.200000,0.000000,65,74,88,110,270,660,1500,2900,16000,24000,26000,123571,0,65,210.7980079387501,29.569990001618862,25921.13906200393,61030.548138317245
1770119903,200,,Aggregated,248.800000,0.000000,65,74,88,110,270,660,1500,2900,16000,24000,26000,123823,0,65,210.49783290813045,29.569990001618862,25921.13906200393,61028.124718347965
1770119904,200,,Aggregated,246.500000,0.000000,64,74,88,110,270,660,1500,2900,16000,24000,26000,124070,0,64,210.20490236725658,29.569990001618862,25921.13906200393,61025.41649069074
1770119905,200,,Aggregated,246.300000,0.000000,64,74,88,110,270,650,1400,2800,16000,24000,26000,124311,0,64,209.91742649743495,29.569990001618862,25921.13906200393,61023.00657222611
1770119906,200,,Aggregated,246.100000,0.000000,64,74,88,110,270,650,1400,2800,16000,24000,26000,124574,0,64,209.61586208601148,29.569990001618862,25921.13906200393,61021.24889623838
1770119907,200,,Aggregated,244.900000,0.000000,64,74,87,110,270,650,1400,2800,16000,24000,26000,124830,0,64,209.31377498878265,29.569990001618862,25921.13906200393,61019.77155331251
1770119908,200,,Aggregated,245.200000,0.000000,64,74,87,110,270,650,1400,2800,16000,24000,26000,125088,0,64,209.01328529751834,29.569990001618862,25921.13906200393,61014.85949891277
1770119909,200,,Aggregated,247.700000,0.000000,64,74,87,110,270,650,1400,2800,16000,24000,26000,125349,0,64,208.7050976053421,29.569990001618862,25921.13906200393,61013.50238135127
1770119910,200,,Aggregated,246.800000,0.000000,64,74,87,110,270,640,1400,2800,16000,24000,26000,125587,0,64,208.42560452903655,29.569990001618862,25921.13906200393,61013.17378391075
1770119911,200,,Aggregated,247.100000,0.000000,64,74,87,110,260,640,1400,2800,16000,24000,26000,125870,0,64,208.09881019423224,29.569990001618862,25921.13906200393,61009.1214427584
1770119912,200,,Aggregated,246.800000,0.000000,64,74,87,110,260,640,1400,2800,16000,24000,26000,126127,0,64,207.80909757610817,29.569990001618862,25921.13906200393,61006.00566096078
1770119913,200,,Aggregated,246.400000,0.000000,64,74,87,110,260,640,1400,2800,16000,24000,26000,126373,0,64,207.53614678974742,29.569990001618862,25921.13906200393,61003.52140884524
1770119914,200,,Aggregated,248.400000,0.000000,64,74,87,110,260,630,1400,2800,16000,24000,26000,126615,0,64,207.258446056326,29.569990001618862,25921.13906200393,61005.706946254395
1770119915,200,,Aggregated,245.500000,0.000000,64,74,87,110,260,630,1400,2800,16000,24000,26000,126840,0,64,207.01256360003524,29.569990001618862,25921.13906200393,61002.13738568275
1770119916,200,,Aggregated,245.500000,0.000000,64,74,87,110,260,630,1400,2800,16000,24000,26000,127097,0,64,206.76199492822883,29.569990001618862,25921.13906200393,61007.107492702424
1770119917,200,,Aggregated,243.800000,0.000000,64,74,87,110,260,630,1400,2800,16000,24000,26000,127337,0,64,206.51030740262786,29.569990001618862,25921.13906200393,61008.09756787108
1770119918,200,,Aggregated,242.800000,0.000000,64,74,87,110,260,630,1400,2800,16000,24000,26000,127585,0,64,206.25817991908585,29.569990001618862,25921.13906200393,61009.98934827762
1770119919,200,,Aggregated,242.700000,0.000000,64,74,87,110,260,630,1400,2800,16000,24000,26000,127796,0,64,206.0785649448604,29.569990001618862,25921.13906200393,61012.5376224608
1770119920,200,,Aggregated,240.000000,0.000000,64,74,87,110,260,630,1400,2800,16000,24000,26000,128050,0,64,205.86184086691696,29.569990001618862,25921.13906200393,61016.19369777431
1770119921,200,,Aggregated,237.700000,0.000000,64,74,87,110,260,630,1400,2800,16000,24000,26000,128283,0,64,205.65057403541826,29.569990001618862,25921.13906200393,61026.898848639335
1770119922,200,,Aggregated,236.800000,0.000000,64,74,87,110,260,630,1400,2800,16000,24000,26000,128467,0,64,205.52772943471746,29.569990001618862,25921.13906200393,61030.08834175314
1770119923,200,,Aggregated,234.400000,0.000000,64,74,87,110,260,620,1400,2800,16000,24000,26000,128688,0,64,205.48192917790814,29.569990001618862,25921.13906200393,61036.10337405197
1770119924,200,,Aggregated,231.900000,0.000000,64,74,87,110,260,620,1400,2800,16000,24000,26000,128866,0,64,205.45312814210632,29.569990001618862,25921.13906200393,61041.48221408285
1770119925,200,,Aggregated,228.400000,0.000000,64,74,87,110,260,620,1400,2800,16000,24000,26000,129069,0,64,205.45950287685358,29.569990001618862,25921.13906200393,61049.62031936406
1770119926,200,,Aggregated,223.300000,0.000000,64,74,87,110,260,620,1400,2800,16000,24000,26000,129242,0,64,205.4531522664738,29.569990001618862,25921.13906200393,61052.46652017146
1770119927,200,,Aggregated,221.200000,0.000000,64,74,88,110,260,620,1400,2800,16000,24000,26000,129424,0,64,205.60823025822236,29.569990001618862,25921.13906200393,61065.42896217085
1770119928,200,,Aggregated,214.500000,0.000000,65,74,88,110,260,630,1400,2800,16000,24000,26000,129599,0,65,205.79134220435404,29.569990001618862,25921.13906200393,61073.32866765947
1770119929,200,,Aggregated,207.300000,0.000000,65,75,88,110,260,630,1400,2800,16000,24000,26000,129783,0,65,206.0411022719375,29.569990001618862,25921.13906200393,61087.5967114337
1770119930,200,,Aggregated,200.300000,0.000000,65,75,88,110,260,630,1400,2800,16000,24000,26000,129945,0,65,206.16419081913023,29.569990001618862,25921.13906200393,61101.82314055947
1770119931,200,,Aggregated,194.900000,0.000000,65,75,88,110,260,630,1400,2800,16000,24000,26000,130044,0,65,206.37742148935658,29.569990001618862,25921.13906200393,61099.485035834026
1770119932,200,,Aggregated,190.400000,0.000000,65,75,88,110,260,630,1400,2800,16000,24000,26000,130124,0,65,206.78478087532596,29.569990001618862,25921.13906200393,61100.28920875473
1770119934,200,,Aggregated,180.200000,0.000000,65,75,88,110,260,630,1400,2800,16000,24000,26000,130171,0,65,207.16051789072026,29.569990001618862,25921.13906200393,61101.48659071529
1770119935,200,,Aggregated,156.900000,0.000000,65,75,88,110,260,640,1500,2800,16000,24000,26000,130261,0,65,207.86155115332102,29.569990001618862,25921.13906200393,61105.40474125026
1770119936,200,,Aggregated,142.600000,0.000000,65,75,88,110,260,640,1500,2900,16000,24000,26000,130334,0,65,208.11135218389626,29.569990001618862,25921.13906200393,61114.14395322786
1770119937,200,,Aggregated,129.000000,0.000000,65,75,88,110,270,650,1500,2900,16000,24000,26000,130461,0,65,209.34692754679875,29.569990001618862,25921.13906200393,61130.9634986701
1770119938,200,,Aggregated,119.100000,0.000000,65,75,88,110,270,650,1500,3000,16000,24000,26000,130599,0,65,210.61636238314057,29.569990001618862,25921.13906200393,61154.23477974563
1770119939,200,,Aggregated,111.600000,0.000000,65,75,89,110,270,650,1500,3000,16000,24000,26000,130718,0,65,211.19703310717605,29.569990001618862,25921.13906200393,61158.29748772166
1770119940,200,,Aggregated,110.600000,0.000000,65,75,89,110,270,660,1500,3000,16000,24000,26000,130818,0,65,212.06680888039773,29.569990001618862,25921.13906200393,61165.397705208765
1770119941,200,,Aggregated,103.800000,0.000000,65,75,89,110,270,660,1500,3100,16000,24000,26000,130986,0,65,213.07737088468272,29.569990001618862,25921.13906200393,61169.054532545466
1770119942,200,,Aggregated,97.300000,0.000000,65,75,89,110,270,670,1500,3100,16000,24000,26000,131064,0,65,213.54451007129367,29.569990001618862,25921.13906200393,61171.313602514805
1770119944,200,,Aggregated,90.900000,0.000000,65,75,89,110,280,670,1500,3100,16000,24000,26000,131219,0,65,214.5254576799563,29.569990001618862,25921.13906200393,61182.07086626175
1770119945,200,,Aggregated,99.600000,0.000000,65,75,90,110,280,670,1500,3100,16000,24000,26000,131409,0,65,214.78270576577796,29.569990001618862,25921.13906200393,61206.340364815194
1770119947,200,,Aggregated,104.800000,0.000000,65,75,90,110,280,680,1500,3100,16000,24000,26000,131516,0,65,215.16909993408433,29.569990001618862,25921.13906200393,61200.00957297971
1770119948,200,,Aggregated,117.500000,0.000000,65,75,90,120,290,700,1500,3000,16000,24000,26000,131720,0,65,216.0412746185776,29.569990001618862,25921.13906200393,61198.639804129976
1770119949,200,,Aggregated,113.100000,0.000000,65,75,90,120,290,710,1500,3000,16000,24000,26000,131788,0,65,216.32707454504978,29.569990001618862,25921.13906200393,61206.54564907275
1770119950,200,,Aggregated,109.300000,0.000000,65,75,90,120,290,710,1500,3000,16000,24000,26000,131852,0,65,216.7880130799084,29.569990001618862,25921.13906200393,61202.74856657464
1770119951,200,,Aggregated,110.900000,0.000000,65,75,91,120,300,730,1500,3000,16000,24000,26000,132177,0,65,218.05447710661952,29.569990001618862,25921.13906200393,61216.179864878155
1770119953,200,,Aggregated,106.100000,0.000000,65,75,91,120,300,730,1500,3000,16000,24000,26000,132235,0,65,218.10811193520448,29.569990001618862,25921.13906200393,61213.1158694748
1770119954,200,,Aggregated,120.600000,0.000000,65,76,91,120,300,730,1500,3000,16000,24000,26000,132589,0,65,218.4549081669362,29.569990001618862,25921.13906200393,61217.49228065676
1770119955,200,,Aggregated,111.500000,0.000000,65,76,91,120,300,730,1500,3000,16000,24000,26000,132705,0,65,218.37196936119906,29.569990001618862,25921.13906200393,61205.155819298445
1770119956,200,,Aggregated,111.500000,0.000000,65,76,92,120,300,730,1500,3000,16000,24000,26000,132818,0,65,218.32749657498977,29.569990001618862,25921.13906200393,61216.36114833833
1770119957,200,,Aggregated,123.100000,0.000000,65,76,92,120,300,730,1500,3000,16000,24000,26000,133168,0,65,218.4505171413318,29.569990001618862,25921.13906200393,61210.6553751652
1770119958,200,,Aggregated,136.900000,0.000000,65,76,92,120,300,730,1500,3000,16000,24000,26000,133340,0,65,218.32065480734872,29.569990001618862,25921.13906200393,61214.16290685466
1770119959,200,,Aggregated,150.500000,0.000000,65,76,92,120,300,720,1500,3000,16000,24000,26000,133490,0,65,218.44769465794377,29.569990001618862,25921.13906200393,61201.64168851599
1770119960,200,,Aggregated,147.900000,0.000000,65,76,93,120,300,720,1500,3000,16000,24000,26000,133751,0,65,218.38317944526045,29.569990001618862,25921.13906200393,61209.14071670492
1770119961,200,,Aggregated,158.600000,0.000000,65,76,93,120,300,720,1500,3000,16000,24000,26000,133944,0,65,218.22103068643585,29.569990001618862,25921.13906200393,61202.91933942543
1770119962,200,,Aggregated,179.500000,0.000000,65,76,93,120,300,720,1500,3000,16000,24000,26000,134157,0,65,218.030482947427,29.569990001618862,25921.13906200393,61207.14919087338
1770119963,200,,Aggregated,184.000000,0.000000,65,76,93,120,300,720,1500,3000,16000,24000,26000,134390,0,65,217.8857766491928,29.569990001618862,25921.13906200393,61207.4046134385
1770119964,200,,Aggregated,181.800000,0.000000,65,76,93,120,300,720,1500,3000,16000,24000,26000,134617,0,65,217.70217927920206,29.569990001618862,25921.13906200393,61205.51485325033
1770119965,200,,Aggregated,201.300000,0.000000,65,76,93,120,300,720,1500,3000,16000,24000,26000,134865,0,65,217.6057584577283,29.569990001618862,25921.13906200393,61202.88507025544
1770119966,200,,Aggregated,193.500000,0.000000,65,76,93,120,300,720,1500,3000,16000,24000,26000,135092,0,65,217.4078375211757,29.569990001618862,25921.13906200393,61196.564134071596
1770119967,200,,Aggregated,201.900000,0.000000,65,76,93,120,300,720,1500,3000,16000,24000,26000,135324,0,65,217.18128544511399,29.569990001618862,25921.13906200393,61194.94069049097
1770119968,200,,Aggregated,206.100000,0.000000,65,76,93,120,300,710,1500,3000,16000,24000,26000,135570,0,65,216.95697956974033,29.569990001618862,25921.13906200393,61192.699859850996
1770119970,200,,Aggregated,209.100000,0.000000,65,76,93,120,300,710,1500,3000,16000,24000,26000,135775,0,65,216.76285405844368,29.569990001618862,25921.13906200393,61193.775076413185
1770119971,200,,Aggregated,219.600000,0.000000,65,76,93,120,300,710,1500,3000,16000,24000,26000,136047,0,65,216.48807193306808,29.569990001618862,25921.13906200393,61192.163458216644
1770119972,200,,Aggregated,212.800000,0.000000,65,76,93,120,300,710,1500,3000,16000,24000,26000,136266,0,65,216.3489372496955,29.569990001618862,25921.13906200393,61189.1518353808
1770119973,200,,Aggregated,222.300000,0.000000,65,76,93,120,300,710,1500,3000,16000,24000,26000,136520,0,65,216.11266504309842,29.569990001618862,25921.13906200393,61184.31873718136
1770119974,200,,Aggregated,223.100000,0.000000,65,76,93,120,300,710,1500,3000,16000,24000,26000,136761,0,65,215.84429532541355,29.569990001618862,25921.13906200393,61184.99640979519
1770119975,200,,Aggregated,221.700000,0.000000,65,76,93,120,300,710,1500,3000,16000,24000,26000,136928,0,65,215.7263965894619,29.569990001618862,25921.13906200393,61170.56174777986
1770119976,200,,Aggregated,226.400000,0.000000,65,76,93,120,300,710,1500,3000,16000,24000,26000,137242,0,65,215.5216092766048,29.569990001618862,25921.13906200393,61177.2399192667
1770119977,200,,Aggregated,221.900000,0.000000,65,76,93,120,300,710,1500,3000,16000,24000,26000,137477,0,65,215.26818529998354,29.569990001618862,25921.13906200393,61172.28626606632
1770119978,200,,Aggregated,229.000000,0.000000,65,76,93,120,290,710,1500,3000,16000,24000,26000,137756,0,65,214.96920350808577,29.569990001618862,25921.13906200393,61168.36366474056
1770119979,200,,Aggregated,231.000000,0.000000,65,76,93,120,290,700,1500,2900,16000,24000,26000,138022,0,65,214.72486962741453,29.569990001618862,25921.13906200393,61165.80461810436
1770119980,200,,Aggregated,233.500000,0.000000,65,76,93,120,290,700,1500,2900,16000,24000,26000,138282,0,65,214.4595208952065,29.569990001618862,25921.13906200393,61160.528572048424
1770119981,200,,Aggregated,226.400000,0.000000,65,76,93,120,290,700,1500,2900,16000,24000,26000,138526,0,65,214.20468858675756,29.569990001618862,25921.13906200393,61158.248054516844
1770119982,200,,Aggregated,233.500000,0.000000,65,76,93,120,290,700,1500,2900,16000,24000,26000,138730,0,65,214.0047642293601,29.569990001618862,25921.13906200393,61145.15172637497
1770119983,200,,Aggregated,232.500000,0.000000,65,76,93,120,290,700,1500,2900,16000,24000,26000,139005,0,65,213.719532373851,29.569990001618862,25921.13906200393,61150.164260278405
1770119984,200,,Aggregated,232.100000,0.000000,65,76,93,120,290,700,1500,2900,16000,24000,26000,139226,0,65,213.47546493897696,29.569990001618862,25921.13906200393,61147.93864651717
1770119985,200,,Aggregated,235.800000,0.000000,65,76,92,120,290,700,1500,2900,16000,24000,26000,139494,0,65,213.18159194226382,29.569990001618862,25921.13906200393,61144.11479346782
1770119986,200,,Aggregated,237.200000,0.000000,65,76,92,120,290,700,1500,2900,16000,24000,26000,139746,0,65,212.90377331586583,29.569990001618862,25921.13906200393,61142.152154623385
1770119987,200,,Aggregated,245.200000,0.000000,65,76,92,120,290,690,1500,2900,16000,24000,26000,140002,0,65,212.63566286483902,29.569990001618862,25921.13906200393,61139.14441222268
1770119988,200,,Aggregated,241.200000,0.000000,65,76,92,120,290,690,1500,2900,16000,24000,26000,140231,0,65,212.38326225650567,29.569990001618862,25921.13906200393,61136.38045795865
1770119989,200,,Aggregated,241.800000,0.000000,65,76,92,120,290,690,1500,2900,16000,24000,26000,140483,0,65,212.10940335639245,29.569990001618862,25921.13906200393,61134.08322003374
1770119990,200,,Aggregated,237.000000,0.000000,65,76,92,120,290,690,1500,2900,16000,24000,26000,140732,0,65,211.84441275341837,29.569990001618862,25921.13906200393,61133.204466645824
1770119991,200,,Aggregated,246.100000,0.000000,65,76,92,120,290,690,1500,2900,16000,24000,26000,140989,0,65,211.56942722428772,29.569990001618862,25921.13906200393,61131.81951783472
1770119992,200,,Aggregated,242.600000,0.000000,65,76,92,120,290,690,1500,2900,16000,24000,26000,141240,0,65,211.30392576140173,29.569990001618862,25921.13906200393,61126.5651585953
1770119993,200,,Aggregated,242.800000,0.000000,65,76,91,120,290,690,1500,2900,16000,24000,26000,141490,0,65,211.03756417133732,29.569990001618862,25921.13906200393,61123.25779207011
1770119994,200,,Aggregated,243.800000,0.000000,65,76,91,120,280,680,1500,2900,16000,24000,26000,141754,0,65,210.7573074292811,29.569990001618862,25921.13906200393,61124.61345006138
1770119996,200,,Aggregated,243.700000,0.000000,65,76,91,120,280,680,1500,2900,16000,24000,26000,141994,0,65,210.50098772514067,29.569990001618862,25921.13906200393,61122.03522684057
1770119997,200,,Aggregated,242.600000,0.000000,65,76,91,120,280,680,1500,2900,16000,24000,26000,142282,0,65,210.19845493226168,29.569990001618862,25921.13906200393,61117.08942803728
1770119998,200,,Aggregated,241.300000,0.000000,65,76,91,120,280,680,1500,2900,16000,24000,26000,142517,0,65,209.94580278843927,29.569990001618862,25921.13906200393,61117.37464302504
1770119999,200,,Aggregated,243.200000,0.000000,65,75,91,120,280,680,1500,2900,16000,24000,26000,142777,0,65,209.67231807797535,29.569990001618862,25921.13906200393,61112.30960869048
1770120000,200,,Aggregated,246.200000,0.000000,65,75,91,120,280,670,1500,2900,16000,24000,26000,143026,0,65,209.41255004713213,29.569990001618862,25921.13906200393,61111.67826828689
1770120001,200,,Aggregated,245.900000,0.000000,65,75,91,120,280,670,1500,2900,16000,24000,26000,143277,0,65,209.15295552207337,29.569990001618862,25921.13906200393,61108.11712975565
1770120002,200,,Aggregated,247.100000,0.000000,65,75,90,120,280,670,1500,2900,16000,24000,26000,143542,0,65,208.88484161958266,29.569990001618862,25921.13906200393,61105.331707792844
1770120003,200,,Aggregated,247.200000,0.000000,65,75,90,120,280,670,1500,2900,16000,24000,26000,143798,0,65,208.63277358764515,29.569990001618862,25921.13906200393,61101.40342702958
1770120004,200,,Aggregated,249.300000,0.000000,65,75,90,120,280,670,1500,2900,15000,24000,26000,144063,0,65,208.37230692930913,29.569990001618862,25921.13906200393,61098.80253777861
1770120005,200,,Aggregated,246.900000,0.000000,65,75,90,120,280,670,1500,2900,15000,24000,26000,144306,0,65,208.13524825022432,29.569990001618862,25921.13906200393,61095.87098249553
1770120006,200,,Aggregated,248.800000,0.000000,65,75,90,120,280,660,1500,2800,15000,24000,26000,144572,0,65,207.87494108074776,29.569990001618862,25921.13906200393,61092.743193702794
1770120007,200,,Aggregated,245.900000,0.000000,65,75,90,120,280,660,1500,2800,15000,24000,26000,144821,0,65,207.6295386491889,29.569990001618862,25921.13906200393,61092.169388417424
1770120008,200,,Aggregated,249.000000,0.000000,65,75,90,120,280,660,1400,2800,15000,24000,26000,145077,0,65,207.37824046487285,29.569990001618862,25921.13906200393,61086.40259999862
1770120009,200,,Aggregated,245.400000,0.000000,65,75,90,120,280,660,1400,2800,15000,24000,26000,145320,0,65,207.13771791255436,29.569990001618862,25921.13906200393,61086.94570602808
1770120010,200,,Aggregated,245.600000,0.000000,65,75,90,120,270,660,1400,2800,15000,24000,26000,145567,0,65,206.89267155625004,29.569990001618862,25921.13906200393,61082.42219733868
1770120011,200,,Aggregated,246.500000,0.000000,65,75,90,120,270,660,1400,2800,15000,24000,26000,145814,0,65,206.6533901865697,29.569990001618862,25921.13906200393,61082.91032411154
1770120012,200,,Aggregated,245.200000,0.000000,65,75,90,110,270,660,1400,2800,15000,24000,26000,146056,0,65,206.42017662515835,29.569990001618862,25921.13906200393,61076.13407186285
1770120013,200,,Aggregated,247.400000,0.000000,65,75,89,110,270,650,1400,2800,15000,24000,26000,146339,0,65,206.15547742161235,29.569990001618862,25921.13906200393,61077.40278394686
1770120014,200,,Aggregated,244.300000,0.000000,65,75,89,110,270,650,1400,2800,15000,24000,26000,146566,0,65,205.93664058753447,29.569990001618862,25921.13906200393,61073.626550496025
1770120015,200,,Aggregated,247.500000,0.000000,65,75,89,110,270,650,1400,2800,15000,24000,26000,146834,0,65,205.6902120735693,29.569990001618862,25921.13906200393,61071.65559066701
1770120016,200,,Aggregated,245.200000,0.000000,65,75,89,110,270,650,1400,2800,15000,24000,26000,147071,0,65,205.46526729556737,29.569990001618862,25921.13906200393,61065.53192675646
1770120017,200,,Aggregated,248.000000,0.000000,65,75,89,110,270,650,1400,2800,15000,24000,26000,147322,0,65,205.2253330095797,29.569990001618862,25921.13906200393,61063.835706819074
1770120018,200,,Aggregated,242.600000,0.000000,65,75,89,110,270,650,1400,2800,15000,24000,26000,147573,0,65,205.00192797266615,29.569990001618862,25921.13906200393,61061.74037256138
1770120019,200,,Aggregated,243.300000,0.000000,65,75,89,110,270,650,1400,2800,15000,24000,26000,147831,0,65,204.75962336637963,29.569990001618862,25921.13906200393,61060.58029777246
1770120020,200,,Aggregated,242.300000,0.000000,65,75,89,110,270,640,1400,2800,15000,24000,26000,148092,0,65,204.51340673144665,29.569990001618862,25921.13906200393,61061.802399859545
1770120021,200,,Aggregated,242.600000,0.000000,65,75,89,110,270,640,1400,2800,15000,24000,26000,148344,0,65,204.275242488312,29.569990001618862,25921.13906200393,61059.3125303349
1770120022,200,,Aggregated,242.600000,0.000000,65,75,89,110,270,640,1400,2800,15000,24000,26000,148596,0,65,204.052914487888,29.569990001618862,25921.13906200393,61058.78019596759
1770120023,200,,Aggregated,242.700000,0.000000,65,75,89,110,270,640,1400,2800,15000,24000,26000,148835,0,65,203.83336772776906,29.569990001618862,25921.13906200393,61059.07510330231
1770120024,200,,Aggregated,245.100000,0.000000,65,75,89,110,270,630,1400,2800,15000,24000,26000,149092,0,65,203.6169516098078,29.569990001618862,25921.13906200393,61060.53104123628
1770120025,200,,Aggregated,241.400000,0.000000,65,75,89,110,270,630,1400,2800,15000,24000,26000,149334,0,65,203.40786963281283,29.569990001618862,25921.13906200393,61061.43151593073
1770120026,200,,Aggregated,242.400000,0.000000,65,75,89,110,270,630,1400,2800,15000,24000,26000,149589,0,65,203.1968779709313,29.569990001618862,25921.13906200393,61060.856346389104
1770120028,200,,Aggregated,243.600000,0.000000,65,75,88,110,270,630,1400,2800,15000,24000,26000,149809,0,65,203.02005913335339,29.569990001618862,25921.13906200393,61066.06473576354
1770120029,200,,Aggregated,243.000000,0.000000,65,75,88,110,260,630,1400,2800,15000,24000,26000,150036,0,65,202.84253377002068,29.569990001618862,25921.13906200393,61070.267929030364
1770120030,200,,Aggregated,241.700000,0.000000,65,75,88,110,260,630,1400,2800,15000,24000,26000,150270,0,65,202.66239349357667,29.569990001618862,25921.13906200393,61072.687449258
1770120031,200,,Aggregated,238.300000,0.000000,65,75,88,110,260,630,1400,2800,15000,24000,26000,150481,0,65,202.49972011012673,29.569990001618862,25921.13906200393,61072.84096995634
1770120032,200,,Aggregated,237.300000,0.000000,65,75,89,110,260,630,1400,2800,15000,24000,26000,150704,0,65,202.41732932958504,29.569990001618862,25921.13906200393,61082.31874402803
1770120033,200,,Aggregated,231.800000,0.000000,65,75,89,110,260,630,1400,2800,15000,24000,26000,150892,0,65,202.33503186391664,29.569990001618862,25921.13906200393,61088.137237229275
1770120034,200,,Aggregated,228.500000,0.000000,65,75,89,110,260,630,1400,2800,15000,24000,26000,151099,0,65,202.28958664701477,29.569990001618862,25921.13906200393,61093.639845399375
1770120035,200,,Aggregated,226.000000,0.000000,65,75,89,110,260,630,1400,2800,15000,24000,26000,151283,0,65,202.3393928522134,29.569990001618862,25921.13906200393,61096.9274340144
1770120036,200,,Aggregated,220.300000,0.000000,65,75,89,110,260,630,1400,2800,15000,24000,26000,151465,0,65,202.32135633787738,29.569990001618862,25921.13906200393,61108.3118740303
1770120037,200,,Aggregated,213.300000,0.000000,65,75,89,110,260,630,1400,2800,15000,24000,26000,151640,0,65,202.5078107182122,29.569990001618862,25921.13906200393,61121.2883935637
1770120038,200,,Aggregated,207.500000,0.000000,65,75,89,110,270,630,1400,2800,15000,24000,26000,151742,0,65,202.63384664952278,29.569990001618862,25921.13906200393,61120.73216380435
1770120039,200,,Aggregated,200.500000,0.000000,65,75,89,110,270,630,1400,2800,15000,24000,26000,151858,0,65,203.1214295029043,29.569990001618862,25921.13906200393,61120.62428057791
1770120040,200,,Aggregated,191.200000,0.000000,65,75,90,110,270,630,1400,2800,15000,24000,26000,151966,0,65,203.56325370388197,29.569990001618862,25921.13906200393,61133.617644736325
1770120041,200,,Aggregated,179.100000,0.000000,65,75,90,110,270,640,1400,2800,15000,24000,26000,152027,0,65,204.02436135047083,29.569990001618862,25921.13906200393,61129.563084188994
1770120042,200,,Aggregated,167.400000,0.000000,65,75,90,110,270,650,1400,2800,15000,24000,26000,152110,0,65,204.53831245008985,29.569990001618862,25921.13906200393,61134.85776083098
1770120043,200,,Aggregated,153.300000,0.000000,65,75,90,110,270,650,1400,2800,15000,24000,26000,152195,0,65,204.96772151375592,29.569990001618862,25921.13906200393,61147.10197444069
1770120044,200,,Aggregated,139.000000,0.000000,65,75,90,110,270,650,1400,2800,15000,24000,26000,152267,0,65,205.15212951843904,29.569990001618862,25921.13906200393,61153.963301306256
1770120045,200,,Aggregated,127.300000,0.000000,65,75,90,110,270,660,1500,2900,15000,24000,26000,152368,0,65,205.88191457608718,29.569990001618862,25921.13906200393,61165.33899506458
1770120046,200,,Aggregated,116.200000,0.000000,65,75,90,120,270,660,1500,2900,15000,24000,26000,152485,0,65,206.8575373015454,29.569990001618862,25921.13906200393,61177.04102042824
1770120047,200,,Aggregated,106.100000,0.000000,65,75,90,120,270,660,1500,2900,15000,24000,26000,152633,0,65,207.16919771928198,29.569990001618862,25921.13906200393,61184.9846953149
1770120048,200,,Aggregated,98.100000,0.000000,65,75,90,120,270,660,1500,2900,15000,24000,26000,152766,0,65,208.38672414642883,29.569990001618862,25921.13906200393,61199.87493944988
1770120050,200,,Aggregated,92.900000,0.000000,65,75,90,120,280,660,1500,3000,15000,24000,26000,152852,0,65,208.66324404306954,29.569990001618862,25921.13906200393,61201.88346897653
1770120051,200,,Aggregated,95.600000,0.000000,65,76,90,120,280,680,1500,3000,15000,24000,26000,152964,0,65,209.58685248388704,29.569990001618862,25921.13906200393,61198.982381475376
1770120053,200,,Aggregated,92.000000,0.000000,65,76,91,120,280,680,1500,3000,15000,24000,26000,153130,0,65,210.8007066238066,29.569990001618862,25921.13906200393,61204.10244236923
1770120054,200,,Aggregated,91.400000,0.000000,65,76,91,120,280,680,1500,3100,15000,24000,26000,153207,0,65,211.20553173374262,29.569990001618862,25921.13906200393,61210.72271501955
1770120055,200,,Aggregated,97.900000,0.000000,65,76,91,120,290,690,1500,3100,15000,24000,26000,153438,0,65,212.2870616793907,29.569990001618862,25921.13906200393,61223.97804324874
1770120056,200,,Aggregated,98.000000,0.000000,65,76,91,120,290,690,1500,3100,15000,24000,26000,153592,0,65,212.59869031405356,29.569990001618862,25921.13906200393,61226.467003489764
1770120058,200,,Aggregated,106.900000,0.000000,65,76,91,120,290,690,1500,3100,15000,24000,26000,153709,0,65,212.77736561384822,29.569990001618862,25921.13906200393,61225.531608428915
1770120059,200,,Aggregated,108.000000,0.000000,65,76,92,120,300,700,1500,3100,15000,24000,26000,153878,0,65,213.40827672992242,29.569990001618862,25921.13906200393,61222.40430730839
1770120061,200,,Aggregated,105.100000,0.000000,65,76,92,120,300,710,1500,3100,15000,24000,26000,154050,0,65,214.22917383172435,29.569990001618862,25921.13906200393,61219.3546965271
1770120062,200,,Aggregated,111.100000,0.000000,65,76,92,120,310,720,1500,3100,15000,24000,26000,154339,0,65,214.58571371690184,29.569990001618862,25921.13906200393,61235.937591924274
1770120063,200,,Aggregated,114.600000,0.000000,65,76,92,120,310,720,1500,3100,15000,24000,26000,154359,0,65,214.6231057637641,29.569990001618862,25921.13906200393,61229.72664373311
1770120064,200,,Aggregated,128.300000,0.000000,65,76,93,120,310,720,1500,3100,15000,24000,26000,154711,0,65,215.11751602218138,29.569990001618862,25921.13906200393,61231.035782846724
1770120065,200,,Aggregated,122.100000,0.000000,65,76,93,120,310,720,1500,3100,15000,24000,26000,154842,0,65,215.06921440122656,29.569990001618862,25921.13906200393,61225.38572222007
1770120066,200,,Aggregated,125.900000,0.000000,65,76,93,120,310,720,1500,3100,15000,24000,26000,155053,0,65,215.05233005444288,29.569990001618862,25921.13906200393,61223.00601729731
1770120067,200,,Aggregated,137.500000,0.000000,65,76,93,120,310,710,1500,3100,15000,24000,26000,155302,0,65,214.92740829785538,29.569990001618862,25921.13906200393,61233.67597970406
1770120068,200,,Aggregated,141.800000,0.000000,65,76,93,120,310,710,1500,3100,15000,24000,26000,155549,0,65,214.79442809599865,29.569990001618862,25921.13906200393,61234.3493047207
1770120069,200,,Aggregated,156.800000,0.000000,65,77,94,130,310,710,1500,3100,15000,24000,26000,155742,0,65,214.76126499756285,29.569990001618862,25921.13906200393,61225.502375723954
1770120071,200,,Aggregated,160.500000,0.000000,65,77,94,130,310,710,1500,3000,15000,24000,26000,155971,0,65,214.73778536337724,29.569990001618862,25921.13906200393,61223.783889312755
1770120072,200,,Aggregated,177.900000,0.000000,65,77,94,130,310,710,1500,3000,15000,24000,26000,156193,0,65,214.57941886065237,29.569990001618862,25921.13906200393,61225.011773895116
1770120073,200,,Aggregated,177.900000,0.000000,65,77,94,130,310,710,1500,3000,15000,24000,26000,156342,0,65,214.47241381239843,29.569990001618862,25921.13906200393,61228.073256066826
1770120074,200,,Aggregated,188.200000,0.000000,65,77,94,130,310,710,1500,3000,15000,24000,26000,156640,0,65,214.41173868814514,29.569990001618862,25921.13906200393,61222.74427349336
1770120075,200,,Aggregated,199.100000,0.000000,65,77,94,130,310,710,1500,3000,15000,24000,26000,156881,0,65,214.24958459856418,29.569990001618862,25921.13906200393,61222.186663777
1770120076,200,,Aggregated,215.000000,0.000000,65,77,95,130,310,710,1500,3000,14000,24000,26000,157153,0,65,214.11648962322687,29.569990001618862,25921.13906200393,61219.277614808496
1770120077,200,,Aggregated,211.000000,0.000000,65,77,95,130,310,710,1500,3000,14000,24000,26000,157398,0,65,213.95339017251715,29.569990001618862,25921.13906200393,61218.82469281693
1770120078,200,,Aggregated,215.100000,0.000000,65,77,95,130,310,710,1500,3000,14000,24000,26000,157596,0,65,213.83244908124414,29.569990001618862,25921.13906200393,61207.13682453869
1770120079,200,,Aggregated,209.400000,0.000000,66,77,95,130,310,710,1500,3000,14000,24000,26000,157842,0,66,213.65127291666687,29.569990001618862,25921.13906200393,61213.18830856172
1770120080,200,,Aggregated,216.400000,0.000000,66,77,95,130,310,710,1500,3000,14000,24000,26000,158044,0,66,213.5014232257,29.569990001618862,25921.13906200393,61206.99549492546
1770120081,200,,Aggregated,213.900000,0.000000,66,77,95,130,310,700,1500,3000,14000,24000,26000,158282,0,66,213.34483065308535,29.569990001618862,25921.13906200393,61211.612729179564
1770120082,200,,Aggregated,219.700000,0.000000,66,77,95,130,300,700,1500,3000,14000,24000,26000,158544,0,66,213.1522236063141,29.569990001618862,25921.13906200393,61208.284123019475
1770120083,200,,Aggregated,222.400000,0.000000,66,77,95,130,300,700,1500,3000,14000,24000,26000,158793,0,66,212.97153452271485,29.569990001618862,25921.13906200393,61206.640752426116
1770120084,200,,Aggregated,221.000000,0.000000,66,77,95,130,300,700,1500,3000,14000,24000,26000,159070,0,66,212.8308215736309,29.569990001618862,25921.13906200393,61199.86996290941
1770120085,200,,Aggregated,225.300000,0.000000,66,77,95,130,300,700,1500,3000,14000,24000,26000,159249,0,66,212.68815161476854,29.569990001618862,25921.13906200393,61188.03030474289
1770120086,200,,Aggregated,221.300000,0.000000,66,77,95,130,300,700,1500,3000,14000,24000,26000,159494,0,66,212.51116094080953,29.569990001618862,25921.13906200393,61193.997166037596
1770120087,200,,Aggregated,224.800000,0.000000,66,77,95,130,300,700,1500,3000,14000,24000,26000,159696,0,66,212.34543948874568,29.569990001618862,25921.13906200393,61191.610553802224
1770120088,200,,Aggregated,228.300000,0.000000,66,77,95,130,300,700,1500,3000,14000,24000,26000,159967,0,66,212.17333078789878,29.569990001618862,25921.13906200393,61190.99071058406
1770120089,200,,Aggregated,234.300000,0.000000,66,77,95,130,300,700,1500,3000,14000,24000,26000,160197,0,66,211.99804677691844,29.569990001618862,25921.13906200393,61190.38840302877
1770120090,200,,Aggregated,226.700000,0.000000,66,77,95,130,300,690,1500,3000,14000,24000,26000,160452,0,66,211.77039224359982,29.569990001618862,25921.13906200393,61187.143781317776
1770120091,200,,Aggregated,231.000000,0.000000,66,77,95,130,300,690,1500,3000,14000,24000,26000,160708,0,66,211.55278005014708,29.569990001618862,25921.13906200393,61185.23697637952
1770120092,200,,Aggregated,227.400000,0.000000,66,77,95,130,300,690,1500,3000,14000,24000,26000,160941,0,66,211.35819877905647,29.569990001618862,25921.13906200393,61181.90260405988
1770120094,200,,Aggregated,227.200000,0.000000,66,77,95,130,300,690,1500,3000,14000,24000,26000,161212,0,66,211.11570064526222,29.569990001618862,25921.13906200393,61179.79502146242
1770120095,200,,Aggregated,234.600000,0.000000,66,77,95,130,300,690,1500,3000,14000,24000,26000,161458,0,66,210.88890876038963,29.569990001618862,25921.13906200393,61175.88768596167
1770120096,200,,Aggregated,238.300000,0.000000,66,77,95,130,300,690,1500,3000,14000,24000,26000,161707,0,66,210.66632651350824,29.569990001618862,25921.13906200393,61173.100144087766
1770120097,200,,Aggregated,235.100000,0.000000,66,77,95,130,300,690,1500,3000,14000,24000,26000,161938,0,66,210.4557810630225,29.569990001618862,25921.13906200393,61169.74637824352
1770120098,200,,Aggregated,234.600000,0.000000,66,77,94,130,300,690,1500,3000,14000,24000,26000,162187,0,66,210.22997996993885,29.569990001618862,25921.13906200393,61167.33069234896
1770120099,200,,Aggregated,230.900000,0.000000,66,77,94,130,290,680,1500,3000,14000,24000,26000,162433,0,66,210.0101089222793,29.569990001618862,25921.13906200393,61167.02305565987
1770120100,200,,Aggregated,240.400000,0.000000,66,77,94,130,290,680,1500,2900,14000,24000,26000,162691,0,66,209.7794106515641,29.569990001618862,25921.13906200393,61165.08109237757
1770120101,200,,Aggregated,239.500000,0.000000,66,77,94,120,290,680,1500,2900,14000,24000,26000,162937,0,66,209.5594925320317,29.569990001618862,25921.13906200393,61162.964470930485
1770120102,200,,Aggregated,242.900000,0.000000,65,77,94,120,290,680,1500,2900,14000,24000,26000,163190,0,65,209.3328790136572,29.569990001618862,25921.13906200393,61159.66845394939
1770120103,200,,Aggregated,241.600000,0.000000,65,77,94,120,290,680,1500,2900,14000,24000,26000,163433,0,65,209.1142115829331,29.569990001618862,25921.13906200393,61160.09610054273
1770120104,200,,Aggregated,241.700000,0.000000,65,77,94,120,290,680,1500,2900,14000,24000,26000,163684,0,65,208.88782319035354,29.569990001618862,25921.13906200393,61156.606620072824
1770120105,200,,Aggregated,242.900000,0.000000,65,77,94,120,290,670,1500,2900,14000,24000,26000,163945,0,65,208.6582531090249,29.569990001618862,25921.13906200393,61153.01379731007
1770120106,200,,Aggregated,240.700000,0.000000,65,77,94,120,290,670,1500,2900,14000,24000,26000,164207,0,65,208.4289125310803,29.569990001618862,25921.13906200393,61152.748859671025
1770120107,200,,Aggregated,241.100000,0.000000,65,77,93,120,290,670,1500,2900,14000,24000,26000,164461,0,65,208.20397295522056,29.569990001618862,25921.13906200393,61148.596396714114
1770120108,200,,Aggregated,243.200000,0.000000,65,77,93,120,290,670,1500,2900,14000,24000,26000,164704,0,65,207.98932558418676,29.569990001618862,25921.13906200393,61146.016411258985
1770120109,200,,Aggregated,245.800000,0.000000,65,77,93,120,290,670,1500,2900,14000,24000,26000,164943,0,65,207.77842190879306,29.569990001618862,25921.13906200393,61145.96181104988
1770120110,200,,Aggregated,244.300000,0.000000,65,77,93,120,290,670,1500,2900,14000,24000,26000,165198,0,65,207.55726405969278,29.569990001618862,25921.13906200393,61141.31080279422
1770120111,200,,Aggregated,243.200000,0.000000,65,76,93,120,290,670,1500,2900,14000,24000,26000,165446,0,65,207.3418060004676,29.569990001618862,25921.13906200393,61141.52058677756
1770120112,200,,Aggregated,241.600000,0.000000,65,76,93,120,290,660,1500,2900,14000,24000,26000,165709,0,65,207.1131769763937,29.569990001618862,25921.13906200393,61137.91068680639
1770120113,200,,Aggregated,241.700000,0.000000,65,76,93,120,290,660,1400,2900,14000,24000,26000,165957,0,65,206.89761212667372,29.569990001618862,25921.13906200393,61136.13339600017
1770120114,200,,Aggregated,242.100000,0.000000,65,76,93,120,290,660,1400,2900,14000,24000,26000,166204,0,65,206.68606964980003,29.569990001618862,25921.13906200393,61131.250234651394
1770120115,200,,Aggregated,243.000000,0.000000,65,76,93,120,290,660,1400,2900,14000,24000,26000,166483,0,65,206.45106980147042,29.569990001618862,25921.13906200393,61129.468270033576
1770120116,200,,Aggregated,243.400000,0.000000,65,76,92,120,280,660,1400,2900,14000,24000,26000,166726,0,65,206.240278655011,29.569990001618862,25921.13906200393,61128.90840060938
1770120117,200,,Aggregated,244.500000,0.000000,65,76,92,120,280,660,1400,2900,14000,24000,26000,166976,0,65,206.02538050803975,29.569990001618862,25921.13906200393,61124.913634294746
1770120118,200,,Aggregated,245.300000,0.000000,65,76,92,120,280,660,1400,2900,14000,24000,26000,167244,0,65,205.79749134450554,29.569990001618862,25921.13906200393,61122.52924469637
1770120119,200,,Aggregated,242.900000,0.000000,65,76,92,120,280,660,1400,2900,14000,24000,26000,167469,0,65,205.60556118341597,29.569990001618862,25921.13906200393,61120.91233601443
1770120120,200,,Aggregated,245.000000,0.000000,65,76,92,120,280,660,1400,2900,14000,24000,26000,167733,0,65,205.3830559037075,29.569990001618862,25921.13906200393,61119.73861434542
1770120121,200,,Aggregated,246.000000,0.000000,65,76,92,120,280,660,1400,2900,14000,24000,26000,167976,0,65,205.1769336142815,29.569990001618862,25921.13906200393,61117.566420202886
1770120122,200,,Aggregated,246.200000,0.000000,65,76,92,120,280,650,1400,2900,14000,24000,26000,168239,0,65,204.95928735275598,29.569990001618862,25921.13906200393,61112.89381177967
1770120123,200,,Aggregated,247.500000,0.000000,65,76,92,120,280,650,1400,2900,14000,24000,26000,168490,0,65,204.75166223157157,29.569990001618862,25921.13906200393,61110.37453854828
1770120124,200,,Aggregated,243.600000,0.000000,65,76,92,120,280,650,1400,2900,14000,24000,26000,168739,0,65,204.54412610782646,29.569990001618862,25921.13906200393,61109.84088444284
1770120125,200,,Aggregated,245.700000,0.000000,65,76,92,120,280,650,1400,2900,14000,24000,26000,168982,0,65,204.35186633764337,29.569990001618862,25921.13906200393,61107.17584713165
1770120127,200,,Aggregated,242.900000,0.000000,65,76,91,120,280,650,1400,2900,14000,24000,26000,169244,0,65,204.1432430632607,29.569990001618862,25921.13906200393,61105.224953321835
1770120128,200,,Aggregated,241.700000,0.000000,65,76,91,120,280,650,1400,2800,14000,24000,26000,169479,0,65,203.96032843393075,29.569990001618862,25921.13906200393,61100.25708199836
1770120129,200,,Aggregated,244.300000,0.000000,65,76,91,120,280,650,1400,2800,14000,24000,26000,169728,0,65,203.7674927354281,29.569990001618862,25921.13906200393,61097.274492128585
1770120130,200,,Aggregated,241.700000,0.000000,65,76,91,120,280,650,1400,2800,14000,24000,26000,169990,0,65,203.5605633345187,29.569990001618862,25921.13906200393,61097.080075298545
1770120131,200,,Aggregated,240.200000,0.000000,65,76,91,120,280,640,1400,2800,14000,24000,26000,170224,0,65,203.37814919512567,29.569990001618862,25921.13906200393,61099.61253994736
1770120132,200,,Aggregated,243.100000,0.000000,65,76,91,120,280,640,1400,2800,14000,24000,26000,170479,0,65,203.21829999233302,29.569990001618862,25921.13906200393,61099.12647305533
1770120133,200,,Aggregated,242.000000,0.000000,65,76,91,120,280,640,1400,2800,14000,24000,26000,170726,0,65,203.02827419929085,29.569990001618862,25921.13906200393,61100.48400360812
1770120134,200,,Aggregated,243.900000,0.000000,65,76,91,120,280,640,1400,2800,14000,24000,26000,170958,0,65,202.85652726500626,29.569990001618862,25921.13906200393,61098.02679020578
1770120135,200,,Aggregated,240.600000,0.000000,65,76,91,120,280,640,1400,2800,14000,24000,26000,171206,0,65,202.69854716659447,29.569990001618862,25921.13906200393,61101.127670759204
1770120136,200,,Aggregated,238.100000,0.000000,65,76,91,120,270,640,1400,2800,14000,24000,26000,171451,0,65,202.50928046340414,29.569990001618862,25921.13906200393,61103.04694635785
1770120137,200,,Aggregated,239.400000,0.000000,65,76,91,120,270,630,1400,2800,14000,24000,26000,171693,0,65,202.3213681913136,29.569990001618862,25921.13906200393,61104.10784365117
1770120138,200,,Aggregated,240.400000,0.000000,65,76,91,120,270,630,1400,2800,14000,24000,26000,171918,0,65,202.1668750299687,29.569990001618862,25921.13906200393,61108.884473993414
1770120139,200,,Aggregated,239.200000,0.000000,65,76,91,120,270,630,1400,2800,14000,24000,26000,172185,0,65,202.02349992357924,29.569990001618862,25921.13906200393,61108.425437755905
1770120140,200,,Aggregated,238.700000,0.000000,65,76,91,120,270,630,1400,2800,14000,24000,26000,172403,0,65,201.96456703468553,29.569990001618862,25921.13906200393,61111.877299118925
1770120141,200,,Aggregated,236.600000,0.000000,65,76,91,120,270,630,1400,2800,14000,24000,26000,172602,0,65,201.86169167875138,29.569990001618862,25921.13906200393,61114.957439658865
1770120142,200,,Aggregated,234.500000,0.000000,65,76,91,120,270,630,1400,2800,14000,24000,26000,172803,0,65,201.88279911677267,29.569990001618862,25921.13906200393,61122.20469552033
1770120143,200,,Aggregated,231.200000,0.000000,65,76,92,120,270,630,1400,2800,14000,24000,26000,172989,0,65,201.92660476327842,29.569990001618862,25921.13906200393,61128.44983207025
1770120144,200,,Aggregated,228.900000,0.000000,65,76,92,120,270,630,1400,2800,14000,24000,26000,173170,0,65,201.94395907033314,29.569990001618862,25921.13906200393,61136.51381879079
1770120145,200,,Aggregated,221.600000,0.000000,65,76,92,120,270,630,1400,2800,14000,24000,26000,173348,0,65,201.9781149328596,29.569990001618862,25921.13906200393,61150.23495511918
1770120146,200,,Aggregated,217.200000,0.000000,65,76,92,120,270,630,1400,2800,14000,24000,26000,173478,0,65,201.9828344826319,29.569990001618862,25921.13906200393,61156.264534984264
1770120147,200,,Aggregated,211.200000,0.000000,65,76,92,120,280,630,1400,2800,14000,24000,26000,173562,0,65,202.17424404961938,29.569990001618862,25921.13906200393,61154.0130673765
1770120148,200,,Aggregated,201.000000,0.000000,65,76,92,120,280,640,1400,2800,14000,24000,26000,173636,0,65,202.5671590222651,29.569990001618862,25921.13906200393,61153.249493192656
1770120149,200,,Aggregated,186.700000,0.000000,65,76,92,120,280,640,1400,2800,14000,24000,26000,173702,0,65,203.30809382657748,29.569990001618862,25921.13906200393,61152.737072687705
1770120150,200,,Aggregated,174.000000,0.000000,65,76,92,120,280,640,1400,2900,14000,24000,26000,173795,0,65,203.65147979456424,29.569990001618862,25921.13906200393,61162.43185937455
1770120151,200,,Aggregated,158.500000,0.000000,65,76,92,120,280,650,1400,2900,14000,24000,26000,173913,0,65,204.2011462400691,29.569990001618862,25921.13906200393,61173.096588524146
1770120152,200,,Aggregated,144.200000,0.000000,65,77,92,120,280,650,1400,2900,14000,24000,26000,174000,0,65,204.2909671395008,29.569990001618862,25921.13906200393,61178.74454022988
1770120153,200,,Aggregated,130.500000,0.000000,65,77,92,120,280,650,1500,2900,14000,24000,26000,174124,0,65,205.1843455009298,29.569990001618862,25921.13906200393,61183.49528496933
1770120155,200,,Aggregated,120.900000,0.000000,66,77,93,120,280,650,1500,2900,14000,24000,26000,174208,0,66,205.44967522376623,29.569990001618862,25921.13906200393,61186.776416697285
1770120156,200,,Aggregated,107.000000,0.000000,66,77,93,120,280,650,1500,2900,14000,24000,26000,174309,0,66,205.88153709036806,29.569990001618862,25921.13906200393,61190.110269693476
1770120157,200,,Aggregated,96.300000,0.000000,66,77,93,120,280,650,1500,3000,14000,24000,26000,174422,0,66,206.60675020934875,29.569990001618862,25921.13906200393,61199.14819231519
1770120158,200,,Aggregated,90.800000,0.000000,66,77,93,120,280,660,1500,3000,14000,24000,26000,174585,0,66,207.6807420688424,29.569990001618862,25921.13906200393,61214.96377122891
1770120159,200,,Aggregated,91.100000,0.000000,66,77,93,120,280,660,1500,3100,14000,24000,26000,174736,0,66,208.27122492007774,29.569990001618862,25921.13906200393,61218.72840742606
1770120161,200,,Aggregated,96.600000,0.000000,66,77,93,120,280,660,1500,3100,14000,24000,26000,174820,0,66,208.4465921286624,29.569990001618862,25921.13906200393,61217.67520878618
1770120162,200,,Aggregated,103.900000,0.000000,66,77,94,120,290,680,1500,3100,14000,24000,26000,175111,0,66,209.91317038932326,29.569990001618862,25921.13906200393,61229.871173141604
1770120164,200,,Aggregated,100.800000,0.000000,66,77,94,120,290,680,1500,3100,14000,24000,26000,175180,0,66,209.96610420983464,29.569990001618862,25921.13906200393,61234.43793241237
1770120165,200,,Aggregated,97.900000,0.000000,66,77,94,120,290,690,1500,3100,14000,24000,26000,175294,0,66,210.33457658705274,29.569990001618862,25921.13906200393,61212.67632662841
1770120166,200,,Aggregated,114.600000,0.000000,66,77,94,120,290,700,1500,3100,14000,24000,26000,175517,0,66,210.98848881149854,29.569990001618862,25921.13906200393,61231.991539281094
1770120168,200,,Aggregated,108.600000,0.000000,66,77,94,120,290,710,1500,3100,14000,24000,26000,175590,0,66,211.27334666371004,29.569990001618862,25921.13906200393,61232.49974372117
1770120169,200,,Aggregated,121.300000,0.000000,66,77,95,130,300,720,1500,3100,14000,24000,26000,175822,0,66,211.89607310223363,29.569990001618862,25921.13906200393,61214.710730170285
1770120170,200,,Aggregated,103.800000,0.000000,66,77,95,130,300,720,1500,3100,14000,24000,26000,176020,0,66,212.00612402637864,29.569990001618862,25921.13906200393,61234.2815305079
1770120171,200,,Aggregated,116.100000,0.000000,66,77,95,130,300,720,1500,3100,14000,24000,26000,176236,0,66,211.9347379487118,29.569990001618862,25921.13906200393,61237.85567080506
1770120172,200,,Aggregated,119.800000,0.000000,66,77,95,130,300,720,1500,3100,14000,24000,26000,176473,0,66,211.96340197634706,29.569990001618862,25921.13906200393,61242.34060734503
1770120173,200,,Aggregated,134.600000,0.000000,66,77,95,130,300,710,1500,3100,14000,24000,26000,176654,0,66,211.91683220715595,29.569990001618862,25921.13906200393,61240.99487699118
1770120174,200,,Aggregated,145.400000,0.000000,66,77,96,130,300,710,1500,3100,14000,24000,26000,176805,0,66,211.93613401235126,29.569990001618862,25921.13906200393,61232.06743587568
1770120175,200,,Aggregated,140.100000,0.000000,66,78,96,130,300,710,1500,3100,14000,24000,26000,177009,0,66,212.00197756802703,29.569990001618862,25921.13906200393,61240.567784688916
1770120176,200,,Aggregated,153.800000,0.000000,66,78,96,130,300,710,1500,3100,14000,24000,26000,177227,0,66,212.0525949845288,29.569990001618862,25921.13906200393,61234.50579764934
1770120177,200,,Aggregated,165.600000,0.000000,66,78,96,130,300,710,1500,3100,14000,24000,26000,177465,0,66,212.1094172120418,29.569990001618862,25921.13906200393,61237.203978249236
1770120178,200,,Aggregated,159.700000,0.000000,66,78,96,130,300,710,1500,3100,14000,24000,26000,177680,0,66,212.09964454395447,29.569990001618862,25921.13906200393,61237.483014407924
1770120179,200,,Aggregated,175.000000,0.000000,66,78,96,130,300,710,1500,3100,14000,24000,26000,177955,0,66,211.9066769561997,29.569990001618862,25921.13906200393,61240.92657694361
1770120180,200,,Aggregated,190.800000,0.000000,66,78,96,130,300,710,1500,3100,14000,24000,26000,178145,0,66,211.7919150601629,29.569990001618862,25921.13906200393,61236.521058688144
1770120181,200,,Aggregated,188.500000,0.000000,66,78,96,130,300,710,1500,3100,14000,24000,26000,178392,0,66,211.6482669807261,29.569990001618862,25921.13906200393,61237.723894569266
1770120183,200,,Aggregated,198.400000,0.000000,66,78,96,130,300,710,1500,3100,14000,24000,26000,178615,0,66,211.50042331434508,29.569990001618862,25921.13906200393,61239.88920303446
1770120184,200,,Aggregated,205.300000,0.000000,66,78,97,130,300,710,1500,3100,14000,24000,26000,178877,0,66,211.39162865445826,29.569990001618862,25921.13906200393,61238.33408431492
1770120185,200,,Aggregated,205.800000,0.000000,66,78,97,130,300,710,1500,3100,13000,24000,26000,179019,0,66,211.39023931530053,29.569990001618862,25921.13906200393,61236.79735670515
1770120186,200,,Aggregated,213.700000,0.000000,66,78,97,130,300,710,1500,3100,13000,24000,26000,179317,0,66,211.4797272492897,29.569990001618862,25921.13906200393,61232.056174261226
1770120187,200,,Aggregated,204.500000,0.000000,66,78,97,130,300,710,1500,3100,13000,24000,26000,179531,0,66,211.3997557024923,29.569990001618862,25921.13906200393,61230.368070138305
1770120188,200,,Aggregated,208.600000,0.000000,66,78,97,130,300,710,1500,3000,13000,24000,26000,179790,0,66,211.22874777185282,29.569990001618862,25921.13906200393,61227.07740141276
1770120189,200,,Aggregated,210.400000,0.000000,66,78,97,130,300,710,1500,3000,13000,24000,26000,180004,0,66,211.065163648721,29.569990001618862,25921.13906200393,61225.850747761164
1770120190,200,,Aggregated,214.800000,0.000000,66,78,97,130,300,710,1500,3000,13000,24000,26000,180250,0,66,210.91849157006132,29.569990001618862,25921.13906200393,61225.547062413316
1770120191,200,,Aggregated,216.500000,0.000000,66,78,97,130,300,710,1500,3000,13000,24000,26000,180497,0,66,210.7573474969571,29.569990001618862,25921.13906200393,61223.828013762
1770120192,200,,Aggregated,215.600000,0.000000,66,78,97,130,300,700,1500,3000,13000,24000,26000,180735,0,66,210.5966284022045,29.569990001618862,25921.13906200393,61222.275137632445
1770120193,200,,Aggregated,218.900000,0.000000,66,78,97,130,300,700,1500,3000,13000,24000,26000,180982,0,66,210.4736421283132,29.569990001618862,25921.13906200393,61218.94399443039
1770120194,200,,Aggregated,219.900000,0.000000,66,78,97,130,300,700,1500,3000,13000,24000,26000,181190,0,66,210.35668570115496,29.569990001618862,25921.13906200393,61216.97361333407
1770120195,200,,Aggregated,222.700000,0.000000,66,78,97,130,300,700,1500,3000,13000,24000,26000,181460,0,66,210.1935740401071,29.569990001618862,25921.13906200393,61213.45736250413
1770120196,200,,Aggregated,220.900000,0.000000,66,78,97,130,300,700,1500,3000,13000,24000,26000,181673,0,66,210.04283264494288,29.569990001618862,25921.13906200393,61215.2349055721
1770120197,200,,Aggregated,227.600000,0.000000,66,78,97,130,300,700,1500,3000,13000,24000,26000,181939,0,66,209.84237998113443,29.569990001618862,25921.13906200393,61213.16934796827
1770120198,200,,Aggregated,229.900000,0.000000,66,78,97,130,300,700,1500,3000,13000,24000,26000,182172,0,66,209.66664799442555,29.569990001618862,25921.13906200393,61211.41451485409
1770120199,200,,Aggregated,230.400000,0.000000,66,78,97,130,300,700,1500,3000,13000,24000,26000,182445,0,66,209.47012197688846,29.569990001618862,25921.13906200393,61210.85228973115
1770120200,200,,Aggregated,233.500000,0.000000,66,78,97,130,300,700,1500,3000,13000,24000,26000,182687,0,66,209.2891542916881,29.569990001618862,25921.13906200393,61205.1074132259
1770120201,200,,Aggregated,233.400000,0.000000,66,78,97,130,290,700,1500,3000,13000,24000,26000,182930,0,66,209.1187863009121,29.569990001618862,25921.13906200393,61204.84174274313
1770120202,200,,Aggregated,234.100000,0.000000,66,78,97,130,290,690,1500,3000,13000,24000,26000,183144,0,66,208.97912572663336,29.569990001618862,25921.13906200393,61199.56273751802
1770120204,200,,Aggregated,231.900000,0.000000,66,78,97,130,290,690,1500,3000,13000,24000,26000,183407,0,66,208.79247861502958,29.569990001618862,25921.13906200393,61200.95079795209
1770120205,200,,Aggregated,230.200000,0.000000,66,78,97,130,290,690,1500,3000,13000,24000,26000,183654,0,66,208.62120497764826,29.569990001618862,25921.13906200393,61199.133049103206
1770120206,200,,Aggregated,233.700000,0.000000,66,78,97,130,290,690,1500,3000,13000,24000,26000,183912,0,66,208.41886683596857,29.569990001618862,25921.13906200393,61196.85841598156
1770120207,200,,Aggregated,237.600000,0.000000,66,78,97,130,290,690,1500,3000,13000,24000,26000,184173,0,66,208.21447337015218,29.569990001618862,25921.13906200393,61192.670586893844
1770120208,200,,Aggregated,238.900000,0.000000,66,78,97,130,290,690,1500,3000,13000,24000,26000,184410,0,66,208.02639269893788,29.569990001618862,25921.13906200393,61190.308643782875
1770120209,200,,Aggregated,241.400000,0.000000,66,78,96,130,290,690,1500,3000,13000,24000,26000,184671,0,66,207.82354355237243,29.569990001618862,25921.13906200393,61189.4796475895
1770120210,200,,Aggregated,237.600000,0.000000,66,78,96,130,290,690,1500,3000,13000,24000,26000,184915,0,66,207.635256761119,29.569990001618862,25921.13906200393,61184.84305762107
1770120211,200,,Aggregated,240.700000,0.000000,66,78,96,130,290,680,1500,3000,13000,24000,26000,185180,0,66,207.434339996812,29.569990001618862,25921.13906200393,61185.639199697594
1770120212,200,,Aggregated,240.500000,0.000000,66,78,96,130,290,680,1500,3000,13000,24000,26000,185438,0,66,207.2325042589371,29.569990001618862,25921.13906200393,61182.78456950571
1770120213,200,,Aggregated,241.700000,0.000000,66,78,96,130,290,680,1500,3000,13000,24000,26000,185692,0,66,207.04337309076655,29.569990001618862,25921.13906200393,61181.85362858928
1770120214,200,,Aggregated,244.700000,0.000000,66,78,96,130,290,680,1500,3000,13000,24000,26000,185951,0,66,206.842630830556,29.569990001618862,25921.13906200393,61178.39983113831
1770120215,200,,Aggregated,248.000000,0.000000,66,78,96,130,290,680,1500,3000,13000,24000,26000,186208,0,66,206.64609294069635,29.569990001618862,25921.13906200393,61177.78508979206
1770120216,200,,Aggregated,246.600000,0.000000,66,78,96,130,290,680,1500,3000,13000,24000,26000,186451,0,66,206.4577191734669,29.569990001618862,25921.13906200393,61176.18619369164
1770120217,200,,Aggregated,245.800000,0.000000,66,78,96,130,290,680,1500,3000,13000,24000,26000,186695,0,66,206.26953848400294,29.569990001618862,25921.13906200393,61174.07686333324
1770120218,200,,Aggregated,245.900000,0.000000,66,78,95,130,290,670,1400,2900,13000,24000,26000,186956,0,66,206.07215408408297,29.569990001618862,25921.13906200393,61170.87913198827
1770120219,200,,Aggregated,243.300000,0.000000,66,78,95,130,290,670,1400,2900,13000,24000,26000,187213,0,66,205.8776810279464,29.569990001618862,25921.13906200393,61167.35355984894
1770120220,200,,Aggregated,246.100000,0.000000,66,77,95,130,290,670,1400,2900,13000,24000,26000,187443,0,66,205.70351216280707,29.569990001618862,25921.13906200393,61165.92605218653
1770120221,200,,Aggregated,244.700000,0.000000,66,77,95,130,290,670,1400,2900,13000,24000,26000,187685,0,66,205.52015359629542,29.569990001618862,25921.13906200393,61164.65970642299
1770120222,200,,Aggregated,245.600000,0.000000,66,77,95,130,290,670,1400,2900,13000,24000,26000,187943,0,66,205.32635986466002,29.569990001618862,25921.13906200393,61163.20706277967
1770120223,200,,Aggregated,241.400000,0.000000,66,77,95,130,280,670,1400,2900,13000,24000,26000,188183,0,66,205.14604312841587,29.569990001618862,25921.13906200393,61159.50321761264
1770120224,200,,Aggregated,241.600000,0.000000,66,77,95,120,280,670,1400,2900,13000,24000,26000,188441,0,66,204.95083539511882,29.569990001618862,25921.13906200393,61158.61617694663
1770120225,200,,Aggregated,240.300000,0.000000,66,77,95,120,280,660,1400,2900,13000,24000,26000,188699,0,66,204.75363771179678,29.569990001618862,25921.13906200393,61156.986571206
1770120226,200,,Aggregated,241.200000,0.000000,66,77,95,120,280,660,1400,2900,13000,24000,26000,188965,0,66,204.55270640814578,29.569990001618862,25921.13906200393,61155.205186145584
1770120227,200,,Aggregated,241.300000,0.000000,66,77,94,120,280,660,1400,2900,13000,24000,26000,189198,0,66,204.37742635519484,29.569990001618862,25921.13906200393,61151.63409232656
1770120228,200,,Aggregated,242.000000,0.000000,66,77,94,120,280,660,1400,2900,13000,24000,26000,189459,0,66,204.18400167515009,29.569990001618862,25921.13906200393,61147.56197383075
1770120229,200,,Aggregated,245.300000,0.000000,66,77,94,120,280,660,1400,2900,13000,24000,26000,189713,0,66,203.9941445817922,29.569990001618862,25921.13906200393,61147.54595626025
1770120230,200,,Aggregated,243.200000,0.000000,66,77,94,120,280,660,1400,2900,13000,24000,26000,189971,0,66,203.8021170557062,29.569990001618862,25921.13906200393,61146.63400729585
1770120231,200,,Aggregated,244.600000,0.000000,66,77,94,120,280,660,1400,2900,13000,24000,26000,190215,0,66,203.63448588699993,29.569990001618862,25921.13906200393,61142.87546197724
1770120232,200,,Aggregated,242.100000,0.000000,66,77,94,120,280,660,1400,2900,13000,24000,26000,190471,0,66,203.44853841666568,29.569990001618862,25921.13906200393,61140.92489670344
1770120234,200,,Aggregated,243.900000,0.000000,66,77,94,120,280,660,1400,2900,13000,24000,26000,190715,0,66,203.26824239168695,29.569990001618862,25921.13906200393,61139.59024722754
1770120235,200,,Aggregated,244.400000,0.000000,66,77,94,120,280,660,1400,2900,13000,24000,26000,190965,0,66,203.08619882904063,29.569990001618862,25921.13906200393,61136.14196318697
1770120236,200,,Aggregated,243.600000,0.000000,66,77,94,120,280,660,1400,2900,13000,24000,26000,191221,0,66,202.8989984535067,29.569990001618862,25921.13906200393,61137.02793103268
1770120237,200,,Aggregated,243.600000,0.000000,66,77,94,120,280,650,1400,2900,13000,24000,26000,191481,0,66,202.71281012329834,29.569990001618862,25921.13906200393,61134.61867757114
1770120238,200,,Aggregated,244.200000,0.000000,66,77,94,120,280,650,1400,2900,13000,24000,26000,191737,0,66,202.5355151163802,29.569990001618862,25921.13906200393,61133.67059565968
1770120239,200,,Aggregated,243.700000,0.000000,66,77,93,120,280,650,1400,2900,13000,24000,26000,191987,0,66,202.35563629204913,29.569990001618862,25921.13906200393,61132.58913884794
1770120240,200,,Aggregated,245.200000,0.000000,66,77,93,120,280,650,1400,2900,13000,24000,26000,192248,0,66,202.1653540364557,29.569990001618862,25921.13906200393,61131.91219674587
1770120241,200,,Aggregated,242.800000,0.000000,66,77,93,120,280,650,1400,2900,13000,24000,26000,192500,0,66,201.98893600358574,29.569990001618862,25921.13906200393,61132.04165194805
1770120242,200,,Aggregated,243.700000,0.000000,66,77,93,120,280,650,1400,2900,13000,24000,26000,192743,0,66,201.8127697373462,29.569990001618862,25921.13906200393,61132.13064547091
1770120243,200,,Aggregated,246.100000,0.000000,66,77,93,120,280,650,1400,2900,13000,24000,26000,192987,0,66,201.64336029835948,29.569990001618862,25921.13906200393,61133.680071714676
1770120244,200,,Aggregated,244.300000,0.000000,66,77,93,120,280,650,1400,2900,13000,24000,26000,193227,0,66,201.4837306697813,29.569990001618862,25921.13906200393,61135.017140461736
1770120245,200,,Aggregated,244.000000,0.000000,66,77,93,120,280,650,1400,2900,13000,24000,26000,193473,0,66,201.33218092238621,29.569990001618862,25921.13906200393,61136.94138200162
1770120246,200,,Aggregated,243.900000,0.000000,66,77,93,120,270,650,1400,2900,13000,24000,26000,193697,0,66,201.20164982380822,29.569990001618862,25921.13906200393,61138.86793806822
1770120247,200,,Aggregated,243.300000,0.000000,66,77,93,120,270,640,1400,2800,13000,24000,26000,193928,0,66,201.08317391030806,29.569990001618862,25921.13906200393,61141.327111092774
1770120248,200,,Aggregated,239.400000,0.000000,66,77,93,120,270,640,1400,2800,13000,24000,26000,194160,0,66,200.9925775734914,29.569990001618862,25921.13906200393,61139.699551915946
1770120249,200,,Aggregated,239.400000,0.000000,66,77,93,120,270,640,1400,2800,13000,24000,26000,194387,0,66,200.90161720572988,29.569990001618862,25921.13906200393,61146.93151290981
1770120250,200,,Aggregated,236.600000,0.000000,66,77,93,120,270,640,1400,2800,13000,24000,26000,194582,0,66,200.83970554695316,29.569990001618862,25921.13906200393,61155.938576024506
1770120251,200,,Aggregated,235.100000,0.000000,66,77,93,120,270,640,1400,2800,13000,24000,26000,194796,0,66,200.80681383353985,29.569990001618862,25921.13906200393,61163.50117558882
1770120252,200,,Aggregated,228.900000,0.000000,66,77,93,120,270,640,1400,2800,13000,24000,26000,194969,0,66,200.75466680890827,29.569990001618862,25921.13906200393,61167.439095445945
1770120253,200,,Aggregated,224.400000,0.000000,66,77,93,120,270,640,1400,2800,13000,24000,26000,195108,0,66,200.76616613947195,29.569990001618862,25921.13906200393,61169.48261988232
1770120254,200,,Aggregated,219.000000,0.000000,66,77,94,120,280,640,1400,2800,13000,24000,26000,195280,0,66,201.04975500941245,29.569990001618862,25921.13906200393,61173.33346988939
1770120255,200,,Aggregated,212.000000,0.000000,66,77,94,120,280,640,1400,2800,13000,24000,26000,195398,0,66,201.27860788950778,29.569990001618862,25921.13906200393,61175.86042845884
1770120256,200,,Aggregated,200.600000,0.000000,66,77,94,120,280,650,1400,2900,13000,24000,26000,195502,0,66,201.51369436503512,29.569990001618862,25921.13906200393,61177.16388579145
1770120257,200,,Aggregated,192.200000,0.000000,66,77,94,120,280,650,1400,2900,13000,24000,26000,195653,0,66,201.96769710438335,29.569990001618862,25921.13906200393,61181.39731565578
1770120258,200,,Aggregated,183.600000,0.000000,66,77,94,120,280,650,1400,2900,13000,24000,26000,195735,0,66,202.1926152832144,29.569990001618862,25921.13906200393,61186.112120979895
1770120259,200,,Aggregated,165.900000,0.000000,66,77,94,120,280,660,1400,2900,13000,24000,26000,195852,0,66,202.67590034180398,29.569990001618862,25921.13906200393,61192.495328104895
1770120261,200,,Aggregated,145.400000,0.000000,66,77,94,120,280,660,1400,2900,13000,24000,26000,195953,0,66,202.90603753955963,29.569990001618862,25921.13906200393,61199.299306466346
1770120262,200,,Aggregated,138.800000,0.000000,66,77,94,120,280,660,1400,2900,13000,24000,26000,196076,0,66,203.11431569271912,29.569990001618862,25921.13906200393,61205.557350211144
1770120263,200,,Aggregated,126.900000,0.000000,66,77,94,120,280,660,1400,2900,13000,24000,26000,196174,0,66,203.20732918741862,29.569990001618862,25921.13906200393,61210.43208580138
1770120264,200,,Aggregated,121.300000,0.000000,66,77,94,120,280,660,1500,2900,13000,24000,26000,196279,0,66,203.85789655485138,29.569990001618862,25921.13906200393,61213.74498035959
1770120265,200,,Aggregated,113.300000,0.000000,66,77,94,120,280,660,1500,3000,13000,24000,26000,196464,0,66,204.72959024299996,29.569990001618862,25921.13906200393,61224.73599743465
1770120266,200,,Aggregated,108.700000,0.000000,66,77,94,120,280,670,1500,3000,13000,24000,26000,196645,0,66,205.3151913371761,29.569990001618862,25921.13906200393,61237.64623051692
1770120267,200,,Aggregated,110.900000,0.000000,66,77,95,120,280,670,1500,3000,13000,24000,26000,196759,0,66,205.5065372035073,29.569990001618862,25921.13906200393,61233.257919586904
1770120269,200,,Aggregated,116.500000,0.000000,66,77,95,120,290,670,1500,3000,13000,24000,26000,196953,0,66,205.84746410038267,29.569990001618862,25921.13906200393,61240.95037394708
1770120270,200,,Aggregated,115.900000,0.000000,66,77,95,130,290,670,1500,3000,13000,24000,26000,197077,0,66,206.09610211732866,29.569990001618862,25921.13906200393,61236.016181492516
1770120271,200,,Aggregated,116.400000,0.000000,66,77,95,130,290,670,1500,3000,13000,24000,26000,197141,0,66,206.32723174914742,29.569990001618862,25921.13906200393,61245.41925829736
1770120273,200,,Aggregated,121.400000,0.000000,66,78,95,130,290,680,1500,3000,13000,24000,26000,197227,0,66,206.73092488712325,29.569990001618862,25921.13906200393,61232.29096928919
1770120274,200,,Aggregated,119.000000,0.000000,66,78,96,130,290,700,1500,3000,13000,24000,26000,197454,0,66,207.80828683291026,29.569990001618862,25921.13906200393,61233.39767236926
1770120275,200,,Aggregated,106.300000,0.000000,66,78,96,130,300,700,1500,3000,13000,24000,26000,197617,0,66,207.9853637264262,29.569990001618862,25921.13906200393,61244.00035422054
1770120276,200,,Aggregated,120.700000,0.000000,66,78,96,130,300,700,1500,3000,13000,24000,26000,197825,0,66,208.14503554256547,29.569990001618862,25921.13906200393,61244.02413244029
1770120277,200,,Aggregated,114.800000,0.000000,66,78,96,130,300,700,1500,3000,13000,24000,26000,198083,0,66,208.1448922340108,29.569990001618862,25921.13906200393,61249.8038044658
1770120278,200,,Aggregated,115.400000,0.000000,66,78,97,130,300,700,1500,3000,13000,24000,26000,198306,0,66,208.102302050303,29.569990001618862,25921.13906200393,61252.83414520993
1770120279,200,,Aggregated,128.600000,0.000000,66,78,97,130,300,700,1500,3000,13000,24000,26000,198477,0,66,208.2238391264755,29.569990001618862,25921.13906200393,61234.66657093769
1770120281,200,,Aggregated,135.600000,0.000000,66,78,97,130,300,700,1500,3000,13000,24000,26000,198717,0,66,208.2254412920547,29.569990001618862,25921.13906200393,61248.93268819477
1770120282,200,,Aggregated,135.600000,0.000000,66,78,97,130,300,700,1500,3000,13000,24000,26000,198873,0,66,208.16998064829886,29.569990001618862,25921.13906200393,61251.990823289234
1770120283,200,,Aggregated,157.000000,0.000000,66,78,97,130,300,700,1500,3000,13000,24000,26000,199124,0,66,208.15443663020116,29.569990001618862,25921.13906200393,61250.08679516281
1770120284,200,,Aggregated,164.600000,0.000000,66,78,98,130,300,700,1500,3000,13000,24000,26000,199333,0,66,208.12873017181968,29.569990001618862,25921.13906200393,61244.55264306462
1770120285,200,,Aggregated,188.400000,0.000000,66,78,98,130,300,700,1500,3000,13000,24000,26000,199565,0,66,208.1238962882088,29.569990001618862,25921.13906200393,61247.460561721746
1770120286,200,,Aggregated,184.500000,0.000000,66,78,98,130,300,700,1500,3000,13000,24000,26000,199776,0,66,208.07933804943642,29.569990001618862,25921.13906200393,61244.265627502806
1770120287,200,,Aggregated,192.400000,0.000000,66,78,98,130,300,700,1500,3000,13000,24000,26000,199996,0,66,208.10160813860378,29.569990001618862,25921.13906200393,61246.58594671894
1770120288,200,,Aggregated,194.800000,0.000000,66,78,98,130,300,690,1500,3000,13000,24000,26000,200244,0,66,208.01294908495768,29.569990001618862,25921.13906200393,61249.02978366393
1770120289,200,,Aggregated,197.900000,0.000000,66,78,98,130,300,690,1500,3000,13000,24000,26000,200437,0,66,207.9094651594303,29.569990001618862,25921.13906200393,61246.05846724906
1770120290,200,,Aggregated,200.900000,0.000000,66,78,98,130,300,690,1500,3000,13000,24000,26000,200675,0,66,207.83102988753348,29.569990001618862,25921.13906200393,61240.87387566962
1770120291,200,,Aggregated,204.300000,0.000000,66,78,98,130,300,690,1500,3000,13000,24000,26000,200907,0,66,207.71042897258468,29.569990001618862,25921.13906200393,61245.21761312448
1770120292,200,,Aggregated,210.000000,0.000000,66,78,98,130,300,690,1500,3000,13000,24000,26000,201139,0,66,207.5542234338961,29.569990001618862,25921.13906200393,61245.8286160317
1770120293,200,,Aggregated,210.100000,0.000000,66,78,98,130,300,690,1500,3000,13000,24000,26000,201369,0,66,207.42999607909573,29.569990001618862,25921.13906200393,61246.04555318842
1770120294,200,,Aggregated,216.000000,0.000000,66,79,98,130,300,690,1500,3000,13000,24000,26000,201625,0,66,207.32722230355967,29.569990001618862,25921.13906200393,61243.929130812154
1770120295,200,,Aggregated,210.100000,0.000000,66,79,99,130,300,690,1500,3000,13000,24000,26000,201829,0,66,207.2318294512687,29.569990001618862,25921.13906200393,61242.94258505963
1770120296,200,,Aggregated,217.200000,0.000000,66,79,99,130,300,690,1500,3000,13000,24000,26000,202037,0,66,207.14420605960234,29.569990001618862,25921.13906200393,61239.560446848845
1770120297,200,,Aggregated,215.600000,0.000000,66,79,99,130,300,690,1500,2900,13000,24000,26000,202286,0,66,207.05922722748528,29.569990001618862,25921.13906200393,61238.84712239107
1770120298,200,,Aggregated,220.900000,0.000000,66,79,99,130,300,690,1500,2900,13000,24000,26000,202514,0,66,206.94254580914006,29.569990001618862,25921.13906200393,61239.64162971449
1770120299,200,,Aggregated,219.300000,0.000000,66,79,99,130,300,680,1500,2900,13000,24000,26000,202774,0,66,206.80971401486613,29.569990001618862,25921.13906200393,61234.55144643791
1770120300,200,,Aggregated,219.300000,0.000000,66,79,99,130,300,680,1500,2900,13000,24000,26000,203028,0,66,206.64829366589538,29.569990001618862,25921.13906200393,61235.13834052446
1770120302,200,,Aggregated,217.300000,0.000000,66,79,99,130,300,680,1500,2900,13000,24000,26000,203276,0,66,206.51213707247436,29.569990001618862,25921.13906200393,61231.965175426514
1770120303,200,,Aggregated,221.600000,0.000000,66,79,99,130,290,680,1500,2900,13000,24000,26000,203563,0,66,206.3297535805832,29.569990001618862,25921.13906200393,61231.08616497104
1770120304,200,,Aggregated,224.300000,0.000000,66,79,99,130,290,680,1500,2900,13000,24000,26000,203811,0,66,206.16875561564913,29.569990001618862,25921.13906200393,61231.93989038865
1770120305,200,,Aggregated,233.900000,0.000000,66,79,98,130,290,680,1500,2900,13000,24000,26000,204077,0,66,205.99163918280877,29.569990001618862,25921.13906200393,61230.30801119185
1770120306,200,,Aggregated,232.300000,0.000000,66,79,99,130,290,680,1500,2900,13000,24000,26000,204323,0,66,205.86085706832358,29.569990001618862,25921.13906200393,61226.06690387279
1770120307,200,,Aggregated,239.200000,0.000000,66,79,98,130,290,670,1500,2900,13000,24000,26000,204578,0,66,205.72859586996057,29.569990001618862,25921.13906200393,61224.80901172169
1770120308,200,,Aggregated,233.900000,0.000000,66,79,99,130,290,670,1500,2900,13000,24000,26000,204807,0,66,205.600784231095,29.569990001618862,25921.13906200393,61219.94918142446
1770120309,200,,Aggregated,235.200000,0.000000,66,79,98,130,290,670,1500,2900,12000,24000,26000,205033,0,66,205.4580406058196,29.569990001618862,25921.13906200393,61219.36278062556
1770120310,200,,Aggregated,234.100000,0.000000,66,79,99,130,290,670,1500,2900,12000,24000,26000,205193,0,66,205.36905127072023,29.569990001618862,25921.13906200393,61219.83649052356
1770120311,200,,Aggregated,240.300000,0.000000,66,79,99,130,290,670,1500,2900,12000,24000,26000,205493,0,66,205.21295329024707,29.569990001618862,25921.13906200393,61218.51260140248
1770120312,200,,Aggregated,236.100000,0.000000,66,79,98,130,290,670,1400,2900,12000,24000,26000,205732,0,66,205.04999039572044,29.569990001618862,25921.13906200393,61215.243987323316
1770120313,200,,Aggregated,238.900000,0.000000,66,79,98,130,290,670,1400,2900,12000,24000,26000,205995,0,66,204.8790468534054,29.569990001618862,25921.13906200393,61214.39839316488
1770120314,200,,Aggregated,239.900000,0.000000,66,79,98,130,290,670,1400,2900,12000,24000,26000,206233,0,66,204.7177377309366,29.569990001618862,25921.13906200393,61214.36993594623
1770120315,200,,Aggregated,238.900000,0.000000,66,79,98,130,290,670,1400,2900,12000,24000,26000,206508,0,66,204.56415647783115,29.569990001618862,25921.13906200393,61211.95037964631
1770120316,200,,Aggregated,238.100000,0.000000,66,79,98,130,290,660,1400,2900,12000,24000,26000,206768,0,66,204.40008308763188,29.569990001618862,25921.13906200393,61209.3282035905
1770120317,200,,Aggregated,232.200000,0.000000,66,79,98,130,290,660,1400,2900,12000,24000,26000,207008,0,66,204.237406064227,29.569990001618862,25921.13906200393,61207.461218890094
1770120318,200,,Aggregated,236.100000,0.000000,66,78,98,130,290,660,1400,2900,12000,24000,26000,207263,0,66,204.06970247584135,29.569990001618862,25921.13906200393,61205.75418670964
1770120319,200,,Aggregated,233.800000,0.000000,66,78,98,130,290,660,1400,2900,12000,24000,26000,207529,0,66,203.8920532855909,29.569990001618862,25921.13906200393,61202.536329862334
1770120320,200,,Aggregated,237.800000,0.000000,66,78,98,130,290,660,1400,2900,12000,24000,26000,207795,0,66,203.7205976681504,29.569990001618862,25921.13906200393,61200.91038282923
1770120321,200,,Aggregated,236.800000,0.000000,66,78,98,130,290,660,1400,2900,12000,24000,26000,208021,0,66,203.56530466751516,29.569990001618862,25921.13906200393,61197.59716086357
1770120322,200,,Aggregated,240.200000,0.000000,66,78,98,130,290,660,1400,2900,12000,24000,26000,208259,0,66,203.4032432636722,29.569990001618862,25921.13906200393,61195.217623247976
1770120323,200,,Aggregated,239.600000,0.000000,66,78,98,130,290,660,1400,2900,12000,24000,26000,208507,0,66,203.23588252894734,29.569990001618862,25921.13906200393,61193.13065268792
1770120324,200,,Aggregated,239.100000,0.000000,66,78,97,130,290,660,1400,2900,12000,24000,26000,208754,0,66,203.08506493768792,29.569990001618862,25921.13906200393,61190.117722295145
1770120325,200,,Aggregated,237.400000,0.000000,66,78,97,130,290,660,1400,2900,12000,24000,26000,208991,0,66,202.93010607618643,29.569990001618862,25921.13906200393,61189.135594355736
1770120326,200,,Aggregated,237.200000,0.000000,66,78,97,130,290,660,1400,2900,12000,24000,26000,209221,0,66,202.77935530984985,29.569990001618862,25921.13906200393,61188.01236013593
1770120327,200,,Aggregated,243.700000,0.000000,66,78,97,130,290,650,1400,2900,12000,24000,26000,209470,0,66,202.6163726477632,29.569990001618862,25921.13906200393,61186.96951353416
1770120329,200,,Aggregated,242.900000,0.000000,66,78,97,130,280,650,1400,2900,12000,24000,26000,209721,0,66,202.44798760052655,29.569990001618862,25921.13906200393,61185.92626394114
1770120330,200,,Aggregated,242.000000,0.000000,66,78,97,130,280,650,1400,2800,12000,24000,26000,209978,0,66,202.27568815409782,29.569990001618862,25921.13906200393,61184.09841983446
1770120331,200,,Aggregated,242.300000,0.000000,66,78,97,130,280,650,1400,2800,12000,23000,26000,210240,0,66,202.1031921393179,29.569990001618862,25921.13906200393,61181.061020738205
1770120332,200,,Aggregated,241.000000,0.000000,66,78,97,130,280,650,1400,2800,12000,23000,26000,210481,0,66,201.94713805048536,29.569990001618862,25921.13906200393,61179.63895078416
1770120333,200,,Aggregated,241.100000,0.000000,66,78,97,130,280,650,1400,2800,12000,23000,26000,210728,0,66,201.781869391126,29.569990001618862,25921.13906200393,61178.38116909001
1770120334,200,,Aggregated,239.800000,0.000000,66,78,97,130,280,650,1400,2800,12000,23000,26000,210999,0,66,201.60746523533317,29.569990001618862,25921.13906200393,61176.08310939862
1770120335,200,,Aggregated,239.800000,0.000000,66,78,96,130,280,650,1400,2800,12000,23000,26000,211258,0,66,201.43752774903658,29.569990001618862,25921.13906200393,61174.44515237293
1770120336,200,,Aggregated,241.500000,0.000000,66,78,96,130,280,650,1400,2800,12000,23000,26000,211532,0,66,201.2592403906538,29.569990001618862,25921.13906200393,61172.06695440879
1770120337,200,,Aggregated,242.200000,0.000000,66,78,96,130,280,650,1400,2800,12000,23000,26000,211777,0,66,201.11201087127458,29.569990001618862,25921.13906200393,61170.62478456112
1770120338,200,,Aggregated,245.300000,0.000000,66,78,96,130,280,650,1400,2800,12000,23000,26000,212027,0,66,200.9561075936027,29.569990001618862,25921.13906200393,61166.84862305273
1770120339,200,,Aggregated,246.300000,0.000000,66,78,96,130,280,640,1400,2800,12000,23000,26000,212281,0,66,200.79466470807932,29.569990001618862,25921.13906200393,61165.13738393921
1770120340,200,,Aggregated,246.200000,0.000000,66,78,96,130,280,640,1400,2800,12000,23000,26000,212526,0,66,200.6417662020828,29.569990001618862,25921.13906200393,61161.72752510281
1770120341,200,,Aggregated,244.900000,0.000000,66,78,96,130,280,640,1400,2800,12000,23000,26000,212774,0,66,200.4937505128911,29.569990001618862,25921.13906200393,61161.34192617519
1770120342,200,,Aggregated,244.100000,0.000000,66,78,96,130,280,640,1400,2800,12000,23000,26000,213001,0,66,200.35015344657833,29.569990001618862,25921.13906200393,61160.3182567218
1770120343,200,,Aggregated,244.200000,0.000000,66,78,96,130,280,640,1400,2800,12000,23000,26000,213250,0,66,200.19346874487866,29.569990001618862,25921.13906200393,61158.76323563892
1770120344,200,,Aggregated,243.400000,0.000000,66,78,96,130,280,640,1400,2800,12000,23000,26000,213502,0,66,200.04611574213365,29.569990001618862,25921.13906200393,61158.17843860947
1770120345,200,,Aggregated,244.300000,0.000000,66,78,96,130,280,640,1400,2800,12000,23000,26000,213762,0,66,199.87703376793817,29.569990001618862,25921.13906200393,61157.77702304432
1770120346,200,,Aggregated,241.200000,0.000000,66,78,96,120,280,640,1400,2800,12000,23000,26000,214015,0,66,199.7175484288401,29.569990001618862,25921.13906200393,61158.42065743056
1770120347,200,,Aggregated,241.500000,0.000000,66,78,95,120,280,640,1400,2800,12000,23000,26000,214285,0,66,199.54395538345335,29.569990001618862,25921.13906200393,61157.75775719252
1770120348,200,,Aggregated,241.200000,0.000000,66,78,95,120,280,630,1400,2800,12000,23000,26000,214520,0,66,199.3972108279436,29.569990001618862,25921.13906200393,61155.91865560321
1770120349,200,,Aggregated,242.900000,0.000000,66,78,95,120,280,630,1400,2800,12000,23000,26000,214775,0,66,199.23582195792386,29.569990001618862,25921.13906200393,61158.05698987313
1770120350,200,,Aggregated,244.600000,0.000000,66,78,95,120,280,630,1400,2800,12000,23000,26000,215044,0,66,199.073128877834,29.569990001618862,25921.13906200393,61158.81551217425
1770120351,200,,Aggregated,244.100000,0.000000,66,78,95,120,280,630,1400,2800,12000,23000,26000,215290,0,66,198.93752170277295,29.569990001618862,25921.13906200393,61161.75848855033
1770120352,200,,Aggregated,244.700000,0.000000,66,78,95,120,280,630,1400,2800,12000,23000,26000,215523,0,66,198.79339368897143,29.569990001618862,25921.13906200393,61165.24723115398
1770120353,200,,Aggregated,244.100000,0.000000,66,78,95,120,280,630,1400,2800,12000,23000,26000,215762,0,66,198.67519995275262,29.569990001618862,25921.13906200393,61167.05496333924
1770120354,200,,Aggregated,243.800000,0.000000,66,78,95,120,280,630,1400,2800,12000,23000,26000,215987,0,66,198.57124641630097,29.569990001618862,25921.13906200393,61170.163685777385
1770120355,200,,Aggregated,241.000000,0.000000,66,78,95,120,280,630,1400,2800,12000,23000,26000,216201,0,66,198.52717852643713,29.569990001618862,25921.13906200393,61169.912363957614
1770120356,200,,Aggregated,242.500000,0.000000,66,78,95,120,280,630,1400,2800,12000,23000,26000,216423,0,66,198.5188440278726,29.569990001618862,25921.13906200393,61173.55652587756
1770120357,200,,Aggregated,238.200000,0.000000,66,78,95,120,280,630,1400,2800,12000,23000,26000,216612,0,66,198.50900224816405,29.569990001618862,25921.13906200393,61174.95457315384
1770120358,200,,Aggregated,234.300000,0.000000,66,78,95,120,280,630,1400,2800,12000,23000,26000,216807,0,66,198.48569932782453,29.569990001618862,25921.13906200393,61182.560235601246
1770120360,200,,Aggregated,224.500000,0.000000,66,78,96,120,280,630,1400,2800,12000,23000,26000,216986,0,66,198.59797657137733,29.569990001618862,25921.13906200393,61191.48307264063
1770120361,200,,Aggregated,219.800000,0.000000,66,78,96,120,280,630,1400,2800,12000,23000,26000,217164,0,66,198.6276018116953,29.569990001618862,25921.13906200393,61195.31690335415
1770120362,200,,Aggregated,212.200000,0.000000,66,78,96,120,280,630,1400,2800,12000,23000,26000,217340,0,66,198.74917847812242,29.569990001618862,25921.13906200393,61200.96949940186
1770120363,200,,Aggregated,204.100000,0.000000,66,78,96,120,280,630,1400,2800,12000,23000,26000,217469,0,66,198.82191668160576,29.569990001618862,25921.13906200393,61205.97979482133
1770120364,200,,Aggregated,198.800000,0.000000,66,78,96,130,280,630,1400,2800,12000,23000,26000,217562,0,66,198.93086793586775,29.569990001618862,25921.13906200393,61211.2296632684
1770120365,200,,Aggregated,188.200000,0.000000,66,78,96,130,280,630,1400,2800,12000,23000,26000,217653,0,66,199.09294947813382,29.569990001618862,25921.13906200393,61210.90753630779
1770120366,200,,Aggregated,173.700000,0.000000,66,78,96,130,280,630,1400,2800,12000,23000,26000,217773,0,66,199.53841644046935,29.569990001618862,25921.13906200393,61214.07332864956
1770120367,200,,Aggregated,162.000000,0.000000,66,78,96,130,280,640,1400,2800,12000,23000,26000,217891,0,66,199.8700433418803,29.569990001618862,25921.13906200393,61220.601823847705
1770120368,200,,Aggregated,150.600000,0.000000,66,78,96,130,280,640,1400,2900,12000,23000,26000,218047,0,66,200.39638609363354,29.569990001618862,25921.13906200393,61225.23937041096
1770120369,200,,Aggregated,141.000000,0.000000,66,78,96,130,280,640,1400,2900,12000,23000,26000,218193,0,66,200.8232346487114,29.569990001618862,25921.13906200393,61235.90685310711
1770120370,200,,Aggregated,134.500000,0.000000,66,78,96,130,280,640,1400,2900,12000,23000,26000,218330,0,66,201.1691303734996,29.569990001618862,25921.13906200393,61244.53752576375
1770120372,200,,Aggregated,127.300000,0.000000,66,78,97,130,280,640,1400,2900,12000,23000,26000,218473,0,66,201.28563770175342,29.569990001618862,25921.13906200393,61251.04004613843
1770120373,200,,Aggregated,125.900000,0.000000,66,78,97,130,280,650,1400,2900,12000,23000,26000,218636,0,66,201.6512371735817,29.569990001618862,25921.13906200393,61241.089994328475
1770120374,200,,Aggregated,114.900000,0.000000,66,78,97,130,290,650,1400,2900,12000,23000,26000,218800,0,66,202.06030183074043,29.569990001618862,25921.13906200393,61250.10639853748
1770120376,200,,Aggregated,115.500000,0.000000,66,78,97,130,290,660,1400,2900,12000,23000,26000,218999,0,66,202.41837287903536,29.569990001618862,25921.13906200393,61251.592829191
1770120377,200,,Aggregated,120.100000,0.000000,66,78,98,130,290,660,1400,2900,12000,23000,26000,219115,0,66,202.4780701979766,29.569990001618862,25921.13906200393,61257.389010337036
1770120378,200,,Aggregated,121.000000,0.000000,66,78,98,130,290,660,1400,2900,12000,23000,26000,219311,0,66,202.73517026121232,29.569990001618862,25921.13906200393,61258.00021430753
1770120379,200,,Aggregated,126.700000,0.000000,66,78,98,130,290,660,1400,2900,12000,23000,26000,219440,0,66,203.02666220025384,29.569990001618862,25921.13906200393,61250.29446773606
1770120380,200,,Aggregated,134.300000,0.000000,66,79,98,130,300,660,1400,2900,12000,23000,26000,219708,0,66,203.36786751697122,29.569990001618862,25921.13906200393,61256.114110546725
1770120381,200,,Aggregated,127.900000,0.000000,66,79,99,130,300,660,1400,2900,12000,23000,26000,219904,0,66,203.34085114042378,29.569990001618862,25921.13906200393,61261.858310899304
1770120382,200,,Aggregated,130.500000,0.000000,66,79,99,130,300,660,1400,2900,12000,23000,26000,220082,0,66,203.34291830291826,29.569990001618862,25921.13906200393,61254.77890513536
1770120384,200,,Aggregated,143.100000,0.000000,66,79,99,130,300,660,1400,2900,12000,23000,26000,220293,0,66,203.35459951672578,29.569990001618862,25921.13906200393,61254.01685482517
1770120385,200,,Aggregated,143.100000,0.000000,66,79,99,130,300,660,1400,2900,12000,23000,26000,220478,0,66,203.34728585483947,29.569990001618862,25921.13906200393,61259.27441740219
1770120386,200,,Aggregated,155.400000,0.000000,66,79,99,130,300,660,1400,2900,12000,23000,26000,220712,0,66,203.35475799984673,29.569990001618862,25921.13906200393,61257.086361412155
1770120387,200,,Aggregated,163.200000,0.000000,66,79,99,130,300,660,1400,2900,12000,23000,26000,220954,0,66,203.24573826477547,29.569990001618862,25921.13906200393,61261.35146229532
1770120388,200,,Aggregated,169.700000,0.000000,67,79,99,130,300,660,1400,2900,12000,23000,26000,221164,0,67,203.17207307896453,29.569990001618862,25921.13906200393,61258.8855600369
1770120389,200,,Aggregated,180.800000,0.000000,67,79,100,130,300,660,1400,2900,12000,23000,26000,221362,0,67,203.15662743777594,29.569990001618862,25921.13906200393,61253.433032769855
1770120390,200,,Aggregated,178.100000,0.000000,67,79,100,130,300,660,1400,2900,12000,23000,26000,221538,0,67,203.18615107799548,29.569990001618862,25921.13906200393,61250.01500871182
1770120391,200,,Aggregated,190.500000,0.000000,67,79,100,130,300,660,1400,2900,12000,23000,26000,221769,0,67,203.12542895725346,29.569990001618862,25921.13906200393,61259.396200551026
1770120392,200,,Aggregated,193.500000,0.000000,67,79,100,130,300,660,1400,2900,12000,23000,26000,221980,0,67,203.08104973430613,29.569990001618862,25921.13906200393,61257.18066492477
1770120393,200,,Aggregated,197.300000,0.000000,67,79,100,130,300,660,1400,2900,12000,23000,26000,222205,0,67,203.05486077924152,29.569990001618862,25921.13906200393,61256.190612272454
1770120394,200,,Aggregated,203.700000,0.000000,67,79,100,130,300,660,1400,2900,12000,23000,26000,222458,0,67,202.9808144976248,29.569990001618862,25921.13906200393,61256.368734772404
1770120395,200,,Aggregated,204.600000,0.000000,67,79,100,130,300,660,1400,2900,12000,23000,26000,222680,0,67,202.86677494062994,29.569990001618862,25921.13906200393,61257.29230285612
1770120396,200,,Aggregated,203.300000,0.000000,67,79,100,130,300,660,1400,2900,12000,23000,26000,222903,0,67,202.7766533679827,29.569990001618862,25921.13906200393,61254.26721937345
1770120397,200,,Aggregated,207.100000,0.000000,67,79,100,130,300,660,1400,2900,12000,23000,26000,223085,0,67,202.72178979725393,29.569990001618862,25921.13906200393,61251.2740569738
1770120398,200,,Aggregated,204.300000,0.000000,67,79,100,130,300,660,1400,2900,12000,23000,26000,223312,0,67,202.6801552255245,29.569990001618862,25921.13906200393,61255.71602959088
1770120399,200,,Aggregated,207.500000,0.000000,67,79,100,130,300,660,1400,2900,12000,23000,26000,223545,0,67,202.65336846775824,29.569990001618862,25921.13906200393,61255.06466706927
1770120400,200,,Aggregated,208.400000,0.000000,67,79,100,130,300,650,1400,2900,12000,23000,26000,223782,0,67,202.57632310720788,29.569990001618862,25921.13906200393,61255.152715589276
1770120401,200,,Aggregated,209.900000,0.000000,67,79,100,130,300,650,1400,2900,12000,23000,26000,223969,0,67,202.5613189765252,29.569990001618862,25921.13906200393,61247.02987913506
1770120402,200,,Aggregated,212.200000,0.000000,67,80,100,130,290,650,1400,2900,12000,23000,26000,224198,0,67,202.5043884009071,29.569990001618862,25921.13906200393,61247.99472341412
1770120403,200,,Aggregated,210.600000,0.000000,67,80,100,130,290,650,1400,2900,12000,23000,26000,224405,0,67,202.40952521926994,29.569990001618862,25921.13906200393,61248.69660658185
1770120404,200,,Aggregated,210.200000,0.000000,67,80,100,130,290,650,1400,2800,12000,23000,26000,224657,0,67,202.3319422164124,29.569990001618862,25921.13906200393,61249.47999839755
1770120405,200,,Aggregated,212.500000,0.000000,67,80,100,130,290,650,1400,2800,12000,23000,26000,224869,0,67,202.21246813172849,29.569990001618862,25921.13906200393,61248.06743926464
1770120406,200,,Aggregated,208.100000,0.000000,67,80,100,130,290,650,1400,2800,12000,23000,26000,225117,0,67,202.1024302709512,29.569990001618862,25921.13906200393,61247.01415264063
1770120407,200,,Aggregated,212.900000,0.000000,67,80,100,130,290,650,1400,2800,12000,23000,26000,225365,0,67,201.98282077744793,29.569990001618862,25921.13906200393,61248.325041599186
1770120409,200,,Aggregated,211.900000,0.000000,67,80,100,130,290,650,1400,2800,12000,23000,26000,225587,0,67,201.87536716002836,29.569990001618862,25921.13906200393,61241.268060659524
1770120410,200,,Aggregated,218.900000,0.000000,67,80,100,130,290,650,1400,2800,12000,23000,26000,225849,0,67,201.7924753699436,29.569990001618862,25921.13906200393,61243.98040283552
1770120411,200,,Aggregated,221.900000,0.000000,67,80,100,130,290,650,1400,2800,12000,23000,26000,226074,0,67,201.66866289205888,29.569990001618862,25921.13906200393,61243.634367507984
1770120412,200,,Aggregated,221.100000,0.000000,67,80,100,130,290,650,1400,2800,12000,23000,26000,226359,0,67,201.5463034071831,29.569990001618862,25921.13906200393,61240.598054417984
1770120413,200,,Aggregated,223.100000,0.000000,67,80,100,130,290,650,1400,2800,12000,23000,26000,226597,0,67,201.4279323076939,29.569990001618862,25921.13906200393,61238.859693641134
1770120414,200,,Aggregated,227.500000,0.000000,67,80,100,130,290,650,1400,2800,12000,23000,26000,226861,0,67,201.26711496954994,29.569990001618862,25921.13906200393,61235.72108471707
1770120415,200,,Aggregated,229.300000,0.000000,67,80,100,130,290,640,1400,2800,12000,23000,26000,227104,0,67,201.13220378737404,29.569990001618862,25921.13906200393,61235.98417905453
1770120416,200,,Aggregated,237.400000,0.000000,67,80,100,130,290,640,1400,2800,12000,23000,26000,227357,0,67,200.9853327912135,29.569990001618862,25921.13906200393,61234.80915916378
1770120417,200,,Aggregated,230.800000,0.000000,67,80,100,130,290,640,1400,2800,12000,23000,26000,227639,0,67,200.82346287240347,29.569990001618862,25921.13906200393,61232.729022707004
1770120418,200,,Aggregated,234.100000,0.000000,67,80,100,130,290,640,1400,2800,12000,23000,26000,227885,0,67,200.69328788364814,29.569990001618862,25921.13906200393,61229.85376834807
1770120419,200,,Aggregated,233.500000,0.000000,67,80,100,130,290,640,1400,2800,12000,23000,26000,228125,0,67,200.54996054463228,29.569990001618862,25921.13906200393,61227.359289863016
1770120420,200,,Aggregated,234.000000,0.000000,67,80,100,130,290,640,1400,2800,12000,23000,26000,228335,0,67,200.45735049960035,29.569990001618862,25921.13906200393,61226.26999364968
1770120421,200,,Aggregated,237.200000,0.000000,67,80,100,130,290,640,1400,2800,12000,23000,26000,228626,0,67,200.32215578601796,29.569990001618862,25921.13906200393,61224.13263145924
1770120422,200,,Aggregated,238.300000,0.000000,67,80,100,130,290,640,1400,2800,12000,23000,26000,228871,0,67,200.18530144653587,29.569990001618862,25921.13906200393,61223.00183946415
1770120423,200,,Aggregated,239.900000,0.000000,67,80,100,130,290,640,1400,2800,12000,23000,26000,229133,0,67,200.03187710935578,29.569990001618862,25921.13906200393,61220.37858361738
1770120424,200,,Aggregated,233.000000,0.000000,67,79,100,130,290,640,1400,2800,12000,23000,26000,229399,0,67,199.87994424672206,29.569990001618862,25921.13906200393,61219.74641999311
1770120425,200,,Aggregated,234.900000,0.000000,67,79,100,130,290,640,1400,2800,12000,23000,26000,229672,0,67,199.72084338748928,29.569990001618862,25921.13906200393,61217.99204517747
1770120427,200,,Aggregated,241.700000,0.000000,67,79,100,130,290,630,1400,2800,12000,23000,26000,229927,0,67,199.56910897599815,29.569990001618862,25921.13906200393,61215.28482518365
1770120428,200,,Aggregated,245.100000,0.000000,67,79,100,130,290,630,1400,2800,12000,23000,26000,230190,0,67,199.41174781721782,29.569990001618862,25921.13906200393,61213.59474781702
1770120429,200,,Aggregated,247.400000,0.000000,67,79,100,130,290,630,1400,2800,12000,23000,26000,230455,0,67,199.25389042815561,29.569990001618862,25921.13906200393,61210.370688420735
1770120430,200,,Aggregated,247.800000,0.000000,67,79,100,130,290,630,1400,2800,12000,23000,26000,230714,0,67,199.09913932722336,29.569990001618862,25921.13906200393,61209.900504520745
1770120431,200,,Aggregated,247.300000,0.000000,67,79,100,130,290,630,1400,2800,12000,23000,26000,230973,0,67,198.94824051683057,29.569990001618862,25921.13906200393,61206.303191282095
1770120432,200,,Aggregated,248.900000,0.000000,67,79,100,130,280,630,1400,2800,12000,23000,26000,231223,0,67,198.80369740500507,29.569990001618862,25921.13906200393,61204.58104946307
1770120433,200,,Aggregated,247.000000,0.000000,67,79,100,130,280,630,1400,2800,12000,23000,26000,231462,0,67,198.6662248505483,29.569990001618862,25921.13906200393,61203.26974622184
1770120434,200,,Aggregated,251.300000,0.000000,67,79,99,130,280,630,1400,2800,12000,23000,26000,231734,0,67,198.5133938363878,29.569990001618862,25921.13906200393,61201.943974557034
1770120435,200,,Aggregated,251.100000,0.000000,67,79,99,130,280,630,1400,2800,12000,23000,26000,231952,0,67,198.38843786579412,29.569990001618862,25921.13906200393,61198.79298734221
1770120436,200,,Aggregated,249.600000,0.000000,67,79,99,130,280,630,1400,2800,12000,23000,26000,232222,0,67,198.23499688237806,29.569990001618862,25921.13906200393,61197.26786006494
1770120437,200,,Aggregated,248.100000,0.000000,67,79,99,130,280,630,1400,2800,12000,23000,26000,232472,0,67,198.0897879287473,29.569990001618862,25921.13906200393,61197.012031556485
1770120438,200,,Aggregated,244.900000,0.000000,67,79,99,130,280,630,1400,2800,12000,23000,26000,232721,0,67,197.9451032343691,29.569990001618862,25921.13906200393,61194.71505364793
1770120439,200,,Aggregated,246.500000,0.000000,67,79,99,130,280,630,1400,2800,12000,23000,26000,232982,0,67,197.79541914056284,29.569990001618862,25921.13906200393,61192.30359856126
1770120440,200,,Aggregated,245.700000,0.000000,67,79,99,130,280,630,1400,2800,11000,23000,26000,233231,0,67,197.6531911565983,29.569990001618862,25921.13906200393,61191.890867852046
1770120441,200,,Aggregated,246.200000,0.000000,67,79,99,130,280,630,1400,2800,11000,23000,26000,233492,0,67,197.50457659665204,29.569990001618862,25921.13906200393,61189.79084936529
1770120442,200,,Aggregated,246.400000,0.000000,67,79,99,130,280,630,1400,2800,11000,23000,26000,233773,0,67,197.34518366489047,29.569990001618862,25921.13906200393,61187.01185337913
1770120443,200,,Aggregated,246.100000,0.000000,67,79,99,130,280,630,1400,2800,11000,23000,26000,234018,0,67,197.20790241686765,29.569990001618862,25921.13906200393,61186.83020536882
1770120444,200,,Aggregated,248.400000,0.000000,67,79,99,130,280,620,1400,2800,11000,23000,26000,234298,0,67,197.05200280668475,29.569990001618862,25921.13906200393,61184.51625280626
1770120445,200,,Aggregated,245.900000,0.000000,67,79,98,130,280,620,1400,2800,11000,23000,26000,234534,0,67,196.91775581900123,29.569990001618862,25921.13906200393,61183.67655009508
1770120446,200,,Aggregated,247.800000,0.000000,67,79,98,130,280,620,1400,2800,11000,23000,26000,234800,0,67,196.77274136840128,29.569990001618862,25921.13906200393,61180.96022572402
1770120447,200,,Aggregated,248.600000,0.000000,67,79,98,130,280,620,1400,2800,11000,23000,26000,235053,0,67,196.63194217798798,29.569990001618862,25921.13906200393,61179.85385423713
1770120448,200,,Aggregated,247.100000,0.000000,67,79,98,130,280,620,1400,2700,11000,23000,26000,235310,0,67,196.48944290307853,29.569990001618862,25921.13906200393,61177.82547278059
1770120449,200,,Aggregated,245.000000,0.000000,67,79,98,130,280,620,1400,2700,11000,23000,26000,235547,0,67,196.3677649871429,29.569990001618862,25921.13906200393,61177.53643646491
1770120450,200,,Aggregated,243.400000,0.000000,67,79,98,130,280,620,1400,2700,11000,23000,26000,235801,0,67,196.2361851134887,29.569990001618862,25921.13906200393,61177.82409319723
1770120451,200,,Aggregated,244.500000,0.000000,67,79,98,130,280,620,1400,2700,11000,23000,26000,236038,0,67,196.11905801420343,29.569990001618862,25921.13906200393,61176.933811504925
1770120452,200,,Aggregated,243.900000,0.000000,67,79,98,130,280,620,1400,2700,11000,23000,26000,236278,0,67,196.00366608834415,29.569990001618862,25921.13906200393,61177.39466221993
1770120453,200,,Aggregated,245.600000,0.000000,67,79,98,130,280,620,1400,2700,11000,23000,26000,236524,0,67,195.86873019906034,29.569990001618862,25921.13906200393,61178.75924219107
1770120455,200,,Aggregated,242.800000,0.000000,66,79,98,130,280,620,1400,2700,11000,23000,26000,236783,0,66,195.7262251087512,29.569990001618862,25921.13906200393,61178.54499689589
1770120456,200,,Aggregated,240.600000,0.000000,66,79,98,130,280,620,1400,2700,11000,23000,26000,237014,0,66,195.60891770298173,29.569990001618862,25921.13906200393,61178.14050646797
1770120457,200,,Aggregated,240.800000,0.000000,66,79,98,130,280,620,1400,2700,11000,23000,26000,237264,0,66,195.47648924655877,29.569990001618862,25921.13906200393,61180.65762188954
1770120458,200,,Aggregated,240.700000,0.000000,66,79,98,130,280,620,1400,2700,11000,23000,26000,237498,0,66,195.36283243234988,29.569990001618862,25921.13906200393,61183.932551010956
1770120459,200,,Aggregated,240.500000,0.000000,66,79,98,130,280,620,1400,2700,11000,23000,26000,237729,0,66,195.24740310992607,29.569990001618862,25921.13906200393,61188.18965292413
1770120460,200,,Aggregated,239.700000,0.000000,66,79,98,130,280,620,1400,2700,11000,23000,26000,237955,0,66,195.16710884610396,29.569990001618862,25921.13906200393,61190.24914794814
1770120461,200,,Aggregated,237.000000,0.000000,66,79,98,130,280,620,1400,2700,11000,23000,26000,238164,0,66,195.09948758561157,29.569990001618862,25921.13906200393,61190.52582254245
1770120462,200,,Aggregated,234.800000,0.000000,67,79,98,130,280,620,1400,2700,11000,23000,26000,238360,0,67,195.09215072855716,29.569990001618862,25921.13906200393,61191.88473737204
1770120463,200,,Aggregated,229.000000,0.000000,67,79,98,130,280,620,1400,2700,11000,23000,26000,238554,0,67,195.13862122705157,29.569990001618862,25921.13906200393,61196.48355089414
1770120464,200,,Aggregated,225.000000,0.000000,67,79,98,130,280,620,1400,2700,11000,23000,26000,238738,0,67,195.14426478421962,29.569990001618862,25921.13906200393,61201.41885665458
1770120465,200,,Aggregated,221.900000,0.000000,67,79,98,130,280,620,1400,2700,11000,23000,26000,238904,0,67,195.16114473557278,29.569990001618862,25921.13906200393,61204.59662458561
