Timestamp,User Count,Type,Name,Requests/s,Failures/s,50%,66%,75%,80%,90%,95%,98%,99%,99.9%,99.99%,100%,Total Request Count,Total Failure Count,Total Median Response Time,Total Average Response Time,Total Min Response Time,Total Max Response Time,Total Average Content Size
1769685698,0,,Aggregated,0.000000,0.000000,N/A,N/A,N/A,N/A,N/A,N/A,N/A,N/A,N/A,N/A,N/A,0,0,0,0.0,0,0,0
1769685703,50,,Aggregated,0.000000,0.000000,N/A,N/A,N/A,N/A,N/A,N/A,N/A,N/A,N/A,N/A,N/A,0,0,0,0.0,0,0,0
1769685704,50,,Aggregated,0.000000,0.000000,N/A,N/A,N/A,N/A,N/A,N/A,N/A,N/A,N/A,N/A,N/A,0,0,0,0.0,0,0,0
1769685705,50,,Aggregated,0.000000,0.000000,56,670,2300,3200,4700,5700,6300,6400,6400,6400,6400,122,0,56,1265.695536189014,30.386166996322572,6404.341609973926,34099.60655737705
1769685706,50,,Aggregated,0.000000,0.000000,54,71,1300,2400,4600,5400,6300,6400,6400,6400,6400,175,0,54,1075.4842239940938,29.699669015826657,6404.341609973926,40984.142857142855
1769685707,50,,Aggregated,13.142857,0.000000,52,57,65,580,3500,5000,6000,6300,6400,6400,6400,247,0,52,776.9706080610409,29.699669015826657,6404.341609973926,45587.53846153846
1769685708,50,,Aggregated,21.375000,0.000000,52,56,60,71,3300,4900,5700,6300,6400,6400,6400,293,0,52,663.1157321708615,29.699669015826657,6404.341609973926,48241.63822525597
1769685709,50,,Aggregated,26.555556,0.000000,52,55,58,61,2300,4400,5500,6300,6400,6400,6400,361,0,52,548.070329845218,29.699669015826657,6404.341609973926,50082.9944598338
1769685710,50,,Aggregated,28.400000,0.000000,52,55,58,60,2000,4300,5400,6000,6400,6400,6400,409,0,52,489.7548165452703,29.699669015826657,6404.341609973926,51378.709046454765
1769685711,50,,Aggregated,35.300000,0.000000,52,54,57,59,770,3800,5400,6000,6400,6400,6400,480,0,52,424.9158063835542,29.699669015826657,6404.341609973926,52546.739583333336
1769685712,50,,Aggregated,40.300000,0.000000,52,54,57,58,91,3400,5300,5700,6400,6400,6400,524,0,52,393.59626132078006,29.699669015826657,6404.341609973926,53069.73473282443
1769685713,50,,Aggregated,47.100000,0.000000,52,54,56,58,71,3300,5300,5700,6400,6400,6400,593,0,52,353.8974496476277,29.699669015826657,6404.341609973926,53492.72512647555
1769685714,50,,Aggregated,52.100000,0.000000,52,54,56,58,64,3000,5000,5700,6400,6400,6400,655,0,52,325.25994789627566,29.699669015826657,6404.341609973926,54010.2320610687
1769685715,50,,Aggregated,52.100000,0.000000,52,54,56,58,63,2300,4900,5500,6400,6400,6400,728,0,52,297.7716463327262,29.699669015826657,6404.341609973926,54707.71291208791
1769685716,50,,Aggregated,65.100000,0.000000,52,53,55,57,62,2100,4800,5500,6400,6400,6400,795,0,52,276.8944926945047,29.699669015826657,6404.341609973926,54909.772327044026
1769685717,50,,Aggregated,63.600000,0.000000,51,53,55,57,62,1300,4600,5400,6400,6400,6400,855,0,51,261.04455630302465,29.699669015826657,6404.341609973926,54994.771929824565
1769685718,50,,Aggregated,61.700000,0.000000,51,53,55,56,61,1000,4400,5400,6400,6400,6400,925,0,51,245.10304447571824,29.699669015826657,6404.341609973926,55360.66486486486
1769685719,50,,Aggregated,61.100000,0.000000,51,53,55,56,61,670,4400,5400,6400,6400,6400,980,0,51,234.26426936838448,29.699669015826657,6404.341609973926,55595.75918367347
1769685720,50,,Aggregated,62.900000,0.000000,51,53,55,56,61,280,4300,5300,6400,6400,6400,1040,0,51,223.96011024149908,29.699669015826657,6404.341609973926,55554.907692307694
1769685721,50,,Aggregated,61.900000,0.000000,51,53,55,56,61,79,4000,5300,6400,6400,6400,1106,0,51,213.6028850779306,29.699669015826657,6404.341609973926,55641.73598553345
1769685722,50,,Aggregated,62.700000,0.000000,51,53,55,56,61,75,3800,5300,6400,6400,6400,1163,0,51,205.68111372587288,29.699669015826657,6404.341609973926,56054.08770421324
1769685723,50,,Aggregated,62.000000,0.000000,51,53,55,56,61,72,3500,5000,6400,6400,6400,1232,0,51,197.0441341647718,29.699669015826657,6404.341609973926,56156.333603896106
1769685724,50,,Aggregated,63.700000,0.000000,51,53,55,56,61,71,3400,5000,6400,6400,6400,1296,0,51,189.8579970145897,29.699669015826657,6404.341609973926,56393.31095679013
1769685725,50,,Aggregated,64.200000,0.000000,51,53,55,56,60,69,3400,5000,6400,6400,6400,1363,0,51,183.05317345494677,29.699669015826657,6404.341609973926,56456.69185619956
1769685726,50,,Aggregated,63.100000,0.000000,51,53,55,56,60,68,3300,4900,6400,6400,6400,1422,0,51,177.55910453601342,29.699669015826657,6404.341609973926,56497.5035161744
1769685727,50,,Aggregated,61.800000,0.000000,51,53,55,56,60,67,3300,4900,6400,6400,6400,1477,0,51,172.8533021686575,29.699669015826657,6404.341609973926,56537.46242383209
1769685728,50,,Aggregated,62.400000,0.000000,51,53,55,56,60,66,3200,4800,6400,6400,6400,1538,0,51,167.98792742596567,29.699669015826657,6404.341609973926,56662.29323797139
1769685729,50,,Aggregated,62.000000,0.000000,51,53,55,56,60,65,3000,4700,6400,6400,6400,1608,0,51,162.91216068229778,29.699669015826657,6404.341609973926,56775.213308457714
1769685730,50,,Aggregated,61.600000,0.000000,51,53,55,56,60,65,2900,4700,6400,6400,6400,1676,0,51,158.27825985096857,29.699669015826657,6404.341609973926,56871.531622911694
1769685731,50,,Aggregated,62.900000,0.000000,51,53,55,56,60,65,2400,4600,6400,6400,6400,1729,0,51,154.9071235461003,29.699669015826657,6404.341609973926,56978.33371891267
1769685732,50,,Aggregated,62.900000,0.000000,51,53,55,56,60,65,2400,4600,6400,6400,6400,1795,0,51,151.05823069033576,29.699669015826657,6404.341609973926,57072.29526462396
1769685733,50,,Aggregated,63.500000,0.000000,51,53,55,56,60,64,2300,4400,6400,6400,6400,1862,0,51,147.4914284689711,29.699669015826657,6404.341609973926,57195.25832438238
1769685734,50,,Aggregated,63.100000,0.000000,51,53,55,56,60,64,2200,4400,6400,6400,6400,1925,0,51,144.45317984070303,29.699669015826657,6404.341609973926,57249.083116883114
1769685735,50,,Aggregated,63.800000,0.000000,51,53,55,56,60,64,2100,4400,6400,6400,6400,1990,0,51,141.42364593688984,29.34129800996743,6404.341609973926,57314.375376884425
1769685736,50,,Aggregated,62.500000,0.000000,51,53,55,56,60,64,1900,4300,6300,6400,6400,2052,0,51,138.77883991493482,29.34129800996743,6404.341609973926,57342.4522417154
1769685737,50,,Aggregated,63.100000,0.000000,51,53,55,56,60,64,1300,4100,6300,6400,6400,2110,0,51,136.38375964003583,29.34129800996743,6404.341609973926,57484.21706161137
1769685738,50,,Aggregated,62.900000,0.000000,51,53,55,56,60,64,1300,4100,6300,6400,6400,2180,0,51,133.63705841021255,29.34129800996743,6404.341609973926,57581.6252293578
1769685739,50,,Aggregated,62.900000,0.000000,51,53,55,56,60,64,1100,4000,6300,6400,6400,2234,0,51,131.67857794334097,29.34129800996743,6404.341609973926,57692.75067144136
1769685740,50,,Aggregated,63.900000,0.000000,51,53,55,56,60,64,1000,3800,6300,6400,6400,2305,0,51,129.1748854977891,29.34129800996743,6404.341609973926,57725.20954446855
1769685741,50,,Aggregated,61.700000,0.000000,51,53,55,56,60,64,770,3800,6300,6400,6400,2363,0,51,127.32060263539837,29.34129800996743,6404.341609973926,57785.59585272958
1769685742,50,,Aggregated,62.700000,0.000000,51,53,55,56,60,64,670,3500,6300,6400,6400,2434,0,51,125.20434046655357,29.34129800996743,6404.341609973926,57774.26376335251
1769685743,50,,Aggregated,62.100000,0.000000,51,54,55,56,60,64,580,3500,6300,6400,6400,2494,0,51,123.46972206519193,29.34129800996743,6404.341609973926,57880.68564554932
1769685744,50,,Aggregated,62.200000,0.000000,51,54,55,56,60,64,280,3400,6300,6400,6400,2552,0,51,121.85708859036606,29.34129800996743,6404.341609973926,57890.49255485893
1769685745,50,,Aggregated,62.600000,0.000000,51,54,55,57,60,64,160,3400,6300,6400,6400,2612,0,51,120.24361292172328,29.34129800996743,6404.341609973926,58034.80398162328
1769685746,50,,Aggregated,63.100000,0.000000,51,54,55,56,60,64,130,3400,6300,6400,6400,2669,0,51,118.71104285139022,29.34129800996743,6404.341609973926,57998.69913825403
1769685747,50,,Aggregated,62.800000,0.000000,51,54,55,56,60,64,130,3400,6300,6400,6400,2742,0,51,116.92694493555932,29.34129800996743,6404.341609973926,58049.65061998541
1769685748,50,,Aggregated,62.200000,0.000000,51,54,55,57,60,64,98,3400,6300,6400,6400,2799,0,51,115.61925598190325,29.34129800996743,6404.341609973926,58106.61736334405
1769685749,50,,Aggregated,63.400000,0.000000,51,54,55,57,60,64,98,3300,6300,6400,6400,2868,0,51,114.23044209732832,29.34129800996743,6404.341609973926,58160.87656903766
1769685750,50,,Aggregated,61.900000,0.000000,51,54,55,57,60,64,91,3300,6300,6400,6400,2926,0,51,112.97171393708008,29.34129800996743,6404.341609973926,58202.0991114149
1769685751,50,,Aggregated,63.500000,0.000000,51,54,55,57,60,64,89,3300,6300,6400,6400,2993,0,51,111.56490946100197,29.34129800996743,6404.341609973926,58177.87738055463
1769685752,50,,Aggregated,62.300000,0.000000,51,54,55,57,60,64,89,3200,6300,6400,6400,3043,0,51,110.5507103492672,29.34129800996743,6404.341609973926,58244.197502464674
1769685753,50,,Aggregated,62.600000,0.000000,51,54,55,57,60,64,87,3100,6300,6400,6400,3105,0,51,109.36358689660268,29.34129800996743,6404.341609973926,58278.72753623188
1769685754,50,,Aggregated,62.400000,0.000000,51,54,55,56,60,64,85,3100,6300,6400,6400,3179,0,51,107.94950387226102,29.34129800996743,6404.341609973926,58300.32683233721
1769685755,50,,Aggregated,60.200000,0.000000,51,54,55,56,60,64,83,3000,6300,6400,6400,3235,0,51,106.97097232668024,29.34129800996743,6404.341609973926,58316.84142194745
1769685756,50,,Aggregated,61.600000,0.000000,51,54,55,56,60,64,82,3000,6300,6400,6400,3297,0,51,105.94255309791353,29.34129800996743,6404.341609973926,58302.39096148013
1769685757,50,,Aggregated,60.700000,0.000000,51,54,55,56,60,64,77,2900,6300,6400,6400,3358,0,51,104.94821139243753,29.34129800996743,6404.341609973926,58383.71203097082
1769685758,50,,Aggregated,61.300000,0.000000,51,54,55,56,60,64,76,2400,6300,6400,6400,3420,0,51,103.96950029204184,29.34129800996743,6404.341609973926,58373.10263157895
1769685759,50,,Aggregated,60.900000,0.000000,51,54,55,56,60,64,76,2400,6300,6400,6400,3479,0,51,103.09012169553449,29.34129800996743,6404.341609973926,58409.97872951998
1769685760,50,,Aggregated,61.300000,0.000000,51,54,55,57,60,64,76,2400,6300,6400,6400,3541,0,51,102.27837657546534,29.34129800996743,6404.341609973926,58395.83507483762
1769685761,50,,Aggregated,61.300000,0.000000,51,54,56,57,60,64,75,2300,6300,6400,6400,3613,0,51,101.30992504587344,29.34129800996743,6404.341609973926,58454.736230279545
1769685762,50,,Aggregated,61.700000,0.000000,51,54,56,57,60,64,75,2300,6300,6400,6400,3669,0,51,100.57859047716187,29.34129800996743,6404.341609973926,58464.80921231944
1769685763,50,,Aggregated,62.800000,0.000000,51,54,56,57,60,64,73,2300,6300,6400,6400,3736,0,51,99.71938365118595,29.34129800996743,6404.341609973926,58467.379014989296
1769685764,50,,Aggregated,61.300000,0.000000,51,54,56,57,60,64,75,2300,6300,6400,6400,3792,0,51,99.03685609330026,29.34129800996743,6404.341609973926,58475.42114978903
1769685765,50,,Aggregated,63.500000,0.000000,52,54,56,57,60,65,77,2200,6300,6400,6400,3858,0,52,98.39295436074269,29.34129800996743,6404.341609973926,58508.6456713323
1769685766,50,,Aggregated,62.400000,0.000000,52,54,56,57,61,65,77,2100,6300,6400,6400,3917,0,52,97.73451282202116,29.34129800996743,6404.341609973926,58496.05361245851
1769685767,50,,Aggregated,63.400000,0.000000,52,54,56,57,61,65,77,2100,6300,6400,6400,3982,0,52,97.03798367522614,29.34129800996743,6404.341609973926,58512.59568056253
1769685768,50,,Aggregated,62.500000,0.000000,52,54,56,57,61,65,77,2000,6000,6400,6400,4035,0,52,96.46531221874594,29.34129800996743,6404.341609973926,58501.265179677815
1769685769,50,,Aggregated,61.800000,0.000000,52,54,56,57,61,65,76,1900,6000,6400,6400,4108,0,52,95.71041397435903,29.34129800996743,6404.341609973926,58522.097127555986
1769685770,50,,Aggregated,61.800000,0.000000,52,54,56,57,61,66,76,1900,6000,6400,6400,4161,0,52,95.18706309123002,29.34129800996743,6404.341609973926,58520.503965392934
1769685771,50,,Aggregated,60.900000,0.000000,52,54,56,57,61,65,76,1300,6000,6400,6400,4221,0,52,94.59133729317354,29.34129800996743,6404.341609973926,58499.673773987204
1769685772,50,,Aggregated,60.600000,0.000000,52,54,56,57,61,65,76,1300,6000,6400,6400,4287,0,52,93.97139526136326,29.34129800996743,6404.341609973926,58519.09633776534
1769685773,50,,Aggregated,59.600000,0.000000,52,54,56,57,61,65,76,1300,6000,6400,6400,4350,0,52,93.38061265230591,29.34129800996743,6404.341609973926,58541.831034482755
1769685774,50,,Aggregated,60.600000,0.000000,52,54,56,57,61,65,76,1100,6000,6400,6400,4407,0,52,92.86185534888511,29.290161008248106,6404.341609973926,58641.28908554572
1769685775,50,,Aggregated,60.700000,0.000000,52,54,56,57,61,65,75,1100,6000,6400,6400,4478,0,52,92.21489275670207,29.290161008248106,6404.341609973926,58685.193389906206
1769685776,50,,Aggregated,61.600000,0.000000,52,54,56,57,61,65,75,1100,6000,6400,6400,4541,0,52,91.65436491253222,29.290161008248106,6404.341609973926,58774.56661528298
1769685777,50,,Aggregated,61.800000,0.000000,52,54,56,57,61,65,75,1000,6000,6400,6400,4601,0,52,91.11113941790555,29.290161008248106,6404.341609973926,58810.48728537274
1769685778,50,,Aggregated,62.300000,0.000000,52,54,56,57,61,65,75,1000,6000,6400,6400,4670,0,52,90.48251461837694,29.290161008248106,6404.341609973926,58892.34710920771
1769685779,50,,Aggregated,62.600000,0.000000,52,54,56,57,61,65,75,770,6000,6400,6400,4732,0,52,89.9386358245725,29.290161008248106,6404.341609973926,58929.92772612003
1769685780,50,,Aggregated,63.000000,0.000000,52,54,56,57,61,65,75,770,6000,6400,6400,4794,0,52,89.46162011010992,29.290161008248106,6404.341609973926,58960.56695869837
1769685781,50,,Aggregated,64.100000,0.000000,52,54,56,57,61,65,75,670,6000,6400,6400,4854,0,52,89.16076193158202,29.290161008248106,6404.341609973926,59030.03152039555
1769685782,50,,Aggregated,63.500000,0.000000,52,54,56,57,61,65,77,580,6000,6400,6400,4914,0,52,88.82517882106656,29.290161008248106,6404.341609973926,59154.913512413514
1769685783,50,,Aggregated,64.000000,0.000000,52,54,56,57,61,66,77,670,6000,6400,6400,4961,0,52,88.6541342761122,29.290161008248106,6404.341609973926,59254.57488409595
1769685784,50,,Aggregated,63.400000,0.000000,52,54,56,57,61,66,79,910,5700,6400,6400,5016,0,52,89.19116523063865,29.290161008248106,6404.341609973926,59286.078349282296
1769685785,50,,Aggregated,61.500000,0.000000,52,54,56,57,61,67,86,1000,5700,6400,6400,5061,0,52,89.44027066626002,29.290161008248106,6404.341609973926,59387.63979450701
1769685786,50,,Aggregated,59.600000,0.000000,52,54,56,57,61,67,110,1000,5700,6400,6400,5109,0,52,90.11491496887194,29.290161008248106,6404.341609973926,59475.884126052064
1769685787,50,,Aggregated,58.100000,0.000000,52,54,56,57,61,67,140,1100,5700,6400,6400,5144,0,52,90.49160128614834,29.290161008248106,6404.341609973926,59694.967534992225
1769685788,50,,Aggregated,55.900000,0.000000,52,54,56,58,62,68,170,1100,5700,6400,6400,5185,0,52,90.55995227596807,29.290161008248106,6404.341609973926,59928.64648023144
1769685789,50,,Aggregated,54.200000,0.000000,52,54,56,58,62,68,200,1100,5700,6400,6400,5212,0,52,91.16338853087412,29.290161008248106,6404.341609973926,60026.395625479665
1769685790,50,,Aggregated,52.100000,0.000000,52,54,56,58,62,69,220,1300,5700,6400,6400,5252,0,52,94.22475198795912,29.290161008248106,6404.341609973926,60118.785224676314
1769685791,50,,Aggregated,48.100000,0.000000,52,54,56,58,62,71,240,1600,5700,6400,6400,5278,0,52,98.42919645240839,29.290161008248106,6404.341609973926,60174.96760136415
1769685792,50,,Aggregated,46.700000,0.000000,52,54,56,58,63,72,280,1600,5700,6400,6400,5328,0,52,99.66136229953038,29.290161008248106,6404.341609973926,60343.222034534534
1769685793,50,,Aggregated,42.800000,0.000000,52,54,56,58,63,73,280,1600,5700,6400,6400,5358,0,52,99.95914093054506,29.290161008248106,6404.341609973926,60517.640724150806
1769685794,50,,Aggregated,41.000000,0.000000,52,54,56,58,63,74,310,1600,5700,6400,6400,5387,0,52,100.71965807830082,29.290161008248106,6404.341609973926,60641.42862446631
1769685795,50,,Aggregated,39.400000,0.000000,52,55,57,58,63,79,340,1600,5700,6400,6400,5449,0,52,101.39455320992965,29.290161008248106,6404.341609973926,60712.431271792986
1769685796,50,,Aggregated,38.900000,0.000000,52,55,57,58,64,83,350,1600,5700,6400,6400,5495,0,52,101.80836668058177,29.290161008248106,6404.341609973926,60829.927934485895
1769685797,50,,Aggregated,38.200000,0.000000,52,55,57,58,64,98,340,1500,5700,6400,6400,5527,0,52,101.83995856338646,29.290161008248106,6404.341609973926,60877.69223810385
1769685798,50,,Aggregated,39.200000,0.000000,52,55,57,58,65,120,340,1500,5700,6400,6400,5598,0,52,102.11825554229529,29.290161008248106,6404.341609973926,60896.87138263666
1769685799,50,,Aggregated,39.400000,0.000000,52,55,57,59,65,130,330,1500,5700,6400,6400,5649,0,52,102.19534449296413,29.290161008248106,6404.341609973926,60884.67268543105
1769685800,50,,Aggregated,39.700000,0.000000,52,55,57,59,66,140,320,1500,5700,6400,6400,5706,0,52,102.497776499939,29.290161008248106,6404.341609973926,60749.406414300734
1769685801,50,,Aggregated,41.200000,0.000000,52,55,57,59,68,150,320,1500,5700,6400,6400,5778,0,52,102.8189927171076,29.290161008248106,6404.341609973926,60724.017826237454
1769685802,50,,Aggregated,43.700000,0.000000,52,55,57,59,68,150,320,1500,5700,6400,6400,5828,0,52,102.44442444295011,29.290161008248106,6404.341609973926,60744.93188057653
1769685803,50,,Aggregated,45.400000,0.000000,52,55,57,59,68,150,320,1500,5700,6400,6400,5909,0,52,101.9919175620921,29.290161008248106,6404.341609973926,60689.42951430022
1769685804,50,,Aggregated,50.000000,0.000000,52,55,57,59,68,150,320,1500,5700,6400,6400,5966,0,52,101.5778254658649,29.290161008248106,6404.341609973926,60681.3204827355
1769685805,50,,Aggregated,49.300000,0.000000,52,55,57,59,68,150,320,1400,5700,6400,6400,6043,0,52,101.08152938248031,29.290161008248106,6404.341609973926,60644.1169948701
1769685806,50,,Aggregated,53.700000,0.000000,52,55,57,59,68,150,320,1400,5700,6400,6400,6092,0,52,100.69779066864123,29.290161008248106,6404.341609973926,60601.02051871306
1769685807,50,,Aggregated,53.900000,0.000000,52,55,57,59,68,150,320,1400,5700,6400,6400,6161,0,52,100.1663843420722,29.290161008248106,6404.341609973926,60588.16507060542
1769685808,50,,Aggregated,56.800000,0.000000,52,55,57,59,68,140,320,1400,5700,6400,6400,6219,0,52,99.72673168924771,29.290161008248106,6404.341609973926,60572.481427882296
1769685809,50,,Aggregated,57.200000,0.000000,52,55,57,59,68,140,320,1400,5700,6400,6400,6293,0,52,99.1768154151461,29.290161008248106,6404.341609973926,60549.90163673923
1769685810,50,,Aggregated,59.800000,0.000000,52,55,57,59,68,140,320,1400,5700,6400,6400,6352,0,52,98.75952521512087,29.290161008248106,6404.341609973926,60542.0862720403
1769685811,50,,Aggregated,61.300000,0.000000,52,55,57,59,67,140,320,1300,5700,6400,6400,6423,0,52,98.22914020139265,29.290161008248106,6404.341609973926,60490.59255799471
1769685812,50,,Aggregated,62.300000,0.000000,52,55,57,59,67,140,320,1300,5700,6400,6400,6473,0,52,97.88418822427609,29.290161008248106,6404.341609973926,60490.91425923065
1769685813,50,,Aggregated,63.400000,0.000000,52,55,57,59,67,140,320,1300,5700,6400,6400,6534,0,52,97.46332886526858,29.290161008248106,6404.341609973926,60447.08386899296
1769685814,50,,Aggregated,62.600000,0.000000,52,55,57,59,67,140,310,1300,5700,6400,6400,6592,0,52,97.0659858424643,29.290161008248106,6404.341609973926,60449.22557645631
1769685815,50,,Aggregated,64.600000,0.000000,52,55,57,59,67,140,310,1300,5700,6400,6400,6650,0,52,96.67670236338505,29.290161008248106,6404.341609973926,60433.39052631579
1769685816,50,,Aggregated,62.300000,0.000000,52,55,57,59,67,140,300,1300,5700,6400,6400,6718,0,52,96.25111944309964,29.290161008248106,6404.341609973926,60414.34563858291
1769685818,50,,Aggregated,62.700000,0.000000,52,55,57,59,67,130,290,1300,5700,6400,6400,6773,0,52,95.90914373242892,29.290161008248106,6404.341609973926,60393.40129927654
1769685819,50,,Aggregated,60.900000,0.000000,52,55,57,59,66,130,290,1300,5700,6400,6400,6839,0,52,95.49056726344956,29.290161008248106,6404.341609973926,60397.92688989618
1769685820,50,,Aggregated,62.400000,0.000000,52,55,57,59,66,130,280,1300,5700,6400,6400,6905,0,52,95.06431674666263,29.290161008248106,6404.341609973926,60381.363649529325
1769685821,50,,Aggregated,60.900000,0.000000,52,55,57,59,66,130,280,1300,5700,6400,6400,6982,0,52,94.62501369028551,29.290161008248106,6404.341609973926,60374.09467201375
1769685822,50,,Aggregated,61.100000,0.000000,52,55,57,59,66,130,280,1300,5500,6400,6400,7053,0,52,94.20440944814406,29.290161008248106,6404.341609973926,60355.120941443354
1769685823,50,,Aggregated,62.900000,0.000000,52,55,57,59,66,130,280,1300,5500,6400,6400,7116,0,52,93.82914177623891,29.290161008248106,6404.341609973926,60351.42650365374
1769685824,50,,Aggregated,62.700000,0.000000,52,55,57,59,66,130,280,1300,5500,6400,6400,7177,0,52,93.48350869886684,29.290161008248106,6404.341609973926,60299.361711021316
1769685825,50,,Aggregated,63.900000,0.000000,52,55,57,59,66,120,280,1300,5500,6400,6400,7242,0,52,93.10462066179659,29.290161008248106,6404.341609973926,60328.589063794534
1769685826,50,,Aggregated,63.900000,0.000000,52,55,57,59,66,120,270,1300,5500,6400,6400,7310,0,52,92.71464799313023,29.290161008248106,6404.341609973926,60322.808891928864
1769685827,50,,Aggregated,64.700000,0.000000,52,55,57,59,66,120,260,1300,5500,6400,6400,7381,0,52,92.33425008817099,29.290161008248106,6404.341609973926,60310.6218669557
1769685828,50,,Aggregated,65.800000,0.000000,52,55,57,59,65,120,260,1300,5500,6400,6400,7442,0,52,91.98364320624276,29.290161008248106,6404.341609973926,60294.32141897339
1769685829,50,,Aggregated,65.800000,0.000000,52,55,57,59,65,120,250,1200,5500,6400,6400,7502,0,52,91.66663659664309,29.290161008248106,6404.341609973926,60277.44201546254
1769685830,50,,Aggregated,66.500000,0.000000,52,55,57,59,65,120,250,1200,5500,6400,6400,7562,0,52,91.33991720988047,29.290161008248106,6404.341609973926,60287.49788415763
1769685831,50,,Aggregated,65.700000,0.000000,52,55,57,59,65,120,240,1200,5500,6400,6400,7617,0,52,91.06141262768456,29.290161008248106,6404.341609973926,60294.38361559669
1769685832,50,,Aggregated,65.000000,0.000000,52,55,57,59,65,120,240,1200,5500,6400,6400,7685,0,52,90.70954871440134,29.290161008248106,6404.341609973926,60277.768900455434
1769685833,50,,Aggregated,62.600000,0.000000,52,55,57,59,65,120,240,1200,5500,6400,6400,7741,0,52,90.43301729986455,29.290161008248106,6404.341609973926,60289.390001291824
1769685834,50,,Aggregated,62.800000,0.000000,52,55,57,59,65,120,240,1200,5500,6400,6400,7814,0,52,90.0855615477738,29.290161008248106,6404.341609973926,60282.24033785513
1769685835,50,,Aggregated,61.700000,0.000000,52,55,57,59,65,120,240,1200,5500,6400,6400,7876,0,52,89.78020802010074,29.290161008248106,6404.341609973926,60278.196165566274
1769685836,50,,Aggregated,63.600000,0.000000,52,55,57,59,65,120,240,1100,5500,6400,6400,7944,0,52,89.46127237956789,29.290161008248106,6404.341609973926,60278.18655589124
1769685837,50,,Aggregated,62.900000,0.000000,52,55,57,59,65,120,240,1100,5400,6400,6400,8006,0,52,89.16898298341728,29.290161008248106,6404.341609973926,60290.36597551836
1769685838,50,,Aggregated,62.700000,0.000000,52,55,57,59,65,120,240,1100,5400,6400,6400,8066,0,52,88.88506427093898,29.290161008248106,6404.341609973926,60272.8372179519
1769685839,50,,Aggregated,62.500000,0.000000,52,55,57,59,65,120,240,1100,5400,6400,6400,8123,0,52,88.62496464992333,29.290161008248106,6404.341609973926,60278.6156592392
1769685840,50,,Aggregated,61.800000,0.000000,52,55,57,58,65,120,240,1100,5400,6400,6400,8183,0,52,88.33766181698142,29.290161008248106,6404.341609973926,60272.32213124771
1769685841,50,,Aggregated,62.000000,0.000000,52,55,57,58,64,120,240,1100,5400,6400,6400,8253,0,52,88.01922214571724,29.290161008248106,6404.341609973926,60266.94026414637
1769685842,50,,Aggregated,62.200000,0.000000,52,55,57,58,64,120,240,1100,5400,6400,6400,8313,0,52,87.75335607526155,29.290161008248106,6404.341609973926,60263.240346445324
1769685843,50,,Aggregated,63.900000,0.000000,52,55,57,58,64,120,240,1100,5400,6400,6400,8374,0,52,87.49321276219312,29.290161008248106,6404.341609973926,60269.47611655123
1769685844,50,,Aggregated,62.700000,0.000000,52,55,57,58,64,120,240,1100,5400,6400,6400,8448,0,52,87.1730492594252,29.290161008248106,6404.341609973926,60266.868134469696
1769685845,50,,Aggregated,62.900000,0.000000,52,55,57,58,64,110,230,1100,5400,6400,6400,8508,0,52,86.91474982318209,29.290161008248106,6404.341609973926,60249.435825105786
1769685846,50,,Aggregated,62.800000,0.000000,52,55,57,58,64,110,230,1100,5400,6400,6400,8586,0,52,86.56422320481538,29.290161008248106,6404.341609973926,60256.03237829024
1769685847,50,,Aggregated,62.300000,0.000000,52,55,57,58,64,110,230,1100,5400,6400,6400,8635,0,52,86.36773556508822,29.290161008248106,6404.341609973926,60244.30631152287
1769685848,50,,Aggregated,62.900000,0.000000,52,55,57,58,64,110,230,1100,5400,6400,6400,8695,0,52,86.13371062456658,29.290161008248106,6404.341609973926,60224.626221966646
1769685849,50,,Aggregated,61.600000,0.000000,52,55,57,58,64,110,230,1100,5400,6400,6400,8751,0,52,85.99269847041994,29.290161008248106,6404.341609973926,60234.82539138384
1769685850,50,,Aggregated,62.400000,0.000000,52,55,57,58,64,110,230,1000,5400,6400,6400,8814,0,52,85.74759543326414,29.290161008248106,6404.341609973926,60224.377013841615
1769685851,50,,Aggregated,62.000000,0.000000,52,55,57,58,64,110,230,1000,5400,6400,6400,8883,0,52,85.48763644914101,29.290161008248106,6404.341609973926,60211.21681864235
1769685852,50,,Aggregated,62.600000,0.000000,52,55,57,58,64,110,230,1000,5400,6400,6400,8936,0,52,85.29286717801055,29.290161008248106,6404.341609973926,60214.527976723366
1769685853,50,,Aggregated,61.800000,0.000000,52,55,57,58,64,110,230,1000,5400,6400,6400,8998,0,52,85.07756383338258,29.290161008248106,6404.341609973926,60207.62558346299
1769685854,50,,Aggregated,62.000000,0.000000,52,55,57,58,64,110,230,1000,5400,6400,6400,9071,0,52,84.81070027392852,29.290161008248106,6404.341609973926,60208.540072759344
1769685855,50,,Aggregated,62.500000,0.000000,52,55,57,58,64,110,230,1000,5400,6400,6400,9128,0,52,84.5988289512349,29.290161008248106,6404.341609973926,60208.36831726556
1769685856,50,,Aggregated,62.400000,0.000000,52,55,57,58,64,110,230,1000,5400,6400,6400,9191,0,52,84.36982245497781,29.290161008248106,6404.341609973926,60184.28136220216
1769685857,50,,Aggregated,62.300000,0.000000,52,55,57,58,64,110,230,1000,5400,6400,6400,9257,0,52,84.14904396020502,29.290161008248106,6404.341609973926,60192.16409203846
1769685858,50,,Aggregated,61.200000,0.000000,52,55,57,58,64,100,230,910,5400,6400,6400,9324,0,52,83.92905153931936,29.290161008248106,6404.341609973926,60190.734019734016
1769685859,50,,Aggregated,63.100000,0.000000,52,55,57,58,64,100,230,910,5400,6400,6400,9387,0,52,83.72553963934466,29.290161008248106,6404.341609973926,60181.40918291254
1769685860,50,,Aggregated,63.000000,0.000000,52,55,57,58,64,99,230,880,5400,6400,6400,9451,0,52,83.52752070061902,29.290161008248106,6404.341609973926,60161.85546503015
1769685861,50,,Aggregated,63.700000,0.000000,52,55,57,58,64,97,220,870,5400,6400,6400,9508,0,52,83.34957021316184,29.290161008248106,6404.341609973926,60176.71960454354
1769685862,50,,Aggregated,62.600000,0.000000,52,55,57,58,64,93,220,870,5400,6400,6400,9589,0,52,83.10846999862859,29.290161008248106,6404.341609973926,60162.8421107519
1769685863,50,,Aggregated,63.300000,0.000000,52,55,57,58,64,90,220,870,5400,6400,6400,9657,0,52,82.89424943230723,29.290161008248106,6404.341609973926,60151.10075592834
1769685864,50,,Aggregated,63.000000,0.000000,52,55,57,58,64,89,220,770,5400,6400,6400,9725,0,52,82.68551330280833,29.290161008248106,6404.341609973926,60147.09398457583
1769685865,50,,Aggregated,64.100000,0.000000,52,55,57,58,64,88,220,770,5400,6400,6400,9767,0,52,82.55307260601431,29.290161008248106,6404.341609973926,60161.37319545408
1769685866,50,,Aggregated,63.500000,0.000000,52,55,57,58,64,86,220,670,5400,6400,6400,9843,0,52,82.32191907872024,29.290161008248106,6404.341609973926,60162.19079548918
1769685867,50,,Aggregated,63.400000,0.000000,52,55,57,58,64,86,220,670,5400,6400,6400,9899,0,52,82.1672782261606,29.290161008248106,6404.341609973926,60168.94534801495
1769685868,50,,Aggregated,63.400000,0.000000,52,55,57,58,64,85,220,600,5400,6400,6400,9963,0,52,81.96191668500879,29.290161008248106,6404.341609973926,60188.03713740841
1769685869,50,,Aggregated,62.900000,0.000000,52,55,57,58,64,85,220,580,5300,6400,6400,10013,0,52,81.84451748742605,29.290161008248106,6404.341609973926,60189.22530710077
1769685870,50,,Aggregated,63.100000,0.000000,52,55,57,58,64,83,220,580,5300,6400,6400,10078,0,52,81.65327851910881,29.290161008248106,6404.341609973926,60227.12403254614
1769685871,50,,Aggregated,62.600000,0.000000,52,55,57,58,64,83,220,580,5300,6400,6400,10132,0,52,81.58654431687559,29.290161008248106,6404.341609973926,60245.52911567312
1769685872,50,,Aggregated,63.400000,0.000000,52,55,57,58,64,83,220,600,5300,6400,6400,10195,0,52,81.54107843960024,29.290161008248106,6404.341609973926,60247.65826385483
1769685873,50,,Aggregated,62.300000,0.000000,52,55,57,58,64,83,220,600,5300,6400,6400,10250,0,52,81.48656361439924,29.290161008248106,6404.341609973926,60298.02751219512
1769685874,50,,Aggregated,62.100000,0.000000,52,55,57,58,64,82,220,580,5300,6400,6400,10312,0,52,81.31291805300613,29.290161008248106,6404.341609973926,60320.62257564003
1769685875,50,,Aggregated,60.600000,0.000000,52,55,57,58,64,83,220,600,5300,6400,6400,10357,0,52,81.28337161983947,29.007962992182,6404.341609973926,60338.99536545332
1769685876,50,,Aggregated,60.600000,0.000000,52,55,57,58,64,85,220,670,5300,6400,6400,10429,0,52,81.38737127938782,29.007962992182,6404.341609973926,60362.57762009781
1769685877,50,,Aggregated,59.900000,0.000000,52,55,57,58,64,86,220,670,5300,6400,6400,10478,0,52,81.31207729946361,29.007962992182,6404.341609973926,60393.0378889101
1769685878,50,,Aggregated,59.800000,0.000000,52,55,57,58,64,90,220,670,5300,6400,6400,10539,0,52,81.31806448324235,29.007962992182,6404.341609973926,60491.81241104469
1769685879,50,,Aggregated,57.900000,0.000000,52,55,57,58,64,96,220,830,5300,6400,6400,10583,0,52,81.50042197193228,29.007962992182,6404.341609973926,60539.353963904374
1769685880,50,,Aggregated,56.800000,0.000000,52,55,57,58,64,100,230,910,5300,6400,6400,10621,0,52,82.25074526230186,29.007962992182,6404.341609973926,60553.970059316445
1769685881,50,,Aggregated,55.500000,0.000000,52,55,57,58,64,110,230,1000,5300,6400,6400,10665,0,52,82.90257936454508,29.007962992182,6404.341609973926,60606.696015002344
1769685882,50,,Aggregated,53.800000,0.000000,52,55,57,58,64,110,230,1000,5300,6400,6400,10706,0,52,83.09295369997567,29.007962992182,6404.341609973926,60667.84718849244
1769685883,50,,Aggregated,51.900000,0.000000,52,55,57,58,64,110,230,1000,5300,6400,6400,10741,0,52,83.22210021775969,29.007962992182,6404.341609973926,60775.51308071874
1769685884,50,,Aggregated,51.700000,0.000000,52,55,57,58,65,110,230,1000,5300,6400,6400,10784,0,52,83.65852554423931,29.007962992182,6404.341609973926,60813.36016320475
1769685885,50,,Aggregated,49.100000,0.000000,52,55,57,59,65,120,240,1100,5300,6400,6400,10823,0,52,85.03106210423302,29.007962992182,6404.341609973926,60822.51593827959
1769685886,50,,Aggregated,46.300000,0.000000,52,55,57,59,65,120,240,1100,5300,6400,6400,10867,0,52,85.4411989409366,29.007962992182,6404.341609973926,60877.96595196467
1769685887,50,,Aggregated,45.200000,0.000000,52,55,57,59,65,120,240,1100,5300,6400,6400,10901,0,52,85.56921092259422,29.007962992182,6404.341609973926,60941.17071828272
1769685888,50,,Aggregated,43.700000,0.000000,52,55,57,59,66,120,240,1100,5300,6400,6400,10948,0,52,85.78563052989335,29.007962992182,6404.341609973926,60992.51278772378
1769685889,50,,Aggregated,42.300000,0.000000,52,55,57,59,66,120,240,1100,5300,6400,6400,10997,0,52,86.05828569184764,29.007962992182,6404.341609973926,61021.922524324815
1769685890,50,,Aggregated,42.500000,0.000000,52,55,57,59,67,130,240,1100,5300,6400,6400,11056,0,52,86.3590123523183,29.007962992182,6404.341609973926,61029.08701157742
1769685891,50,,Aggregated,40.800000,0.000000,52,55,57,59,67,130,250,1100,5300,6400,6400,11100,0,52,86.58583844163684,29.007962992182,6404.341609973926,61059.08009009009
1769685892,50,,Aggregated,41.300000,0.000000,52,55,57,59,68,140,250,1100,5300,6400,6400,11171,0,52,86.78523970299224,29.007962992182,6404.341609973926,61050.65204547489
1769685893,50,,Aggregated,42.200000,0.000000,52,55,57,59,68,140,250,1100,5300,6400,6400,11220,0,52,86.9833267015257,29.007962992182,6404.341609973926,61026.56461675579
1769685894,50,,Aggregated,42.100000,0.000000,52,55,57,59,68,140,250,1100,5300,6400,6400,11293,0,52,86.8428102761896,29.007962992182,6404.341609973926,61027.10528646064
1769685895,50,,Aggregated,45.000000,0.000000,52,55,57,59,68,140,250,1100,5300,6400,6400,11342,0,52,86.86148965675848,29.007962992182,6404.341609973926,61024.51251983777
1769685896,50,,Aggregated,47.100000,0.000000,52,55,57,59,68,140,240,1100,5300,6400,6400,11403,0,52,86.78726856100143,29.007962992182,6404.341609973926,60996.47908445146
1769685897,50,,Aggregated,49.400000,0.000000,52,55,57,59,68,140,240,1100,5300,6400,6400,11465,0,52,86.6526371590796,29.007962992182,6404.341609973926,61003.999127780204
1769685898,50,,Aggregated,50.300000,0.000000,52,55,57,59,69,140,240,1100,5300,6400,6400,11531,0,52,86.58639736128262,29.007962992182,6404.341609973926,60990.028445061136
1769685899,50,,Aggregated,53.300000,0.000000,52,55,57,59,69,140,240,1100,5300,6400,6400,11591,0,52,86.47049296634735,28.878701996291056,6404.341609973926,60979.93089465965
1769685900,50,,Aggregated,53.400000,0.000000,52,55,57,59,69,140,240,1100,5300,6400,6400,11651,0,52,86.32108531250272,28.878701996291056,6404.341609973926,60967.79709896146
1769685901,50,,Aggregated,57.200000,0.000000,52,55,57,59,69,140,240,1100,5300,6400,6400,11715,0,52,86.17628073297732,28.878701996291056,6404.341609973926,60944.68945795988
1769685902,50,,Aggregated,57.900000,0.000000,52,55,57,59,69,140,240,1100,5300,6400,6400,11782,0,52,85.98408084118887,28.878701996291056,6404.341609973926,60925.973688677645
1769685903,50,,Aggregated,58.900000,0.000000,52,55,57,59,69,140,240,1100,5300,6400,6400,11837,0,52,85.83598537180012,28.878701996291056,6404.341609973926,60899.98124524795
1769685904,50,,Aggregated,60.200000,0.000000,52,55,57,59,68,140,240,1100,5300,6400,6400,11902,0,52,85.65172196110144,28.878701996291056,6404.341609973926,60910.94866409007
1769685906,50,,Aggregated,60.500000,0.000000,52,55,57,59,68,140,240,1100,5300,6400,6400,11965,0,52,85.47577965407987,28.878701996291056,6404.341609973926,60894.46209778521
1769685907,50,,Aggregated,60.500000,0.000000,52,55,57,59,68,140,240,1100,5000,6400,6400,12026,0,52,85.30332388017382,28.878701996291056,6404.341609973926,60878.385331781144
1769685908,50,,Aggregated,60.800000,0.000000,52,55,57,59,68,140,240,1100,5000,6400,6400,12090,0,52,85.12318670454582,28.878701996291056,6404.341609973926,60867.872456575686
1769685909,50,,Aggregated,61.400000,0.000000,52,55,57,59,68,140,240,1100,5000,6400,6400,12156,0,52,84.92909766042423,28.878701996291056,6404.341609973926,60865.64075353735
1769685910,50,,Aggregated,62.200000,0.000000,52,55,57,59,68,140,240,1100,5000,6400,6400,12221,0,52,84.74173123984941,28.878701996291056,6404.341609973926,60839.83659275019
1769685911,50,,Aggregated,62.100000,0.000000,52,55,57,59,68,140,240,1100,5000,6400,6400,12276,0,52,84.58996628048364,28.878701996291056,6404.341609973926,60844.433691756276
1769685912,50,,Aggregated,62.200000,0.000000,52,55,57,59,68,130,240,1100,5000,6400,6400,12343,0,52,84.4045424653126,28.878701996291056,6404.341609973926,60830.54622052985
1769685913,50,,Aggregated,62.400000,0.000000,52,55,57,59,68,130,240,1100,5000,6400,6400,12402,0,52,84.24241314678177,28.878701996291056,6404.341609973926,60806.36873084986
1769685914,50,,Aggregated,62.200000,0.000000,52,55,57,59,68,130,240,1100,5000,6400,6400,12458,0,52,84.09216735547069,28.878701996291056,6404.341609973926,60805.89974313694
1769685915,50,,Aggregated,60.900000,0.000000,52,55,57,59,67,130,240,1000,5000,6400,6400,12521,0,52,83.90978384245841,28.878701996291056,6404.341609973926,60792.34565929239
1769685916,50,,Aggregated,61.700000,0.000000,52,55,57,59,67,130,240,1000,5000,6400,6400,12581,0,52,83.75108633410528,28.878701996291056,6404.341609973926,60795.62808997695
1769685917,50,,Aggregated,61.300000,0.000000,52,55,57,59,67,130,240,1000,5000,6400,6400,12638,0,52,83.5847942579008,28.878701996291056,6404.341609973926,60791.142111093526
1769685918,50,,Aggregated,61.400000,0.000000,52,55,57,59,67,130,240,1000,5000,6400,6400,12700,0,52,83.40876478411937,28.878701996291056,6404.341609973926,60783.71220472441
1769685919,50,,Aggregated,61.000000,0.000000,52,55,57,59,67,130,240,1000,5000,6400,6400,12758,0,52,83.24316039365422,28.878701996291056,6404.341609973926,60777.52116319173
1769685920,50,,Aggregated,60.800000,0.000000,52,55,57,59,67,130,240,1000,5000,6400,6400,12821,0,52,83.06722895119475,28.878701996291056,6404.341609973926,60766.32836752204
1769685921,50,,Aggregated,59.400000,0.000000,52,55,57,59,67,130,240,1000,5000,6400,6400,12886,0,52,82.9001936887517,28.878701996291056,6404.341609973926,60756.19951885768
1769685922,50,,Aggregated,59.300000,0.000000,52,55,57,59,67,130,230,1000,5000,6400,6400,12942,0,52,82.75074018770664,28.878701996291056,6404.341609973926,60760.83093803121
1769685923,50,,Aggregated,60.500000,0.000000,52,55,57,59,67,130,230,1000,5000,6400,6400,13004,0,52,82.59000766764224,28.878701996291056,6404.341609973926,60757.58474315595
1769685924,50,,Aggregated,59.600000,0.000000,52,55,57,59,67,130,230,1000,5000,6400,6400,13063,0,52,82.44121657957558,28.878701996291056,6404.341609973926,60749.1822705351
1769685925,50,,Aggregated,60.400000,0.000000,52,55,57,59,67,130,230,1000,5000,6400,6400,13129,0,52,82.27584823306302,28.878701996291056,6404.341609973926,60743.962678040974
1769685926,50,,Aggregated,59.800000,0.000000,52,55,57,59,67,130,230,1000,5000,6400,6400,13197,0,52,82.10694397680327,28.878701996291056,6404.341609973926,60731.6657573691
1769685927,50,,Aggregated,60.700000,0.000000,52,55,57,59,66,130,230,1000,5000,6400,6400,13255,0,52,81.96313435714634,28.472560981754214,6404.341609973926,60736.51633345907
1769685928,50,,Aggregated,60.500000,0.000000,52,55,57,59,66,130,230,1000,5000,6400,6400,13318,0,52,81.8105203688885,28.472560981754214,6404.341609973926,60727.45975371677
1769685929,50,,Aggregated,61.100000,0.000000,52,55,57,58,66,120,230,1000,5000,6400,6400,13380,0,52,81.66423924438479,28.472560981754214,6404.341609973926,60724.93863976084
1769685930,50,,Aggregated,60.800000,0.000000,52,55,57,58,66,120,230,1000,5000,6400,6400,13451,0,52,81.48837947005445,28.472560981754214,6404.341609973926,60717.369266225556
1769685931,50,,Aggregated,61.400000,0.000000,52,55,57,58,66,120,230,1000,5000,6400,6400,13505,0,52,81.35508575998614,28.472560981754214,6404.341609973926,60714.666938171045
1769685932,50,,Aggregated,61.900000,0.000000,52,54,57,58,66,120,230,1000,5000,6400,6400,13568,0,52,81.20231213123125,28.472560981754214,6404.341609973926,60714.11040683962
1769685933,50,,Aggregated,61.200000,0.000000,52,54,57,58,66,120,230,980,5000,6400,6400,13638,0,52,81.04162831381448,28.472560981754214,6404.341609973926,60710.69496993694
1769685934,50,,Aggregated,62.100000,0.000000,52,54,57,58,66,120,230,960,5000,6400,6400,13706,0,52,80.90026588893367,28.472560981754214,6404.341609973926,60712.6582518605
1769685935,50,,Aggregated,62.900000,0.000000,52,54,57,58,66,120,230,960,5000,6400,6400,13762,0,52,80.77268875321482,28.472560981754214,6404.341609973926,60711.03676791164
1769685936,50,,Aggregated,63.800000,0.000000,52,54,57,58,66,120,230,930,5000,6400,6400,13823,0,52,80.63390247419203,28.472560981754214,6404.341609973926,60695.102365622515
1769685937,50,,Aggregated,62.700000,0.000000,52,54,57,58,66,120,230,930,5000,6400,6400,13883,0,52,80.50175029545832,28.472560981754214,6404.341609973926,60700.039184614274
1769685938,50,,Aggregated,62.700000,0.000000,52,54,57,58,66,120,230,910,5000,6400,6400,13948,0,52,80.35090440053818,28.472560981754214,6404.341609973926,60689.98938915974
1769685939,50,,Aggregated,61.700000,0.000000,52,54,57,58,66,120,230,880,4900,6400,6400,14013,0,52,80.20247255710612,28.472560981754214,6404.341609973926,60680.010847070575
1769685940,50,,Aggregated,62.700000,0.000000,52,54,57,58,65,120,230,880,4900,6400,6400,14071,0,52,80.07148208269778,28.472560981754214,6404.341609973926,60683.71984933551
1769685941,50,,Aggregated,63.500000,0.000000,52,54,57,58,65,120,230,870,4900,6400,6400,14132,0,52,79.93777843269143,28.472560981754214,6404.341609973926,60674.50905745825
1769685942,50,,Aggregated,62.800000,0.000000,52,54,57,58,65,120,230,870,4900,6400,6400,14189,0,52,79.81365021445517,28.472560981754214,6404.341609973926,60674.07252096695
1769685943,50,,Aggregated,62.700000,0.000000,51,54,56,58,65,120,230,870,4900,6400,6400,14260,0,51,79.65899500040918,28.472560981754214,6404.341609973926,60664.7672510519
1769685944,50,,Aggregated,61.300000,0.000000,51,54,56,58,65,120,230,840,4900,6400,6400,14325,0,51,79.53145657443558,28.472560981754214,6404.341609973926,60663.780523560206
1769685945,50,,Aggregated,61.400000,0.000000,51,54,56,58,65,120,230,840,4900,6400,6400,14388,0,51,79.40091734895854,28.472560981754214,6404.341609973926,60657.116972477066
1769685946,50,,Aggregated,61.700000,0.000000,51,54,56,58,65,120,230,840,4900,6400,6400,14453,0,51,79.26410213795552,28.472560981754214,6404.341609973926,60655.92389123365
1769685947,50,,Aggregated,61.600000,0.000000,51,54,56,58,65,120,230,830,4900,6400,6400,14513,0,51,79.14107701095384,28.472560981754214,6404.341609973926,60648.39709226211
1769685948,50,,Aggregated,61.700000,0.000000,51,54,56,58,65,120,230,830,4900,6400,6400,14578,0,51,79.01517865186575,28.472560981754214,6404.341609973926,60648.06372616271
1769685949,50,,Aggregated,62.500000,0.000000,51,54,56,58,65,120,230,820,4900,6400,6400,14635,0,51,78.90181360429176,28.472560981754214,6404.341609973926,60631.54130509053
1769685950,50,,Aggregated,61.000000,0.000000,51,54,56,58,65,120,230,820,4900,6400,6400,14692,0,51,78.79166033228009,28.472560981754214,6404.341609973926,60625.52205281786
1769685951,50,,Aggregated,61.200000,0.000000,51,54,56,58,65,120,230,770,4900,6400,6400,14763,0,51,78.65911579785005,28.472560981754214,6404.341609973926,60624.19521777416
1769685952,50,,Aggregated,61.400000,0.000000,51,54,56,58,65,120,230,670,4900,6400,6400,14822,0,51,78.54691400847751,28.472560981754214,6404.341609973926,60628.92376197544
1769685953,50,,Aggregated,61.500000,0.000000,51,54,56,58,65,120,230,670,4900,6400,6400,14885,0,51,78.4333504510358,28.472560981754214,6404.341609973926,60619.61417534431
1769685954,50,,Aggregated,63.100000,0.000000,51,54,56,58,65,120,220,600,4900,6400,6400,14949,0,51,78.32390530884531,28.472560981754214,6404.341609973926,60615.849488260086
1769685955,50,,Aggregated,62.200000,0.000000,51,54,56,58,65,120,220,580,4800,6400,6400,15008,0,51,78.22237330276857,28.472560981754214,6404.341609973926,60598.052438699364
1769685956,50,,Aggregated,62.200000,0.000000,51,54,56,58,65,120,220,580,4800,6400,6400,15077,0,51,78.09726775983921,28.472560981754214,6404.341609973926,60604.56781853154
1769685957,50,,Aggregated,62.100000,0.000000,51,54,56,58,65,120,220,540,4800,6400,6400,15143,0,51,77.97751236565449,28.35341400350444,6404.341609973926,60601.756719276236
1769685958,50,,Aggregated,62.800000,0.000000,51,54,56,58,65,120,220,530,4800,6400,6400,15208,0,51,77.8679971391456,28.35341400350444,6404.341609973926,60601.45765386639
1769685959,50,,Aggregated,63.800000,0.000000,51,54,56,58,65,120,220,530,4800,6400,6400,15263,0,51,77.77325579001766,28.35341400350444,6404.341609973926,60597.29725479919
1769685960,50,,Aggregated,63.800000,0.000000,51,54,56,58,65,120,220,500,4800,6400,6400,15331,0,51,77.65679733476088,28.35341400350444,6404.341609973926,60600.51744830735
1769685961,50,,Aggregated,62.900000,0.000000,51,54,56,58,65,120,220,500,4800,6400,6400,15387,0,51,77.57015622493394,28.35341400350444,6404.341609973926,60603.11808669656
1769685962,50,,Aggregated,62.900000,0.000000,51,54,56,58,64,120,220,500,4800,6400,6400,15451,0,51,77.53525003708617,28.35341400350444,6404.341609973926,60623.731538411754
1769685963,50,,Aggregated,62.600000,0.000000,51,54,56,58,64,110,220,480,4800,6400,6400,15511,0,51,77.41947523847432,28.35341400350444,6404.341609973926,60632.107923409196
1769685964,50,,Aggregated,61.500000,0.000000,51,54,56,58,64,110,220,480,4800,6400,6400,15579,0,51,77.30444851062138,28.35341400350444,6404.341609973926,60638.15649271455
1769685965,50,,Aggregated,61.800000,0.000000,51,54,56,58,64,110,220,480,4800,6400,6400,15634,0,51,77.28777140143961,28.35341400350444,6404.341609973926,60631.413969553534
1769685966,50,,Aggregated,60.900000,0.000000,51,54,56,58,64,110,220,500,4800,6400,6400,15694,0,51,77.25734903008889,28.35341400350444,6404.341609973926,60640.35465783102
1769685967,50,,Aggregated,61.100000,0.000000,51,54,56,58,64,110,220,500,4800,6400,6400,15755,0,51,77.22387376078603,28.35341400350444,6404.341609973926,60658.716788321166
1769685968,50,,Aggregated,61.000000,0.000000,51,54,56,58,64,110,220,480,4800,6400,6400,15816,0,51,77.138157511833,28.35341400350444,6404.341609973926,60691.005880121396
1769685969,50,,Aggregated,59.600000,0.000000,51,54,56,58,64,120,220,500,4800,6400,6400,15864,0,51,77.16838604451324,28.35341400350444,6404.341609973926,60712.144225920325
1769685970,50,,Aggregated,60.100000,0.000000,51,54,56,58,65,120,220,500,4800,6400,6400,15927,0,51,77.21391705042358,28.35341400350444,6404.341609973926,60721.730143781
1769685971,50,,Aggregated,59.600000,0.000000,51,54,56,58,65,120,220,530,4800,6400,6400,15968,0,51,77.30370280825048,28.35341400350444,6404.341609973926,60788.21017034068
1769685972,50,,Aggregated,59.400000,0.000000,51,54,56,58,65,120,220,580,4700,6400,6400,16012,0,51,77.54109321821495,28.35341400350444,6404.341609973926,60795.27872845366
1769685973,50,,Aggregated,58.400000,0.000000,51,54,56,58,65,120,220,810,4700,6400,6400,16060,0,51,77.87836591351163,28.35341400350444,6404.341609973926,60814.0503113325
1769685974,50,,Aggregated,57.300000,0.000000,51,54,56,58,65,120,230,810,4700,6400,6400,16111,0,51,77.99447381899279,28.35341400350444,6404.341609973926,60828.51505182794
1769685975,50,,Aggregated,55.000000,0.000000,51,54,56,58,65,120,230,850,4700,6400,6400,16156,0,51,78.46082493765559,28.35341400350444,6404.341609973926,60866.69355038376
1769685976,50,,Aggregated,54.500000,0.000000,51,54,56,58,65,120,230,850,4700,6400,6400,16200,0,51,78.43977110671133,28.35341400350444,6404.341609973926,60908.026419753085
1769685977,50,,Aggregated,54.100000,0.000000,51,54,56,58,65,120,230,910,4700,6400,6400,16246,0,51,78.82659863959601,28.35341400350444,6404.341609973926,60930.56253847101
1769685978,50,,Aggregated,51.200000,0.000000,51,54,56,58,65,120,230,930,4700,6400,6400,16297,0,51,78.99554130379195,28.35341400350444,6404.341609973926,60965.54924219182
1769685979,50,,Aggregated,50.000000,0.000000,51,54,56,58,65,120,230,930,4700,6400,6400,16344,0,51,79.05029221022149,28.35341400350444,6404.341609973926,61018.387665198235
1769685980,50,,Aggregated,48.900000,0.000000,51,54,56,58,66,120,230,960,4700,6400,6400,16388,0,51,79.32019927788235,28.35341400350444,6404.341609973926,61033.39803514767
1769685981,50,,Aggregated,47.400000,0.000000,51,54,56,58,66,130,230,1000,4700,6400,6400,16435,0,51,79.7862346546938,28.35341400350444,6404.341609973926,61049.99129905689
1769685982,50,,Aggregated,45.800000,0.000000,51,54,56,58,66,130,230,1000,4700,6400,6400,16482,0,51,79.90230382591793,28.35341400350444,6404.341609973926,61060.82283703434
1769685983,50,,Aggregated,45.800000,0.000000,51,54,56,58,66,130,230,1000,4700,6400,6400,16533,0,51,80.14782577987926,28.35341400350444,6404.341609973926,61075.710820782675
1769685984,50,,Aggregated,45.600000,0.000000,51,54,56,58,66,130,230,1000,4700,6400,6400,16578,0,51,80.19770526051273,28.35341400350444,6404.341609973926,61092.465496441066
1769685985,50,,Aggregated,46.300000,0.000000,51,54,57,58,67,130,240,1000,4700,6400,6400,16633,0,51,80.37661141260375,28.35341400350444,6404.341609973926,61096.234654001084
1769685986,50,,Aggregated,45.400000,0.000000,51,54,57,58,67,130,240,1000,4700,6400,6400,16690,0,51,80.40908946404201,28.35341400350444,6404.341609973926,61116.116956261234
1769685987,50,,Aggregated,45.000000,0.000000,51,54,57,58,67,130,240,1000,4700,6400,6400,16742,0,51,80.392834692449,28.35341400350444,6404.341609973926,61137.903416557165
1769685988,50,,Aggregated,47.800000,0.000000,51,54,57,58,67,130,240,1000,4700,6400,6400,16800,0,51,80.55254484612739,28.35341400350444,6404.341609973926,61118.14666666667
1769685989,50,,Aggregated,48.400000,0.000000,51,54,57,58,67,140,240,1000,4700,6400,6400,16857,0,51,80.62799568902909,28.35341400350444,6404.341609973926,61121.72076882007
1769685990,50,,Aggregated,47.600000,0.000000,51,54,57,58,67,140,240,1000,4700,6400,6400,16912,0,51,80.65818909904203,28.35341400350444,6404.341609973926,61111.99278618732
1769685991,50,,Aggregated,50.000000,0.000000,51,54,57,58,67,140,240,1000,4700,6400,6400,16972,0,51,80.5781568760906,28.35341400350444,6404.341609973926,61123.47325005892
1769685992,50,,Aggregated,51.300000,0.000000,51,54,57,58,67,140,240,1000,4600,6400,6400,17026,0,51,80.48798959885102,28.35341400350444,6404.341609973926,61108.940620227884
1769685993,50,,Aggregated,51.800000,0.000000,51,54,57,58,67,140,240,1000,4600,6400,6400,17090,0,51,80.4708116561184,28.35341400350444,6404.341609973926,61106.311878291395
1769685994,50,,Aggregated,53.400000,0.000000,51,54,57,58,67,140,240,1000,4600,6400,6400,17145,0,51,80.36986740087754,28.35341400350444,6404.341609973926,61102.229163021286
1769685995,50,,Aggregated,53.700000,0.000000,51,54,57,58,67,140,240,1000,4600,6400,6400,17202,0,51,80.31722498715003,28.35341400350444,6404.341609973926,61083.60138356005
1769685996,50,,Aggregated,55.200000,0.000000,51,54,57,58,67,140,240,1000,4600,6400,6400,17268,0,51,80.22245423975518,28.35341400350444,6404.341609973926,61067.086807968495
1769685998,50,,Aggregated,55.700000,0.000000,51,54,57,58,67,140,240,1000,4600,6400,6400,17337,0,51,80.12711479259114,28.35341400350444,6404.341609973926,61060.76183884178
1769685999,50,,Aggregated,56.100000,0.000000,51,54,57,58,67,140,230,1000,4600,6400,6400,17399,0,51,80.04905246083963,28.35341400350444,6404.341609973926,61045.191160411516
1769686000,50,,Aggregated,56.100000,0.000000,51,54,57,58,67,140,230,1000,4600,6400,6400,17472,0,51,79.93727118418275,28.35341400350444,6404.341609973926,61046.64600503663
1769686001,50,,Aggregated,58.800000,0.000000,51,54,57,58,67,140,230,1000,4600,6400,6400,17527,0,51,79.84981892988286,28.35341400350444,6404.341609973926,61036.108632395735
1769686002,50,,Aggregated,60.900000,0.000000,51,54,57,58,67,130,230,1000,4600,6400,6400,17593,0,51,79.73776810089305,28.35341400350444,6404.341609973926,61027.71409083158
1769686003,50,,Aggregated,60.500000,0.000000,51,54,57,58,67,130,230,1000,4600,6400,6400,17665,0,51,79.61955892867047,28.35341400350444,6404.341609973926,61017.91774695726
1769686004,50,,Aggregated,61.300000,0.000000,51,54,57,58,67,130,230,1000,4600,6400,6400,17716,0,51,79.53763309002919,28.35341400350444,6404.341609973926,61007.95422217205
1769686005,50,,Aggregated,62.900000,0.000000,51,54,56,58,67,130,230,1000,4600,6400,6400,17780,0,51,79.4466145283511,28.35341400350444,6404.341609973926,61001.71434195725
1769686006,50,,Aggregated,62.100000,0.000000,51,54,56,58,67,130,230,1000,4600,6400,6400,17845,0,51,79.34596720964456,28.35341400350444,6404.341609973926,60996.75091061922
1769686007,50,,Aggregated,62.900000,0.000000,51,54,56,58,67,130,230,980,4600,6400,6400,17904,0,51,79.2542139313629,28.35341400350444,6404.341609973926,60992.96386282395
1769686008,50,,Aggregated,63.900000,0.000000,51,54,56,58,67,130,230,980,4600,6400,6400,17980,0,51,79.12804336824547,28.35341400350444,6404.341609973926,60984.18275862069
1769686009,50,,Aggregated,63.300000,0.000000,51,54,56,58,67,130,230,960,4400,6400,6400,18030,0,51,79.04801250383306,28.35341400350444,6404.341609973926,60979.53338879645
1769686010,50,,Aggregated,63.900000,0.000000,51,54,56,58,67,130,230,930,4400,6400,6400,18104,0,51,78.92603719902323,28.35341400350444,6404.341609973926,60973.25828546178
1769686011,50,,Aggregated,63.100000,0.000000,51,54,56,58,67,130,230,930,4400,6400,6400,18161,0,51,78.82770721172466,28.35341400350444,6404.341609973926,60964.55949562249
1769686012,50,,Aggregated,62.600000,0.000000,51,54,56,58,67,130,230,920,4400,6400,6400,18225,0,51,78.71952317750902,28.35341400350444,6404.341609973926,60958.61212620027
1769686013,50,,Aggregated,62.900000,0.000000,51,54,56,58,67,130,230,920,4400,6400,6400,18287,0,51,78.6183700676529,28.35341400350444,6404.341609973926,60953.10564882157
1769686014,50,,Aggregated,62.900000,0.000000,51,54,56,58,66,130,230,910,4400,6400,6400,18354,0,51,78.51103848513256,28.35341400350444,6404.341609973926,60951.74839272093
1769686015,50,,Aggregated,61.900000,0.000000,51,54,56,58,66,130,230,880,4400,6400,6400,18419,0,51,78.40760517906818,28.35341400350444,6404.341609973926,60936.21162929584
1769686016,50,,Aggregated,63.400000,0.000000,51,54,56,58,66,130,230,880,4400,6400,6400,18482,0,51,78.31487034835733,28.35341400350444,6404.341609973926,60929.59382101504
1769686017,50,,Aggregated,62.600000,0.000000,51,54,56,58,66,130,230,870,4400,6400,6400,18539,0,51,78.22093320865729,28.35341400350444,6404.341609973926,60935.2542747721
1769686018,50,,Aggregated,62.600000,0.000000,51,54,56,58,66,130,230,870,4400,6400,6400,18604,0,51,78.11545245276788,28.35341400350444,6404.341609973926,60934.98365942808
1769686019,50,,Aggregated,62.300000,0.000000,51,54,56,58,66,130,230,870,4400,6400,6400,18670,0,51,78.00771081201421,28.35341400350444,6404.341609973926,60924.11242635244
1769686020,50,,Aggregated,61.300000,0.000000,51,54,56,58,66,130,230,850,4400,6400,6400,18731,0,51,77.90493207865579,28.35341400350444,6404.341609973926,60922.43174416742
1769686021,50,,Aggregated,63.300000,0.000000,51,54,56,58,66,130,230,850,4400,6400,6400,18799,0,51,77.80432923326845,28.35341400350444,6404.341609973926,60919.000797914785
1769686022,50,,Aggregated,62.100000,0.000000,51,54,56,58,66,130,230,840,4400,6400,6400,18867,0,51,77.70116498268028,28.35341400350444,6404.341609973926,60913.69470504055
1769686023,50,,Aggregated,63.100000,0.000000,51,54,56,58,66,130,230,840,4400,6400,6400,18940,0,51,77.59674971895973,28.35341400350444,6404.341609973926,60913.47338965153
1769686024,50,,Aggregated,63.400000,0.000000,51,54,56,58,66,130,230,830,4400,6400,6400,19003,0,51,77.50042322502541,28.35341400350444,6404.341609973926,60907.44761353471
1769686025,50,,Aggregated,64.500000,0.000000,51,54,56,58,66,130,230,830,4400,6400,6400,19069,0,51,77.39764555719438,28.35341400350444,6404.341609973926,60899.5000786617
1769686026,50,,Aggregated,64.100000,0.000000,51,54,56,58,66,130,230,830,4400,6400,6400,19128,0,51,77.30995399633996,28.35341400350444,6404.341609973926,60904.95472605604
1769686027,50,,Aggregated,66.000000,0.000000,51,54,56,58,66,130,230,830,4400,6400,6400,19197,0,51,77.21097948268302,28.35341400350444,6404.341609973926,60890.68458613325
1769686028,50,,Aggregated,64.800000,0.000000,51,54,56,58,66,130,230,820,4400,6400,6400,19258,0,51,77.11875227064927,28.35341400350444,6404.341609973926,60897.06786789905
1769686029,50,,Aggregated,66.000000,0.000000,51,54,56,58,65,120,230,810,4400,6400,6400,19327,0,51,77.01532984685458,28.35341400350444,6404.341609973926,60889.129197495735
1769686030,50,,Aggregated,65.600000,0.000000,51,54,56,58,65,120,230,810,4400,6400,6400,19398,0,51,76.91172539293548,28.35341400350444,6404.341609973926,60880.910248479224
1769686031,50,,Aggregated,64.700000,0.000000,51,54,56,58,65,120,230,800,4400,6400,6400,19457,0,51,76.82745474189745,28.35341400350444,6404.341609973926,60880.27866577581
1769686032,50,,Aggregated,64.700000,0.000000,51,54,56,58,65,120,230,780,4400,6400,6400,19518,0,51,76.74387804872703,28.35341400350444,6404.341609973926,60873.570857669845
1769686033,50,,Aggregated,64.900000,0.000000,51,54,56,58,65,120,230,780,4400,6400,6400,19585,0,51,76.65009471466844,28.35341400350444,6404.341609973926,60873.72126627521
1769686034,50,,Aggregated,64.300000,0.000000,51,54,56,58,65,120,230,770,4400,6400,6400,19646,0,51,76.56379369436793,28.35341400350444,6404.341609973926,60867.87890664766
1769686035,50,,Aggregated,63.700000,0.000000,51,54,56,58,65,120,230,760,4400,6400,6400,19708,0,51,76.47439192299379,28.35341400350444,6404.341609973926,60856.618327582706
1769686036,50,,Aggregated,64.100000,0.000000,51,54,56,58,65,120,230,760,4400,6400,6400,19765,0,51,76.3971701416755,28.35341400350444,6404.341609973926,60861.15679230964
1769686037,50,,Aggregated,62.600000,0.000000,51,54,56,58,65,120,230,670,4400,6400,6400,19836,0,51,76.31207575468872,28.35341400350444,6404.341609973926,60847.71203871748
1769686038,50,,Aggregated,63.100000,0.000000,51,54,56,58,65,120,230,670,4400,6400,6400,19891,0,51,76.24116142974268,28.35341400350444,6404.341609973926,60853.859986928765
1769686039,50,,Aggregated,62.400000,0.000000,51,54,56,58,65,120,220,600,4400,6400,6400,19957,0,51,76.15075870411488,26.631831016857177,6404.341609973926,60850.14636468407
1769686040,50,,Aggregated,62.200000,0.000000,51,54,56,58,65,120,220,580,4300,6300,6400,20020,0,51,76.0719557131976,26.631831016857177,6404.341609973926,60849.90864135864
1769686041,50,,Aggregated,62.500000,0.000000,51,54,56,58,65,120,220,580,4300,6300,6400,20075,0,51,76.00277352334983,26.631831016857177,6404.341609973926,60836.59691158157
1769686042,50,,Aggregated,63.100000,0.000000,51,54,56,58,65,120,220,540,4300,6300,6400,20137,0,51,75.9256222298968,26.631831016857177,6404.341609973926,60829.393305854894
1769686043,50,,Aggregated,61.900000,0.000000,51,54,56,58,65,120,220,540,4300,6300,6400,20196,0,51,75.85446535994532,26.631831016857177,6404.341609973926,60840.450980392154
1769686044,50,,Aggregated,61.500000,0.000000,51,54,56,58,65,120,220,530,4300,6300,6400,20256,0,51,75.78900773550365,26.631831016857177,6404.341609973926,60829.79309834123
1769686045,50,,Aggregated,62.200000,0.000000,51,54,56,58,65,120,220,500,4300,6300,6400,20326,0,51,75.71507673365623,26.631831016857177,6404.341609973926,60830.179031781954
1769686046,50,,Aggregated,60.200000,0.000000,51,54,56,58,65,120,220,500,4300,6300,6400,20387,0,51,75.66707587032906,26.631831016857177,6404.341609973926,60829.932702212194
1769686047,50,,Aggregated,61.800000,0.000000,51,54,56,58,65,120,220,480,4300,6300,6400,20454,0,51,75.59975487403403,26.631831016857177,6404.341609973926,60823.022489488605
1769686048,50,,Aggregated,61.300000,0.000000,51,54,56,58,65,120,220,460,4300,6300,6400,20519,0,51,75.52769021440476,26.631831016857177,6404.341609973926,60822.27130951801
1769686049,50,,Aggregated,62.200000,0.000000,51,54,56,58,65,120,220,480,4300,6300,6400,20579,0,51,75.51135863572111,26.631831016857177,6404.341609973926,60811.54920064143
1769686050,50,,Aggregated,61.700000,0.000000,51,54,56,58,65,120,220,460,4300,6300,6400,20646,0,51,75.4422155399356,26.631831016857177,6404.341609973926,60814.40157899835
1769686051,50,,Aggregated,61.700000,0.000000,51,54,56,58,65,120,220,440,4300,6300,6400,20709,0,51,75.38031739695292,26.631831016857177,6404.341609973926,60812.868173258
1769686052,50,,Aggregated,60.100000,0.000000,51,54,56,58,65,120,220,440,4300,6300,6400,20777,0,51,75.30522172871508,26.631831016857177,6404.341609973926,60819.70563603985
1769686053,50,,Aggregated,62.400000,0.000000,51,54,56,58,65,120,220,440,4300,6300,6400,20835,0,51,75.24070857832913,26.631831016857177,6404.341609973926,60825.181137509
1769686054,50,,Aggregated,62.600000,0.000000,51,54,56,58,65,120,220,440,4300,6300,6400,20901,0,51,75.22475586897679,26.631831016857177,6404.341609973926,60823.22199894742
1769686055,50,,Aggregated,62.500000,0.000000,51,54,56,58,65,120,220,440,4300,6300,6400,20956,0,51,75.15821025460198,26.631831016857177,6404.341609973926,60827.01192975759
1769686056,50,,Aggregated,63.800000,0.000000,51,54,56,58,65,120,220,440,4100,6300,6400,21020,0,51,75.15356466120127,26.631831016857177,6404.341609973926,60834.85813510942
1769686057,50,,Aggregated,62.800000,0.000000,51,54,56,58,65,120,220,440,4100,6300,6400,21086,0,51,75.09445789041689,26.631831016857177,6404.341609973926,60840.83491416105
1769686058,50,,Aggregated,62.900000,0.000000,51,54,56,58,65,120,220,430,4100,6300,6400,21137,0,51,75.05748306359948,26.631831016857177,6404.341609973926,60847.95382504613
1769686059,50,,Aggregated,62.400000,0.000000,51,54,56,58,65,120,220,430,4100,6300,6400,21196,0,51,74.99740736366863,26.631831016857177,6404.341609973926,60868.106482355164
1769686060,50,,Aggregated,62.700000,0.000000,51,54,56,58,65,120,220,420,4100,6300,6400,21248,0,51,74.9742855235439,26.631831016857177,6404.341609973926,60873.402061370485
1769686061,50,,Aggregated,61.400000,0.000000,51,54,56,58,65,120,220,430,4100,6300,6400,21308,0,51,75.01256282515256,26.631831016857177,6404.341609973926,60875.929885489015
1769686062,50,,Aggregated,62.800000,0.000000,51,54,56,58,65,120,220,440,4100,6300,6400,21355,0,51,75.0668369618602,26.631831016857177,6404.341609973926,60892.22556778272
1769686063,50,,Aggregated,60.200000,0.000000,51,54,56,58,65,120,220,440,4100,6300,6400,21413,0,51,75.05515943714839,26.631831016857177,6404.341609973926,60919.3046280297
1769686064,50,,Aggregated,59.700000,0.000000,51,54,56,58,65,120,220,530,4100,6300,6400,21464,0,51,75.21626814455296,26.631831016857177,6404.341609973926,60924.29309541558
1769686065,50,,Aggregated,57.600000,0.000000,51,54,56,58,65,120,220,530,4100,6300,6400,21515,0,51,75.31132149462091,26.631831016857177,6404.341609973926,60931.846479200554
1769686066,50,,Aggregated,56.600000,0.000000,51,54,56,58,65,120,220,580,4100,6300,6400,21576,0,51,75.38286588894722,26.631831016857177,6404.341609973926,60969.851316277345
1769686067,50,,Aggregated,54.600000,0.000000,51,54,56,58,65,120,220,600,4100,6300,6400,21619,0,51,75.44738596641595,26.631831016857177,6404.341609973926,60986.32277163606
1769686068,50,,Aggregated,54.100000,0.000000,51,54,56,58,65,120,220,760,4100,6300,6400,21662,0,51,75.62302225667281,26.631831016857177,6404.341609973926,61016.54616378912
1769686069,50,,Aggregated,52.900000,0.000000,51,54,56,58,65,120,220,760,4100,6300,6400,21705,0,51,75.81436657162413,26.631831016857177,6404.341609973926,61031.71485832758
1769686070,50,,Aggregated,52.300000,0.000000,51,54,56,58,66,120,230,780,4100,6300,6400,21752,0,51,75.9973555302133,26.631831016857177,6404.341609973926,61054.1377344612
1769686071,50,,Aggregated,50.400000,0.000000,51,54,56,58,66,120,230,830,4100,6300,6400,21793,0,51,76.27708485716903,26.631831016857177,6404.341609973926,61078.67852062589
1769686072,50,,Aggregated,49.300000,0.000000,51,54,56,58,66,120,230,820,4100,6300,6400,21838,0,51,76.31605679349171,26.631831016857177,6404.341609973926,61091.8710504625
1769686073,50,,Aggregated,48.800000,0.000000,51,54,56,58,66,130,230,830,4100,6300,6400,21903,0,51,76.56400954034989,26.631831016857177,6404.341609973926,61103.11655937543
1769686074,50,,Aggregated,47.500000,0.000000,51,54,56,58,66,130,230,840,4100,6300,6400,21941,0,51,76.65324088296632,26.631831016857177,6404.341609973926,61119.80698236179
1769686075,50,,Aggregated,48.800000,0.000000,51,54,56,58,66,130,230,840,4100,6300,6400,22000,0,51,76.74023536878336,26.631831016857177,6404.341609973926,61136.31122727273
1769686076,50,,Aggregated,47.900000,0.000000,51,54,56,58,66,130,230,840,4000,6300,6400,22048,0,51,76.86763688163043,26.631831016857177,6404.341609973926,61145.28637518142
1769686077,50,,Aggregated,48.500000,0.000000,51,54,56,58,66,130,230,840,4000,6300,6400,22110,0,51,76.87066479214783,26.631831016857177,6404.341609973926,61154.220217096336
1769686078,50,,Aggregated,48.600000,0.000000,51,54,56,58,67,130,230,840,4000,6300,6400,22165,0,51,76.94365299306968,26.631831016857177,6404.341609973926,61161.96431310625
1769686079,50,,Aggregated,47.100000,0.000000,51,54,56,58,67,130,230,840,4000,6300,6400,22233,0,51,76.97028317641887,26.631831016857177,6404.341609973926,61165.93703054019
1769686080,50,,Aggregated,48.600000,0.000000,51,54,56,58,67,130,230,850,4000,6300,6400,22294,0,51,77.28453140869298,26.631831016857177,6404.341609973926,61162.672781914414
1769686081,50,,Aggregated,49.900000,0.000000,51,54,56,58,67,140,230,840,4000,6300,6400,22331,0,51,77.30838460903934,26.631831016857177,6404.341609973926,61140.898347588554
1769686082,50,,Aggregated,51.600000,0.000000,51,54,56,58,67,140,230,850,4000,6300,6400,22398,0,51,77.32717374409752,26.631831016857177,6404.341609973926,61156.663764621844
1769686083,50,,Aggregated,53.000000,0.000000,51,54,56,58,67,140,230,840,4000,6300,6400,22455,0,51,77.3051098098123,26.631831016857177,6404.341609973926,61154.22061901581
1769686084,50,,Aggregated,53.000000,0.000000,51,54,56,58,67,140,230,840,4000,6300,6400,22512,0,51,77.241963862047,26.631831016857177,6404.341609973926,61166.66195806681
1769686085,50,,Aggregated,52.900000,0.000000,51,54,56,58,67,140,230,850,4000,6300,6400,22575,0,51,77.3328285248899,26.631831016857177,6404.341609973926,61159.36110741971
1769686087,50,,Aggregated,54.400000,0.000000,51,54,56,58,67,140,230,840,4000,6300,6400,22627,0,51,77.27564472264834,26.631831016857177,6404.341609973926,61159.42175277323
1769686088,50,,Aggregated,55.900000,0.000000,51,54,56,58,67,140,230,840,4000,6300,6400,22696,0,51,77.22945070075424,26.631831016857177,6404.341609973926,61148.167386323585
1769686089,50,,Aggregated,57.300000,0.000000,51,54,56,58,67,140,230,840,4000,6300,6400,22761,0,51,77.16733717465446,26.631831016857177,6404.341609973926,61153.79425332806
1769686090,50,,Aggregated,57.400000,0.000000,51,54,56,58,67,140,230,840,4000,6300,6400,22816,0,51,77.13905553121805,26.631831016857177,6404.341609973926,61146.30719670407
1769686091,50,,Aggregated,59.200000,0.000000,51,54,56,58,67,140,230,840,4000,6300,6400,22879,0,51,77.10748892977452,26.631831016857177,6404.341609973926,61131.26648891997
1769686092,50,,Aggregated,57.600000,0.000000,51,54,56,58,67,140,230,840,4000,6300,6400,22936,0,51,77.03701841542562,26.631831016857177,6404.341609973926,61132.79556156261
1769686093,50,,Aggregated,57.900000,0.000000,51,54,56,58,67,140,230,830,3800,6300,6400,23007,0,51,76.9799185346788,26.631831016857177,6404.341609973926,61117.50880166906
1769686094,50,,Aggregated,58.600000,0.000000,51,54,56,58,67,140,230,830,3800,6300,6400,23066,0,51,76.93511999793267,26.631831016857177,6404.341609973926,61108.79870805515
1769686095,50,,Aggregated,59.300000,0.000000,51,54,56,58,67,140,230,830,3800,6300,6400,23131,0,51,76.89254867910059,26.631831016857177,6404.341609973926,61099.555488305734
1769686096,50,,Aggregated,58.600000,0.000000,51,54,56,58,67,140,230,830,3800,6300,6400,23187,0,51,76.83296048041001,26.631831016857177,6404.341609973926,61094.941562082204
1769686097,50,,Aggregated,59.800000,0.000000,51,54,56,58,67,140,230,820,3800,6300,6400,23240,0,51,76.77382649584077,26.631831016857177,6404.341609973926,61091.9976333907
1769686098,50,,Aggregated,59.500000,0.000000,51,54,56,58,67,140,230,820,3800,6300,6400,23307,0,51,76.70686462106922,26.631831016857177,6404.341609973926,61083.8250740121
1769686099,50,,Aggregated,60.000000,0.000000,51,54,56,58,67,140,230,820,3800,6300,6400,23356,0,51,76.64999274864337,26.631831016857177,6404.341609973926,61081.55399040932
1769686100,50,,Aggregated,60.000000,0.000000,51,54,56,58,67,140,230,810,3800,6300,6400,23427,0,51,76.57238770463606,26.631831016857177,6404.341609973926,61077.41725359628
1769686101,50,,Aggregated,58.500000,0.000000,51,54,56,58,67,140,230,810,3800,6300,6400,23484,0,51,76.51309643972807,26.631831016857177,6404.341609973926,61075.27188724238
1769686102,50,,Aggregated,60.200000,0.000000,51,54,56,58,67,130,230,800,3800,6300,6400,23541,0,51,76.44609487271686,26.631831016857177,6404.341609973926,61068.09307166221
1769686103,50,,Aggregated,59.400000,0.000000,51,54,56,58,67,130,230,800,3800,6300,6400,23605,0,51,76.37710145692671,26.631831016857177,6404.341609973926,61063.053632704934
1769686104,50,,Aggregated,60.700000,0.000000,51,54,56,58,67,130,230,800,3800,6300,6400,23676,0,51,76.29476335245758,26.631831016857177,6404.341609973926,61054.68389930732
1769686105,50,,Aggregated,59.500000,0.000000,51,54,56,58,67,130,230,790,3800,6300,6400,23734,0,51,76.22569638101007,26.631831016857177,6404.341609973926,61050.02772394034
1769686106,50,,Aggregated,60.900000,0.000000,51,54,56,58,67,130,230,790,3800,6300,6400,23795,0,51,76.15803481912036,26.631831016857177,6404.341609973926,61047.90586257617
1769686107,50,,Aggregated,60.300000,0.000000,51,54,56,58,67,130,230,780,3800,6300,6400,23851,0,51,76.09844999773455,26.631831016857177,6404.341609973926,61039.68248710746
1769686108,50,,Aggregated,60.700000,0.000000,51,54,56,58,67,130,230,770,3800,6300,6400,23922,0,51,76.02367920328399,26.631831016857177,6404.341609973926,61043.31803360923
1769686109,50,,Aggregated,60.500000,0.000000,51,54,56,58,67,130,230,770,3800,6300,6400,23977,0,51,75.96390587246223,26.631831016857177,6404.341609973926,61032.79847353714
1769686110,50,,Aggregated,60.300000,0.000000,51,54,56,58,66,130,230,770,3500,6300,6400,24046,0,51,75.88887484550197,26.631831016857177,6404.341609973926,61030.79871912168
1769686111,50,,Aggregated,61.500000,0.000000,51,54,56,58,66,130,230,760,3500,6300,6400,24107,0,51,75.82217788028349,26.631831016857177,6404.341609973926,61029.328327871575
1769686112,50,,Aggregated,60.800000,0.000000,51,54,56,58,66,130,230,760,3500,6300,6400,24174,0,51,75.75378522552896,26.631831016857177,6404.341609973926,61028.979854389014
1769686113,50,,Aggregated,61.900000,0.000000,51,54,56,58,66,130,230,760,3500,6300,6400,24240,0,51,75.6852388745828,26.631831016857177,6404.341609973926,61021.286221122115
1769686114,50,,Aggregated,61.800000,0.000000,51,54,56,58,66,130,230,760,3500,6300,6400,24299,0,51,75.61769239305245,26.631831016857177,6404.341609973926,61020.36203135931
1769686115,50,,Aggregated,62.200000,0.000000,51,54,56,58,66,130,230,760,3500,6300,6400,24365,0,51,75.54370377750953,26.631831016857177,6404.341609973926,61016.51615021547
1769686116,50,,Aggregated,62.400000,0.000000,51,54,56,58,66,130,230,760,3500,6300,6400,24423,0,51,75.48639290111848,26.631831016857177,6404.341609973926,61009.29443557303
1769686117,50,,Aggregated,62.400000,0.000000,51,54,56,58,66,130,230,760,3500,6300,6400,24486,0,51,75.42304880254196,26.631831016857177,6404.341609973926,61007.837744016986
1769686118,50,,Aggregated,62.100000,0.000000,51,54,56,58,66,130,230,750,3500,6300,6400,24545,0,51,75.36052398810577,26.631831016857177,6404.341609973926,61008.3812589122
1769686119,50,,Aggregated,63.000000,0.000000,51,54,56,58,66,130,230,750,3500,6300,6400,24611,0,51,75.28980773487703,26.631831016857177,6404.341609973926,61000.048149201575
1769686120,50,,Aggregated,62.300000,0.000000,51,54,56,58,66,130,230,750,3500,6300,6400,24677,0,51,75.21449025875042,26.631831016857177,6404.341609973926,61001.48778214532
1769686121,50,,Aggregated,62.000000,0.000000,51,54,56,58,66,130,230,750,3500,6300,6400,24745,0,51,75.14178361641481,26.631831016857177,6404.341609973926,60998.22101434633
1769686122,50,,Aggregated,62.700000,0.000000,51,54,56,58,66,130,230,670,3500,6300,6400,24809,0,51,75.07374237039863,26.631831016857177,6404.341609973926,60994.65020758595
1769686123,50,,Aggregated,62.400000,0.000000,51,54,56,58,66,130,230,670,3500,6300,6400,24864,0,51,75.01472581738282,26.631831016857177,6404.341609973926,60994.524131274135
1769686124,50,,Aggregated,62.700000,0.000000,51,54,56,58,66,130,230,600,3500,6300,6400,24926,0,51,74.94947518026683,26.631831016857177,6404.341609973926,60991.99225708096
1769686125,50,,Aggregated,62.700000,0.000000,51,54,56,58,66,130,220,600,3500,6300,6400,24987,0,51,74.88374122857256,26.631831016857177,6404.341609973926,60982.73218073398
1769686126,50,,Aggregated,61.900000,0.000000,51,54,56,58,66,130,220,580,3400,6300,6400,25054,0,51,74.81385670688529,26.631831016857177,6404.341609973926,60986.56601740241
1769686127,50,,Aggregated,61.600000,0.000000,51,54,56,58,66,130,220,540,3400,6300,6400,25106,0,51,74.75773729337065,26.631831016857177,6404.341609973926,60983.40759181072
1769686128,50,,Aggregated,62.000000,0.000000,51,54,56,58,66,130,220,540,3400,6300,6400,25178,0,51,74.68254592709756,26.631831016857177,6404.341609973926,60974.98053856541
1769686129,50,,Aggregated,60.800000,0.000000,51,54,56,58,66,130,220,530,3400,6300,6400,25221,0,51,74.63945522233188,26.631831016857177,6404.341609973926,60974.700091193845
1769686130,50,,Aggregated,61.700000,0.000000,51,54,56,58,66,130,220,530,3400,6300,6400,25297,0,51,74.57123780461941,26.631831016857177,6404.341609973926,60970.215480096456
1769686131,50,,Aggregated,61.300000,0.000000,51,54,56,58,66,130,220,500,3400,6300,6400,25350,0,51,74.51496887603648,26.631831016857177,6404.341609973926,60965.101065088755
1769686132,50,,Aggregated,60.200000,0.000000,51,54,56,58,66,130,220,480,3400,6300,6400,25418,0,51,74.44565438375936,26.631831016857177,6404.341609973926,60960.78444409474
1769686133,50,,Aggregated,61.200000,0.000000,51,54,56,58,65,130,220,480,3400,6300,6400,25479,0,51,74.39030325956868,26.631831016857177,6404.341609973926,60960.19584756074
1769686134,50,,Aggregated,60.400000,0.000000,51,54,56,58,65,130,220,460,3400,6300,6400,25545,0,51,74.32564709828297,26.631831016857177,6404.341609973926,60957.377529849284
1769686135,50,,Aggregated,61.400000,0.000000,51,54,56,58,65,130,220,440,3400,6300,6400,25618,0,51,74.25516844057867,26.631831016857177,6404.341609973926,60956.442150050745
1769686136,50,,Aggregated,61.800000,0.000000,51,54,56,58,65,130,220,460,3400,6300,6400,25672,0,51,74.24638366823164,26.631831016857177,6404.341609973926,60951.3957619196
1769686137,50,,Aggregated,62.000000,0.000000,51,54,56,58,65,130,220,440,3400,6300,6400,25741,0,51,74.17850775415721,26.631831016857177,6404.341609973926,60951.02462996775
1769686138,50,,Aggregated,62.500000,0.000000,51,54,56,58,65,130,220,440,3400,6300,6400,25800,0,51,74.12903746914334,26.631831016857177,6404.341609973926,60950.22976744186
1769686139,50,,Aggregated,62.800000,0.000000,51,54,56,58,65,130,220,440,3400,6300,6400,25868,0,51,74.07325827787065,26.631831016857177,6404.341609973926,60950.5912324107
1769686140,50,,Aggregated,63.300000,0.000000,51,54,56,58,65,120,220,440,3400,6300,6400,25930,0,51,74.02284169212957,26.631831016857177,6404.341609973926,60944.383995372154
1769686141,50,,Aggregated,63.000000,0.000000,51,54,56,58,65,120,220,440,3400,6300,6400,25996,0,51,73.96303957192461,26.631831016857177,6404.341609973926,60947.07143406678
1769686142,50,,Aggregated,63.800000,0.000000,51,54,56,58,65,120,220,440,3400,6300,6400,26058,0,51,73.91254720353474,26.631831016857177,6404.341609973926,60946.155153887485
1769686143,50,,Aggregated,62.400000,0.000000,51,54,56,58,65,120,220,430,3400,6300,6400,26126,0,51,73.86677117946547,26.631831016857177,6404.341609973926,60937.03770190615
1769686144,50,,Aggregated,63.500000,0.000000,51,54,56,58,65,120,220,430,3400,6300,6400,26186,0,51,73.81140929285576,26.631831016857177,6404.341609973926,60933.49725043916
1769686145,50,,Aggregated,62.000000,0.000000,51,54,56,58,65,120,220,420,3400,6300,6400,26246,0,51,73.76536122081832,26.631831016857177,6404.341609973926,60928.96704259697
1769686146,50,,Aggregated,62.500000,0.000000,51,54,56,58,65,120,220,420,3400,6300,6400,26310,0,51,73.71776005483083,26.631831016857177,6404.341609973926,60935.78802736602
1769686147,50,,Aggregated,62.200000,0.000000,51,54,56,58,65,120,220,420,3400,6300,6400,26364,0,51,73.67805590193421,26.631831016857177,6404.341609973926,60936.721855560616
1769686148,50,,Aggregated,61.700000,0.000000,51,54,56,58,65,120,220,420,3400,6300,6400,26422,0,51,73.70140766790968,26.631831016857177,6404.341609973926,60941.19283173113
1769686149,50,,Aggregated,62.300000,0.000000,51,54,56,58,65,120,220,420,3400,6300,6400,26475,0,51,73.65965263881655,26.631831016857177,6404.341609973926,60947.0603210576
1769686150,50,,Aggregated,62.000000,0.000000,51,54,56,58,65,120,220,420,3400,6300,6400,26538,0,51,73.66036670192226,26.631831016857177,6404.341609973926,60951.13757630567
1769686151,50,,Aggregated,62.000000,0.000000,51,54,56,58,65,120,220,420,3400,6300,6400,26591,0,51,73.61945539933028,26.631831016857177,6404.341609973926,60969.095821894625
1769686152,50,,Aggregated,61.100000,0.000000,51,54,56,58,65,120,220,430,3400,6300,6400,26646,0,51,73.63715905830328,26.631831016857177,6404.341609973926,60978.88024468964
1769686153,50,,Aggregated,61.200000,0.000000,51,54,56,58,65,120,220,440,3400,6300,6400,26704,0,51,73.7104333473412,26.631831016857177,6404.341609973926,60983.0432144997
1769686154,50,,Aggregated,58.000000,0.000000,51,54,56,58,65,120,220,440,3400,6300,6400,26762,0,51,73.70763437947359,26.631831016857177,6404.341609973926,60986.83566250654
1769686155,50,,Aggregated,58.400000,0.000000,51,54,56,58,65,120,220,440,3400,6300,6400,26811,0,51,73.69027139272838,26.631831016857177,6404.341609973926,60998.75480213345
1769686156,50,,Aggregated,57.200000,0.000000,51,54,56,58,65,120,220,440,3400,6300,6400,26867,0,51,73.6699407678411,26.631831016857177,6404.341609973926,61009.16883165221
1769686157,50,,Aggregated,57.200000,0.000000,51,54,56,58,65,120,220,440,3400,6300,6400,26923,0,51,73.74826249999997,26.631831016857177,6404.341609973926,61017.77450507002
1769686158,50,,Aggregated,56.100000,0.000000,51,54,56,58,65,120,220,440,3400,6300,6400,26987,0,51,73.7456893936931,26.631831016857177,6404.341609973926,61026.64990551006
1769686159,50,,Aggregated,55.800000,0.000000,51,54,56,58,65,130,220,440,3400,6300,6400,27041,0,51,73.77765348524287,26.631831016857177,6404.341609973926,61043.681742539105
1769686160,50,,Aggregated,54.100000,0.000000,51,54,56,58,65,130,220,440,3400,6300,6400,27097,0,51,73.85210647206054,26.631831016857177,6404.341609973926,61048.41362512455
1769686161,50,,Aggregated,54.700000,0.000000,51,54,56,58,66,130,220,470,3400,6300,6400,27138,0,51,73.9814621048157,26.631831016857177,6404.341609973926,61066.42324415948
1769686162,50,,Aggregated,54.400000,0.000000,51,54,56,58,66,130,220,540,3400,6300,6400,27191,0,51,74.12749182554872,26.631831016857177,6404.341609973926,61079.60667132507
1769686163,50,,Aggregated,53.800000,0.000000,51,54,56,58,66,130,220,600,3400,6300,6400,27225,0,51,74.25561550356507,26.631831016857177,6404.341609973926,61086.894141414145
1769686165,50,,Aggregated,54.200000,0.000000,51,54,56,58,66,130,220,750,3400,6300,6400,27273,0,51,74.36968548276771,26.631831016857177,6404.341609973926,61108.87955120449
1769686166,50,,Aggregated,52.000000,0.000000,51,54,56,58,66,130,230,760,3400,6300,6400,27321,0,51,74.59810179109513,26.631831016857177,6404.341609973926,61119.606017349295
1769686167,50,,Aggregated,50.600000,0.000000,51,54,56,58,66,130,230,790,3400,6300,6400,27374,0,51,74.8278608792445,26.631831016857177,6404.341609973926,61140.32300723314
1769686168,50,,Aggregated,49.500000,0.000000,51,54,56,58,66,130,230,790,3400,6300,6400,27410,0,51,74.85119414401375,26.631831016857177,6404.341609973926,61162.58445822693
1769686169,50,,Aggregated,49.300000,0.000000,51,54,56,58,66,130,230,800,3400,6300,6400,27468,0,51,74.93104714840365,26.631831016857177,6404.341609973926,61173.391546526866
1769686170,50,,Aggregated,47.500000,0.000000,51,54,56,58,66,130,230,800,3400,6300,6400,27517,0,51,74.91869466236834,26.631831016857177,6404.341609973926,61192.01439110368
1769686171,50,,Aggregated,47.800000,0.000000,51,54,56,58,66,130,230,800,3400,6300,6400,27573,0,51,74.97412742242338,26.631831016857177,6404.341609973926,61194.4233489283
1769686172,50,,Aggregated,47.200000,0.000000,51,54,56,58,66,130,230,800,3400,6300,6400,27617,0,51,75.05056184091757,26.631831016857177,6404.341609973926,61185.67367925553
1769686173,50,,Aggregated,46.000000,0.000000,51,54,56,58,66,130,230,800,3400,6300,6400,27683,0,51,75.02831115444623,26.631831016857177,6404.341609973926,61195.54564172958
1769686174,50,,Aggregated,47.100000,0.000000,51,54,56,58,66,140,230,800,3400,6300,6400,27741,0,51,75.1270836144844,26.631831016857177,6404.341609973926,61179.560253776
1769686175,50,,Aggregated,48.600000,0.000000,51,54,56,58,66,140,230,790,3400,6300,6400,27810,0,51,75.0988139673682,26.631831016857177,6404.341609973926,61181.92952175476
1769686176,50,,Aggregated,49.500000,0.000000,51,54,56,58,67,140,230,790,3400,6300,6400,27862,0,51,75.07818053601773,26.631831016857177,6404.341609973926,61196.11757949896
1769686177,50,,Aggregated,50.900000,0.000000,51,54,56,58,67,140,230,790,3400,6300,6400,27918,0,51,75.08813579738823,26.631831016857177,6404.341609973926,61183.72967261265
1769686178,50,,Aggregated,53.400000,0.000000,51,54,56,58,67,140,230,800,3400,6300,6400,27980,0,51,75.13698890859206,26.631831016857177,6404.341609973926,61180.575696926375
1769686179,50,,Aggregated,53.400000,0.000000,51,54,56,58,67,140,230,800,3300,6300,6400,28040,0,51,75.18584935439786,26.631831016857177,6404.341609973926,61188.48573466476
1769686180,50,,Aggregated,56.700000,0.000000,51,54,56,58,67,140,230,800,3300,6300,6400,28093,0,51,75.24598992379761,26.631831016857177,6404.341609973926,61183.83152386716
1769686181,50,,Aggregated,56.200000,0.000000,51,54,56,58,67,140,230,800,3300,6300,6400,28158,0,51,75.25821734701606,26.631831016857177,6404.341609973926,61173.93231053342
1769686182,50,,Aggregated,57.100000,0.000000,51,54,56,58,67,140,230,800,3300,6300,6400,28216,0,51,75.20415344989645,26.631831016857177,6404.341609973926,61184.99245109158
1769686183,50,,Aggregated,58.600000,0.000000,51,54,56,58,67,140,230,800,3300,6300,6400,28267,0,51,75.16297774172432,26.631831016857177,6404.341609973926,61186.94916333534
1769686184,50,,Aggregated,58.800000,0.000000,51,54,56,58,67,140,230,800,3300,6300,6400,28330,0,51,75.11836895744428,26.631831016857177,6404.341609973926,61183.62329685845
1769686185,50,,Aggregated,57.600000,0.000000,51,54,56,58,67,140,230,800,3300,6300,6400,28392,0,51,75.07963426941883,26.631831016857177,6404.341609973926,61181.8115314173
1769686186,50,,Aggregated,57.700000,0.000000,51,54,56,58,67,140,230,800,3300,6300,6400,28450,0,51,75.04504180064222,26.631831016857177,6404.341609973926,61176.956660808435
1769686187,50,,Aggregated,56.900000,0.000000,51,54,56,58,67,140,230,790,3300,6300,6400,28515,0,51,75.01920344044144,26.631831016857177,6404.341609973926,61169.057759074174
1769686188,50,,Aggregated,57.200000,0.000000,51,54,56,58,67,140,230,790,3300,6300,6400,28559,0,51,74.98444085798195,26.631831016857177,6404.341609973926,61160.89695017332
1769686189,50,,Aggregated,56.700000,0.000000,51,54,56,58,66,140,230,790,3300,6300,6400,28622,0,51,74.9307487091846,26.631831016857177,6404.341609973926,61145.971141080285
1769686190,50,,Aggregated,56.500000,0.000000,51,54,56,58,66,140,230,790,3300,6300,6400,28672,0,51,74.90402428408451,26.631831016857177,6404.341609973926,61150.37060546875
1769686191,50,,Aggregated,56.700000,0.000000,51,54,56,58,66,140,230,780,3300,6300,6400,28735,0,51,74.85448639955915,26.631831016857177,6404.341609973926,61143.72483034627
1769686192,50,,Aggregated,56.300000,0.000000,51,54,56,58,66,140,230,770,3300,6300,6400,28808,0,51,74.79045135134174,26.631831016857177,6404.341609973926,61143.93040127742
1769686193,50,,Aggregated,56.600000,0.000000,51,54,56,58,66,140,230,770,3300,6300,6400,28870,0,51,74.73846114442124,26.631831016857177,6404.341609973926,61139.98392795289
1769686194,50,,Aggregated,58.500000,0.000000,51,54,56,58,66,140,230,770,3300,6300,6400,28925,0,51,74.6941980295428,26.631831016857177,6404.341609973926,61130.24667242869
1769686195,50,,Aggregated,59.700000,0.000000,51,54,56,58,66,140,230,770,3300,6300,6400,28994,0,51,74.63659997756211,26.631831016857177,6404.341609973926,61131.483410360765
1769686196,50,,Aggregated,60.200000,0.000000,51,54,56,58,66,130,230,760,3300,6300,6400,29064,0,51,74.5740339362574,26.631831016857177,6404.341609973926,61126.42568125516
1769686197,50,,Aggregated,62.700000,0.000000,51,54,56,58,66,130,230,760,3300,6300,6400,29122,0,51,74.52379885950106,26.631831016857177,6404.341609973926,61118.28703385757
1769686198,50,,Aggregated,62.700000,0.000000,51,54,56,58,66,130,230,760,3300,6300,6400,29183,0,51,74.46894717494818,26.631831016857177,6404.341609973926,61116.82709111469
1769686199,50,,Aggregated,62.900000,0.000000,51,54,56,58,66,130,230,760,3300,6300,6400,29245,0,51,74.41693377215564,26.631831016857177,6404.341609973926,61113.24752949222
1769686200,50,,Aggregated,61.600000,0.000000,51,54,56,58,66,130,230,760,3300,6300,6400,29315,0,51,74.35350022646325,26.631831016857177,6404.341609973926,61108.4263687532
1769686201,50,,Aggregated,61.400000,0.000000,51,54,56,58,66,130,230,760,3300,6300,6400,29369,0,51,74.30450191589348,26.631831016857177,6404.341609973926,61105.673465218424
1769686202,50,,Aggregated,62.700000,0.000000,51,54,56,57,66,130,230,760,3300,6300,6400,29434,0,51,74.24790635938186,26.631831016857177,6404.341609973926,61103.781986817965
1769686203,50,,Aggregated,62.200000,0.000000,51,54,56,57,66,130,230,760,3300,6300,6400,29500,0,51,74.19040749508989,26.631831016857177,6404.341609973926,61100.64461016949
1769686204,50,,Aggregated,61.100000,0.000000,51,54,56,57,66,130,230,750,3300,6300,6400,29564,0,51,74.13634507868123,26.631831016857177,6404.341609973926,61093.16185225274
1769686205,50,,Aggregated,59.700000,0.000000,51,54,56,57,66,130,230,750,3300,6300,6400,29627,0,51,74.08173607399505,26.631831016857177,6404.341609973926,61091.890404023354
1769686206,50,,Aggregated,61.500000,0.000000,51,54,56,57,66,130,220,750,3300,6300,6400,29682,0,51,74.03419436953077,26.631831016857177,6404.341609973926,61083.32305774544
1769686207,50,,Aggregated,59.900000,0.000000,51,54,56,57,66,130,220,750,3300,6300,6400,29743,0,51,73.98337799295169,26.631831016857177,6404.341609973926,61082.82594223851
1769686208,50,,Aggregated,59.300000,0.000000,51,53,56,57,66,130,220,670,3300,6300,6400,29805,0,51,73.9343454701002,26.631831016857177,6404.341609973926,61081.16379802047
1769686209,50,,Aggregated,60.300000,0.000000,51,53,56,57,66,130,220,670,3300,6300,6400,29870,0,51,73.88009424711433,26.631831016857177,6404.341609973926,61075.74439236692
1769686210,50,,Aggregated,62.100000,0.000000,51,53,56,57,66,130,220,600,3300,6300,6400,29932,0,51,73.83312422344915,26.631831016857177,6404.341609973926,61076.67349325137
1769686211,50,,Aggregated,62.000000,0.000000,51,53,56,57,66,130,220,600,3300,6300,6400,29993,0,51,73.77812596626829,26.631831016857177,6404.341609973926,61072.170939885975
1769686212,50,,Aggregated,62.400000,0.000000,51,53,56,57,66,130,220,580,3200,6300,6400,30053,0,51,73.72403966786234,26.631831016857177,6404.341609973926,61072.92330216617
1769686213,50,,Aggregated,62.800000,0.000000,51,53,56,57,65,130,220,540,3200,6300,6400,30111,0,51,73.67709664406007,26.631831016857177,6404.341609973926,61069.98538739995
1769686214,50,,Aggregated,62.900000,0.000000,51,53,56,57,65,130,220,540,3200,6300,6400,30189,0,51,73.61214715774751,26.631831016857177,6404.341609973926,61067.23584749412
1769686215,50,,Aggregated,63.800000,0.000000,51,53,56,57,65,130,220,530,3200,6300,6400,30253,0,51,73.56405218111504,26.631831016857177,6404.341609973926,61063.957095164114
1769686216,50,,Aggregated,63.200000,0.000000,51,53,56,57,65,130,220,500,3200,6300,6400,30316,0,51,73.5113887428502,26.631831016857177,6404.341609973926,61062.760027708144
1769686217,50,,Aggregated,63.000000,0.000000,51,53,56,57,65,130,220,500,3200,6300,6400,30377,0,51,73.46603997410298,26.631831016857177,6404.341609973926,61057.92724758864
1769686218,50,,Aggregated,63.200000,0.000000,51,53,56,57,65,130,220,480,3200,6300,6400,30438,0,51,73.41789999101054,26.631831016857177,6404.341609973926,61057.138806754716
1769686219,50,,Aggregated,62.700000,0.000000,51,53,56,57,65,130,220,480,3200,6300,6400,30497,0,51,73.37596071621282,26.631831016857177,6404.341609973926,61050.27284650949
1769686220,50,,Aggregated,61.500000,0.000000,51,53,56,57,65,130,220,470,3200,6300,6400,30559,0,51,73.32732582382836,26.631831016857177,6404.341609973926,61050.627343826694
1769686221,50,,Aggregated,61.600000,0.000000,51,53,56,57,65,130,220,460,3200,6300,6400,30623,0,51,73.27864771682545,26.631831016857177,6404.341609973926,61048.15318551416
1769686222,50,,Aggregated,60.800000,0.000000,51,53,56,57,65,130,220,460,3200,6300,6400,30690,0,51,73.22542586987076,26.631831016857177,6404.341609973926,61043.502150537635
1769686223,50,,Aggregated,60.700000,0.000000,51,53,56,57,65,130,220,440,3200,6300,6400,30756,0,51,73.17729335955607,26.631831016857177,6404.341609973926,61044.22834568864
1769686224,50,,Aggregated,61.500000,0.000000,51,53,56,57,65,130,220,440,3200,6300,6400,30815,0,51,73.12889423875953,26.631831016857177,6404.341609973926,61035.15794256044
1769686225,50,,Aggregated,61.500000,0.000000,51,53,56,57,65,130,220,440,3200,6300,6400,30880,0,51,73.07969185749177,26.631831016857177,6404.341609973926,61034.02503238342
1769686226,50,,Aggregated,61.200000,0.000000,51,53,56,57,65,130,220,440,3200,6300,6400,30947,0,51,73.03211300279332,26.631831016857177,6404.341609973926,61033.3833974214
1769686227,50,,Aggregated,61.800000,0.000000,51,53,56,57,65,130,220,440,3100,6300,6400,31003,0,51,73.00812504178589,26.631831016857177,6404.341609973926,61026.656710640906
1769686228,50,,Aggregated,62.200000,0.000000,51,53,56,57,65,130,220,440,3100,6300,6400,31063,0,51,72.96168153521742,26.631831016857177,6404.341609973926,61020.22013327753
1769686229,50,,Aggregated,61.700000,0.000000,51,53,56,57,65,130,220,430,3100,6300,6400,31126,0,51,72.91739704875285,26.631831016857177,6404.341609973926,61023.38331298593
1769686230,50,,Aggregated,62.500000,0.000000,51,53,56,57,65,130,220,430,3100,6300,6400,31179,0,51,72.88267158421982,26.631831016857177,6404.341609973926,61024.42368260688
1769686231,50,,Aggregated,63.400000,0.000000,51,53,56,57,65,130,220,420,3100,6300,6400,31255,0,51,72.8264174536982,26.631831016857177,6404.341609973926,61023.682738761796
1769686232,50,,Aggregated,63.900000,0.000000,51,53,56,57,65,130,220,420,3100,6300,6400,31313,0,51,72.7832813350757,26.631831016857177,6404.341609973926,61025.76243093923
1769686233,50,,Aggregated,62.100000,0.000000,51,53,56,57,65,130,220,420,3100,6300,6400,31379,0,51,72.77425033070779,26.631831016857177,6404.341609973926,61021.31594378406
1769686234,50,,Aggregated,62.400000,0.000000,51,53,56,57,65,130,220,420,3100,6300,6400,31438,0,51,72.73141521243244,26.631831016857177,6404.341609973926,61020.41898339589
1769686235,50,,Aggregated,61.500000,0.000000,51,53,56,57,65,130,220,410,3100,6300,6400,31507,0,51,72.6841313900574,26.631831016857177,6404.341609973926,61020.3243723617
1769686236,50,,Aggregated,61.800000,0.000000,51,53,56,57,65,130,220,410,3100,6300,6400,31562,0,51,72.65535249013487,26.631831016857177,6404.341609973926,61017.22064507953
1769686237,50,,Aggregated,62.000000,0.000000,51,53,56,57,65,130,220,400,3100,6300,6400,31641,0,51,72.6130839215754,26.631831016857177,6404.341609973926,61021.341740147276
1769686238,50,,Aggregated,61.400000,0.000000,51,53,56,57,65,130,220,400,3100,6300,6400,31689,0,51,72.58435755898414,26.631831016857177,6404.341609973926,61025.39284925369
1769686239,50,,Aggregated,61.800000,0.000000,51,53,56,57,65,130,220,390,3100,6300,6400,31752,0,51,72.56631394232015,26.631831016857177,6404.341609973926,61027.38621189216
1769686240,50,,Aggregated,62.700000,0.000000,51,53,56,57,65,130,220,400,3100,6300,6400,31812,0,51,72.61383240121506,26.631831016857177,6404.341609973926,61019.48443983403
1769686241,50,,Aggregated,61.100000,0.000000,51,53,56,57,65,130,220,410,3100,6300,6400,31867,0,51,72.60147352199375,26.631831016857177,6404.341609973926,61026.97197728057
1769686242,50,,Aggregated,60.600000,0.000000,51,53,56,57,65,130,220,410,3100,6300,6400,31936,0,51,72.58872850555785,26.631831016857177,6404.341609973926,61028.84763276553
1769686244,50,,Aggregated,62.600000,0.000000,51,53,56,57,65,130,220,410,3100,6300,6400,31991,0,51,72.56374178117291,26.631831016857177,6404.341609973926,61025.05579694289
1769686245,50,,Aggregated,62.100000,0.000000,51,53,56,57,65,130,220,400,3000,6300,6400,32056,0,51,72.539668003263,26.631831016857177,6404.341609973926,61040.71063139506
1769686246,50,,Aggregated,62.100000,0.000000,51,53,56,57,65,130,220,400,3000,6300,6400,32102,0,51,72.5701240036934,26.631831016857177,6404.341609973926,61046.663260856025
1769686247,50,,Aggregated,60.900000,0.000000,51,53,56,57,65,130,220,400,3000,6300,6400,32176,0,51,72.5393704426502,26.631831016857177,6404.341609973926,61052.49630159125
1769686248,50,,Aggregated,59.200000,0.000000,51,53,56,57,65,130,220,420,3000,6300,6400,32225,0,51,72.62750324591887,26.631831016857177,6404.341609973926,61050.00192397207
1769686249,50,,Aggregated,60.200000,0.000000,51,53,56,57,65,130,220,440,3000,6300,6400,32284,0,51,72.64451323273254,26.631831016857177,6404.341609973926,61057.57000371701
1769686250,50,,Aggregated,57.600000,0.000000,51,53,56,57,65,130,220,430,3000,6300,6400,32337,0,51,72.63071976418901,26.631831016857177,6404.341609973926,61062.82382410242
1769686251,50,,Aggregated,57.600000,0.000000,51,53,56,57,65,130,220,430,3000,6300,6400,32397,0,51,72.62413920661515,26.631831016857177,6404.341609973926,61076.76284841189
1769686252,50,,Aggregated,58.200000,0.000000,51,53,56,57,65,130,220,430,3000,6300,6400,32450,0,51,72.65314563675965,26.631831016857177,6404.341609973926,61085.235439137134
1769686253,50,,Aggregated,58.200000,0.000000,51,53,56,57,65,130,220,430,3000,6300,6400,32521,0,51,72.66038353014771,26.631831016857177,6404.341609973926,61095.19092278835
1769686254,50,,Aggregated,57.800000,0.000000,51,53,56,57,65,130,220,440,3000,6300,6400,32574,0,51,72.68589581610996,26.631831016857177,6404.341609973926,61099.27178117517
1769686255,50,,Aggregated,58.200000,0.000000,51,53,56,57,65,130,220,440,3000,6300,6400,32625,0,51,72.77646981489849,26.631831016857177,6404.341609973926,61106.194605363984
1769686256,50,,Aggregated,57.400000,0.000000,51,53,56,57,65,130,220,460,3000,6300,6400,32675,0,51,72.84827059017854,26.631831016857177,6404.341609973926,61112.3630910482
1769686257,50,,Aggregated,54.700000,0.000000,51,53,56,57,65,130,220,470,3000,6300,6400,32726,0,51,72.88586253496153,26.631831016857177,6404.341609973926,61126.31879850883
1769686258,50,,Aggregated,56.500000,0.000000,51,53,56,57,65,130,220,480,3000,6300,6400,32774,0,51,72.93776592701751,26.631831016857177,6404.341609973926,61136.079636297065
1769686259,50,,Aggregated,55.200000,0.000000,51,53,56,57,65,130,220,480,3000,6300,6400,32824,0,51,72.98274352556618,26.631831016857177,6404.341609973926,61140.768126980256
1769686260,50,,Aggregated,53.700000,0.000000,51,53,56,57,65,130,220,530,3000,6300,6400,32860,0,51,73.08745285928478,26.631831016857177,6404.341609973926,61151.19303104078
1769686261,50,,Aggregated,53.500000,0.000000,51,53,56,57,66,130,220,600,3000,6300,6400,32910,0,51,73.37932778025034,26.631831016857177,6404.341609973926,61164.25129140079
1769686262,50,,Aggregated,51.900000,0.000000,51,53,56,57,66,130,220,750,3000,6300,6400,32955,0,51,73.47659498947186,26.631831016857177,6404.341609973926,61180.304293733876
1769686263,50,,Aggregated,50.600000,0.000000,51,53,56,57,66,130,220,750,2900,6300,6400,33015,0,51,73.65029786414826,26.631831016857177,6404.341609973926,61184.95005300621
1769686264,50,,Aggregated,50.600000,0.000000,51,53,56,57,66,130,220,760,2900,6300,6400,33061,0,51,73.72504482604515,26.631831016857177,6404.341609973926,61202.335773267594
1769686265,50,,Aggregated,48.600000,0.000000,51,53,56,57,66,130,220,760,2900,6300,6400,33106,0,51,73.82987489451727,26.631831016857177,6404.341609973926,61204.168549507645
1769686266,50,,Aggregated,47.600000,0.000000,51,54,56,58,66,130,220,760,2900,6300,6400,33160,0,51,73.91370258558214,26.631831016857177,6404.341609973926,61207.49065138721
1769686267,50,,Aggregated,48.900000,0.000000,51,54,56,58,66,140,230,770,2900,6300,6400,33210,0,51,74.01482825247982,26.631831016857177,6404.341609973926,61210.76750978621
1769686268,50,,Aggregated,47.100000,0.000000,51,54,56,58,66,140,230,770,2900,6300,6400,33271,0,51,74.00341852029241,26.631831016857177,6404.341609973926,61217.15145321751
1769686269,50,,Aggregated,47.100000,0.000000,51,54,56,58,66,140,230,770,2900,6300,6400,33326,0,51,74.01085042359021,26.631831016857177,6404.341609973926,61227.24815459401
1769686270,50,,Aggregated,49.200000,0.000000,51,54,56,58,66,140,230,780,2900,6300,6400,33381,0,51,74.09490087356023,26.631831016857177,6404.341609973926,61211.98103711692
1769686271,50,,Aggregated,49.300000,0.000000,51,54,56,58,66,140,230,770,2900,6300,6400,33430,0,51,74.0731475421295,26.631831016857177,6404.341609973926,61224.58199222256
1769686272,50,,Aggregated,50.100000,0.000000,51,54,56,58,67,140,230,770,2900,6300,6400,33503,0,51,74.1320760463632,26.631831016857177,6404.341609973926,61218.479957018775
1769686273,50,,Aggregated,51.100000,0.000000,51,54,56,58,67,140,230,770,2900,6300,6400,33573,0,51,74.11879762101525,26.631831016857177,6404.341609973926,61222.72468948262
1769686274,50,,Aggregated,51.900000,0.000000,51,54,56,58,67,140,230,760,2900,6300,6400,33624,0,51,74.13738669368111,26.631831016857177,6404.341609973926,61217.10962407804
1769686275,50,,Aggregated,53.000000,0.000000,51,54,56,58,67,140,230,770,2900,6300,6400,33682,0,51,74.1683321984835,26.631831016857177,6404.341609973926,61210.95522831186
1769686276,50,,Aggregated,54.700000,0.000000,51,54,56,58,67,140,230,770,2900,6300,6400,33744,0,51,74.16446405198936,26.631831016857177,6404.341609973926,61208.411510194404
1769686277,50,,Aggregated,55.900000,0.000000,51,54,56,58,67,140,230,770,2900,6300,6400,33805,0,51,74.14818245612251,26.631831016857177,6404.341609973926,61202.42478923236
1769686278,50,,Aggregated,56.500000,0.000000,51,54,56,58,67,140,230,770,2900,6300,6400,33867,0,51,74.14602896356485,26.631831016857177,6404.341609973926,61202.174712847314
1769686279,50,,Aggregated,57.300000,0.000000,51,54,56,58,67,140,230,770,2900,6300,6400,33919,0,51,74.11426989183073,26.631831016857177,6404.341609973926,61201.73118311271
1769686280,50,,Aggregated,58.900000,0.000000,51,54,56,58,67,140,230,770,2900,6300,6400,33992,0,51,74.07805439947475,26.631831016857177,6404.341609973926,61198.77780065898
1769686281,50,,Aggregated,58.400000,0.000000,51,54,56,58,67,140,230,760,2900,6300,6400,34048,0,51,74.04182835073874,26.631831016857177,6404.341609973926,61201.48863369361
1769686282,50,,Aggregated,59.400000,0.000000,51,54,56,58,67,140,230,760,2900,6300,6400,34112,0,51,74.01215088631604,26.631831016857177,6404.341609973926,61193.92395637899
1769686283,50,,Aggregated,60.100000,0.000000,51,54,56,58,67,140,230,760,2900,6300,6400,34166,0,51,73.99434509599955,26.631831016857177,6404.341609973926,61193.410964116374
1769686284,50,,Aggregated,60.200000,0.000000,51,54,56,58,67,140,230,760,2900,6300,6400,34230,0,51,73.97190050169205,26.631831016857177,6404.341609973926,61178.02570844289
1769686285,50,,Aggregated,60.300000,0.000000,51,54,56,58,67,140,230,760,2900,6300,6400,34289,0,51,73.93393805897253,26.631831016857177,6404.341609973926,61176.16582577503
1769686286,50,,Aggregated,60.000000,0.000000,51,54,56,58,67,140,230,760,2900,6300,6400,34350,0,51,73.90516512544596,26.631831016857177,6404.341609973926,61177.31883551674
1769686287,50,,Aggregated,60.500000,0.000000,51,54,56,58,67,140,220,760,2900,6300,6400,34424,0,51,73.861260740007,26.631831016857177,6404.341609973926,61172.33921101557
1769686288,50,,Aggregated,60.700000,0.000000,51,54,56,58,67,140,220,760,2900,6300,6400,34481,0,51,73.82355210777004,26.631831016857177,6404.341609973926,61167.19738406659
1769686289,50,,Aggregated,61.800000,0.000000,51,54,56,58,67,140,220,750,2900,6300,6400,34539,0,51,73.78468630252887,26.631831016857177,6404.341609973926,61164.2953183358
1769686290,50,,Aggregated,59.700000,0.000000,51,54,56,58,67,140,220,750,2900,6300,6400,34602,0,51,73.74125626420597,26.631831016857177,6404.341609973926,61162.11632275591
1769686291,50,,Aggregated,60.500000,0.000000,51,54,56,58,67,140,220,750,2900,6300,6400,34671,0,51,73.69564596885037,26.631831016857177,6404.341609973926,61153.99140492054
1769686292,50,,Aggregated,60.500000,0.000000,51,54,56,58,67,140,220,750,2900,6300,6400,34734,0,51,73.65105824379948,26.631831016857177,6404.341609973926,61154.98655496056
1769686293,50,,Aggregated,59.100000,0.000000,51,54,56,58,67,140,220,750,2900,6300,6400,34793,0,51,73.61003479640453,26.631831016857177,6404.341609973926,61150.70930934383
1769686294,50,,Aggregated,61.100000,0.000000,51,54,56,58,66,140,220,670,2900,6300,6400,34855,0,51,73.56928021567765,26.631831016857177,6404.341609973926,61143.60943910486
1769686295,50,,Aggregated,60.400000,0.000000,51,54,56,58,66,140,220,660,2900,6300,6400,34918,0,51,73.52677563644352,26.631831016857177,6404.341609973926,61142.24712182828
