Timestamp,User Count,Type,Name,Requests/s,Failures/s,50%,66%,75%,80%,90%,95%,98%,99%,99.9%,99.99%,100%,Total Request Count,Total Failure Count,Total Median Response Time,Total Average Response Time,Total Min Response Time,Total Max Response Time,Total Average Content Size
1769773649,0,,Aggregated,0.000000,0.000000,N/A,N/A,N/A,N/A,N/A,N/A,N/A,N/A,N/A,N/A,N/A,0,0,0,0.0,0,0,0
1769773654,200,,Aggregated,0.000000,0.000000,N/A,N/A,N/A,N/A,N/A,N/A,N/A,N/A,N/A,N/A,N/A,0,0,0,0.0,0,0,0
1769773660,200,,Aggregated,0.000000,0.000000,N/A,N/A,N/A,N/A,N/A,N/A,N/A,N/A,N/A,N/A,N/A,0,0,0,0.0,0,0,0
1769773666,200,,Aggregated,0.000000,0.000000,N/A,N/A,N/A,N/A,N/A,N/A,N/A,N/A,N/A,N/A,N/A,0,0,0,0.0,0,0,0
1769773672,200,,Aggregated,0.000000,0.000000,N/A,N/A,N/A,N/A,N/A,N/A,N/A,N/A,N/A,N/A,N/A,0,0,0,0.0,0,0,0
1769773673,200,,Aggregated,0.000000,0.000000,N/A,N/A,N/A,N/A,N/A,N/A,N/A,N/A,N/A,N/A,N/A,0,0,0,0.0,0,0,0
1769773674,200,,Aggregated,0.000000,0.000000,N/A,N/A,N/A,N/A,N/A,N/A,N/A,N/A,N/A,N/A,N/A,0,0,0,0.0,0,0,0
1769773675,200,,Aggregated,0.000000,0.000000,15000,16000,18000,18000,19000,19000,19000,19000,19000,19000,19000,11,0,15000.0,12318.144903629383,2119.6248230407946,19495.00331497984,217.0
1769773676,200,,Aggregated,0.000000,0.000000,11000,16000,19000,21000,23000,24000,25000,26000,26000,26000,26000,185,0,11000.0,10360.367270660385,39.9406059877947,25968.047718983144,231.7891891891892
1769773677,200,,Aggregated,0.000000,0.000000,2400,14000,17000,19000,23000,24000,25000,26000,26000,26000,26000,285,0,2400.0,8667.603994732142,39.9406059877947,26344.75252998527,6274.8
1769773678,200,,Aggregated,11.900000,0.000000,2400,13000,16000,18000,22000,24000,25000,26000,26000,26000,26000,338,0,2200.0,8044.2553061228,36.88775794580579,26344.75252998527,10420.846153846154
1769773679,200,,Aggregated,25.500000,0.000000,2200,9200,14000,16000,21000,24000,25000,26000,26000,26000,26000,403,0,2200.0,7295.209399479668,29.411884024739265,26344.75252998527,15615.709677419354
1769773680,200,,Aggregated,30.900000,0.000000,2200,8100,13000,15000,21000,23000,25000,26000,26000,26000,26000,469,0,2200.0,6654.762004692875,29.411884024739265,26344.75252998527,23992.784648187633
1769773681,200,,Aggregated,37.900000,0.000000,1900,4500,9900,14000,20000,23000,25000,25000,26000,26000,26000,568,0,1900.0,5920.615647040519,29.411884024739265,26344.75252998527,31800.683098591548
1769773682,200,,Aggregated,42.200000,0.000000,1400,4000,6200,9900,18000,22000,24000,25000,26000,26000,26000,721,0,1400.0,5031.943438266196,29.411884024739265,26344.75252998527,39551.391123439666
1769773683,200,,Aggregated,51.200000,0.000000,610,2500,4500,7400,16000,21000,24000,25000,26000,26000,26000,894,0,610.0,4125.600708554414,29.411884024739265,26344.75252998527,43218.525727069355
1769773684,200,,Aggregated,64.500000,0.000000,260,1600,3500,4800,14000,20000,23000,25000,26000,26000,26000,1135,0,260.0,3448.9990245926274,29.411884024739265,26344.75252998527,47055.790308370044
1769773685,200,,Aggregated,82.500000,0.000000,130,740,2400,3800,13000,19000,23000,24000,26000,26000,26000,1362,0,130.0,2900.693386029428,29.411884024739265,26344.75252998527,49302.2503671072
1769773686,200,,Aggregated,102.500000,0.000000,88,330,1500,2600,9200,17000,22000,24000,26000,26000,26000,1590,0,87,2497.6835633820633,29.411884024739265,26344.75252998527,50677.005660377356
1769773687,200,,Aggregated,128.400000,0.000000,77,190,800,2100,8100,16000,22000,24000,26000,26000,26000,1836,0,77,2206.425480370293,29.411884024739265,26344.75252998527,51882.49128540305
1769773688,200,,Aggregated,136.900000,0.000000,72,140,520,1500,5900,15000,21000,24000,26000,26000,26000,2077,0,72,1976.3935847814307,29.411884024739265,26344.75252998527,52675.77660086664
1769773689,200,,Aggregated,147.400000,0.000000,68,110,280,840,4900,14000,21000,23000,26000,26000,26000,2322,0,68,1774.5897576829705,29.411884024739265,26344.75252998527,53570.534453057706
1769773690,200,,Aggregated,166.100000,0.000000,66,92,190,550,4400,13000,20000,23000,26000,26000,26000,2574,0,66,1606.6825238220702,29.411884024739265,26344.75252998527,53943.31118881119
1769773691,200,,Aggregated,184.200000,0.000000,64,83,140,320,3900,12000,20000,23000,26000,26000,26000,2815,0,64,1474.1227612689677,29.411884024739265,26344.75252998527,54405.82841918295
1769773692,200,,Aggregated,203.600000,0.000000,63,79,120,210,3200,10000,19000,23000,26000,26000,26000,3066,0,63,1358.516451706118,29.411884024739265,26344.75252998527,54621.27299412916
1769773693,200,,Aggregated,220.300000,0.000000,62,76,100,170,2600,9100,19000,22000,26000,26000,26000,3314,0,62,1261.4488482712256,29.411884024739265,26344.75252998527,54991.72751961376
1769773694,200,,Aggregated,231.100000,0.000000,61,74,96,140,2400,8500,18000,22000,26000,26000,26000,3579,0,61,1172.502340709906,29.411884024739265,26344.75252998527,55251.72422464375
1769773695,200,,Aggregated,238.100000,0.000000,61,72,90,120,2000,7800,17000,22000,26000,26000,26000,3834,0,61,1098.5477923166266,29.411884024739265,26344.75252998527,55456.687010954614
1769773696,200,,Aggregated,242.400000,0.000000,61,70,85,110,1600,6200,16000,21000,26000,26000,26000,4067,0,61,1038.9949113919545,29.411884024739265,26344.75252998527,55569.174575854435
1769773697,200,,Aggregated,243.500000,0.000000,60,69,81,100,1200,5500,16000,21000,26000,26000,26000,4336,0,60,978.190753721264,29.411884024739265,26344.75252998527,55798.72693726937
1769773698,200,,Aggregated,246.600000,0.000000,60,68,80,97,890,5000,16000,21000,26000,26000,26000,4601,0,60,925.4203537353108,29.411884024739265,26344.75252998527,55986.042164746796
1769773699,200,,Aggregated,246.300000,0.000000,59,67,78,93,710,4800,15000,21000,26000,26000,26000,4830,0,59,884.2194616255669,29.411884024739265,26344.75252998527,56087.91863354037
1769773700,200,,Aggregated,250.300000,0.000000,59,67,76,88,570,4500,15000,21000,25000,26000,26000,5100,0,59,840.5161102414922,29.411884024739265,26344.75252998527,56206.23392156863
1769773701,200,,Aggregated,249.500000,0.000000,59,66,75,85,420,4200,15000,20000,25000,26000,26000,5350,0,59,803.9504451881875,29.411884024739265,26344.75252998527,56341.41887850467
1769773702,200,,Aggregated,250.800000,0.000000,59,66,74,83,330,3900,14000,20000,25000,26000,26000,5594,0,59,771.3298321959905,29.411884024739265,26344.75252998527,56439.52663568109
1769773703,200,,Aggregated,251.400000,0.000000,58,65,72,80,270,3600,14000,19000,25000,26000,26000,5834,0,58,741.7975918524453,29.411884024739265,26344.75252998527,56556.42920809051
1769773704,200,,Aggregated,252.800000,0.000000,58,64,71,79,220,3300,14000,19000,25000,26000,26000,6079,0,58,713.9893675195605,28.52390200132504,26344.75252998527,56660.01842408291
1769773705,200,,Aggregated,252.100000,0.000000,58,64,70,77,200,2900,13000,19000,25000,26000,26000,6343,0,58,686.4477979528788,28.52390200132504,26344.75252998527,56796.30963266593
1769773706,200,,Aggregated,252.200000,0.000000,57,63,69,76,170,2700,13000,19000,25000,26000,26000,6603,0,57,661.4873156463634,28.400788025464863,26344.75252998527,56889.90837498107
1769773707,200,,Aggregated,251.200000,0.000000,57,63,68,75,150,2500,12000,19000,25000,26000,26000,6874,0,57,637.4417086982583,28.400788025464863,26344.75252998527,56957.81510037824
1769773708,200,,Aggregated,251.600000,0.000000,57,62,68,74,140,2400,12000,18000,25000,26000,26000,7096,0,57,619.1021924278782,28.400788025464863,26344.75252998527,57019.09188275084
1769773709,200,,Aggregated,254.400000,0.000000,57,62,67,73,130,2200,11000,18000,25000,26000,26000,7361,0,57,598.7652170741422,28.400788025464863,26344.75252998527,57120.90680614047
1769773710,200,,Aggregated,249.900000,0.000000,56,62,67,72,130,2000,11000,17000,25000,26000,26000,7594,0,56,582.0493097968381,28.400788025464863,26344.75252998527,57213.17803529102
1769773711,200,,Aggregated,249.900000,0.000000,56,62,67,72,120,1800,10000,17000,25000,26000,26000,7850,0,56,564.9900717578323,28.400788025464863,26344.75252998527,57268.0501910828
1769773712,200,,Aggregated,249.500000,0.000000,56,62,67,71,110,1600,9400,16000,25000,26000,26000,8088,0,56,549.984667915952,28.400788025464863,26344.75252998527,57406.52509891197
1769773713,200,,Aggregated,246.200000,0.000000,56,62,66,71,110,1400,9100,16000,25000,26000,26000,8345,0,56,534.817433527857,28.400788025464863,26344.75252998527,57489.978789694425
1769773714,200,,Aggregated,245.800000,0.000000,56,61,66,70,110,1300,8800,16000,25000,26000,26000,8595,0,56,520.8583139845572,28.400788025464863,26344.75252998527,57546.38789994183
1769773715,200,,Aggregated,245.300000,0.000000,56,61,66,70,100,1100,8600,16000,25000,26000,26000,8848,0,56,507.47084659304096,28.400788025464863,26344.75252998527,57606.93546564195
1769773716,200,,Aggregated,248.100000,0.000000,56,61,66,70,100,1000,8300,16000,25000,26000,26000,9073,0,56,496.21907033385907,27.3001859895885,26344.75252998527,57675.41761269701
1769773717,200,,Aggregated,246.600000,0.000000,56,61,65,69,97,800,8100,15000,25000,26000,26000,9338,0,56,483.6653358253558,27.3001859895885,26344.75252998527,57719.26461769115
1769773718,200,,Aggregated,247.000000,0.000000,56,61,65,69,96,740,7800,15000,25000,26000,26000,9573,0,56,473.15632243820056,27.3001859895885,26344.75252998527,57779.00887913925
1769773719,200,,Aggregated,244.500000,0.000000,56,61,65,69,94,660,7400,15000,25000,26000,26000,9832,0,56,462.1227095000015,27.3001859895885,26344.75252998527,57857.76495117982
1769773720,200,,Aggregated,246.700000,0.000000,56,61,65,68,92,610,6200,15000,25000,26000,26000,10084,0,56,451.972405725149,27.3001859895885,26344.75252998527,57875.70904403015
1769773721,200,,Aggregated,246.900000,0.000000,56,61,65,69,91,530,5900,15000,25000,26000,26000,10370,0,56,441.1413943760131,27.3001859895885,26344.75252998527,57976.34378013501
1769773722,200,,Aggregated,248.400000,0.000000,56,61,65,68,89,440,5700,15000,25000,26000,26000,10604,0,56,432.59247416955895,27.3001859895885,26344.75252998527,58024.33270463976
1769773723,200,,Aggregated,251.500000,0.000000,56,61,65,68,88,370,5500,15000,25000,26000,26000,10871,0,56,423.3641287112553,27.3001859895885,26344.75252998527,58039.14561677859
1769773724,200,,Aggregated,252.600000,0.000000,56,61,65,68,87,330,5300,14000,25000,26000,26000,11130,0,56,414.8131429526602,27.3001859895885,26344.75252998527,58081.294159928126
1769773725,200,,Aggregated,249.500000,0.000000,56,61,65,68,86,300,5100,14000,25000,26000,26000,11363,0,56,407.44997332068846,27.3001859895885,26344.75252998527,58128.914019185075
1769773726,200,,Aggregated,249.900000,0.000000,56,61,65,68,85,280,4900,14000,25000,26000,26000,11622,0,56,399.5929218960534,27.3001859895885,26344.75252998527,58135.72638100155
1769773727,200,,Aggregated,249.200000,0.000000,56,60,64,68,84,250,4900,14000,25000,26000,26000,11864,0,56,392.5380381568549,27.3001859895885,26344.75252998527,58178.07071813891
1769773728,200,,Aggregated,249.000000,0.000000,56,60,64,67,84,220,4700,14000,24000,26000,26000,12110,0,56,385.67316491824295,27.3001859895885,26344.75252998527,58222.51164327002
1769773729,200,,Aggregated,251.300000,0.000000,56,60,64,67,83,210,4600,14000,24000,26000,26000,12366,0,56,378.7790596485885,24.94423498865217,26344.75252998527,58254.58393983503
1769773730,200,,Aggregated,249.500000,0.000000,55,60,64,67,82,200,4500,13000,24000,26000,26000,12619,0,55,372.226257166143,24.94423498865217,26344.75252998527,58275.31333703146
1769773731,200,,Aggregated,250.500000,0.000000,55,60,64,67,82,190,4400,13000,24000,26000,26000,12860,0,55,366.24080023147155,24.94423498865217,26344.75252998527,58326.924105754275
1769773732,200,,Aggregated,249.500000,0.000000,55,60,64,67,81,180,4200,13000,24000,26000,26000,13109,0,55,360.26653054448036,24.94423498865217,26344.75252998527,58315.24387825158
1769773733,200,,Aggregated,249.400000,0.000000,55,60,63,66,81,170,4200,13000,24000,26000,26000,13360,0,55,354.49150213025524,24.94423498865217,26344.75252998527,58350.563398203594
1769773734,200,,Aggregated,246.800000,0.000000,55,60,64,66,80,160,4000,13000,24000,26000,26000,13602,0,55,349.2059102481234,24.94423498865217,26344.75252998527,58373.887443023086
1769773735,200,,Aggregated,250.700000,0.000000,55,60,64,67,80,150,4000,12000,24000,26000,26000,13854,0,55,343.941327557235,24.94423498865217,26344.75252998527,58399.59982676483
1769773736,200,,Aggregated,248.000000,0.000000,55,60,64,67,80,150,3900,12000,24000,26000,26000,14094,0,55,339.0876584255572,24.94423498865217,26344.75252998527,58401.81403434085
1769773737,200,,Aggregated,248.500000,0.000000,55,60,64,67,80,140,3700,12000,24000,26000,26000,14381,0,55,333.4606741439528,24.94423498865217,26344.75252998527,58428.3200055629
1769773738,200,,Aggregated,248.100000,0.000000,55,60,64,67,80,140,3600,12000,24000,26000,26000,14640,0,55,328.5782441052747,24.94423498865217,26344.75252998527,58465.0343579235
1769773739,200,,Aggregated,246.300000,0.000000,55,60,64,66,79,130,3500,11000,24000,26000,26000,14872,0,55,324.29549962861324,24.94423498865217,26344.75252998527,58446.90700645508
1769773740,200,,Aggregated,250.000000,0.000000,55,60,64,66,79,130,3300,11000,24000,26000,26000,15152,0,55,319.3950912248368,24.94423498865217,26344.75252998527,58465.72148891236
1769773741,200,,Aggregated,248.300000,0.000000,55,60,63,66,79,130,3200,10000,24000,26000,26000,15371,0,55,315.6779834201443,24.94423498865217,26344.75252998527,58454.9218007937
1769773742,200,,Aggregated,247.900000,0.000000,55,60,63,66,79,120,3100,10000,24000,26000,26000,15612,0,55,311.68022884926506,24.94423498865217,26344.75252998527,58472.836664104536
1769773743,200,,Aggregated,249.100000,0.000000,55,60,63,66,79,120,2900,9900,24000,26000,26000,15874,0,55,307.55340000530765,24.94423498865217,26344.75252998527,58491.55732644576
1769773744,200,,Aggregated,247.700000,0.000000,55,60,63,66,79,120,2800,9400,24000,26000,26000,16114,0,55,303.84828986677314,24.94423498865217,26344.75252998527,58507.07620702495
1769773745,200,,Aggregated,247.400000,0.000000,55,60,63,66,78,120,2700,9100,24000,26000,26000,16376,0,55,299.91188272001926,24.94423498865217,26344.75252998527,58506.16066194431
1769773746,200,,Aggregated,247.100000,0.000000,55,60,63,66,78,110,2600,9100,24000,26000,26000,16625,0,55,296.25281302897196,24.94423498865217,26344.75252998527,58518.281142857144
1769773747,200,,Aggregated,247.600000,0.000000,55,60,63,66,78,110,2500,9000,24000,26000,26000,16869,0,55,292.76265889450383,24.94423498865217,26344.75252998527,58553.76471634359
1769773748,200,,Aggregated,249.900000,0.000000,55,60,63,66,78,110,2500,8800,24000,26000,26000,17122,0,55,289.37683140647175,24.94423498865217,26344.75252998527,58571.438909005956
1769773749,200,,Aggregated,250.400000,0.000000,55,60,63,66,78,110,2500,8700,24000,26000,26000,17379,0,55,285.9316939543486,24.94423498865217,26344.75252998527,58623.94683238391
1769773750,200,,Aggregated,246.200000,0.000000,55,60,63,66,78,110,2400,8600,24000,26000,26000,17643,0,55,282.50463096057854,24.94423498865217,26344.75252998527,58638.468174346766
1769773751,200,,Aggregated,247.900000,0.000000,55,60,63,66,78,110,2400,8500,24000,26000,26000,17893,0,55,279.37538819176814,24.94423498865217,26344.75252998527,58704.27290001677
1769773752,200,,Aggregated,247.400000,0.000000,55,60,63,66,77,110,2300,8300,24000,26000,26000,18149,0,55,276.26747438712687,24.94423498865217,26344.75252998527,58743.84897239517
1769773753,200,,Aggregated,247.500000,0.000000,55,60,63,66,77,110,2200,8200,24000,26000,26000,18392,0,55,273.3798389016332,24.94423498865217,26344.75252998527,58808.470150065245
1769773754,200,,Aggregated,249.300000,0.000000,55,60,63,66,77,110,2100,8100,24000,26000,26000,18640,0,55,270.4469955085115,24.94423498865217,26344.75252998527,58878.37736051502
1769773755,200,,Aggregated,250.400000,0.000000,55,60,63,66,77,110,2000,8000,24000,26000,26000,18896,0,55,267.6449503528398,24.94423498865217,26344.75252998527,58938.93151989839
1769773756,200,,Aggregated,249.500000,0.000000,55,60,63,66,77,110,2000,7800,24000,26000,26000,19111,0,55,265.35716111931254,24.94423498865217,26344.75252998527,58971.61681753964
1769773758,200,,Aggregated,248.600000,0.000000,55,60,63,66,78,110,1900,7700,24000,26000,26000,19347,0,55,263.1633156516286,24.94423498865217,26344.75252998527,59037.77148911976
1769773759,200,,Aggregated,245.000000,0.000000,55,60,64,67,79,110,1800,7500,24000,26000,26000,19570,0,55,261.3069443696849,24.94423498865217,26344.75252998527,59148.561522738884
1769773760,200,,Aggregated,244.800000,0.000000,55,60,64,67,80,120,1800,7400,24000,26000,26000,19762,0,55,260.51305811542557,24.94423498865217,26344.75252998527,59381.66364740411
1769773761,200,,Aggregated,241.700000,0.000000,56,60,64,67,81,130,1900,6600,24000,26000,26000,19933,0,56,260.2934971187482,24.94423498865217,26344.75252998527,59751.73747052626
1769773762,200,,Aggregated,236.100000,0.000000,56,60,64,68,83,140,1800,6400,24000,26000,26000,20074,0,56,260.17064452259336,24.94423498865217,26344.75252998527,59822.0243100528
1769773763,200,,Aggregated,226.100000,0.000000,56,61,65,68,85,160,1800,6200,24000,26000,26000,20199,0,56,260.8460242198308,24.94423498865217,26344.75252998527,59903.55943363533
1769773764,200,,Aggregated,215.500000,0.000000,56,61,65,68,86,180,1900,6200,24000,26000,26000,20290,0,56,262.3765453765682,24.94423498865217,26344.75252998527,60228.71123706259
1769773765,200,,Aggregated,203.300000,0.000000,56,61,65,69,89,200,1900,6200,24000,26000,26000,20385,0,56,263.9690974990319,24.94423498865217,26344.75252998527,60292.818444935
1769773766,200,,Aggregated,188.000000,0.000000,56,61,65,69,91,220,1900,6200,24000,26000,26000,20470,0,56,266.1432299433089,24.94423498865217,26344.75252998527,60463.460332193456
1769773767,200,,Aggregated,173.400000,0.000000,56,61,65,69,93,250,1900,6400,24000,26000,26000,20543,0,56,268.9989920508037,24.94423498865217,26344.75252998527,60771.376040500414
1769773768,200,,Aggregated,156.500000,0.000000,56,61,66,70,94,270,2000,6900,24000,26000,26000,20605,0,56,272.61734371191045,24.94423498865217,26344.75252998527,61094.50545983984
1769773769,200,,Aggregated,141.800000,0.000000,56,61,66,70,96,290,2100,7300,24000,26000,26000,20655,0,56,275.8732746421662,24.94423498865217,26344.75252998527,61418.78479786977
1769773770,200,,Aggregated,125.500000,0.000000,56,61,66,70,98,300,2100,7500,24000,26000,26000,20692,0,56,278.88252506933924,24.94423498865217,26344.75252998527,61745.86801662478
1769773771,200,,Aggregated,107.800000,0.000000,56,61,66,70,100,320,2200,7600,24000,26000,26000,20735,0,56,281.48446719507837,24.94423498865217,26344.75252998527,61964.54227152158
1769773772,200,,Aggregated,93.400000,0.000000,56,61,66,70,100,330,2400,8100,24000,26000,26000,20783,0,56,288.5908321847036,24.94423498865217,26344.75252998527,62680.400230957996
1769773773,200,,Aggregated,80.000000,0.000000,56,61,66,70,100,360,2500,8300,24000,26000,26000,20830,0,56,292.1452175573419,24.94423498865217,26344.75252998527,62989.49553528565
1769773774,200,,Aggregated,71.900000,0.000000,56,61,66,71,110,380,2500,8400,24000,26000,26000,20863,0,56,296.0813771100648,24.94423498865217,26344.75252998527,63303.91444183483
1769773775,200,,Aggregated,62.700000,0.000000,56,61,66,71,110,390,2700,8700,24000,26000,26000,20894,0,56,301.112869789001,24.94423498865217,26344.75252998527,63809.59753996362
1769773776,200,,Aggregated,58.000000,0.000000,56,61,66,71,110,420,3000,9000,24000,26000,26000,20948,0,56,310.9787690256379,24.94423498865217,26344.75252998527,64610.30413404621
1769773777,200,,Aggregated,50.700000,0.000000,56,61,67,71,110,450,3200,9200,24000,26000,26000,20998,0,56,316.9082661541066,24.94423498865217,26344.75252998527,64934.67492142109
1769773778,200,,Aggregated,47.200000,0.000000,56,62,67,71,120,500,3600,9700,23000,26000,26000,21057,0,56,327.3481279276286,24.94423498865217,26344.75252998527,65818.41425654177
1769773779,200,,Aggregated,45.500000,0.000000,56,62,67,72,130,540,3900,9900,23000,26000,26000,21119,0,56,335.8174789274649,24.94423498865217,26344.75252998527,66331.87679340878
1769773780,200,,Aggregated,44.400000,0.000000,56,62,67,72,130,610,4100,10000,23000,26000,26000,21191,0,56,343.55050038421825,24.94423498865217,26344.75252998527,66856.20848473409
1769773781,200,,Aggregated,45.800000,0.000000,56,62,67,73,150,710,4300,10000,23000,26000,26000,21304,0,56,355.1704719222796,24.94423498865217,26344.75252998527,67825.87748779572
1769773782,200,,Aggregated,48.500000,0.000000,57,62,68,73,160,750,4500,11000,23000,26000,26000,21416,0,57,360.73189517348754,24.94423498865217,26344.75252998527,68467.94354688084
1769773783,200,,Aggregated,53.600000,0.000000,57,62,68,74,170,790,4500,11000,23000,26000,26000,21495,0,57,363.81417620536337,24.94423498865217,26344.75252998527,68741.83610141893
1769773784,200,,Aggregated,59.400000,0.000000,57,62,68,74,180,830,4600,11000,23000,26000,26000,21563,0,57,367.6814031959958,24.94423498865217,26344.75252998527,69055.69614617633
1769773786,200,,Aggregated,61.900000,0.000000,57,62,68,75,200,980,4700,11000,23000,26000,26000,21684,0,57,376.0648257839535,24.94423498865217,26344.75252998527,69701.25396605792
1769773788,200,,Aggregated,72.500000,0.000000,57,63,69,76,230,1000,4900,11000,23000,26000,26000,21848,0,57,387.70141196077583,24.94423498865217,26344.75252998527,70759.50036616623
1769773790,200,,Aggregated,77.700000,0.000000,57,63,70,77,260,1100,4900,11000,23000,26000,26000,21993,0,57,392.07305005083873,24.94423498865217,26344.75252998527,71127.26872186604
1769773791,200,,Aggregated,80.500000,0.000000,57,63,70,77,280,1200,4900,11000,23000,26000,26000,22071,0,57,394.74562830461275,24.94423498865217,26344.75252998527,71094.66721036655
1769773793,200,,Aggregated,82.000000,0.000000,57,63,71,79,370,1200,4800,11000,23000,26000,26000,22303,0,57,402.58319249389166,24.94423498865217,26344.75252998527,71167.01641034838
1769773795,200,,Aggregated,80.800000,0.000000,57,64,71,81,430,1200,4700,11000,23000,26000,26000,22421,0,57,403.73631270966433,24.94423498865217,26344.75252998527,71125.94683555595
1769773796,200,,Aggregated,86.400000,0.000000,57,64,72,82,500,1300,4700,11000,23000,26000,26000,22520,0,57,408.3686862059267,24.94423498865217,26344.75252998527,71074.46944937833
1769773797,200,,Aggregated,81.200000,0.000000,57,64,73,86,640,1300,4600,11000,23000,26000,26000,22807,0,57,415.21326813584807,24.94423498865217,26344.75252998527,71028.69189283992
1769773798,200,,Aggregated,83.600000,0.000000,57,64,73,87,640,1300,4600,11000,23000,26000,26000,22908,0,57,414.2566658315553,24.94423498865217,26344.75252998527,71051.8366946045
1769773800,200,,Aggregated,104.100000,0.000000,58,65,74,90,660,1300,4500,11000,23000,26000,26000,23054,0,58,416.77799926069844,24.94423498865217,26344.75252998527,70892.43562939187
1769773802,200,,Aggregated,103.800000,0.000000,58,65,75,96,760,1300,4500,11000,23000,26000,26000,23276,0,58,420.7265325286016,24.94423498865217,26344.75252998527,70806.55189895171
1769773804,200,,Aggregated,110.400000,0.000000,58,65,76,100,770,1300,4400,11000,23000,26000,26000,23412,0,58,423.01797602323904,24.94423498865217,26344.75252998527,70635.37177515804
1769773805,200,,Aggregated,108.000000,0.000000,58,66,78,110,790,1300,4300,10000,23000,26000,26000,23739,0,58,422.78455546320106,24.94423498865217,26344.75252998527,70571.73090694638
1769773806,200,,Aggregated,102.900000,0.000000,58,66,80,120,790,1300,4200,10000,23000,26000,26000,23972,0,58,420.18979910336384,24.94423498865217,26344.75252998527,70455.70402970132
1769773807,200,,Aggregated,131.800000,0.000000,58,67,80,120,780,1300,4200,10000,23000,26000,26000,24246,0,58,416.29223677785126,24.94423498865217,26344.75252998527,70324.4580549369
1769773808,200,,Aggregated,145.200000,0.000000,58,67,80,120,770,1300,4100,10000,23000,26000,26000,24506,0,58,412.6507803318019,24.94423498865217,26344.75252998527,70187.79405043663
1769773809,200,,Aggregated,157.900000,0.000000,58,67,80,120,770,1300,4100,10000,23000,26000,26000,24752,0,58,409.20590973319656,24.94423498865217,26344.75252998527,70068.01005979315
1769773810,200,,Aggregated,159.800000,0.000000,58,67,79,110,760,1300,4000,10000,23000,26000,26000,24997,0,58,405.77870894455276,24.94423498865217,26344.75252998527,69951.69796375565
1769773811,200,,Aggregated,175.600000,0.000000,58,67,79,110,760,1300,4000,10000,23000,26000,26000,25242,0,58,402.47568748090316,24.94423498865217,26344.75252998527,69819.95107360747
1769773812,200,,Aggregated,188.600000,0.000000,58,67,79,110,750,1300,3900,10000,23000,26000,26000,25475,0,58,399.3630984627794,24.94423498865217,26344.75252998527,69738.1366437684
1769773813,200,,Aggregated,200.200000,0.000000,58,67,78,110,740,1300,3800,9900,23000,26000,26000,25711,0,58,396.2385877257974,24.94423498865217,26344.75252998527,69625.90521566644
1769773814,200,,Aggregated,213.700000,0.000000,58,66,78,100,740,1200,3800,9900,23000,26000,26000,25956,0,58,393.1008563385322,24.94423498865217,26344.75252998527,69519.31249036832
1769773815,200,,Aggregated,230.300000,0.000000,58,66,78,100,730,1200,3700,9900,23000,26000,26000,26209,0,58,389.87504531965175,24.94423498865217,26344.75252998527,69428.66938837804
1769773816,200,,Aggregated,247.400000,0.000000,58,66,78,100,720,1200,3700,9900,23000,26000,26000,26471,0,58,386.6020440638728,24.94423498865217,26344.75252998527,69313.3560122398
1769773817,200,,Aggregated,241.500000,0.000000,58,66,77,99,720,1200,3600,9700,23000,26000,26000,26707,0,58,383.6902531803382,24.94423498865217,26344.75252998527,69220.56977571423
1769773818,200,,Aggregated,243.100000,0.000000,58,66,77,97,710,1200,3600,9700,23000,26000,26000,26948,0,58,380.79019435015306,24.94423498865217,26344.75252998527,69127.88136410866
1769773819,200,,Aggregated,244.000000,0.000000,58,66,77,96,680,1200,3500,9500,23000,26000,26000,27196,0,58,377.8561184452938,24.94423498865217,26344.75252998527,69037.96852478305
1769773820,200,,Aggregated,241.200000,0.000000,58,66,76,95,670,1200,3400,9400,23000,26000,26000,27458,0,58,374.78739067641095,24.94423498865217,26344.75252998527,68944.45888265716
1769773821,200,,Aggregated,244.600000,0.000000,58,66,76,94,660,1200,3400,9400,23000,26000,26000,27715,0,58,371.84820800964496,24.94423498865217,26344.75252998527,68856.65563774129
1769773822,200,,Aggregated,247.200000,0.000000,58,66,76,92,650,1200,3300,9400,23000,26000,26000,27977,0,58,368.88664254846657,24.94423498865217,26344.75252998527,68757.53754870071
1769773823,200,,Aggregated,248.300000,0.000000,58,65,75,91,650,1200,3200,9200,23000,26000,26000,28237,0,58,366.015562652429,24.94423498865217,26344.75252998527,68667.69904734922
1769773824,200,,Aggregated,247.800000,0.000000,58,65,75,91,640,1200,3200,9100,23000,26000,26000,28484,0,58,363.40050610079396,24.94423498865217,26344.75252998527,68590.50975986519
1769773825,200,,Aggregated,251.000000,0.000000,58,65,75,90,620,1100,3200,9100,23000,26000,26000,28745,0,58,360.6098717065533,24.94423498865217,26344.75252998527,68503.0683945034
1769773826,200,,Aggregated,247.900000,0.000000,58,65,75,89,610,1100,3100,9000,23000,26000,26000,28980,0,58,358.12791529479335,24.94423498865217,26344.75252998527,68414.46345755694
1769773827,200,,Aggregated,246.900000,0.000000,58,65,74,88,600,1100,3100,9000,23000,26000,26000,29236,0,58,355.4876956927131,24.94423498865217,26344.75252998527,68336.6608633192
1769773828,200,,Aggregated,245.000000,0.000000,58,65,74,88,600,1100,3000,9000,23000,26000,26000,29468,0,58,353.1318477939609,24.94423498865217,26344.75252998527,68272.27144699334
1769773829,200,,Aggregated,243.100000,0.000000,58,65,74,87,580,1100,3000,8900,23000,26000,26000,29706,0,58,350.7502327821962,24.94423498865217,26344.75252998527,68191.81054332458
1769773830,200,,Aggregated,245.000000,0.000000,58,65,74,86,550,1100,2900,8900,23000,26000,26000,29977,0,58,348.0980652676743,24.94423498865217,26344.75252998527,68126.21026120025
1769773831,200,,Aggregated,241.800000,0.000000,58,65,74,86,530,1100,2900,8800,23000,26000,26000,30216,0,58,345.7854120932002,24.94423498865217,26344.75252998527,68067.82419909982
1769773832,200,,Aggregated,242.100000,0.000000,58,65,73,85,510,1100,2800,8800,23000,26000,26000,30491,0,58,343.1658074422109,24.94423498865217,26344.75252998527,67993.29549703191
1769773833,200,,Aggregated,244.400000,0.000000,58,65,73,84,480,1100,2700,8700,23000,26000,26000,30756,0,58,340.6942602760606,24.94423498865217,26344.75252998527,67923.32917154377
1769773834,200,,Aggregated,244.100000,0.000000,58,65,73,84,470,1000,2700,8600,23000,26000,26000,30981,0,58,338.62408044399075,24.94423498865217,26344.75252998527,67860.04822310449
1769773835,200,,Aggregated,247.500000,0.000000,58,65,73,83,460,1000,2700,8500,22000,26000,26000,31247,0,58,336.2148712169514,24.94423498865217,26344.75252998527,67801.67564886229
1769773836,200,,Aggregated,248.200000,0.000000,58,64,73,83,450,1000,2600,8500,22000,26000,26000,31502,0,58,333.96403571530567,24.94423498865217,26344.75252998527,67744.31020252683
1769773837,200,,Aggregated,247.800000,0.000000,58,64,72,82,450,1000,2600,8400,22000,26000,26000,31733,0,58,331.931327562898,24.94423498865217,26344.75252998527,67668.43431128479
1769773838,200,,Aggregated,248.000000,0.000000,58,64,72,82,430,1000,2600,8400,22000,26000,26000,31998,0,58,329.65738465283056,24.94423498865217,26344.75252998527,67619.43499593725
1769773839,200,,Aggregated,249.800000,0.000000,58,64,72,81,420,1000,2500,8300,22000,26000,26000,32255,0,58,327.4944923831692,24.94423498865217,26344.75252998527,67560.03180902186
1769773840,200,,Aggregated,247.700000,0.000000,58,64,72,81,410,1000,2500,8200,22000,26000,26000,32514,0,58,325.3260599507685,24.94423498865217,26344.75252998527,67498.10269422403
1769773841,200,,Aggregated,250.700000,0.000000,57,64,72,81,390,1000,2500,8200,22000,26000,26000,32756,0,57,323.342424174813,24.94423498865217,26344.75252998527,67444.83157284162
1769773842,200,,Aggregated,250.600000,0.000000,57,64,72,80,380,1000,2500,8100,22000,26000,26000,33025,0,57,321.17700179180724,24.94423498865217,26344.75252998527,67371.44493565481
1769773843,200,,Aggregated,247.200000,0.000000,57,64,71,80,370,1000,2500,8100,22000,26000,26000,33279,0,57,319.15832665903855,24.94423498865217,26344.75252998527,67318.60728988251
1769773844,200,,Aggregated,248.400000,0.000000,57,64,71,80,350,1000,2400,7900,22000,26000,26000,33529,0,57,317.1838207556692,24.94423498865217,26344.75252998527,67257.75588296699
1769773845,200,,Aggregated,245.700000,0.000000,57,64,71,79,340,1000,2400,7800,22000,26000,26000,33774,0,57,315.2798800385439,24.94423498865217,26344.75252998527,67208.9042458696
1769773846,200,,Aggregated,249.100000,0.000000,57,64,71,79,330,1000,2400,7600,22000,26000,26000,34017,0,57,313.4140078525171,24.94423498865217,26344.75252998527,67155.77311344328
1769773847,200,,Aggregated,248.200000,0.000000,57,64,71,79,330,1000,2300,7600,22000,26000,26000,34254,0,57,311.64045494502756,24.94423498865217,26344.75252998527,67106.68672271851
1769773848,200,,Aggregated,248.800000,0.000000,57,64,71,78,320,1000,2300,7500,22000,26000,26000,34509,0,57,309.75795101510346,24.94423498865217,26344.75252998527,67043.15905995537
1769773849,200,,Aggregated,246.200000,0.000000,57,64,71,78,310,1000,2200,7400,22000,26000,26000,34754,0,57,307.98035316834455,24.94423498865217,26344.75252998527,66997.08986015998
1769773850,200,,Aggregated,246.600000,0.000000,57,64,71,78,300,1000,2200,7300,22000,26000,26000,34996,0,57,306.2480774751305,24.94423498865217,26344.75252998527,66937.84712538576
1769773851,200,,Aggregated,245.800000,0.000000,57,64,70,78,300,1000,2200,7100,22000,26000,26000,35231,0,57,304.5936256113057,24.94423498865217,26344.75252998527,66890.51491584117
1769773852,200,,Aggregated,244.200000,0.000000,57,64,70,78,290,1000,2200,6900,22000,26000,26000,35486,0,57,302.8138311440866,24.94423498865217,26344.75252998527,66848.7619906442
1769773853,200,,Aggregated,246.100000,0.000000,57,63,70,78,280,1000,2100,6800,22000,26000,26000,35729,0,57,301.13656169083407,24.94423498865217,26344.75252998527,66793.64712138599
1769773854,200,,Aggregated,244.300000,0.000000,57,63,70,77,280,1000,2100,6700,22000,26000,26000,35996,0,57,299.33826511819217,24.94423498865217,26344.75252998527,66743.57964773863
1769773855,200,,Aggregated,241.500000,0.000000,57,63,70,77,270,1000,2100,6700,22000,26000,26000,36241,0,57,297.702942854526,24.94423498865217,26344.75252998527,66691.92373278883
1769773857,200,,Aggregated,241.600000,0.000000,57,63,70,77,270,1000,2100,6600,22000,26000,26000,36490,0,57,296.0783385707194,24.94423498865217,26344.75252998527,66624.03842148534
1769773858,200,,Aggregated,242.000000,0.000000,57,63,70,77,260,1000,2100,6500,22000,26000,26000,36736,0,57,294.5147440305171,24.94423498865217,26344.75252998527,66592.87527221255
1769773859,200,,Aggregated,242.800000,0.000000,57,63,70,77,260,990,2000,6500,22000,26000,26000,36990,0,57,292.89665131949835,24.94423498865217,26344.75252998527,66536.10116247635
1769773860,200,,Aggregated,243.400000,0.000000,57,63,70,77,250,990,2000,6400,22000,26000,26000,37248,0,57,291.28456558815475,24.94423498865217,26344.75252998527,66492.53044458762
1769773861,200,,Aggregated,243.500000,0.000000,57,63,70,76,250,990,2000,6300,22000,26000,26000,37483,0,57,289.8197572502606,24.94423498865217,26344.75252998527,66440.75882400021
1769773862,200,,Aggregated,245.000000,0.000000,57,63,70,76,240,980,2000,6200,22000,26000,26000,37735,0,57,288.26708073702304,24.94423498865217,26344.75252998527,66391.46158738571
1769773863,200,,Aggregated,242.300000,0.000000,57,63,70,76,240,980,2000,6200,22000,26000,26000,38005,0,57,286.6252734125742,24.94423498865217,26344.75252998527,66342.11682673333
1769773864,200,,Aggregated,244.600000,0.000000,57,63,70,76,230,980,2000,6100,22000,26000,26000,38233,0,57,285.26823066161757,24.94423498865217,26344.75252998527,66305.67771297047
1769773865,200,,Aggregated,247.800000,0.000000,57,63,70,76,230,970,1900,6000,22000,26000,26000,38480,0,57,283.81248004384474,24.94423498865217,26344.75252998527,66257.33905925156
1769773866,200,,Aggregated,245.800000,0.000000,57,63,69,76,230,970,1900,5900,22000,26000,26000,38737,0,57,282.3111929700818,24.94423498865217,26344.75252998527,66227.20458476392
1769773867,200,,Aggregated,244.900000,0.000000,57,63,69,76,220,960,1900,5900,22000,26000,26000,39000,0,57,280.80235044847217,24.94423498865217,26344.75252998527,66172.33930769231
1769773868,200,,Aggregated,245.400000,0.000000,57,63,69,75,220,960,1900,5800,22000,26000,26000,39252,0,57,279.3572608787243,24.94423498865217,26344.75252998527,66142.7762152247
1769773869,200,,Aggregated,246.200000,0.000000,57,63,69,75,210,950,1900,5800,22000,26000,26000,39501,0,57,277.9699190499377,24.94423498865217,26344.75252998527,66103.8639021797
1769773870,200,,Aggregated,248.800000,0.000000,57,63,69,75,210,950,1800,5700,22000,26000,26000,39770,0,57,276.4932224329016,24.94423498865217,26344.75252998527,66075.3014835303
1769773871,200,,Aggregated,248.200000,0.000000,57,63,69,75,210,950,1800,5700,22000,26000,26000,39995,0,57,275.2692824793039,24.94423498865217,26344.75252998527,66058.20910113765
1769773872,200,,Aggregated,249.200000,0.000000,57,63,69,75,200,940,1800,5600,21000,26000,26000,40242,0,57,273.949530864147,24.94423498865217,26344.75252998527,66041.02639033845
1769773873,200,,Aggregated,248.100000,0.000000,57,63,69,75,200,940,1800,5600,21000,26000,26000,40469,0,57,272.79461880994705,24.94423498865217,26344.75252998527,66027.38960685958
1769773874,200,,Aggregated,246.200000,0.000000,57,63,69,75,200,930,1800,5500,21000,26000,26000,40707,0,57,271.7360111502314,24.94423498865217,26344.75252998527,66101.21767754931
1769773875,200,,Aggregated,243.600000,0.000000,57,63,69,75,200,910,1700,5500,21000,26000,26000,40932,0,57,270.6427064099656,24.94423498865217,26344.75252998527,66094.33465259455
1769773876,200,,Aggregated,243.200000,0.000000,57,63,69,76,200,900,1700,5400,21000,26000,26000,41144,0,57,269.85694978276734,24.94423498865217,26344.75252998527,66172.81516138441
1769773877,200,,Aggregated,241.000000,0.000000,57,63,70,76,200,890,1700,5300,21000,26000,26000,41372,0,57,269.0022946798576,24.94423498865217,26344.75252998527,66182.67606110412
1769773878,200,,Aggregated,237.500000,0.000000,57,63,70,76,200,890,1700,5300,21000,26000,26000,41585,0,57,268.41794074762936,24.94423498865217,26344.75252998527,66359.18088252976
1769773879,200,,Aggregated,232.100000,0.000000,57,64,70,77,200,890,1700,5300,21000,26000,26000,41793,0,57,267.87001967453097,24.94423498865217,26344.75252998527,66476.6001004953
1769773880,200,,Aggregated,229.000000,0.000000,57,64,70,77,200,890,1700,5200,21000,26000,26000,41963,0,57,267.528369407116,24.94423498865217,26344.75252998527,66563.56273383695
1769773881,200,,Aggregated,224.100000,0.000000,57,64,71,77,200,890,1700,5100,21000,26000,26000,42123,0,57,267.54732764343663,24.94423498865217,26344.75252998527,66656.97208176056
1769773882,200,,Aggregated,217.900000,0.000000,57,64,71,78,200,880,1700,5100,21000,26000,26000,42255,0,57,267.7394473094892,24.94423498865217,26344.75252998527,66786.9552715655
1769773883,200,,Aggregated,210.800000,0.000000,58,64,71,78,210,890,1700,5100,21000,26000,26000,42410,0,58,268.2615231981373,24.94423498865217,26344.75252998527,66904.3323272813
1769773884,200,,Aggregated,204.700000,0.000000,58,64,71,79,220,890,1700,5100,21000,26000,26000,42545,0,58,268.82836979871206,24.94423498865217,26344.75252998527,67032.13479844871
1769773885,200,,Aggregated,193.600000,0.000000,58,64,72,79,230,890,1700,5100,21000,26000,26000,42640,0,58,269.79122903279256,24.94423498865217,26344.75252998527,67237.9101782364
1769773886,200,,Aggregated,183.100000,0.000000,58,64,72,79,230,890,1700,5100,21000,26000,26000,42716,0,58,270.9149073859965,24.94423498865217,26344.75252998527,67373.08273246558
1769773887,200,,Aggregated,173.400000,0.000000,58,64,72,80,240,910,1800,5300,21000,26000,26000,42790,0,58,272.20421079612555,24.94423498865217,26344.75252998527,67530.54187894368
1769773888,200,,Aggregated,159.700000,0.000000,58,64,72,80,250,940,1800,5400,21000,26000,26000,42860,0,58,274.634520737639,24.94423498865217,26344.75252998527,67889.75459636025
1769773889,200,,Aggregated,147.500000,0.000000,58,64,72,81,250,950,1900,5500,21000,26000,26000,42936,0,58,276.0980529640857,24.94423498865217,26344.75252998527,68168.78912800447
1769773890,200,,Aggregated,130.000000,0.000000,58,65,72,81,260,960,2000,5600,21000,26000,26000,43009,0,58,278.61953244325866,24.94423498865217,26344.75252998527,68669.99246669302
1769773891,200,,Aggregated,117.600000,0.000000,58,65,72,81,260,960,2000,5600,21000,26000,26000,43072,0,58,280.11659677737606,24.94423498865217,26344.75252998527,69052.39642923477
1769773892,200,,Aggregated,104.500000,0.000000,58,65,73,81,270,970,2000,5700,21000,26000,26000,43157,0,58,281.9102886323265,24.94423498865217,26344.75252998527,69349.857751929
1769773893,200,,Aggregated,96.700000,0.000000,58,65,73,82,270,970,2100,5800,21000,26000,26000,43219,0,58,283.3367848660597,24.94423498865217,26344.75252998527,69598.92852680534
1769773895,200,,Aggregated,86.500000,0.000000,58,65,73,82,280,980,2100,5900,21000,26000,26000,43303,0,58,286.02258403586615,24.94423498865217,26344.75252998527,69873.88393413852
1769773896,200,,Aggregated,76.300000,0.000000,58,65,73,83,290,980,2100,6100,21000,26000,26000,43398,0,58,287.98432218200173,24.94423498865217,26344.75252998527,70116.92854509424
1769773897,200,,Aggregated,76.300000,0.000000,58,65,73,83,290,990,2200,6200,21000,26000,26000,43472,0,58,289.92998550178334,24.94423498865217,26344.75252998527,70277.90021163048
1769773898,200,,Aggregated,72.300000,0.000000,58,65,73,84,300,990,2200,6300,21000,26000,26000,43592,0,58,291.74770400260206,24.94423498865217,26344.75252998527,70490.84341163516
1769773899,200,,Aggregated,72.700000,0.000000,58,65,74,84,310,1000,2200,6300,21000,26000,26000,43710,0,58,293.0295187616769,24.94423498865217,26344.75252998527,70638.46211393274
1769773900,200,,Aggregated,76.100000,0.000000,58,65,74,85,320,1000,2200,6500,21000,26000,26000,43795,0,58,296.2008667466115,24.94423498865217,26344.75252998527,70781.4593675077
1769773902,200,,Aggregated,80.100000,0.000000,58,65,74,85,340,1000,2300,6700,21000,26000,26000,43919,0,58,301.7030421277098,24.94423498865217,26344.75252998527,70919.29212869145
1769773903,200,,Aggregated,83.700000,0.000000,58,65,74,86,380,1000,2400,7000,21000,26000,26000,44073,0,58,306.9082988125166,24.94423498865217,26344.75252998527,71147.61026025005
1769773904,200,,Aggregated,84.000000,0.000000,58,65,75,87,420,1000,2500,7200,21000,26000,26000,44206,0,58,310.9350901442832,24.94423498865217,26344.75252998527,71247.03302719088
1769773906,200,,Aggregated,88.000000,0.000000,58,66,75,88,440,1000,2500,7300,21000,26000,26000,44336,0,58,312.59503654107,24.94423498865217,26344.75252998527,71343.82213099964
1769773908,200,,Aggregated,97.200000,0.000000,58,66,76,90,490,1000,2500,7200,21000,26000,26000,44540,0,58,315.5148379891888,24.94423498865217,26344.75252998527,71304.3034351145
1769773910,200,,Aggregated,95.100000,0.000000,58,66,76,92,530,1000,2500,7200,21000,26000,26000,44680,0,58,317.4535489361696,24.94423498865217,26344.75252998527,71363.68375111907
1769773911,200,,Aggregated,93.900000,0.000000,58,66,77,96,550,1000,2400,7000,21000,26000,26000,45035,0,58,319.1260275674311,24.94423498865217,26344.75252998527,71338.84158987454
1769773912,200,,Aggregated,93.900000,0.000000,59,66,77,96,550,1000,2400,7000,21000,26000,26000,45072,0,59,319.00223843466506,24.94423498865217,26344.75252998527,71353.58242367767
1769773913,200,,Aggregated,109.800000,0.000000,59,67,78,100,550,1000,2400,6900,21000,26000,26000,45357,0,59,319.4514231002285,24.94423498865217,26344.75252998527,71229.31432854907
1769773914,200,,Aggregated,115.300000,0.000000,59,67,79,100,550,1000,2400,6900,21000,26000,26000,45470,0,59,319.2963404513979,24.94423498865217,26344.75252998527,71274.64607433473
1769773916,200,,Aggregated,108.900000,0.000000,59,67,79,110,550,1000,2400,6900,21000,26000,26000,45650,0,59,319.77057297909204,24.94423498865217,26344.75252998527,71256.75213581599
1769773917,200,,Aggregated,124.000000,0.000000,59,67,80,110,550,1000,2300,6800,21000,26000,26000,45931,0,59,319.78337670562377,24.94423498865217,26344.75252998527,71195.00023948967
1769773918,200,,Aggregated,131.400000,0.000000,59,67,81,110,540,1000,2300,6800,21000,26000,26000,46166,0,59,318.69602104900326,24.94423498865217,26344.75252998527,71155.02374041502
1769773919,200,,Aggregated,148.400000,0.000000,59,68,81,110,540,1000,2300,6700,21000,26000,26000,46406,0,59,317.4663552655777,24.94423498865217,26344.75252998527,71080.20021117959
1769773920,200,,Aggregated,156.300000,0.000000,59,68,81,110,530,1000,2200,6700,21000,26000,26000,46679,0,59,316.01194339459016,24.94423498865217,26344.75252998527,71021.89802695002
1769773921,200,,Aggregated,174.500000,0.000000,59,67,80,110,520,1000,2200,6700,21000,26000,26000,46934,0,59,314.61605704551664,24.94423498865217,26344.75252998527,70948.34716836408
1769773922,200,,Aggregated,190.000000,0.000000,59,68,80,110,510,1000,2200,6600,21000,26000,26000,47182,0,59,313.4401619961063,24.94423498865217,26344.75252998527,70880.9515069306
1769773923,200,,Aggregated,189.100000,0.000000,59,67,80,110,500,1000,2200,6600,21000,26000,26000,47412,0,59,312.227240677089,24.94423498865217,26344.75252998527,70820.8632835569
1769773924,200,,Aggregated,197.600000,0.000000,59,67,80,110,490,1000,2200,6500,21000,26000,26000,47707,0,59,310.6926872807163,24.94423498865217,26344.75252998527,70751.61121009495
1769773925,200,,Aggregated,217.400000,0.000000,59,67,80,110,490,1000,2200,6500,21000,26000,26000,47950,0,59,309.4014196851736,24.94423498865217,26344.75252998527,70681.142544317
1769773926,200,,Aggregated,210.900000,0.000000,59,67,80,110,480,1000,2100,6500,21000,26000,26000,48213,0,59,308.0570638467109,24.94423498865217,26344.75252998527,70614.32169746749
1769773927,200,,Aggregated,230.400000,0.000000,59,67,79,100,480,1000,2100,6500,21000,26000,26000,48489,0,59,306.6330411733158,24.94423498865217,26344.75252998527,70548.68353647219
1769773928,200,,Aggregated,242.300000,0.000000,59,67,79,100,470,1000,2100,6400,21000,26000,26000,48727,0,59,305.40733935051344,24.94423498865217,26344.75252998527,70493.63814722844
1769773929,200,,Aggregated,242.900000,0.000000,59,67,79,100,470,1000,2100,6400,21000,26000,26000,49012,0,59,303.98359846158087,24.94423498865217,26344.75252998527,70419.77421855873
1769773930,200,,Aggregated,247.300000,0.000000,59,67,79,100,470,1000,2100,6300,21000,26000,26000,49252,0,59,302.7790557310782,24.94423498865217,26344.75252998527,70366.98696499635
1769773931,200,,Aggregated,247.100000,0.000000,59,67,78,100,470,1000,2100,6300,21000,26000,26000,49497,0,59,301.5605244652572,24.94423498865217,26344.75252998527,70309.16497969574
1769773932,200,,Aggregated,252.100000,0.000000,59,67,78,100,460,1000,2000,6300,21000,26000,26000,49744,0,59,300.33844215434385,24.94423498865217,26344.75252998527,70259.07448134449
1769773933,200,,Aggregated,249.300000,0.000000,59,67,78,99,460,990,2000,6200,21000,26000,26000,49992,0,59,299.1237470016756,24.94423498865217,26344.75252998527,70195.97033525365
1769773934,200,,Aggregated,252.900000,0.000000,59,67,78,98,450,990,2000,6200,21000,25000,26000,50269,0,59,297.78847727540335,24.94423498865217,26344.75252998527,70138.35632298235
1769773935,200,,Aggregated,251.100000,0.000000,59,67,78,98,450,990,2000,6200,21000,25000,26000,50508,0,59,296.63394053373537,24.94423498865217,26344.75252998527,70080.27538211769
1769773936,200,,Aggregated,251.300000,0.000000,59,66,77,97,450,990,2000,6100,21000,25000,26000,50773,0,59,295.3693894622875,24.94423498865217,26344.75252998527,70027.97439584031
1769773937,200,,Aggregated,250.400000,0.000000,58,66,77,96,440,980,2000,6000,20000,25000,26000,51027,0,58,294.17244932527063,24.94423498865217,26344.75252998527,69972.74488016148
1769773938,200,,Aggregated,248.900000,0.000000,58,66,77,95,440,980,2000,6000,20000,25000,26000,51295,0,58,292.9511786348828,24.94423498865217,26344.75252998527,69922.11515742276
1769773939,200,,Aggregated,248.000000,0.000000,58,66,77,94,440,980,2000,5900,20000,25000,26000,51531,0,58,291.86769875326013,24.94423498865217,26344.75252998527,69873.05813976053
1769773940,200,,Aggregated,249.300000,0.000000,58,66,77,94,430,970,2000,5900,20000,25000,26000,51790,0,58,290.7015303606982,24.94423498865217,26344.75252998527,69825.92556478085
1769773941,200,,Aggregated,249.100000,0.000000,58,66,77,94,430,970,1900,5800,20000,25000,26000,52053,0,58,289.5969453577127,24.94423498865217,26344.75252998527,69774.10389410793
1769773942,200,,Aggregated,246.000000,0.000000,58,66,77,93,430,970,1900,5800,20000,25000,26000,52302,0,58,288.47746519363545,24.94423498865217,26344.75252998527,69724.01202630874
1769773943,200,,Aggregated,247.200000,0.000000,58,66,76,93,420,970,1900,5800,20000,25000,26000,52575,0,58,287.2757819823679,24.94423498865217,26344.75252998527,69671.19811697575
1769773944,200,,Aggregated,249.100000,0.000000,58,66,76,92,420,960,1900,5800,20000,25000,26000,52805,0,58,286.266282003493,24.94423498865217,26344.75252998527,69626.8969605151
1769773946,200,,Aggregated,251.700000,0.000000,58,66,76,91,410,960,1900,5700,20000,25000,26000,53056,0,58,285.18204306307564,24.94423498865217,26344.75252998527,69584.42862258745
1769773947,200,,Aggregated,248.200000,0.000000,58,66,76,91,410,960,1900,5700,20000,25000,26000,53315,0,58,284.0745159727105,24.94423498865217,26344.75252998527,69543.03644377754
1769773948,200,,Aggregated,249.200000,0.000000,58,66,76,90,410,950,1900,5700,20000,25000,26000,53552,0,58,283.06779220469423,24.94423498865217,26344.75252998527,69497.9156147296
1769773949,200,,Aggregated,249.300000,0.000000,58,66,76,90,400,950,1800,5600,20000,25000,26000,53824,0,58,281.92035997440155,24.94423498865217,26344.75252998527,69447.46395659928
1769773950,200,,Aggregated,247.100000,0.000000,58,66,75,89,400,950,1800,5600,20000,25000,26000,54076,0,58,280.8653288630179,24.94423498865217,26344.75252998527,69407.7976736445
1769773951,200,,Aggregated,247.700000,0.000000,58,66,75,89,400,950,1800,5600,20000,25000,26000,54338,0,58,279.78468158919867,24.94423498865217,26344.75252998527,69355.78860097905
1769773952,200,,Aggregated,249.200000,0.000000,58,66,75,89,400,940,1800,5600,20000,25000,26000,54596,0,58,278.72556653282066,24.94423498865217,26344.75252998527,69317.31932742326
1769773953,200,,Aggregated,249.400000,0.000000,58,66,75,88,390,940,1800,5600,20000,25000,26000,54843,0,58,277.7127712669055,24.94423498865217,26344.75252998527,69274.34130153347
1769773954,200,,Aggregated,249.700000,0.000000,58,66,75,88,390,940,1800,5500,20000,25000,26000,55089,0,58,276.7125319789845,24.94423498865217,26344.75252998527,69228.48917206701
1769773955,200,,Aggregated,247.600000,0.000000,58,65,75,88,390,940,1800,5500,20000,25000,26000,55359,0,58,275.62998168565264,24.94423498865217,26344.75252998527,69180.2736321104
1769773956,200,,Aggregated,245.600000,0.000000,58,65,75,87,380,930,1700,5500,20000,25000,26000,55599,0,58,274.66933961908126,24.94423498865217,26344.75252998527,69141.45151891222
1769773957,200,,Aggregated,250.200000,0.000000,58,65,74,87,380,930,1700,5500,20000,25000,26000,55857,0,58,273.6462938223374,24.94423498865217,26344.75252998527,69097.7598510482
1769773958,200,,Aggregated,249.800000,0.000000,58,65,74,86,370,930,1700,5500,20000,25000,26000,56137,0,58,272.55104263890786,24.94423498865217,26344.75252998527,69051.53248303258
1769773959,200,,Aggregated,247.500000,0.000000,58,65,74,86,360,920,1700,5400,20000,25000,26000,56382,0,58,271.5925213098595,24.94423498865217,26344.75252998527,69013.34970380618
1769773960,200,,Aggregated,252.200000,0.000000,58,65,74,86,360,910,1700,5400,20000,25000,26000,56652,0,58,270.556124427855,24.94423498865217,26344.75252998527,68965.61501800465
1769773961,200,,Aggregated,249.000000,0.000000,58,65,74,85,350,910,1700,5300,20000,25000,26000,56895,0,58,269.64350326190606,24.94423498865217,26344.75252998527,68922.36011951842
1769773962,200,,Aggregated,250.100000,0.000000,58,65,74,85,350,900,1700,5300,20000,25000,26000,57134,0,58,268.74614728017133,24.94423498865217,26344.75252998527,68880.7588826268
1769773963,200,,Aggregated,250.400000,0.000000,58,65,74,85,350,900,1700,5300,20000,25000,26000,57376,0,58,267.8387621230627,24.94423498865217,26344.75252998527,68849.71488078639
1769773964,200,,Aggregated,246.300000,0.000000,58,65,74,85,350,890,1700,5300,20000,25000,26000,57626,0,58,266.92141608104265,24.94423498865217,26344.75252998527,68807.15609273592
1769773965,200,,Aggregated,248.500000,0.000000,58,65,73,84,340,890,1700,5200,20000,25000,26000,57881,0,58,265.99801826989574,24.94423498865217,26344.75252998527,68766.7759886664
1769773966,200,,Aggregated,247.600000,0.000000,58,65,73,84,340,890,1700,5200,19000,25000,26000,58119,0,58,265.1466496918343,24.94423498865217,26344.75252998527,68722.22994201552
1769773967,200,,Aggregated,245.000000,0.000000,58,65,73,84,340,890,1600,5100,19000,25000,26000,58363,0,58,264.2702533796275,24.94423498865217,26344.75252998527,68686.83734557853
1769773968,200,,Aggregated,244.900000,0.000000,58,65,73,84,330,880,1600,5100,19000,25000,26000,58629,0,58,263.32723516620473,24.94423498865217,26344.75252998527,68644.17719899709
1769773969,200,,Aggregated,246.300000,0.000000,58,65,73,83,330,880,1600,5000,19000,25000,26000,58871,0,58,262.4761951519506,24.94423498865217,26344.75252998527,68607.1339538992
1769773970,200,,Aggregated,244.800000,0.000000,58,65,73,83,330,880,1600,5000,19000,25000,26000,59149,0,58,261.5260726511817,24.94423498865217,26344.75252998527,68567.0345737037
1769773971,200,,Aggregated,245.400000,0.000000,58,65,73,83,330,870,1600,5000,19000,25000,26000,59421,0,58,260.5890019507106,24.94423498865217,26344.75252998527,68526.19981151445
1769773972,200,,Aggregated,248.200000,0.000000,58,65,73,83,320,870,1600,5000,19000,25000,26000,59680,0,58,259.726045032214,24.94423498865217,26344.75252998527,68486.32039209115
1769773973,200,,Aggregated,246.300000,0.000000,58,65,73,82,320,870,1600,4900,19000,25000,26000,59932,0,58,258.87191742098514,24.94423498865217,26344.75252998527,68446.75864312888
1769773974,200,,Aggregated,248.700000,0.000000,58,65,73,82,320,870,1600,4900,19000,25000,26000,60170,0,58,258.0760092191035,24.94423498865217,26344.75252998527,68407.43269070965
1769773975,200,,Aggregated,248.100000,0.000000,58,65,73,82,310,860,1600,4900,19000,25000,26000,60438,0,58,257.1852834018802,24.94423498865217,26344.75252998527,68371.63286343029
1769773976,200,,Aggregated,248.900000,0.000000,58,65,73,82,310,860,1600,4800,19000,25000,26000,60689,0,58,256.35330724419026,24.94423498865217,26344.75252998527,68342.85223022294
1769773977,200,,Aggregated,249.700000,0.000000,58,64,72,82,310,860,1600,4800,19000,25000,26000,60935,0,58,255.5553690210896,24.94423498865217,26344.75252998527,68309.57845244934
1769773978,200,,Aggregated,250.600000,0.000000,58,64,72,81,300,860,1600,4800,19000,25000,26000,61200,0,58,254.70543103901164,24.94423498865217,26344.75252998527,68275.13161764706
1769773979,200,,Aggregated,250.500000,0.000000,58,64,72,81,300,860,1500,4700,19000,25000,26000,61449,0,58,253.91030824935774,24.94423498865217,26344.75252998527,68243.88725609855
1769773980,200,,Aggregated,249.000000,0.000000,58,64,72,81,300,850,1500,4700,19000,25000,26000,61665,0,58,253.2343614192837,24.94423498865217,26344.75252998527,68222.6881861672
1769773981,200,,Aggregated,251.100000,0.000000,58,64,72,81,300,850,1500,4600,19000,25000,26000,61922,0,58,252.53464035832513,24.94423498865217,26344.75252998527,68229.10476082814
1769773982,200,,Aggregated,244.800000,0.000000,58,65,72,81,290,850,1500,4600,19000,25000,26000,62133,0,58,251.97474100650177,24.94423498865217,26344.75252998527,68248.61862456343
1769773983,200,,Aggregated,244.400000,0.000000,58,65,72,81,290,850,1500,4600,19000,25000,26000,62365,0,58,251.43954594017666,24.94423498865217,26344.75252998527,68292.79950292633
1769773984,200,,Aggregated,245.500000,0.000000,58,65,72,81,290,850,1500,4600,19000,25000,26000,62611,0,58,250.75153996622714,24.94423498865217,26344.75252998527,68315.9489865998
1769773985,200,,Aggregated,240.300000,0.000000,58,65,73,81,290,850,1500,4600,19000,25000,26000,62867,0,58,250.04600042812882,24.94423498865217,26344.75252998527,68313.39807848315
1769773986,200,,Aggregated,239.200000,0.000000,58,65,73,82,280,840,1500,4500,19000,25000,26000,63079,0,58,249.51881788040203,24.94423498865217,26344.75252998527,68328.9747935129
1769773987,200,,Aggregated,237.600000,0.000000,58,65,73,82,280,840,1500,4500,19000,25000,26000,63290,0,58,248.98992585890616,24.94423498865217,26344.75252998527,68331.01641649549
1769773988,200,,Aggregated,236.800000,0.000000,58,65,73,82,280,840,1500,4500,19000,25000,26000,63484,0,58,248.60948354825666,24.94423498865217,26344.75252998527,68382.77038308865
1769773990,200,,Aggregated,229.500000,0.000000,58,65,73,83,280,840,1500,4500,19000,25000,26000,63681,0,58,248.35721437415674,24.94423498865217,26344.75252998527,68407.05921703491
1769773991,200,,Aggregated,222.600000,0.000000,58,65,73,83,280,840,1500,4500,19000,25000,26000,63846,0,58,248.3854815277499,24.94423498865217,26344.75252998527,68504.49564577264
1769773992,200,,Aggregated,219.400000,0.000000,58,65,73,84,290,840,1500,4400,19000,25000,26000,64041,0,58,248.45173004313878,24.94423498865217,26344.75252998527,68613.70254992894
1769773993,200,,Aggregated,213.000000,0.000000,58,65,74,84,290,840,1500,4400,19000,25000,26000,64205,0,58,248.53971323693585,24.94423498865217,26344.75252998527,68724.67530566156
1769773994,200,,Aggregated,206.000000,0.000000,58,65,74,85,290,840,1500,4400,19000,25000,26000,64344,0,58,248.78165754508126,24.94423498865217,26344.75252998527,68900.99841477061
1769773995,200,,Aggregated,202.100000,0.000000,58,65,74,85,290,840,1500,4400,19000,25000,26000,64457,0,58,249.27415733110078,24.94423498865217,26344.75252998527,69057.78129605783
1769773996,200,,Aggregated,193.500000,0.000000,58,65,74,86,300,840,1500,4400,19000,25000,26000,64565,0,58,250.0374501888811,24.94423498865217,26344.75252998527,69231.19649965152
1769773997,200,,Aggregated,180.900000,0.000000,58,65,74,86,310,850,1600,4500,19000,25000,26000,64679,0,58,250.96843299513,24.94423498865217,26344.75252998527,69416.07396527467
1769773998,200,,Aggregated,168.000000,0.000000,58,65,74,86,310,850,1600,4500,19000,25000,26000,64774,0,58,251.757809643304,24.94423498865217,26344.75252998527,69554.71672275913
1769773999,200,,Aggregated,155.100000,0.000000,58,65,75,87,320,850,1600,4500,19000,25000,26000,64893,0,58,253.02423427164103,24.94423498865217,26344.75252998527,69679.12742514601
1769774000,200,,Aggregated,145.100000,0.000000,58,65,75,87,320,860,1600,4500,19000,25000,26000,64993,0,58,254.25378803499257,24.94423498865217,26344.75252998527,69853.48285199945
1769774001,200,,Aggregated,137.600000,0.000000,58,66,75,87,330,860,1700,4500,19000,25000,26000,65067,0,58,255.07245362316064,24.94423498865217,26344.75252998527,70011.75457605238
1769774002,200,,Aggregated,126.900000,0.000000,58,66,75,88,330,870,1700,4500,19000,25000,26000,65123,0,58,256.17391830420974,24.94423498865217,26344.75252998527,70155.25451837292
1769774003,200,,Aggregated,118.800000,0.000000,58,66,75,88,330,880,1700,4500,19000,25000,26000,65203,0,58,257.3408892261703,24.94423498865217,26344.75252998527,70292.52905541156
1769774004,200,,Aggregated,106.500000,0.000000,58,66,75,88,340,880,1800,4500,19000,25000,26000,65292,0,58,258.2730701643342,24.94423498865217,26344.75252998527,70346.5617993016
1769774005,200,,Aggregated,97.100000,0.000000,58,66,75,89,340,890,1800,4600,19000,25000,26000,65402,0,58,260.74549392099055,24.94423498865217,26344.75252998527,70507.62993486438
1769774006,200,,Aggregated,92.800000,0.000000,58,66,75,89,350,910,1900,4600,19000,25000,26000,65546,0,58,262.3883406544168,24.94423498865217,26344.75252998527,70607.9343667043
1769774008,200,,Aggregated,88.500000,0.000000,58,66,76,90,350,910,1900,4600,19000,25000,26000,65605,0,58,263.05779888907284,24.94423498865217,26344.75252998527,70684.04524045423
1769774009,200,,Aggregated,91.700000,0.000000,58,66,76,91,360,930,1900,4600,19000,25000,26000,65760,0,58,265.12437274391283,24.94423498865217,26344.75252998527,70799.5346259124
1769774010,200,,Aggregated,85.900000,0.000000,58,66,76,91,380,940,2000,4700,19000,25000,26000,65873,0,58,267.13374560575477,24.94423498865217,26344.75252998527,70973.3260364641
1769774011,200,,Aggregated,86.400000,0.000000,58,66,76,93,390,940,2000,4700,19000,25000,26000,66049,0,58,268.57529436609934,24.94423498865217,26344.75252998527,71120.61458916865
1769774013,200,,Aggregated,86.500000,0.000000,58,66,77,93,390,940,2000,4700,19000,25000,26000,66122,0,58,269.3105074876221,24.94423498865217,26344.75252998527,71162.97968905962
1769774014,200,,Aggregated,90.000000,0.000000,58,66,77,94,400,950,2000,4800,19000,25000,26000,66200,0,58,271.523890926319,24.94423498865217,26344.75252998527,71382.55738670695
1769774016,200,,Aggregated,96.800000,0.000000,58,66,77,95,420,990,2000,4800,19000,25000,26000,66430,0,58,274.8645078694892,24.94423498865217,26344.75252998527,71522.1474183351
1769774017,200,,Aggregated,94.300000,0.000000,58,67,77,96,430,980,2000,4700,19000,25000,26000,66556,0,58,275.49935848055827,24.94423498865217,26344.75252998527,71533.06647034077
1769774018,200,,Aggregated,101.600000,0.000000,58,67,78,98,440,980,2000,4700,19000,25000,26000,66863,0,58,275.2309983845965,24.94423498865217,26344.75252998527,71537.8102089347
1769774019,200,,Aggregated,99.500000,0.000000,59,67,78,98,440,980,2000,4700,19000,25000,26000,67040,0,59,274.8286510204404,24.94423498865217,26344.75252998527,71524.95269988067
1769774021,200,,Aggregated,113.100000,0.000000,59,67,78,99,440,980,2000,4700,19000,25000,26000,67148,0,59,275.0734961030594,24.94423498865217,26344.75252998527,71486.79157979389
1769774022,200,,Aggregated,123.700000,0.000000,59,67,79,100,450,980,2000,4700,19000,25000,26000,67455,0,59,275.87430894995236,24.94423498865217,26344.75252998527,71562.09228374471
1769774023,200,,Aggregated,121.800000,0.000000,59,67,79,100,450,980,2000,4700,19000,25000,26000,67554,0,59,275.94827991051255,24.94423498865217,26344.75252998527,71518.12863783048
1769774024,200,,Aggregated,121.800000,0.000000,59,67,79,100,460,970,2000,4700,19000,25000,26000,67674,0,59,276.34812439169764,24.94423498865217,26344.75252998527,71495.42848065727
1769774025,200,,Aggregated,139.200000,0.000000,59,67,80,110,470,970,2000,4600,19000,25000,26000,67857,0,59,277.3852741918972,24.94423498865217,26344.75252998527,71447.88220817308
1769774027,200,,Aggregated,147.400000,0.000000,59,68,81,110,490,970,1900,4600,19000,25000,26000,68073,0,59,278.31763097449914,24.94423498865217,26344.75252998527,71430.77928106592
1769774028,200,,Aggregated,151.000000,0.000000,59,68,81,110,480,970,1900,4600,19000,25000,26000,68390,0,59,277.6381552873918,24.94423498865217,26344.75252998527,71383.50324608861
1769774029,200,,Aggregated,151.000000,0.000000,59,68,81,110,480,970,1900,4600,19000,25000,26000,68565,0,59,277.10598187780573,24.94423498865217,26344.75252998527,71333.01503682637
1769774030,200,,Aggregated,163.700000,0.000000,59,68,81,110,480,960,1900,4600,19000,25000,26000,68862,0,59,276.2738599946791,24.94423498865217,26344.75252998527,71296.19955853737
1769774031,200,,Aggregated,161.500000,0.000000,59,68,81,110,480,960,1900,4600,18000,25000,26000,69079,0,59,275.6900328530607,24.94423498865217,26344.75252998527,71273.38587703933
1769774032,200,,Aggregated,178.700000,0.000000,59,68,82,110,470,960,1900,4500,18000,25000,26000,69364,0,59,275.0152066133904,24.94423498865217,26344.75252998527,71218.6646675509
1769774033,200,,Aggregated,192.400000,0.000000,59,68,81,110,470,960,1900,4500,18000,25000,26000,69618,0,59,274.2625093391241,24.94423498865217,26344.75252998527,71172.66383693872
1769774034,200,,Aggregated,190.000000,0.000000,59,68,81,110,470,960,1900,4500,18000,25000,26000,69877,0,59,273.47917794575784,24.94423498865217,26344.75252998527,71117.15359846587
1769774035,200,,Aggregated,203.800000,0.000000,59,68,81,110,470,950,1900,4500,18000,25000,26000,70126,0,59,272.7477612680698,24.94423498865217,26344.75252998527,71077.4445997205
1769774036,200,,Aggregated,212.500000,0.000000,59,68,81,110,460,950,1900,4400,18000,25000,26000,70374,0,59,271.9848522711079,24.94423498865217,26344.75252998527,71035.68518202746
1769774037,200,,Aggregated,229.400000,0.000000,59,68,81,110,460,950,1800,4400,18000,25000,26000,70608,0,59,271.2857890552199,24.94423498865217,26344.75252998527,70994.75453206435
1769774038,200,,Aggregated,235.700000,0.000000,59,68,81,110,460,950,1800,4400,18000,25000,26000,70869,0,59,270.4915948607893,24.94423498865217,26344.75252998527,70951.77545894538
1769774039,200,,Aggregated,245.500000,0.000000,59,68,80,110,450,950,1800,4400,18000,25000,26000,71112,0,59,269.7640156688996,24.94423498865217,26344.75252998527,70906.02292158848
1769774040,200,,Aggregated,240.300000,0.000000,59,68,80,110,450,940,1800,4300,18000,25000,26000,71362,0,59,269.03117846640697,24.94423498865217,26344.75252998527,70870.22981418682
1769774041,200,,Aggregated,246.500000,0.000000,59,67,80,110,450,940,1800,4300,18000,25000,26000,71604,0,59,268.31283765833933,24.94423498865217,26344.75252998527,70823.91330093291
1769774042,200,,Aggregated,245.800000,0.000000,59,67,80,110,450,940,1800,4300,18000,25000,26000,71872,0,59,267.5196454216735,24.94423498865217,26344.75252998527,70784.62164681657
1769774043,200,,Aggregated,244.300000,0.000000,59,67,80,110,440,940,1800,4200,18000,25000,26000,72130,0,59,266.763522579616,24.94423498865217,26344.75252998527,70741.10456120892
1769774044,200,,Aggregated,245.500000,0.000000,59,67,80,100,440,940,1800,4200,18000,25000,26000,72399,0,59,265.9828303119445,24.94423498865217,26344.75252998527,70700.0723490656
1769774045,200,,Aggregated,247.600000,0.000000,59,67,79,100,440,930,1800,4200,18000,25000,26000,72645,0,59,265.27933089080216,24.94423498865217,26344.75252998527,70660.1129189896
1769774046,200,,Aggregated,248.800000,0.000000,59,67,79,100,440,930,1800,4200,18000,25000,26000,72914,0,59,264.50195052904326,24.94423498865217,26344.75252998527,70616.232945662
1769774047,200,,Aggregated,246.000000,0.000000,59,67,79,100,430,930,1800,4200,18000,25000,26000,73173,0,59,263.75586899495585,24.94423498865217,26344.75252998527,70578.81672201495
1769774048,200,,Aggregated,248.100000,0.000000,59,67,79,100,430,930,1800,4200,18000,25000,26000,73432,0,59,263.0191548546394,24.94423498865217,26344.75252998527,70540.24240113301
1769774049,200,,Aggregated,248.600000,0.000000,59,67,79,100,430,920,1800,4200,18000,25000,26000,73677,0,59,262.32706337227853,24.94423498865217,26344.75252998527,70501.7032588189
1769774050,200,,Aggregated,249.600000,0.000000,59,67,79,100,430,920,1700,4200,18000,25000,26000,73944,0,59,261.57654007597114,24.94423498865217,26344.75252998527,70462.63107216272
1769774051,200,,Aggregated,247.200000,0.000000,59,67,78,100,420,910,1700,4100,18000,25000,26000,74196,0,59,260.8734447578508,24.94423498865217,26344.75252998527,70427.25336945387
1769774052,200,,Aggregated,247.500000,0.000000,59,67,78,99,420,910,1700,4100,18000,25000,26000,74458,0,59,260.1494571109152,24.94423498865217,26344.75252998527,70388.2602406726
1769774053,200,,Aggregated,248.800000,0.000000,59,67,78,99,420,900,1700,4100,18000,25000,26000,74704,0,59,259.48257381243417,24.94423498865217,26344.75252998527,70352.4213696723
1769774054,200,,Aggregated,249.500000,0.000000,59,67,78,99,410,890,1700,4100,18000,25000,26000,74966,0,59,258.78196647812183,24.94423498865217,26344.75252998527,70319.0973641384
1769774055,200,,Aggregated,248.400000,0.000000,58,67,78,98,410,890,1700,4100,17000,25000,26000,75213,0,58,258.11225154405287,24.94423498865217,26344.75252998527,70286.28847406698
1769774056,200,,Aggregated,249.800000,0.000000,58,67,78,98,410,890,1700,4100,17000,25000,26000,75459,0,58,257.45835900429796,24.94423498865217,26344.75252998527,70252.5374044183
1769774057,200,,Aggregated,250.500000,0.000000,58,67,78,97,410,890,1700,4000,17000,25000,26000,75701,0,58,256.8530153023992,24.94423498865217,26344.75252998527,70205.23635090685
1769774058,200,,Aggregated,247.200000,0.000000,58,67,78,97,400,890,1700,4000,17000,25000,26000,75931,0,58,256.2472696927634,24.94423498865217,26344.75252998527,70184.69145671728
1769774059,200,,Aggregated,248.400000,0.000000,58,67,78,96,400,880,1700,4000,17000,25000,26000,76175,0,58,255.61162137946752,24.94423498865217,26344.75252998527,70154.87716442402
1769774060,200,,Aggregated,246.500000,0.000000,58,67,77,96,400,880,1700,4000,17000,25000,26000,76424,0,58,254.96385839584838,24.94423498865217,26344.75252998527,70122.00845284204
1769774061,200,,Aggregated,246.100000,0.000000,58,67,77,96,400,880,1700,4000,17000,25000,26000,76685,0,58,254.2879003562223,24.94423498865217,26344.75252998527,70084.90266675361
1769774062,200,,Aggregated,242.400000,0.000000,58,66,77,95,400,880,1700,3900,17000,25000,26000,76945,0,58,253.61326893384992,24.94423498865217,26344.75252998527,70055.02314640327
1769774064,200,,Aggregated,241.300000,0.000000,58,66,77,95,390,870,1700,3900,17000,25000,26000,77181,0,58,253.00527152511927,24.94423498865217,26344.75252998527,70020.37598631787
1769774065,200,,Aggregated,243.300000,0.000000,58,66,77,94,390,870,1700,3900,17000,25000,26000,77450,0,58,252.32314729544456,24.94423498865217,26344.75252998527,69984.0868689477
1769774066,200,,Aggregated,239.300000,0.000000,58,66,77,94,390,870,1700,3900,17000,25000,26000,77708,0,58,251.68066972521518,24.94423498865217,26344.75252998527,69947.00586812169
1769774067,200,,Aggregated,242.800000,0.000000,58,66,77,94,390,870,1700,3900,17000,25000,26000,77968,0,58,251.02720095081997,24.94423498865217,26344.75252998527,69917.39968961626
1769774068,200,,Aggregated,244.000000,0.000000,58,66,77,93,390,870,1700,3800,17000,25000,26000,78215,0,58,250.40314092520333,24.94423498865217,26344.75252998527,69882.28309147862
1769774069,200,,Aggregated,244.800000,0.000000,58,66,77,93,380,860,1700,3800,17000,25000,26000,78449,0,58,249.81466943863364,24.94423498865217,26344.75252998527,69851.8213361547
1769774070,200,,Aggregated,245.600000,0.000000,58,66,76,93,380,860,1600,3800,17000,25000,26000,78717,0,58,249.15658150042407,24.94423498865217,26344.75252998527,69817.19222023197
1769774071,200,,Aggregated,245.300000,0.000000,58,66,76,92,380,860,1600,3800,17000,25000,26000,78943,0,58,248.59496453838514,24.94423498865217,26344.75252998527,69789.11010475914
1769774072,200,,Aggregated,247.700000,0.000000,58,66,76,92,380,860,1600,3800,17000,25000,26000,79205,0,58,247.95466408735936,24.94423498865217,26344.75252998527,69753.86548828988
1769774073,200,,Aggregated,246.600000,0.000000,58,66,76,92,370,850,1600,3800,17000,25000,26000,79453,0,58,247.35670384353938,24.94423498865217,26344.75252998527,69722.332674663
1769774074,200,,Aggregated,244.800000,0.000000,58,66,76,91,370,850,1600,3700,17000,25000,26000,79700,0,58,246.76267813461575,24.94423498865217,26344.75252998527,69691.69678795483
1769774075,200,,Aggregated,244.700000,0.000000,58,66,76,91,370,850,1600,3700,17000,25000,26000,79951,0,58,246.1639995375373,24.94423498865217,26344.75252998527,69659.88946980026
1769774076,200,,Aggregated,243.400000,0.000000,58,66,76,91,370,850,1600,3700,16000,25000,26000,80198,0,58,245.57855723818227,24.94423498865217,26344.75252998527,69629.36276465748
1769774077,200,,Aggregated,243.500000,0.000000,58,66,76,90,360,850,1600,3700,16000,25000,26000,80461,0,58,244.9650931173902,24.94423498865217,26344.75252998527,69594.26699891873
1769774078,200,,Aggregated,243.400000,0.000000,58,66,76,90,360,850,1600,3700,16000,25000,26000,80716,0,58,244.37474245529083,24.94423498865217,26344.75252998527,69562.9104266812
1769774079,200,,Aggregated,242.400000,0.000000,58,66,76,90,360,840,1600,3700,16000,25000,26000,80979,0,58,243.76333380999267,24.94423498865217,26344.75252998527,69524.7427975154
1769774080,200,,Aggregated,243.700000,0.000000,58,66,76,89,360,840,1600,3700,16000,25000,26000,81204,0,58,243.24364433685912,24.94423498865217,26344.75252998527,69500.41954829812
1769774081,200,,Aggregated,244.800000,0.000000,58,66,75,89,360,840,1600,3700,16000,25000,26000,81475,0,58,242.62600462719715,24.94423498865217,26344.75252998527,69469.13152500767
1769774082,200,,Aggregated,245.900000,0.000000,58,66,75,89,350,840,1600,3600,16000,25000,26000,81716,0,58,242.07677069131395,24.94423498865217,26344.75252998527,69442.33612756376
1769774083,200,,Aggregated,246.200000,0.000000,58,66,75,89,350,840,1600,3600,16000,25000,26000,81969,0,58,241.50459879206767,24.94423498865217,26344.75252998527,69410.59664019324
1769774084,200,,Aggregated,247.700000,0.000000,58,66,75,88,350,840,1600,3600,16000,25000,26000,82218,0,58,240.94919661209903,24.94423498865217,26344.75252998527,69384.04432119487
1769774085,200,,Aggregated,245.900000,0.000000,58,66,75,88,350,830,1600,3600,16000,25000,26000,82459,0,58,240.4059125343267,24.94423498865217,26344.75252998527,69355.92710316642
1769774086,200,,Aggregated,246.900000,0.000000,58,66,75,88,350,830,1600,3600,16000,25000,26000,82707,0,58,239.8543874318958,24.94423498865217,26344.75252998527,69327.43004824259
1769774087,200,,Aggregated,244.300000,0.000000,58,65,75,88,350,830,1600,3600,16000,25000,26000,82942,0,58,239.33288821509,24.94423498865217,26344.75252998527,69307.80751609558
1769774088,200,,Aggregated,244.300000,0.000000,58,65,75,87,350,830,1600,3500,16000,25000,26000,83202,0,58,238.7861048411339,24.94423498865217,26344.75252998527,69292.9783779236
1769774089,200,,Aggregated,243.100000,0.000000,58,65,75,87,340,830,1600,3500,16000,25000,26000,83436,0,58,238.3317454594622,24.94423498865217,26344.75252998527,69267.7705067357
1769774090,200,,Aggregated,241.500000,0.000000,58,65,75,87,340,820,1600,3500,16000,25000,26000,83680,0,58,237.8372295582338,24.94423498865217,26344.75252998527,69260.14208891013
1769774091,200,,Aggregated,241.100000,0.000000,58,66,75,87,340,820,1600,3500,16000,25000,26000,83923,0,58,237.45725499002828,24.94423498865217,26344.75252998527,69278.26879401357
1769774092,200,,Aggregated,238.700000,0.000000,58,66,75,87,340,820,1500,3500,16000,25000,26000,84165,0,58,236.99942168992692,24.94423498865217,26344.75252998527,69279.8594189984
1769774093,200,,Aggregated,238.300000,0.000000,58,66,75,87,340,820,1500,3500,16000,25000,26000,84409,0,58,236.55800619878133,24.94423498865217,26344.75252998527,69289.26991197621
1769774094,200,,Aggregated,239.300000,0.000000,58,66,75,87,340,810,1500,3400,16000,25000,26000,84640,0,58,236.10408081523664,24.94423498865217,26344.75252998527,69279.76714319471
1769774095,200,,Aggregated,237.500000,0.000000,58,66,75,88,330,810,1500,3400,16000,25000,26000,84874,0,58,235.7827915370738,24.94423498865217,26344.75252998527,69317.87647571694
1769774096,200,,Aggregated,238.700000,0.000000,58,66,75,88,330,810,1500,3400,16000,25000,26000,85072,0,58,235.46387383028153,24.94423498865217,26344.75252998527,69323.9325747602
1769774097,200,,Aggregated,236.300000,0.000000,58,66,75,88,330,810,1500,3400,16000,25000,26000,85287,0,58,235.15829430421732,24.94423498865217,26344.75252998527,69343.82968095958
1769774098,200,,Aggregated,233.000000,0.000000,58,66,75,88,330,810,1500,3400,16000,25000,26000,85445,0,58,235.0109801130951,24.94423498865217,26344.75252998527,69367.77687401252
1769774099,200,,Aggregated,230.800000,0.000000,58,66,76,89,330,810,1500,3400,16000,25000,26000,85666,0,58,235.1759665053984,24.94423498865217,26344.75252998527,69459.22773328975
1769774100,200,,Aggregated,227.000000,0.000000,58,66,76,89,330,810,1500,3400,16000,25000,26000,85841,0,58,235.27183940815073,24.94423498865217,26344.75252998527,69576.05841031675
1769774101,200,,Aggregated,217.200000,0.000000,58,66,76,90,330,810,1500,3400,16000,25000,26000,86038,0,58,235.1082169470573,24.94423498865217,26344.75252998527,69649.0456542458
1769774103,200,,Aggregated,216.600000,0.000000,58,66,76,90,330,810,1500,3400,16000,25000,26000,86204,0,58,235.08038748300734,24.94423498865217,26344.75252998527,69734.09467078093
1769774104,200,,Aggregated,203.000000,0.000000,58,66,76,91,340,810,1500,3400,16000,25000,26000,86330,0,58,235.36687888535027,24.94423498865217,26344.75252998527,69808.22246032665
1769774105,200,,Aggregated,197.800000,0.000000,58,66,76,91,340,810,1600,3400,16000,25000,26000,86432,0,58,236.0720948854787,24.94423498865217,26344.75252998527,69961.57946131063
1769774106,200,,Aggregated,184.100000,0.000000,58,66,77,92,350,820,1600,3400,16000,25000,26000,86552,0,58,236.71953730950807,24.94423498865217,26344.75252998527,70047.93574960718
1769774107,200,,Aggregated,172.600000,0.000000,58,66,77,92,350,830,1600,3400,16000,25000,26000,86644,0,58,237.47289275015714,24.94423498865217,26344.75252998527,70117.7001754305
1769774108,200,,Aggregated,163.100000,0.000000,58,66,77,92,350,840,1600,3400,16000,25000,26000,86678,0,58,237.89938662929188,24.94423498865217,26344.75252998527,70185.62816400932
1769774109,200,,Aggregated,151.500000,0.000000,58,66,77,92,350,840,1600,3400,16000,25000,26000,86746,0,58,239.27378338184798,24.94423498865217,26344.75252998527,70275.03977128629
1769774110,200,,Aggregated,134.800000,0.000000,58,66,77,93,360,850,1700,3500,16000,25000,26000,86884,0,58,241.54622889828113,24.94423498865217,26344.75252998527,70468.51694212973
1769774111,200,,Aggregated,127.300000,0.000000,58,66,77,93,360,860,1700,3500,16000,25000,26000,86998,0,58,242.67884924152932,24.94423498865217,26344.75252998527,70551.58234672062
1769774112,200,,Aggregated,113.900000,0.000000,58,66,77,93,370,860,1700,3500,16000,25000,26000,87084,0,58,243.20818558222666,24.94423498865217,26344.75252998527,70598.8760392265
1769774113,200,,Aggregated,108.400000,0.000000,58,66,77,94,370,870,1800,3500,16000,25000,26000,87161,0,58,244.03012421346048,24.94423498865217,26344.75252998527,70767.46408370716
1769774114,200,,Aggregated,101.300000,0.000000,58,67,77,94,370,870,1800,3500,16000,25000,26000,87282,0,58,245.293787511906,24.94423498865217,26344.75252998527,70896.11986434774
1769774116,200,,Aggregated,92.100000,0.000000,58,67,77,94,370,880,1800,3500,16000,25000,26000,87343,0,58,245.45869844731914,24.94423498865217,26344.75252998527,70936.10252681955
1769774117,200,,Aggregated,87.900000,0.000000,58,67,78,95,380,880,1800,3600,16000,25000,26000,87432,0,58,246.0669771800976,24.94423498865217,26344.75252998527,71077.44156601702
1769774118,200,,Aggregated,81.500000,0.000000,58,67,78,95,380,880,1800,3600,16000,25000,26000,87523,0,58,246.52978443185577,24.94423498865217,26344.75252998527,71143.30643373742
1769774119,200,,Aggregated,80.800000,0.000000,58,67,78,95,380,880,1800,3600,16000,25000,26000,87598,0,58,246.7194728689068,24.94423498865217,26344.75252998527,71155.92705312907
1769774120,200,,Aggregated,80.300000,0.000000,58,67,78,96,380,880,1800,3700,16000,25000,26000,87687,0,58,247.89161954653343,24.94423498865217,26344.75252998527,71205.02191887052
1769774121,200,,Aggregated,85.600000,0.000000,58,67,78,96,380,890,1900,4000,16000,25000,26000,87875,0,58,251.7340220408079,24.94423498865217,26344.75252998527,71260.9933655761
1769774122,200,,Aggregated,85.400000,0.000000,58,67,78,97,390,900,1900,4200,16000,25000,26000,88025,0,58,254.09761657719085,24.94423498865217,26344.75252998527,71273.7544333996
1769774124,200,,Aggregated,88.000000,0.000000,59,67,78,98,390,910,1900,4200,16000,25000,26000,88157,0,59,254.76464215388478,24.94423498865217,26344.75252998527,71321.97687081003
1769774125,200,,Aggregated,88.700000,0.000000,59,67,79,99,400,900,1900,4200,16000,25000,26000,88305,0,59,255.1516365916643,24.94423498865217,26344.75252998527,71381.02717852897
1769774126,200,,Aggregated,92.900000,0.000000,59,67,79,99,400,900,1900,4200,16000,25000,26000,88354,0,59,255.4854836935025,24.94423498865217,26344.75252998527,71404.23039138013
1769774128,200,,Aggregated,102.200000,0.000000,59,67,79,100,410,930,1900,4200,16000,25000,26000,88443,0,59,257.02436286537574,24.94423498865217,26344.75252998527,71467.1134516016
1769774130,200,,Aggregated,93.700000,0.000000,59,67,79,100,430,950,1900,4100,16000,25000,26000,88705,0,59,259.76358998440054,24.94423498865217,26344.75252998527,71527.53622681923
1769774131,200,,Aggregated,101.000000,0.000000,59,67,80,100,440,960,1900,4100,16000,25000,26000,88811,0,59,260.50412171722905,24.94423498865217,26344.75252998527,71511.37428922093
1769774132,200,,Aggregated,103.000000,0.000000,59,68,80,110,440,950,1900,4100,16000,25000,26000,89109,0,59,260.7311351263437,24.94423498865217,26344.75252998527,71543.351558204
1769774133,200,,Aggregated,94.000000,0.000000,59,68,81,110,440,950,1900,4100,16000,25000,26000,89300,0,59,260.7406979324199,24.94423498865217,26344.75252998527,71594.26272116462
1769774134,200,,Aggregated,112.800000,0.000000,59,68,81,110,440,950,1900,4100,16000,25000,26000,89537,0,59,260.6224279076032,24.94423498865217,26344.75252998527,71563.12556820085
1769774135,200,,Aggregated,107.600000,0.000000,59,68,81,110,440,950,1900,4100,16000,25000,26000,89621,0,59,260.5179290760101,24.94423498865217,26344.75252998527,71590.91903683289
1769774136,200,,Aggregated,115.000000,0.000000,59,68,82,110,440,950,1900,4100,16000,25000,26000,89859,0,59,260.86376381930177,24.94423498865217,26344.75252998527,71581.02752089384
1769774137,200,,Aggregated,128.700000,0.000000,59,68,82,110,440,950,1900,4100,16000,25000,26000,90108,0,59,260.4879141690493,24.94423498865217,26344.75252998527,71591.90879833089
1769774139,200,,Aggregated,157.400000,0.000000,59,68,82,110,440,950,1900,4100,16000,25000,26000,90379,0,59,260.11572163282347,24.94423498865217,26344.75252998527,71552.3333517742
1769774140,200,,Aggregated,166.500000,0.000000,59,68,82,110,440,950,1900,4000,16000,25000,26000,90632,0,59,259.6515854156829,24.94423498865217,26344.75252998527,71522.40250684085
1769774141,200,,Aggregated,178.400000,0.000000,59,68,82,110,430,940,1900,4000,16000,25000,26000,90855,0,59,259.2269834765832,24.94423498865217,26344.75252998527,71477.30644433438
1769774142,200,,Aggregated,192.100000,0.000000,59,68,82,110,430,940,1900,4000,16000,25000,26000,91069,0,59,258.8641992710893,24.94423498865217,26344.75252998527,71451.85471455709
1769774143,200,,Aggregated,206.300000,0.000000,59,68,83,110,430,940,1900,4000,16000,25000,26000,91271,0,59,258.46120879774264,24.94423498865217,26344.75252998527,71427.11780302615
1769774144,200,,Aggregated,195.800000,0.000000,59,68,83,110,430,940,1900,4000,16000,25000,26000,91547,0,59,258.1738457904978,24.94423498865217,26344.75252998527,71380.69008268976
1769774145,200,,Aggregated,212.300000,0.000000,59,68,83,110,430,940,1900,4000,16000,25000,26000,91778,0,59,257.7727665616872,24.94423498865217,26344.75252998527,71356.83175706596
1769774146,200,,Aggregated,216.700000,0.000000,59,68,83,110,420,940,1900,3900,16000,25000,26000,92056,0,59,257.2040638885349,24.94423498865217,26344.75252998527,71319.70544016686
1769774147,200,,Aggregated,216.600000,0.000000,59,68,83,110,420,940,1900,3900,16000,25000,26000,92302,0,59,256.6819750243824,24.94423498865217,26344.75252998527,71286.30896405278
1769774148,200,,Aggregated,233.500000,0.000000,59,68,83,110,420,930,1900,3900,16000,25000,26000,92565,0,59,256.1254441216721,24.94423498865217,26344.75252998527,71252.87753470535
1769774149,200,,Aggregated,230.400000,0.000000,59,68,83,110,420,930,1900,3900,16000,25000,26000,92830,0,59,255.5658220085377,24.94423498865217,26344.75252998527,71216.80322094151
1769774150,200,,Aggregated,237.500000,0.000000,59,68,83,110,420,930,1900,3900,16000,25000,26000,93098,0,59,255.00976348161467,24.94423498865217,26344.75252998527,71179.93710928269
1769774151,200,,Aggregated,235.200000,0.000000,59,68,82,110,410,920,1900,3900,16000,25000,26000,93361,0,59,254.4583182310491,24.94423498865217,26344.75252998527,71146.87741133878
1769774152,200,,Aggregated,233.000000,0.000000,59,68,82,110,410,920,1900,3800,16000,25000,26000,93651,0,59,253.87640149596444,24.94423498865217,26344.75252998527,71109.24887080757
1769774153,200,,Aggregated,237.500000,0.000000,59,68,82,110,410,910,1900,3800,16000,25000,26000,93924,0,59,253.30572244339032,24.94423498865217,26344.75252998527,71071.24171670713
1769774154,200,,Aggregated,240.400000,0.000000,59,68,82,110,410,910,1900,3800,16000,25000,26000,94162,0,59,252.81267242929212,24.94423498865217,26344.75252998527,71033.18747477751
1769774155,200,,Aggregated,246.600000,0.000000,59,68,82,110,410,900,1900,3800,16000,25000,26000,94411,0,59,252.3038774384298,24.94423498865217,26344.75252998527,71003.75298429208
1769774156,200,,Aggregated,249.600000,0.000000,59,68,82,110,410,900,1900,3800,16000,25000,26000,94638,0,59,251.82751271716847,24.94423498865217,26344.75252998527,70979.93464570257
1769774157,200,,Aggregated,246.500000,0.000000,59,68,82,110,400,900,1900,3800,16000,25000,26000,94887,0,59,251.31171828174095,24.94423498865217,26344.75252998527,70945.52925058227
1769774158,200,,Aggregated,247.000000,0.000000,59,68,82,110,400,900,1900,3800,16000,25000,26000,95127,0,59,250.82464244034483,24.94423498865217,26344.75252998527,70922.48576114037
1769774159,200,,Aggregated,247.700000,0.000000,59,68,81,110,400,900,1800,3800,16000,25000,26000,95396,0,59,250.2744030499783,24.94423498865217,26344.75252998527,70885.86990020546
1769774160,200,,Aggregated,248.700000,0.000000,59,68,81,110,400,900,1800,3700,16000,25000,26000,95641,0,59,249.78110098825317,24.94423498865217,26344.75252998527,70859.30219257431
1769774161,200,,Aggregated,248.100000,0.000000,59,68,81,110,400,900,1800,3700,16000,25000,26000,95882,0,59,249.29291047496164,24.94423498865217,26344.75252998527,70834.07540518555
1769774162,200,,Aggregated,250.700000,0.000000,59,68,81,110,400,890,1800,3700,15000,25000,26000,96134,0,59,248.7902679927135,24.94423498865217,26344.75252998527,70801.40495558284
1769774163,200,,Aggregated,249.200000,0.000000,59,68,81,110,390,890,1800,3700,15000,25000,26000,96395,0,59,248.2635735960027,24.94423498865217,26344.75252998527,70775.09850095959
1769774164,200,,Aggregated,249.000000,0.000000,59,68,81,110,390,890,1800,3700,15000,25000,26000,96646,0,59,247.76374574955224,24.94423498865217,26344.75252998527,70746.27433106388
1769774165,200,,Aggregated,244.800000,0.000000,59,68,81,110,390,890,1800,3700,15000,25000,26000,96896,0,59,247.26374061665229,24.94423498865217,26344.75252998527,70719.40573398283
1769774166,200,,Aggregated,243.800000,0.000000,59,68,80,100,390,890,1800,3700,15000,25000,26000,97160,0,59,246.74281323165422,24.94423498865217,26344.75252998527,70689.44605804858
1769774168,200,,Aggregated,241.600000,0.000000,59,68,80,100,390,890,1800,3700,15000,25000,26000,97418,0,59,246.2398951555006,24.94423498865217,26344.75252998527,70660.92366913712
1769774169,200,,Aggregated,243.600000,0.000000,59,68,80,100,390,890,1800,3700,15000,25000,26000,97680,0,59,245.73277031515957,24.94423498865217,26344.75252998527,70632.6042997543
1769774170,200,,Aggregated,244.200000,0.000000,59,68,80,100,380,890,1800,3600,15000,25000,26000,97948,0,59,245.21875639722026,24.94423498865217,26344.75252998527,70604.02892351043
1769774171,200,,Aggregated,246.900000,0.000000,59,68,80,100,380,880,1800,3600,15000,25000,26000,98201,0,59,244.72707964034942,24.94423498865217,26344.75252998527,70572.95347297889
1769774172,200,,Aggregated,246.800000,0.000000,59,67,80,100,380,880,1800,3600,15000,25000,26000,98457,0,59,244.23256447302538,24.94423498865217,26344.75252998527,70547.50020821272
1769774173,200,,Aggregated,249.300000,0.000000,59,67,80,100,380,880,1800,3600,15000,25000,26000,98695,0,59,243.77681979536746,24.94423498865217,26344.75252998527,70519.2786564669
1769774174,200,,Aggregated,250.100000,0.000000,59,67,80,100,380,880,1800,3600,15000,25000,26000,98968,0,59,243.2574540542536,24.94423498865217,26344.75252998527,70486.6818870746
1769774175,200,,Aggregated,247.700000,0.000000,59,67,79,100,380,870,1800,3600,15000,25000,26000,99219,0,59,242.78622410138624,24.94423498865217,26344.75252998527,70461.78505125026
1769774176,200,,Aggregated,250.000000,0.000000,59,67,79,100,370,870,1800,3600,15000,25000,26000,99476,0,59,242.3025827337202,24.94423498865217,26344.75252998527,70435.05947163135
1769774177,200,,Aggregated,248.200000,0.000000,59,67,79,100,370,870,1800,3600,15000,25000,26000,99732,0,59,241.85002807924403,24.94423498865217,26344.75252998527,70406.9108510809
1769774178,200,,Aggregated,251.100000,0.000000,59,67,79,100,370,870,1800,3500,15000,25000,26000,100008,0,59,241.3313172281704,24.94423498865217,26344.75252998527,70378.50288976882
1769774179,200,,Aggregated,249.400000,0.000000,59,67,79,100,370,870,1800,3500,15000,25000,26000,100240,0,59,240.89691128539368,24.94423498865217,26344.75252998527,70352.3197226656
1769774180,200,,Aggregated,250.500000,0.000000,59,67,79,99,370,860,1800,3500,15000,25000,26000,100500,0,59,240.4178347654354,24.94423498865217,26344.75252998527,70324.26970149254
1769774181,200,,Aggregated,249.400000,0.000000,59,67,79,99,360,860,1800,3500,15000,25000,26000,100753,0,59,239.95303396748923,24.94423498865217,26344.75252998527,70298.489216202
1769774182,200,,Aggregated,248.100000,0.000000,58,67,79,99,360,860,1800,3500,15000,25000,26000,101016,0,58,239.4679439892133,24.94423498865217,26344.75252998527,70272.02712441594
1769774183,200,,Aggregated,247.100000,0.000000,58,67,79,98,360,860,1700,3500,15000,25000,26000,101262,0,58,239.01866003794245,24.94423498865217,26344.75252998527,70243.69839623946
1769774184,200,,Aggregated,249.200000,0.000000,58,67,78,98,360,860,1700,3400,15000,25000,26000,101515,0,58,238.56383213831964,24.94423498865217,26344.75252998527,70217.67668817416
1769774185,200,,Aggregated,250.400000,0.000000,58,67,78,98,360,850,1700,3400,15000,25000,26000,101787,0,58,238.08273192897425,24.94423498865217,26344.75252998527,70190.36722764204
1769774186,200,,Aggregated,248.600000,0.000000,58,67,78,97,360,850,1700,3400,15000,25000,26000,102041,0,58,237.63100496704678,24.94423498865217,26344.75252998527,70163.92399133682
1769774187,200,,Aggregated,251.700000,0.000000,58,67,78,97,350,850,1700,3400,15000,25000,26000,102301,0,58,237.17510193864814,24.94423498865217,26344.75252998527,70137.66418705584
1769774188,200,,Aggregated,248.700000,0.000000,58,67,78,97,350,850,1700,3400,15000,25000,26000,102566,0,58,236.70660188202606,24.94423498865217,26344.75252998527,70108.47328549421
1769774189,200,,Aggregated,249.200000,0.000000,58,67,78,96,350,850,1700,3400,15000,25000,26000,102806,0,58,236.27763514568147,24.94423498865217,26344.75252998527,70083.60497441783
1769774190,200,,Aggregated,248.400000,0.000000,58,67,78,96,350,850,1700,3400,15000,25000,26000,103060,0,58,235.8320450264286,24.94423498865217,26344.75252998527,70057.34722491752
1769774191,200,,Aggregated,247.700000,0.000000,58,67,78,96,350,850,1700,3400,15000,25000,26000,103325,0,58,235.38318303953375,24.94423498865217,26344.75252998527,70024.98254052746
1769774192,200,,Aggregated,246.100000,0.000000,58,67,78,96,350,840,1700,3400,15000,25000,26000,103570,0,58,234.98178060574395,24.94423498865217,26344.75252998527,70006.44985999807
1769774193,200,,Aggregated,248.600000,0.000000,58,67,78,95,350,840,1700,3400,15000,25000,26000,103815,0,58,234.56376622533915,24.94423498865217,26344.75252998527,69980.40491258488
1769774194,200,,Aggregated,247.400000,0.000000,58,67,78,95,350,840,1700,3300,15000,25000,26000,104078,0,58,234.11775857059936,24.94423498865217,26344.75252998527,69955.76368685024
1769774195,200,,Aggregated,248.500000,0.000000,58,67,78,95,340,840,1700,3300,15000,25000,26000,104317,0,58,233.70848309539207,24.94423498865217,26344.75252998527,69933.65709328298
1769774196,200,,Aggregated,247.800000,0.000000,58,67,77,94,340,840,1700,3300,15000,25000,26000,104562,0,58,233.30164287250213,24.94423498865217,26344.75252998527,69909.54114305388
1769774197,200,,Aggregated,246.700000,0.000000,58,67,77,94,340,840,1700,3300,15000,25000,26000,104831,0,58,232.8823643820016,24.94423498865217,26344.75252998527,69906.06568667665
1769774198,200,,Aggregated,246.900000,0.000000,58,67,77,94,340,840,1700,3300,15000,25000,26000,105072,0,58,232.47903865487314,24.94423498865217,26344.75252998527,69886.77631528856
1769774199,200,,Aggregated,246.100000,0.000000,58,66,77,94,340,840,1700,3300,15000,25000,26000,105318,0,58,232.06442170822388,24.94423498865217,26344.75252998527,69871.93680092672
1769774200,200,,Aggregated,247.000000,0.000000,58,66,77,94,340,830,1700,3200,15000,25000,26000,105552,0,58,231.69123006219334,24.94423498865217,26344.75252998527,69854.68732946794
1769774201,200,,Aggregated,245.600000,0.000000,58,66,77,93,340,830,1700,3200,15000,25000,26000,105818,0,58,231.2954618037113,24.94423498865217,26344.75252998527,69846.07166077606
1769774203,200,,Aggregated,246.000000,0.000000,58,66,77,93,330,830,1700,3200,15000,25000,26000,106052,0,58,230.95797123162276,24.94423498865217,26344.75252998527,69848.7769301852
1769774204,200,,Aggregated,243.300000,0.000000,58,66,77,93,330,830,1700,3200,15000,25000,26000,106301,0,58,230.57794172726025,24.94423498865217,26344.75252998527,69859.35450277984
1769774205,200,,Aggregated,241.900000,0.000000,58,66,77,93,330,830,1700,3200,15000,25000,26000,106559,0,58,230.21846982173886,24.94423498865217,26344.75252998527,69874.42148481123
1769774206,200,,Aggregated,242.500000,0.000000,58,66,77,93,330,830,1700,3200,15000,25000,26000,106764,0,58,230.00280814740765,24.94423498865217,26344.75252998527,69881.313523285
1769774207,200,,Aggregated,242.100000,0.000000,58,66,77,93,330,820,1700,3200,15000,25000,26000,107010,0,58,229.69293508999573,24.94423498865217,26344.75252998527,69884.70158863657
1769774208,200,,Aggregated,237.700000,0.000000,58,67,77,93,330,820,1700,3200,15000,25000,26000,107235,0,58,229.46574835723752,24.94423498865217,26344.75252998527,69906.65253881662
1769774209,200,,Aggregated,237.400000,0.000000,58,67,77,94,330,820,1700,3200,15000,25000,26000,107434,0,58,229.26555992440146,24.94423498865217,26344.75252998527,69949.03564048625
1769774210,200,,Aggregated,231.800000,0.000000,58,67,78,94,330,820,1700,3200,15000,25000,26000,107615,0,58,229.15945885745447,24.94423498865217,26344.75252998527,69942.20440459043
1769774211,200,,Aggregated,230.400000,0.000000,58,67,78,94,330,820,1700,3200,15000,25000,26000,107783,0,58,229.15764998926196,24.94423498865217,26344.75252998527,69989.60762829018
1769774212,200,,Aggregated,223.500000,0.000000,58,67,78,95,330,820,1700,3200,15000,25000,26000,107954,0,58,229.18542501541938,24.94423498865217,26344.75252998527,70060.28724271449
1769774213,200,,Aggregated,217.200000,0.000000,58,67,78,96,330,820,1700,3200,15000,25000,26000,108105,0,58,229.44106319971755,24.94423498865217,26344.75252998527,70138.83607603719
1769774214,200,,Aggregated,210.300000,0.000000,58,67,78,96,330,820,1700,3200,15000,25000,26000,108208,0,58,229.9166095105769,24.94423498865217,26344.75252998527,70262.43434866183
1769774215,200,,Aggregated,199.800000,0.000000,58,67,78,96,340,830,1700,3200,15000,25000,26000,108330,0,58,230.547430729796,24.94423498865217,26344.75252998527,70449.77857472538
1769774216,200,,Aggregated,187.600000,0.000000,58,67,78,97,340,830,1700,3200,15000,25000,26000,108428,0,58,231.05634133748734,24.94423498865217,26344.75252998527,70567.07225071015
1769774217,200,,Aggregated,170.700000,0.000000,58,67,78,97,340,840,1700,3200,15000,25000,26000,108558,0,58,231.9687510807256,24.94423498865217,26344.75252998527,70701.86473590154
1769774218,200,,Aggregated,163.300000,0.000000,58,67,78,97,340,840,1700,3200,15000,25000,26000,108619,0,58,232.34516217361286,24.94423498865217,26344.75252998527,70740.45905412496
1769774219,200,,Aggregated,150.800000,0.000000,58,67,79,98,340,840,1800,3200,15000,25000,26000,108716,0,58,233.13982419248256,24.94423498865217,26344.75252998527,70815.70595864454
1769774220,200,,Aggregated,139.800000,0.000000,59,67,79,98,350,850,1800,3200,15000,25000,26000,108817,0,59,234.05159409366757,24.94423498865217,26344.75252998527,70909.56215481037
1769774221,200,,Aggregated,125.700000,0.000000,59,67,79,98,350,850,1800,3200,15000,25000,26000,108880,0,59,234.73210716640017,24.94423498865217,26344.75252998527,70967.3623438648
1769774222,200,,Aggregated,119.600000,0.000000,59,67,79,98,350,850,1800,3200,15000,25000,26000,108979,0,59,235.10463154099241,24.94423498865217,26344.75252998527,71015.6805072537
1769774223,200,,Aggregated,109.200000,0.000000,59,67,79,99,350,860,1800,3300,15000,25000,26000,109086,0,59,235.77298320243693,24.94423498865217,26344.75252998527,71095.88591569955
1769774224,200,,Aggregated,100.400000,0.000000,59,67,79,99,350,860,1900,3400,15000,25000,26000,109171,0,59,236.56403963703758,24.94423498865217,26344.75252998527,71119.46958441344
1769774226,200,,Aggregated,95.700000,0.000000,59,67,79,100,350,860,1900,3500,15000,25000,26000,109287,0,59,237.57762178484933,24.94423498865217,26344.75252998527,71195.68946901278
1769774227,200,,Aggregated,94.000000,0.000000,59,67,79,100,360,860,1900,3600,15000,25000,26000,109359,0,59,238.570752654714,24.94423498865217,26344.75252998527,71236.42055066342
1769774228,200,,Aggregated,91.400000,0.000000,59,67,80,100,370,870,1900,3700,15000,25000,26000,109549,0,59,241.18721582447586,24.94423498865217,26344.75252998527,71287.54858556445
1769774229,200,,Aggregated,87.000000,0.000000,59,67,80,100,370,880,1900,3700,15000,25000,26000,109716,0,59,241.82473293582152,24.94423498865217,26344.75252998527,71398.90060702176
1769774231,200,,Aggregated,83.500000,0.000000,59,68,80,100,380,880,1900,3700,15000,25000,26000,109871,0,59,242.18286706923857,24.94423498865217,26344.75252998527,71397.3647004214
1769774232,200,,Aggregated,97.800000,0.000000,59,68,80,100,380,880,1900,3700,15000,25000,26000,110058,0,59,242.58817701808425,24.94423498865217,26344.75252998527,71402.98598920568
1769774234,200,,Aggregated,104.300000,0.000000,59,68,80,100,390,880,1900,3700,15000,25000,26000,110161,0,59,243.13938545342685,24.94423498865217,26344.75252998527,71431.38906691116
1769774235,200,,Aggregated,108.200000,0.000000,59,68,81,110,390,890,1900,3700,15000,25000,26000,110251,0,59,243.7595122233905,24.94423498865217,26344.75252998527,71449.42424104997
1769774236,200,,Aggregated,104.800000,0.000000,59,68,81,110,400,900,1900,3700,15000,25000,26000,110573,0,59,245.34850573370417,24.94423498865217,26344.75252998527,71497.98525860744
1769774237,200,,Aggregated,106.200000,0.000000,59,68,81,110,400,900,1900,3700,15000,25000,26000,110643,0,59,245.3071205779004,24.94423498865217,26344.75252998527,71501.89558309157
1769774238,200,,Aggregated,108.700000,0.000000,59,68,81,110,400,900,1900,3700,15000,25000,26000,110776,0,59,245.47625810775577,24.94423498865217,26344.75252998527,71503.93340615295
1769774240,200,,Aggregated,124.600000,0.000000,59,68,82,110,410,900,1900,3700,15000,25000,26000,111007,0,59,245.75134461439725,24.94423498865217,26344.75252998527,71504.626266812
1769774241,200,,Aggregated,113.200000,0.000000,59,68,82,110,410,900,1900,3600,15000,25000,26000,111237,0,59,245.7627577218262,24.94423498865217,26344.75252998527,71542.34853510972
1769774242,200,,Aggregated,125.400000,0.000000,59,68,82,110,410,900,1900,3600,15000,25000,26000,111488,0,59,245.58278714276022,24.94423498865217,26344.75252998527,71583.92255668771
1769774243,200,,Aggregated,136.200000,0.000000,59,68,83,110,410,900,1900,3600,15000,25000,26000,111711,0,59,245.35276471010337,24.94423498865217,26344.75252998527,71583.9146995372
1769774244,200,,Aggregated,143.600000,0.000000,59,68,83,110,400,900,1900,3600,15000,25000,26000,111944,0,59,245.13668649618018,24.94423498865217,26344.75252998527,71557.26613306653
1769774245,200,,Aggregated,151.600000,0.000000,59,69,83,110,400,890,1900,3600,15000,25000,26000,112193,0,59,244.89013604226918,24.94423498865217,26344.75252998527,71576.30639166436
1769774246,200,,Aggregated,164.500000,0.000000,59,69,83,110,400,890,1900,3600,15000,25000,26000,112346,0,59,244.71591106901403,24.94423498865217,26344.75252998527,71557.17264522101
1769774247,200,,Aggregated,173.800000,0.000000,59,69,84,110,400,890,1900,3600,15000,25000,26000,112637,0,59,244.4837570958401,24.94423498865217,26344.75252998527,71561.9204613049
1769774248,200,,Aggregated,186.400000,0.000000,59,69,84,110,400,890,1900,3600,15000,25000,26000,112824,0,59,244.29297425582112,24.94423498865217,26344.75252998527,71562.12994575623
1769774249,200,,Aggregated,189.100000,0.000000,59,69,84,110,400,890,1900,3600,15000,25000,26000,113120,0,59,243.8553690041405,24.94423498865217,26344.75252998527,71543.37192362093
1769774251,200,,Aggregated,197.800000,0.000000,59,69,84,110,400,890,1900,3600,15000,25000,26000,113319,0,59,243.63456302096378,24.94423498865217,26344.75252998527,71512.9688490015
1769774252,200,,Aggregated,212.900000,0.000000,59,69,84,110,400,890,1900,3600,15000,25000,26000,113586,0,59,243.2660727371558,24.94423498865217,26344.75252998527,71491.29596076981
1769774253,200,,Aggregated,208.600000,0.000000,59,69,84,110,390,890,1900,3600,15000,25000,26000,113834,0,59,242.87479093604202,24.94423498865217,26344.75252998527,71473.1271851995
1769774254,200,,Aggregated,214.000000,0.000000,59,69,84,110,390,880,1900,3500,14000,25000,26000,114102,0,59,242.4676060939494,24.94423498865217,26344.75252998527,71444.27964452858
1769774255,200,,Aggregated,220.200000,0.000000,59,69,84,110,390,880,1900,3500,14000,25000,26000,114360,0,59,242.07803997356868,24.94423498865217,26344.75252998527,71413.70633088493
1769774256,200,,Aggregated,227.400000,0.000000,59,69,84,110,390,880,1900,3500,14000,25000,26000,114603,0,59,241.7434714859546,24.94423498865217,26344.75252998527,71392.73464918022
1769774257,200,,Aggregated,231.000000,0.000000,59,69,84,110,390,880,1900,3500,14000,25000,26000,114861,0,59,241.33646620025715,24.94423498865217,26344.75252998527,71365.64489252226
1769774258,200,,Aggregated,230.500000,0.000000,59,69,84,110,390,880,1900,3500,14000,25000,26000,115089,0,59,240.9873894260422,24.94423498865217,26344.75252998527,71341.87485337435
1769774259,200,,Aggregated,230.700000,0.000000,59,69,84,110,390,870,1900,3500,14000,25000,26000,115313,0,59,240.64174368938944,24.94423498865217,26344.75252998527,71313.59580446263
1769774260,200,,Aggregated,236.700000,0.000000,59,69,84,110,390,870,1900,3500,14000,25000,26000,115568,0,59,240.26423182551625,24.94423498865217,26344.75252998527,71290.1120465873
1769774261,200,,Aggregated,237.800000,0.000000,59,69,83,110,380,870,1900,3500,14000,25000,26000,115785,0,59,239.9191216431223,24.94423498865217,26344.75252998527,71269.43914151228
1769774262,200,,Aggregated,238.400000,0.000000,59,69,83,110,380,870,1900,3500,14000,25000,26000,116070,0,59,239.50872674589948,24.94423498865217,26344.75252998527,71242.50791763591
1769774263,200,,Aggregated,242.100000,0.000000,59,69,83,110,380,870,1800,3400,14000,25000,26000,116295,0,59,239.14934353715202,24.94423498865217,26344.75252998527,71217.7247861043
1769774264,200,,Aggregated,238.500000,0.000000,59,69,83,110,380,870,1800,3400,14000,25000,26000,116586,0,59,238.69658296788677,24.94423498865217,26344.75252998527,71189.3474688213
1769774265,200,,Aggregated,239.800000,0.000000,59,69,83,110,380,860,1800,3400,14000,25000,26000,116835,0,59,238.3435477936981,24.94423498865217,26344.75252998527,71163.7502118372
1769774266,200,,Aggregated,240.100000,0.000000,59,69,83,110,380,860,1800,3400,14000,25000,26000,117090,0,59,237.94445033017354,24.94423498865217,26344.75252998527,71135.7583055769
1769774267,200,,Aggregated,244.300000,0.000000,59,69,83,110,380,860,1800,3400,14000,25000,26000,117349,0,59,237.55608994204943,24.94423498865217,26344.75252998527,71112.03397557713
1769774268,200,,Aggregated,244.800000,0.000000,59,69,83,110,370,860,1800,3400,14000,25000,26000,117594,0,59,237.1757889326378,24.94423498865217,26344.75252998527,71085.78515060293
1769774269,200,,Aggregated,242.600000,0.000000,59,68,83,110,370,860,1800,3400,14000,25000,26000,117850,0,59,236.77934634302554,24.94423498865217,26344.75252998527,71064.11637675011
1769774270,200,,Aggregated,243.300000,0.000000,59,68,82,110,370,860,1800,3400,14000,25000,26000,118084,0,59,236.4145204096042,24.94423498865217,26344.75252998527,71040.37322583923
1769774271,200,,Aggregated,243.900000,0.000000,59,68,82,110,370,850,1800,3400,14000,25000,26000,118334,0,59,236.0368114712431,24.94423498865217,26344.75252998527,71016.56025318167
1769774272,200,,Aggregated,242.700000,0.000000,59,68,82,110,370,850,1800,3400,14000,25000,26000,118589,0,59,235.6424564867572,24.94423498865217,26344.75252998527,70993.33993878016
1769774273,200,,Aggregated,243.400000,0.000000,59,68,82,110,370,850,1800,3400,14000,25000,26000,118851,0,59,235.24567602769898,24.94423498865217,26344.75252998527,70967.45642863754
1769774274,200,,Aggregated,245.600000,0.000000,59,68,82,110,370,850,1800,3400,14000,25000,26000,119082,0,59,234.89199728067166,24.94423498865217,26344.75252998527,70945.57373070657
1769774275,200,,Aggregated,245.700000,0.000000,59,68,82,110,360,850,1800,3400,14000,25000,26000,119347,0,59,234.49943122485945,24.94423498865217,26344.75252998527,70920.17177641667
1769774276,200,,Aggregated,244.300000,0.000000,59,68,82,110,360,850,1800,3400,14000,25000,26000,119584,0,59,234.14673253875446,24.94423498865217,26344.75252998527,70899.59212770939
1769774277,200,,Aggregated,241.100000,0.000000,59,68,82,110,360,850,1800,3300,14000,25000,26000,119842,0,59,233.76538620078773,24.94423498865217,26344.75252998527,70875.64410640676
1769774278,200,,Aggregated,242.000000,0.000000,59,68,81,110,360,850,1800,3300,14000,24000,26000,120090,0,59,233.39314414444985,24.94423498865217,26344.75252998527,70850.29419601965
1769774279,200,,Aggregated,243.600000,0.000000,59,68,81,110,360,840,1800,3300,14000,24000,26000,120364,0,59,232.99754416544786,24.94423498865217,26344.75252998527,70828.02947725233
1769774280,200,,Aggregated,245.700000,0.000000,59,68,81,110,360,840,1800,3300,14000,24000,26000,120608,0,59,232.6361521397508,24.94423498865217,26344.75252998527,70806.0883855134
1769774281,200,,Aggregated,245.500000,0.000000,59,68,81,110,360,840,1800,3300,14000,24000,26000,120861,0,59,232.26549311111341,24.94423498865217,26344.75252998527,70781.68117920586
1769774282,200,,Aggregated,246.200000,0.000000,59,68,81,110,350,840,1800,3300,14000,24000,26000,121125,0,59,231.88440774877182,24.94423498865217,26344.75252998527,70758.89963261093
1769774283,200,,Aggregated,245.800000,0.000000,59,68,81,100,350,840,1800,3200,14000,24000,26000,121369,0,59,231.524572690501,24.94423498865217,26344.75252998527,70736.48364903724
1769774285,200,,Aggregated,244.800000,0.000000,59,68,81,100,350,840,1800,3200,14000,24000,26000,121636,0,59,231.13432808481323,24.94423498865217,26344.75252998527,70709.91174487816
1769774286,200,,Aggregated,244.500000,0.000000,59,68,81,100,350,840,1800,3200,14000,24000,26000,121899,0,59,230.75667648130946,24.94423498865217,26344.75252998527,70687.02462694526
1769774287,200,,Aggregated,248.300000,0.000000,59,68,81,100,350,840,1800,3200,14000,24000,26000,122146,0,59,230.4108851407164,24.94423498865217,26344.75252998527,70664.46026067165
1769774288,200,,Aggregated,247.600000,0.000000,59,68,81,100,350,840,1800,3200,14000,24000,26000,122395,0,59,230.06045730794895,24.94423498865217,26344.75252998527,70643.32387760938
1769774289,200,,Aggregated,249.200000,0.000000,59,68,80,100,350,830,1800,3200,14000,24000,26000,122649,0,59,229.700569477884,24.94423498865217,26344.75252998527,70619.43995466738
1769774290,200,,Aggregated,247.000000,0.000000,59,68,80,100,350,830,1800,3200,14000,24000,26000,122882,0,59,229.36800954123544,24.94423498865217,26344.75252998527,70597.80913396591
1769774291,200,,Aggregated,247.200000,0.000000,59,68,80,100,350,830,1700,3200,14000,24000,26000,123153,0,59,228.9921330920137,24.94423498865217,26344.75252998527,70572.55845168205
1769774292,200,,Aggregated,244.600000,0.000000,59,68,80,100,340,830,1700,3200,14000,24000,26000,123392,0,59,228.66639626640813,24.94423498865217,26344.75252998527,70555.63197776194
1769774293,200,,Aggregated,247.500000,0.000000,59,68,80,100,340,830,1700,3200,14000,24000,26000,123663,0,59,228.29211618928034,24.94423498865217,26344.75252998527,70529.94566685265
1769774294,200,,Aggregated,246.100000,0.000000,59,68,80,100,340,830,1700,3200,14000,24000,26000,123894,0,59,227.96871914417784,24.94423498865217,26344.75252998527,70507.33254233458
1769774295,200,,Aggregated,245.800000,0.000000,59,68,80,100,340,830,1700,3100,14000,24000,26000,124164,0,59,227.59831168539554,24.94423498865217,26344.75252998527,70484.60470023517
1769774296,200,,Aggregated,245.800000,0.000000,59,68,80,100,340,830,1700,3100,14000,24000,26000,124423,0,59,227.24361945854494,24.94423498865217,26344.75252998527,70460.09347950137
1769774297,200,,Aggregated,246.300000,0.000000,59,67,80,100,340,820,1700,3100,14000,24000,26000,124676,0,59,226.8950056567032,24.94423498865217,26344.75252998527,70440.20539638744
1769774298,200,,Aggregated,246.200000,0.000000,59,67,80,100,340,820,1700,3100,14000,24000,26000,124932,0,59,226.5463946191135,24.94423498865217,26344.75252998527,70416.42968975122
1769774299,200,,Aggregated,245.700000,0.000000,59,67,80,100,330,820,1700,3100,14000,24000,26000,125208,0,59,226.18178026036048,24.94423498865217,26344.75252998527,70392.6667784806
1769774300,200,,Aggregated,247.200000,0.000000,59,67,79,100,330,820,1700,3100,14000,24000,26000,125462,0,59,225.84023168336088,24.94423498865217,26344.75252998527,70370.30586153576
1769774301,200,,Aggregated,247.600000,0.000000,59,67,79,99,330,810,1700,3100,14000,24000,26000,125735,0,59,225.46865852605956,24.94423498865217,26344.75252998527,70348.34559191951
1769774302,200,,Aggregated,250.900000,0.000000,59,67,79,99,330,810,1700,3100,14000,24000,26000,125981,0,59,225.14251525464817,24.94423498865217,26344.75252998527,70326.94757145918
1769774303,200,,Aggregated,249.800000,0.000000,59,67,79,99,330,810,1700,3100,14000,24000,26000,126248,0,59,224.7957850073036,24.94423498865217,26344.75252998527,70315.8759029846
1769774304,200,,Aggregated,252.600000,0.000000,59,67,79,99,330,810,1700,3100,14000,24000,26000,126497,0,59,224.46070778794208,24.94423498865217,26344.75252998527,70294.58311264298
1769774305,200,,Aggregated,250.900000,0.000000,59,67,79,98,330,810,1700,3100,14000,24000,26000,126759,0,59,224.11340860726025,24.94423498865217,26344.75252998527,70276.95189296223
1769774306,200,,Aggregated,252.800000,0.000000,59,67,79,98,330,810,1700,3100,14000,24000,26000,127004,0,59,223.78773424859475,24.94423498865217,26344.75252998527,70261.03703820352
1769774307,200,,Aggregated,251.100000,0.000000,58,67,79,98,330,810,1700,3100,14000,24000,26000,127257,0,58,223.4638140378492,24.94423498865217,26344.75252998527,70248.74818674022
1769774308,200,,Aggregated,249.600000,0.000000,58,67,79,98,320,800,1700,3100,14000,24000,26000,127531,0,58,223.1126513569524,24.94423498865217,26344.75252998527,70236.13201496107
1769774309,200,,Aggregated,250.100000,0.000000,58,67,79,97,320,800,1700,3100,14000,24000,26000,127749,0,58,222.83936065755952,24.94423498865217,26344.75252998527,70231.10293622651
1769774310,200,,Aggregated,251.600000,0.000000,58,67,79,97,320,800,1700,3000,14000,24000,26000,127996,0,58,222.54323014616764,24.94423498865217,26344.75252998527,70226.67799774992
1769774311,200,,Aggregated,251.200000,0.000000,58,67,79,97,320,800,1700,3000,14000,24000,26000,128231,0,58,222.28923720497005,24.94423498865217,26344.75252998527,70239.47626548962
1769774312,200,,Aggregated,244.600000,0.000000,58,67,79,97,320,800,1700,3000,14000,24000,26000,128477,0,58,222.00738730114495,24.94423498865217,26344.75252998527,70233.05024245585
1769774313,200,,Aggregated,244.000000,0.000000,58,67,79,97,320,800,1700,3000,14000,24000,26000,128688,0,58,221.83603272519312,24.94423498865217,26344.75252998527,70263.39420925028
1769774314,200,,Aggregated,241.100000,0.000000,58,67,79,97,320,800,1700,3000,14000,24000,26000,128907,0,58,221.65480914741192,24.94423498865217,26344.75252998527,70267.88546006035
1769774315,200,,Aggregated,242.300000,0.000000,58,67,79,97,320,800,1700,3000,14000,24000,26000,129126,0,58,221.43992969303042,24.94423498865217,26344.75252998527,70276.65154190481
1769774316,200,,Aggregated,236.700000,0.000000,58,67,79,98,320,800,1700,3000,14000,24000,26000,129314,0,58,221.3291341751972,24.94423498865217,26344.75252998527,70288.71911780626
1769774317,200,,Aggregated,232.500000,0.000000,59,67,79,98,320,800,1700,3000,14000,24000,26000,129496,0,59,221.3596279528682,24.94423498865217,26344.75252998527,70316.79067307098
1769774318,200,,Aggregated,230.100000,0.000000,59,67,79,98,320,800,1700,3000,14000,24000,26000,129666,0,59,221.46891893833313,24.94423498865217,26344.75252998527,70386.0591982478
1769774320,200,,Aggregated,213.500000,0.000000,59,67,79,99,320,800,1700,3000,14000,24000,26000,129836,0,59,221.59731252336564,24.94423498865217,26344.75252998527,70441.64853353461
1769774321,200,,Aggregated,206.500000,0.000000,59,67,80,100,320,800,1700,3000,14000,24000,26000,129979,0,59,221.77007377308712,24.94423498865217,26344.75252998527,70533.65456727626
1769774322,200,,Aggregated,203.300000,0.000000,59,67,80,100,320,800,1700,3000,14000,24000,26000,130096,0,59,222.0324382319926,24.94423498865217,26344.75252998527,70627.18145062108
1769774323,200,,Aggregated,192.400000,0.000000,59,68,80,100,320,800,1700,3000,14000,24000,26000,130165,0,59,222.1107949697025,24.94423498865217,26344.75252998527,70673.6742058157
1769774324,200,,Aggregated,181.700000,0.000000,59,68,80,100,320,800,1700,3100,14000,24000,26000,130218,0,59,222.69825944053963,24.94423498865217,26344.75252998527,70786.99619100278
1769774325,200,,Aggregated,163.800000,0.000000,59,68,80,100,330,810,1700,3100,14000,24000,26000,130317,0,59,223.67484742008008,24.94423498865217,26344.75252998527,70907.96836176401
1769774326,200,,Aggregated,149.300000,0.000000,59,68,80,100,330,810,1700,3100,14000,24000,26000,130416,0,59,224.24824942797753,24.94423498865217,26344.75252998527,70998.24382744449
1769774327,200,,Aggregated,137.000000,0.000000,59,68,80,100,330,810,1800,3200,14000,24000,26000,130519,0,59,224.80086922510262,24.94423498865217,26344.75252998527,71060.50306085704
1769774328,200,,Aggregated,125.600000,0.000000,59,68,80,100,330,810,1800,3200,14000,24000,26000,130666,0,59,225.6854086817121,24.94423498865217,26344.75252998527,71123.34938698667
1769774329,200,,Aggregated,118.500000,0.000000,59,68,80,100,330,820,1800,3300,14000,24000,26000,130864,0,59,226.95962386599837,24.94423498865217,26344.75252998527,71165.66323817092
1769774330,200,,Aggregated,113.900000,0.000000,59,68,80,100,330,820,1800,3300,14000,24000,26000,131011,0,59,226.93275378132248,24.94423498865217,26344.75252998527,71201.45153460397
1769774331,200,,Aggregated,109.500000,0.000000,59,68,81,100,330,820,1800,3300,14000,24000,26000,131165,0,59,227.10410380456315,24.94423498865217,26344.75252998527,71250.53263446804
1769774332,200,,Aggregated,111.700000,0.000000,59,68,81,100,340,820,1800,3300,14000,24000,26000,131252,0,59,227.30745565566002,24.94423498865217,26344.75252998527,71301.00854844117
1769774334,200,,Aggregated,112.400000,0.000000,59,68,81,100,340,830,1800,3300,14000,24000,26000,131296,0,59,227.59085739445499,24.94423498865217,26344.75252998527,71321.25836278332
1769774336,200,,Aggregated,109.400000,0.000000,59,68,81,100,340,840,1900,3300,14000,24000,26000,131418,0,59,229.28117580702056,24.94423498865217,26344.75252998527,71376.65019251549
1769774337,200,,Aggregated,110.500000,0.000000,59,68,81,110,350,850,1900,3300,14000,24000,26000,131645,0,59,231.02082141518375,24.94423498865217,26344.75252998527,71422.22041854988
1769774338,200,,Aggregated,101.600000,0.000000,59,68,82,110,360,850,1900,3300,14000,24000,26000,131770,0,59,231.34037217890852,24.94423498865217,26344.75252998527,71467.79405023906
1769774339,200,,Aggregated,104.600000,0.000000,59,68,82,110,360,850,1900,3300,14000,24000,26000,132009,0,59,231.3673252698358,24.94423498865217,26344.75252998527,71480.2067965063
1769774340,200,,Aggregated,107.500000,0.000000,59,68,82,110,360,850,1900,3300,14000,24000,26000,132091,0,59,231.6022087692788,24.94423498865217,26344.75252998527,71516.40860467406
1769774342,200,,Aggregated,115.600000,0.000000,59,68,82,110,360,850,1900,3300,14000,24000,26000,132252,0,59,232.0439009061866,24.94423498865217,26344.75252998527,71530.05903124338
1769774343,200,,Aggregated,101.700000,0.000000,59,68,83,110,370,850,1900,3300,14000,24000,26000,132489,0,59,232.60940669476406,24.94423498865217,26344.75252998527,71551.54390930568
1769774344,200,,Aggregated,103.800000,0.000000,59,68,83,110,370,840,1900,3300,14000,24000,26000,132698,0,59,232.51601668828144,24.94423498865217,26344.75252998527,71570.29349349652
1769774345,200,,Aggregated,116.400000,0.000000,59,69,83,110,370,840,1900,3300,14000,24000,26000,132855,0,59,232.53086805160763,24.94423498865217,26344.75252998527,71580.2932445147
1769774346,200,,Aggregated,134.600000,0.000000,59,69,83,110,370,840,1900,3300,14000,24000,26000,133107,0,59,232.5242419901098,24.94423498865217,26344.75252998527,71582.4442065406
1769774347,200,,Aggregated,137.200000,0.000000,59,69,84,110,370,840,1900,3300,14000,24000,26000,133316,0,59,232.49801923121262,24.94423498865217,26344.75252998527,71564.41742176483
1769774348,200,,Aggregated,153.000000,0.000000,59,69,84,110,370,840,1900,3300,14000,24000,26000,133544,0,59,232.38181808073276,24.94423498865217,26344.75252998527,71586.8246495537
1769774349,200,,Aggregated,159.700000,0.000000,59,69,84,110,370,840,1900,3300,14000,24000,26000,133692,0,59,232.3292484121053,24.94423498865217,26344.75252998527,71611.60464350897
1769774351,200,,Aggregated,165.900000,0.000000,59,69,84,110,370,840,1900,3200,14000,24000,26000,133999,0,59,232.13964141172727,24.94423498865217,26344.75252998527,71611.00277614011
1769774352,200,,Aggregated,165.900000,0.000000,59,69,84,120,370,840,1900,3200,13000,24000,26000,134205,0,59,231.96895150292764,24.94423498865217,26344.75252998527,71621.80764502067
1769774353,200,,Aggregated,188.700000,0.000000,59,69,85,120,370,840,1800,3200,13000,24000,26000,134472,0,59,231.7642683987889,24.94423498865217,26344.75252998527,71627.0632324945
1769774354,200,,Aggregated,195.300000,0.000000,59,69,85,120,370,840,1800,3200,13000,24000,26000,134675,0,59,231.60513759731555,24.94423498865217,26344.75252998527,71616.16709114535
1769774355,200,,Aggregated,201.400000,0.000000,59,69,85,120,370,840,1800,3200,13000,24000,26000,134919,0,59,231.42718532275734,24.94423498865217,26344.75252998527,71616.49090936044
1769774356,200,,Aggregated,197.800000,0.000000,59,69,85,120,360,840,1800,3200,13000,24000,26000,135105,0,59,231.23819590032988,24.94423498865217,26344.75252998527,71608.22654972058
1769774357,200,,Aggregated,204.400000,0.000000,59,69,85,120,360,840,1800,3200,13000,24000,26000,135382,0,59,230.93030342939957,24.94423498865217,26344.75252998527,71598.90945620541
1769774358,200,,Aggregated,212.200000,0.000000,59,69,85,120,360,840,1800,3200,13000,24000,26000,135600,0,59,230.67981384127395,24.94423498865217,26344.75252998527,71583.77355457227
1769774359,200,,Aggregated,219.500000,0.000000,59,69,85,120,360,830,1800,3200,13000,24000,26000,135865,0,59,230.7395219913669,24.94423498865217,26344.75252998527,71549.41943841313
1769774360,200,,Aggregated,221.000000,0.000000,59,69,85,120,360,830,1800,3200,13000,24000,26000,136135,0,59,230.4501978788914,24.94423498865217,26344.75252998527,71530.06256289712
1769774361,200,,Aggregated,217.000000,0.000000,59,69,85,120,360,830,1800,3200,13000,24000,26000,136360,0,59,230.17968198791408,24.94423498865217,26344.75252998527,71504.60024933999
1769774362,200,,Aggregated,230.100000,0.000000,59,69,85,120,360,830,1800,3200,13000,24000,26000,136602,0,59,229.89709949139962,24.94423498865217,26344.75252998527,71486.49490490623
1769774363,200,,Aggregated,221.600000,0.000000,59,69,85,120,360,830,1800,3200,13000,24000,26000,136866,0,59,229.64088699263303,24.94423498865217,26344.75252998527,71465.79099264974
1769774364,200,,Aggregated,227.100000,0.000000,59,69,85,120,360,830,1800,3200,13000,24000,26000,137093,0,59,229.35597923445874,24.94423498865217,26344.75252998527,71448.05003173028
1769774365,200,,Aggregated,224.600000,0.000000,59,69,85,120,350,830,1800,3200,13000,24000,26000,137395,0,59,229.0227072417182,24.94423498865217,26344.75252998527,71429.99545835001
1769774366,200,,Aggregated,233.800000,0.000000,59,69,85,120,350,830,1800,3200,13000,24000,26000,137627,0,59,228.74214496372772,24.94423498865217,26344.75252998527,71405.800271749
1769774367,200,,Aggregated,235.100000,0.000000,59,69,85,120,350,820,1800,3100,13000,24000,26000,137902,0,59,228.40115232505298,24.94423498865217,26344.75252998527,71383.28396977564
1769774368,200,,Aggregated,235.600000,0.000000,59,69,85,120,350,820,1800,3100,13000,24000,26000,138151,0,59,228.08774294258745,24.94423498865217,26344.75252998527,71361.86975845271
1769774369,200,,Aggregated,234.000000,0.000000,59,69,85,120,350,820,1800,3100,13000,24000,26000,138394,0,59,227.7860192146075,24.94423498865217,26344.75252998527,71342.86846973134
1769774370,200,,Aggregated,236.600000,0.000000,59,69,85,120,350,820,1800,3100,13000,24000,26000,138675,0,59,227.45287382463613,24.94423498865217,26344.75252998527,71318.96426897422
1769774371,200,,Aggregated,244.800000,0.000000,59,69,85,110,350,820,1800,3100,13000,24000,26000,138922,0,59,227.1435595534643,24.94423498865217,26344.75252998527,71298.32170570536
1769774372,200,,Aggregated,244.400000,0.000000,59,69,85,110,350,810,1800,3100,13000,24000,26000,139179,0,59,226.83239428179292,24.94423498865217,26344.75252998527,71276.18980593336
1769774373,200,,Aggregated,247.100000,0.000000,59,69,84,110,350,810,1800,3100,13000,24000,26000,139436,0,59,226.53373770924114,24.94423498865217,26344.75252998527,71253.37978714249
1769774375,200,,Aggregated,250.300000,0.000000,59,69,84,110,350,810,1800,3100,13000,24000,26000,139681,0,59,226.23443737269844,24.94423498865217,26344.75252998527,71227.7736270502
1769774376,200,,Aggregated,247.800000,0.000000,59,69,84,110,340,810,1800,3100,13000,24000,26000,139928,0,59,225.93325469980564,24.94423498865217,26344.75252998527,71212.3311345835
1769774377,200,,Aggregated,249.700000,0.000000,59,69,84,110,340,810,1800,3100,13000,24000,26000,140179,0,59,225.62883612907441,24.94423498865217,26344.75252998527,71189.83722240849
1769774378,200,,Aggregated,248.800000,0.000000,59,69,84,110,340,810,1800,3100,13000,24000,26000,140434,0,59,225.32192748173253,24.94423498865217,26344.75252998527,71166.96900323284
1769774379,200,,Aggregated,246.900000,0.000000,59,69,84,110,340,810,1800,3100,13000,24000,26000,140696,0,59,225.0227432243248,24.94423498865217,26344.75252998527,71149.10695400012
1769774380,200,,Aggregated,246.100000,0.000000,59,69,84,110,340,800,1800,3100,13000,24000,26000,140951,0,59,224.71562293441107,24.94423498865217,26344.75252998527,71129.63728529772
1769774381,200,,Aggregated,246.700000,0.000000,59,69,84,110,340,800,1800,3100,13000,24000,26000,141201,0,59,224.41427555539963,24.94423498865217,26344.75252998527,71108.90746524459
1769774382,200,,Aggregated,248.100000,0.000000,59,69,84,110,340,800,1800,3100,13000,24000,26000,141475,0,59,224.08503932933132,24.94423498865217,26344.75252998527,71087.634606821
1769774383,200,,Aggregated,247.100000,0.000000,59,69,83,110,340,800,1800,3100,13000,24000,26000,141730,0,59,223.7791685814155,24.94423498865217,26344.75252998527,71068.1854864884
1769774384,200,,Aggregated,249.100000,0.000000,59,69,83,110,340,800,1800,3100,13000,24000,26000,141997,0,59,223.46761842163218,24.94423498865217,26344.75252998527,71042.1748487644
1769774385,200,,Aggregated,248.800000,0.000000,59,69,83,110,340,800,1800,3000,13000,24000,26000,142241,0,59,223.17723137069828,24.94423498865217,26344.75252998527,71027.12902749558
1769774386,200,,Aggregated,247.900000,0.000000,59,69,83,110,340,800,1800,3000,13000,24000,26000,142503,0,59,222.86470738897728,24.94423498865217,26344.75252998527,71004.65204241314
1769774387,200,,Aggregated,249.600000,0.000000,59,69,83,110,340,800,1800,3000,13000,24000,26000,142765,0,59,222.55440717018664,24.94423498865217,26344.75252998527,70982.53378629216
1769774388,200,,Aggregated,248.600000,0.000000,59,68,83,110,330,800,1800,3000,13000,24000,26000,143010,0,59,222.25993079807026,24.94423498865217,26344.75252998527,70964.01721557933
1769774389,200,,Aggregated,251.200000,0.000000,59,68,83,110,330,790,1800,3000,13000,24000,26000,143253,0,59,221.97824385005177,24.94423498865217,26344.75252998527,70946.7563820653
1769774390,200,,Aggregated,251.300000,0.000000,59,68,83,110,330,790,1800,3000,13000,24000,26000,143514,0,59,221.6749919293388,24.94423498865217,26344.75252998527,70924.59699402149
1769774391,200,,Aggregated,249.200000,0.000000,59,68,82,110,330,790,1800,3000,13000,24000,26000,143781,0,59,221.37210381701595,24.94423498865217,26344.75252998527,70903.32552284376
1769774392,200,,Aggregated,246.500000,0.000000,59,68,82,110,330,790,1800,3000,13000,24000,26000,144039,0,59,221.07229010536156,24.94423498865217,26344.75252998527,70884.05315227126
1769774393,200,,Aggregated,248.200000,0.000000,59,68,82,110,330,790,1700,3000,13000,24000,26000,144322,0,59,220.74946014896335,24.94423498865217,26344.75252998527,70863.25857457629
1769774394,200,,Aggregated,247.600000,0.000000,59,68,82,110,330,790,1700,3000,13000,24000,26000,144555,0,59,220.47989817028298,24.94423498865217,26344.75252998527,70842.95241257653
1769774395,200,,Aggregated,250.100000,0.000000,59,68,82,110,330,790,1700,3000,13000,24000,26000,144829,0,59,220.17047259946924,24.94423498865217,26344.75252998527,70824.07582045032
1769774396,200,,Aggregated,249.500000,0.000000,59,68,82,110,330,790,1700,3000,13000,24000,26000,145094,0,59,219.87147831345038,24.94423498865217,26344.75252998527,70804.10721325486
1769774397,200,,Aggregated,249.600000,0.000000,59,68,82,110,330,780,1700,3000,13000,24000,26000,145354,0,59,219.57583383907206,24.94423498865217,26344.75252998527,70781.36470960552
1769774398,200,,Aggregated,251.100000,0.000000,59,68,82,110,320,780,1700,3000,13000,24000,26000,145620,0,59,219.2773556346245,24.94423498865217,26344.75252998527,70762.56771047933
1769774399,200,,Aggregated,250.200000,0.000000,59,68,82,110,320,780,1700,3000,13000,24000,26000,145858,0,59,219.0079678058855,24.94423498865217,26344.75252998527,70743.19580002468
1769774400,200,,Aggregated,249.600000,0.000000,59,68,81,110,320,780,1700,3000,13000,24000,26000,146142,0,59,218.69558621357393,24.94423498865217,26344.75252998527,70720.32495791765
1769774401,200,,Aggregated,249.900000,0.000000,59,68,81,110,320,780,1700,3000,13000,24000,26000,146379,0,59,218.43342875317262,24.94423498865217,26344.75252998527,70703.3616229104
1769774402,200,,Aggregated,251.600000,0.000000,59,68,81,110,320,780,1700,3000,13000,24000,26000,146642,0,59,218.16780135566432,24.94423498865217,26344.75252998527,70681.61716970582
1769774403,200,,Aggregated,252.900000,0.000000,59,68,81,110,320,780,1700,2900,13000,24000,26000,146871,0,59,217.92266021998225,24.94423498865217,26344.75252998527,70664.57843958304
1769774404,200,,Aggregated,251.900000,0.000000,59,68,81,100,320,780,1700,2900,13000,24000,26000,147142,0,59,217.64203456659013,24.94423498865217,26344.75252998527,70644.6684427288
1769774406,200,,Aggregated,247.100000,0.000000,59,68,81,100,320,780,1700,2900,13000,24000,26000,147382,0,59,217.38864711488324,24.94423498865217,26344.75252998527,70625.71844594319
1769774407,200,,Aggregated,247.600000,0.000000,59,68,81,100,320,780,1700,2900,13000,24000,26000,147651,0,59,217.10144273338008,24.94423498865217,26344.75252998527,70605.24532173842
1769774408,200,,Aggregated,246.800000,0.000000,59,68,81,100,320,780,1700,2900,13000,24000,26000,147881,0,59,216.8619584712159,24.94423498865217,26344.75252998527,70589.7090904173
1769774409,200,,Aggregated,248.300000,0.000000,59,68,81,100,320,770,1700,2900,13000,24000,26000,148126,0,59,216.6112500138139,24.94423498865217,26344.75252998527,70571.79936000433
1769774410,200,,Aggregated,244.400000,0.000000,59,68,81,100,320,770,1700,2900,13000,24000,26000,148409,0,59,216.33540653208797,24.94423498865217,26344.75252998527,70551.46997823582
1769774411,200,,Aggregated,245.000000,0.000000,59,68,81,100,320,770,1700,2900,13000,24000,26000,148639,0,59,216.10796293412756,24.94423498865217,26344.75252998527,70545.49821379315
1769774412,200,,Aggregated,247.600000,0.000000,59,68,81,100,310,770,1700,2900,13000,24000,26000,148893,0,59,215.8568921672251,24.94423498865217,26344.75252998527,70539.28953006522
1769774413,200,,Aggregated,243.400000,0.000000,59,68,81,100,310,770,1700,2900,13000,24000,26000,149125,0,59,215.61388117691678,24.94423498865217,26344.75252998527,70525.7310980721
1769774414,200,,Aggregated,243.600000,0.000000,59,68,81,100,310,770,1700,2900,13000,24000,26000,149392,0,59,215.35834162046385,24.94423498865217,26344.75252998527,70517.46978419193
1769774415,200,,Aggregated,241.600000,0.000000,59,68,81,100,310,770,1700,2900,13000,24000,26000,149641,0,59,215.109954334025,24.94423498865217,26344.75252998527,70512.46424442499
1769774416,200,,Aggregated,244.800000,0.000000,59,68,81,100,310,770,1700,2900,13000,24000,26000,149891,0,59,214.86443463569475,24.94423498865217,26344.75252998527,70502.10305488655
1769774417,200,,Aggregated,241.600000,0.000000,59,68,81,100,310,770,1700,2900,13000,24000,26000,150110,0,59,214.65750427590953,24.94423498865217,26344.75252998527,70487.73646659117
1769774418,200,,Aggregated,243.800000,0.000000,59,68,81,100,310,770,1700,2900,13000,24000,26000,150367,0,59,214.53226069745537,24.94423498865217,26344.75252998527,70507.80118643053
1769774419,200,,Aggregated,239.300000,0.000000,59,68,81,100,310,760,1700,2900,13000,24000,26000,150594,0,59,214.39216662723456,24.94423498865217,26344.75252998527,70538.6825769951
1769774420,200,,Aggregated,239.000000,0.000000,59,68,81,100,310,760,1700,2800,13000,24000,26000,150803,0,59,214.23273093563483,24.94423498865217,26344.75252998527,70529.00927037261
1769774421,200,,Aggregated,239.000000,0.000000,59,68,81,100,310,760,1700,2800,13000,24000,26000,151021,0,59,214.11984384754072,24.94423498865217,26344.75252998527,70540.80596738202
1769774422,200,,Aggregated,231.700000,0.000000,59,68,81,100,310,760,1700,2800,13000,24000,26000,151221,0,59,214.07803230665397,24.94423498865217,26344.75252998527,70578.39341096806
1769774423,200,,Aggregated,230.900000,0.000000,59,68,81,100,310,760,1700,2800,13000,24000,26000,151403,0,59,214.0435892524957,24.94423498865217,26344.75252998527,70585.86878727634
1769774424,200,,Aggregated,225.400000,0.000000,59,68,81,100,310,760,1700,2800,13000,24000,26000,151551,0,59,214.12542835494074,24.94423498865217,26344.75252998527,70618.05090035698
1769774425,200,,Aggregated,219.700000,0.000000,59,68,82,100,310,760,1700,2900,13000,24000,26000,151671,0,59,214.31906486275273,24.94423498865217,26344.75252998527,70685.25589598539
1769774426,200,,Aggregated,211.100000,0.000000,59,68,82,110,310,760,1700,2900,13000,24000,26000,151816,0,59,214.75551370133846,24.94423498865217,26344.75252998527,70778.9010842072
1769774427,200,,Aggregated,203.200000,0.000000,59,68,82,110,310,770,1700,2900,13000,24000,26000,151946,0,59,215.04373041433368,24.94423498865217,26344.75252998527,70885.86869677385
1769774428,200,,Aggregated,188.800000,0.000000,59,68,82,110,310,770,1700,2900,13000,24000,26000,152028,0,59,215.26668128452314,24.94423498865217,26344.75252998527,70957.18217038967
1769774429,200,,Aggregated,180.500000,0.000000,59,68,82,110,320,770,1700,2900,13000,24000,26000,152069,0,59,215.50389388205537,24.94423498865217,26344.75252998527,71028.28799426576
1769774430,200,,Aggregated,171.200000,0.000000,59,68,82,110,320,770,1700,2900,13000,24000,26000,152144,0,59,216.21838558169438,24.94423498865217,26344.75252998527,71104.63741586918
1769774431,200,,Aggregated,154.000000,0.000000,59,68,82,110,320,770,1700,2900,13000,24000,26000,152181,0,59,216.3124043976601,24.94423498865217,26344.75252998527,71136.77704181205
1769774433,200,,Aggregated,123.800000,0.000000,59,68,82,110,320,780,1700,3000,13000,24000,26000,152258,0,59,216.58149247159642,24.94423498865217,26344.75252998527,71209.97086524189
1769774434,200,,Aggregated,123.800000,0.000000,59,68,82,110,320,780,1700,3000,13000,24000,26000,152340,0,59,217.21748917856215,24.94423498865217,26344.75252998527,71244.87776683734
1769774435,200,,Aggregated,98.200000,0.000000,59,68,82,110,320,780,1800,3100,13000,24000,26000,152512,0,59,219.2621175030463,24.94423498865217,26344.75252998527,71267.69962363617
1769774436,200,,Aggregated,98.200000,0.000000,59,68,82,110,320,780,1800,3200,13000,24000,26000,152609,0,59,220.49469825873223,24.94423498865217,26344.75252998527,71276.01389826289
1769774437,200,,Aggregated,89.300000,0.000000,59,69,83,110,320,780,1800,3200,13000,24000,26000,152844,0,59,220.9601428164117,24.94423498865217,26344.75252998527,71321.45348198163
1769774438,200,,Aggregated,90.400000,0.000000,59,69,83,110,320,780,1800,3200,13000,24000,26000,152956,0,59,221.1753122692219,24.94423498865217,26344.75252998527,71373.84777321582
1769774439,200,,Aggregated,95.100000,0.000000,59,69,83,110,330,780,1800,3200,13000,24000,26000,153103,0,59,221.23855521816085,24.94423498865217,26344.75252998527,71385.54405204339
1769774440,200,,Aggregated,91.300000,0.000000,59,69,83,110,330,790,1800,3200,13000,24000,26000,153227,0,59,221.64096140876532,24.94423498865217,26344.75252998527,71419.47216221684
1769774442,200,,Aggregated,104.600000,0.000000,59,69,83,110,330,790,1800,3200,13000,24000,26000,153372,0,59,222.0647123723981,24.94423498865217,26344.75252998527,71458.32528753618
1769774443,200,,Aggregated,115.800000,0.000000,59,69,84,110,340,800,1800,3200,13000,24000,26000,153521,0,59,222.7939656775595,24.94423498865217,26344.75252998527,71492.17682922857
1769774445,200,,Aggregated,119.100000,0.000000,59,69,84,110,340,810,1800,3200,13000,24000,26000,153617,0,59,223.24907314516318,24.94423498865217,26344.75252998527,71499.56096655969
1769774446,200,,Aggregated,117.900000,0.000000,59,69,84,110,340,820,1800,3200,13000,24000,26000,153786,0,59,224.04570429123288,24.94423498865217,26344.75252998527,71500.27550622293
1769774447,200,,Aggregated,113.400000,0.000000,59,69,84,110,350,820,1800,3200,13000,24000,26000,154079,0,59,224.33085598791692,24.94423498865217,26344.75252998527,71511.45230693345
1769774448,200,,Aggregated,117.700000,0.000000,59,69,84,110,350,820,1800,3200,13000,24000,26000,154277,0,59,224.2372667468117,24.94423498865217,26344.75252998527,71521.36195933289
1769774449,200,,Aggregated,117.200000,0.000000,59,69,85,110,350,820,1800,3200,13000,24000,26000,154516,0,59,224.26946806791466,24.94423498865217,26344.75252998527,71540.66031349504
1769774450,200,,Aggregated,123.700000,0.000000,59,69,85,120,350,810,1800,3200,13000,24000,26000,154658,0,59,224.2715319806606,24.94423498865217,26344.75252998527,71566.39607391793
1769774452,200,,Aggregated,122.500000,0.000000,59,69,85,120,350,810,1800,3200,13000,24000,26000,154841,0,59,224.2844727051425,24.94423498865217,26344.75252998527,71568.70900472098
1769774453,200,,Aggregated,139.000000,0.000000,59,70,86,120,350,810,1800,3100,13000,24000,26000,155054,0,59,224.54153025799494,24.94423498865217,26344.75252998527,71586.80939543643
1769774454,200,,Aggregated,146.900000,0.000000,59,70,86,120,350,810,1800,3100,13000,24000,26000,155322,0,59,224.54257814779265,24.94423498865217,26344.75252998527,71596.14438392501
1769774455,200,,Aggregated,157.600000,0.000000,59,70,86,120,350,810,1800,3100,13000,24000,26000,155557,0,59,224.36186816156982,24.94423498865217,26344.75252998527,71582.52999865002
1769774456,200,,Aggregated,174.600000,0.000000,59,70,86,120,350,810,1800,3100,13000,24000,26000,155816,0,59,224.32458428202915,24.94423498865217,26344.75252998527,71600.40561303076
1769774457,200,,Aggregated,183.300000,0.000000,59,70,86,120,350,810,1800,3100,13000,24000,26000,156045,0,59,224.15266991879545,24.94423498865217,26344.75252998527,71590.80566503252
1769774458,200,,Aggregated,179.900000,0.000000,59,70,86,120,350,810,1800,3100,13000,24000,26000,156228,0,59,224.03398174169473,24.94423498865217,26344.75252998527,71592.65738535985
1769774459,200,,Aggregated,187.400000,0.000000,59,70,87,120,350,810,1800,3100,13000,24000,26000,156415,0,59,224.05867013299107,24.94423498865217,26344.75252998527,71607.52291020683
1769774460,200,,Aggregated,195.700000,0.000000,59,70,87,120,350,810,1800,3100,13000,24000,26000,156670,0,59,223.93305624995767,24.94423498865217,26344.75252998527,71600.70627433459
1769774462,200,,Aggregated,196.200000,0.000000,59,70,87,120,350,810,1800,3100,13000,24000,26000,156837,0,59,223.83444220209714,24.94423498865217,26344.75252998527,71599.86776079625
1769774463,200,,Aggregated,198.200000,0.000000,60,70,87,120,350,810,1800,3100,13000,24000,26000,157094,0,60,223.77482710293188,24.94423498865217,26344.75252998527,71608.11733739036
1769774464,200,,Aggregated,199.600000,0.000000,60,70,87,120,350,810,1800,3100,13000,24000,26000,157306,0,60,223.70884355453845,24.94423498865217,26344.75252998527,71629.12208053094
1769774465,200,,Aggregated,206.200000,0.000000,60,70,87,120,350,810,1800,3100,13000,24000,26000,157557,0,60,223.4857892723409,24.94423498865217,26344.75252998527,71625.70505912146
1769774466,200,,Aggregated,198.000000,0.000000,60,70,87,120,350,810,1800,3100,13000,24000,26000,157781,0,60,223.27523486049614,24.94423498865217,26344.75252998527,71608.97673991165
1769774467,200,,Aggregated,207.600000,0.000000,60,70,88,120,350,800,1800,3100,13000,24000,26000,158062,0,60,223.05287675922352,24.94423498865217,26344.75252998527,71591.48977616378
1769774468,200,,Aggregated,217.100000,0.000000,60,70,88,120,340,800,1800,3100,13000,24000,26000,158198,0,60,222.97790826661125,24.94423498865217,26344.75252998527,71576.18996447489
1769774469,200,,Aggregated,212.400000,0.000000,60,70,88,120,340,800,1800,3100,13000,24000,26000,158510,0,60,222.72441543249252,24.94423498865217,26344.75252998527,71562.96764242003
1769774470,200,,Aggregated,206.800000,0.000000,60,70,88,120,340,800,1800,3100,13000,24000,26000,158727,0,60,222.57027828648066,24.94423498865217,26344.75252998527,71552.05362036705
1769774471,200,,Aggregated,215.100000,0.000000,60,70,88,120,340,800,1800,3100,13000,24000,26000,158970,0,60,222.36623498842542,24.94423498865217,26344.75252998527,71541.63909542681
1769774472,200,,Aggregated,218.600000,0.000000,60,70,88,120,340,800,1700,3100,13000,24000,26000,159222,0,60,222.14979707729864,24.94423498865217,26344.75252998527,71520.24426272752
1769774473,200,,Aggregated,223.100000,0.000000,60,71,88,120,340,800,1700,3100,13000,24000,26000,159461,0,60,221.97088344346204,24.94423498865217,26344.75252998527,71503.18381924107
1769774474,200,,Aggregated,227.800000,0.000000,60,71,88,120,340,800,1700,3000,13000,24000,26000,159709,0,60,221.7610924600981,24.94423498865217,26344.75252998527,71483.09961242009
1769774475,200,,Aggregated,226.200000,0.000000,60,71,88,120,340,800,1700,3000,13000,24000,26000,159956,0,60,221.51355728668963,24.94423498865217,26344.75252998527,71461.42515441746
1769774476,200,,Aggregated,229.500000,0.000000,60,70,88,120,340,800,1700,3000,13000,24000,26000,160212,0,60,221.25870178358397,24.94423498865217,26344.75252998527,71442.29172596309
1769774477,200,,Aggregated,226.200000,0.000000,60,70,88,120,340,800,1700,3000,13000,24000,26000,160452,0,60,221.0422582698776,24.94423498865217,26344.75252998527,71433.76060753372
1769774478,200,,Aggregated,226.900000,0.000000,60,71,88,120,340,790,1700,3000,13000,24000,26000,160724,0,60,220.80245369006911,24.94423498865217,26344.75252998527,71412.08307408975
1769774479,200,,Aggregated,233.500000,0.000000,60,70,88,120,340,790,1700,3000,13000,24000,26000,160960,0,60,220.56659557973697,24.94423498865217,26344.75252998527,71394.6039388668
1769774480,200,,Aggregated,240.800000,0.000000,60,70,88,120,340,790,1700,3000,12000,24000,26000,161227,0,60,220.29960728249765,24.94423498865217,26344.75252998527,71374.5278520347
1769774481,200,,Aggregated,238.200000,0.000000,60,70,88,120,340,790,1700,3000,12000,24000,26000,161474,0,60,220.05210210852377,24.94423498865217,26344.75252998527,71359.13285110916
1769774482,200,,Aggregated,239.900000,0.000000,60,70,87,120,340,790,1700,3000,12000,24000,26000,161713,0,60,219.81544169578808,24.94423498865217,26344.75252998527,71341.60664881612
1769774483,200,,Aggregated,239.000000,0.000000,60,70,87,120,330,790,1700,3000,12000,24000,26000,161970,0,60,219.5608360826632,24.94423498865217,26344.75252998527,71322.95070692104
1769774484,200,,Aggregated,241.300000,0.000000,60,70,87,120,330,790,1700,3000,12000,24000,26000,162212,0,60,219.32181180967174,24.94423498865217,26344.75252998527,71306.96633417996
1769774485,200,,Aggregated,243.700000,0.000000,60,70,87,120,330,790,1700,3000,12000,24000,26000,162511,0,60,219.0489541823357,24.94423498865217,26344.75252998527,71284.6401105156
1769774486,200,,Aggregated,245.300000,0.000000,60,70,87,120,330,790,1700,3000,12000,24000,26000,162734,0,60,218.82838844245654,24.94423498865217,26344.75252998527,71269.0500079885
1769774487,200,,Aggregated,246.000000,0.000000,60,70,87,120,330,790,1700,3000,12000,24000,26000,163031,0,60,218.53764156932135,24.94423498865217,26344.75252998527,71248.4341198913
1769774489,200,,Aggregated,244.500000,0.000000,60,70,87,120,330,790,1700,3000,12000,24000,26000,163258,0,60,218.31039419910263,24.94423498865217,26344.75252998527,71230.70369599039
1769774490,200,,Aggregated,248.500000,0.000000,60,70,87,120,330,780,1700,3000,12000,24000,26000,163523,0,60,218.04891422822942,24.94423498865217,26344.75252998527,71212.39853720884
1769774491,200,,Aggregated,245.800000,0.000000,60,70,87,120,330,780,1700,3000,12000,24000,26000,163778,0,60,217.79833269807042,24.94423498865217,26344.75252998527,71193.3538814737
1769774492,200,,Aggregated,246.700000,0.000000,60,70,86,120,330,780,1700,3000,12000,24000,26000,164048,0,60,217.53741136847367,24.94423498865217,26344.75252998527,71175.16753023505
1769774493,200,,Aggregated,245.700000,0.000000,60,70,86,120,330,780,1700,3000,12000,24000,26000,164295,0,60,217.296939875853,24.94423498865217,26344.75252998527,71160.40771173804
1769774494,200,,Aggregated,249.100000,0.000000,60,70,86,120,330,780,1700,3000,12000,24000,26000,164536,0,60,217.06274852902507,24.94423498865217,26344.75252998527,71140.77523459912
1769774495,200,,Aggregated,248.300000,0.000000,60,70,86,120,330,780,1700,3000,12000,24000,26000,164797,0,60,216.81563303895,24.94423498865217,26344.75252998527,71123.70375674314
1769774496,200,,Aggregated,247.700000,0.000000,60,70,86,120,330,780,1700,3000,12000,24000,26000,165063,0,60,216.56219602538678,24.94423498865217,26344.75252998527,71105.34667369428
1769774497,200,,Aggregated,249.800000,0.000000,60,70,86,120,320,780,1700,2900,12000,24000,26000,165321,0,60,216.31792852405675,24.94423498865217,26344.75252998527,71084.68642822147
1769774498,200,,Aggregated,247.700000,0.000000,60,70,86,120,320,780,1700,2900,12000,24000,26000,165594,0,60,216.05650215076002,24.94423498865217,26344.75252998527,71068.50489148157
1769774499,200,,Aggregated,250.200000,0.000000,60,70,86,120,320,780,1700,2900,12000,24000,26000,165849,0,60,215.81620898081644,24.94423498865217,26344.75252998527,71051.14669970877
1769774500,200,,Aggregated,246.200000,0.000000,60,70,86,110,320,780,1700,2900,12000,24000,26000,166106,0,60,215.57525174484982,24.94423498865217,26344.75252998527,71032.9216644793
1769774501,200,,Aggregated,251.100000,0.000000,60,70,86,110,320,780,1700,2900,12000,24000,26000,166340,0,60,215.35806448776447,24.94423498865217,26344.75252998527,71016.90132860406
1769774502,200,,Aggregated,248.900000,0.000000,60,70,85,110,320,780,1700,2900,12000,24000,26000,166613,0,60,215.10873257280605,24.94423498865217,26344.75252998527,70996.28183275014
1769774503,200,,Aggregated,247.900000,0.000000,60,70,85,110,320,780,1700,2900,12000,24000,26000,166863,0,60,214.8759178851339,24.94423498865217,26344.75252998527,70979.22009672606
1769774504,200,,Aggregated,246.400000,0.000000,60,70,85,110,320,770,1700,2900,12000,24000,26000,167135,0,60,214.62711290410797,24.94423498865217,26344.75252998527,70961.82916803782
1769774505,200,,Aggregated,248.900000,0.000000,60,70,85,110,320,770,1700,2900,12000,24000,26000,167383,0,60,214.39852572672163,24.94423498865217,26344.75252998527,70943.27386891142
1769774506,200,,Aggregated,252.600000,0.000000,60,70,85,110,320,770,1700,2900,12000,24000,26000,167648,0,60,214.1511606526064,24.94423498865217,26344.75252998527,70927.66129032258
1769774507,200,,Aggregated,250.500000,0.000000,60,70,85,110,320,770,1700,2900,12000,24000,26000,167886,0,60,213.92913544639146,24.94423498865217,26344.75252998527,70910.7944974566
1769774508,200,,Aggregated,250.700000,0.000000,60,70,85,110,320,770,1700,2900,12000,24000,26000,168179,0,60,213.66244214761213,24.94423498865217,26344.75252998527,70888.98337485656
1769774509,200,,Aggregated,251.000000,0.000000,59,70,85,110,320,770,1700,2900,12000,24000,26000,168444,0,59,213.42013438705735,24.94423498865217,26344.75252998527,70872.00903564389
1769774510,200,,Aggregated,250.700000,0.000000,59,70,85,110,320,770,1700,2900,12000,24000,26000,168692,0,59,213.19036405553342,24.94423498865217,26344.75252998527,70854.00917648732
1769774511,200,,Aggregated,250.600000,0.000000,59,70,85,110,320,770,1700,2900,12000,24000,26000,168949,0,59,212.961538927152,24.94423498865217,26344.75252998527,70839.96944048203
1769774512,200,,Aggregated,251.700000,0.000000,59,70,85,110,310,770,1700,2900,12000,24000,26000,169181,0,59,212.7481259538056,24.94423498865217,26344.75252998527,70825.26773100998
1769774513,200,,Aggregated,252.700000,0.000000,59,70,84,110,310,770,1700,2900,12000,24000,26000,169460,0,59,212.49625045117412,24.94423498865217,26344.75252998527,70807.1731618081
1769774514,200,,Aggregated,252.500000,0.000000,59,70,84,110,310,760,1700,2800,12000,24000,26000,169721,0,59,212.2631818046282,24.94423498865217,26344.75252998527,70791.36341407368
1769774515,200,,Aggregated,248.800000,0.000000,59,70,84,110,310,760,1700,2800,12000,24000,26000,169980,0,59,212.03334841119957,24.94423498865217,26344.75252998527,70774.96445464173
1769774516,200,,Aggregated,248.600000,0.000000,59,70,84,110,310,760,1700,2800,12000,24000,26000,170230,0,59,211.81293280934472,24.94423498865217,26344.75252998527,70756.44348234741
1769774517,200,,Aggregated,249.200000,0.000000,59,70,84,110,310,760,1700,2800,12000,24000,26000,170482,0,59,211.59525814472394,24.94423498865217,26344.75252998527,70744.18295773161
1769774519,200,,Aggregated,249.500000,0.000000,59,70,84,110,310,760,1700,2800,12000,24000,26000,170743,0,59,211.38027753548866,24.94423498865217,26344.75252998527,70728.46798990296
1769774520,200,,Aggregated,248.200000,0.000000,59,70,84,110,310,760,1600,2800,12000,24000,26000,170997,0,59,211.15961575634702,24.94423498865217,26344.75252998527,70717.66680117194
1769774521,200,,Aggregated,246.600000,0.000000,59,70,84,110,310,760,1600,2800,12000,24000,26000,171209,0,59,210.98764519634065,24.94423498865217,26344.75252998527,70701.27540608263
1769774522,200,,Aggregated,247.000000,0.000000,59,70,84,110,310,760,1600,2800,12000,24000,26000,171463,0,59,210.81101661529476,24.94423498865217,26344.75252998527,70704.98073053661
1769774523,200,,Aggregated,243.300000,0.000000,59,70,84,110,310,760,1600,2800,12000,24000,26000,171693,0,59,210.6674418859023,24.94423498865217,26344.75252998527,70708.4135287985
1769774524,200,,Aggregated,242.000000,0.000000,60,70,84,110,310,760,1600,2800,12000,24000,26000,171920,0,60,210.4846663796887,24.94423498865217,26344.75252998527,70697.62696021405
1769774525,200,,Aggregated,243.800000,0.000000,60,70,84,110,310,760,1600,2800,12000,24000,26000,172173,0,60,210.33181734242245,24.94423498865217,26344.75252998527,70719.7482415942
1769774526,200,,Aggregated,238.400000,0.000000,60,70,84,110,310,760,1600,2800,12000,24000,26000,172379,0,60,210.19863328811232,24.94423498865217,26344.75252998527,70722.07010134646
1769774527,200,,Aggregated,238.600000,0.000000,60,70,84,110,310,750,1600,2800,12000,24000,26000,172596,0,60,210.1190279778001,24.94423498865217,26344.75252998527,70734.7943173654
1769774528,200,,Aggregated,236.100000,0.000000,60,70,84,110,310,750,1600,2800,12000,24000,26000,172767,0,60,210.05670655527774,24.94423498865217,26344.75252998527,70737.37631029074
1769774529,200,,Aggregated,227.900000,0.000000,60,70,85,110,310,750,1600,2800,12000,24000,26000,172934,0,60,210.09198597253985,24.94423498865217,26344.75252998527,70762.77765505915
1769774530,200,,Aggregated,223.900000,0.000000,60,70,85,110,310,750,1600,2800,12000,24000,26000,173130,0,60,210.19913615285788,24.94423498865217,26344.75252998527,70816.24993357592
1769774531,200,,Aggregated,213.100000,0.000000,60,70,85,110,310,750,1600,2800,12000,24000,26000,173319,0,60,210.3700103035028,24.94423498865217,26344.75252998527,70910.83390164956
1769774532,200,,Aggregated,207.200000,0.000000,60,70,85,110,310,750,1600,2800,12000,24000,26000,173490,0,60,210.40623535766758,24.94423498865217,26344.75252998527,70966.37176206122
1769774533,200,,Aggregated,203.800000,0.000000,60,70,85,110,310,750,1600,2800,12000,24000,26000,173683,0,60,210.39963752661976,24.94423498865217,26344.75252998527,71024.90124537231
1769774534,200,,Aggregated,199.900000,0.000000,60,70,85,110,310,750,1600,2800,12000,24000,26000,173809,0,60,210.51124058060577,24.94423498865217,26344.75252998527,71085.91033260648
1769774535,200,,Aggregated,193.100000,0.000000,60,70,85,110,310,760,1700,2800,12000,24000,26000,173905,0,60,210.76186572528783,24.94423498865217,26344.75252998527,71135.41009746701
1769774536,200,,Aggregated,186.100000,0.000000,60,70,85,110,310,760,1700,2800,12000,24000,26000,174020,0,60,211.21791948431334,24.94423498865217,26344.75252998527,71191.85814274222
1769774537,200,,Aggregated,172.800000,0.000000,60,70,85,110,310,760,1700,2800,12000,24000,26000,174134,0,60,211.40639303760935,24.94423498865217,26344.75252998527,71222.35671953783
1769774538,200,,Aggregated,159.500000,0.000000,60,70,85,110,310,760,1700,2800,12000,24000,26000,174223,0,60,211.5540795066085,24.94423498865217,26344.75252998527,71258.99756633739
1769774539,200,,Aggregated,153.400000,0.000000,60,70,86,110,310,770,1700,2900,12000,24000,26000,174339,0,60,212.0839288075376,24.94423498865217,26344.75252998527,71295.7450025525
1769774541,200,,Aggregated,143.900000,0.000000,60,70,86,110,310,770,1700,3000,12000,24000,26000,174473,0,60,212.9067267037895,24.94423498865217,26344.75252998527,71313.11848824746
1769774542,200,,Aggregated,137.700000,0.000000,60,70,86,110,320,770,1700,3000,12000,24000,26000,174590,0,60,213.67150871637085,24.94423498865217,26344.75252998527,71333.96280428433
1769774543,200,,Aggregated,124.100000,0.000000,60,70,86,110,320,770,1700,3000,12000,24000,26000,174824,0,60,213.99904280039266,24.94423498865217,26344.75252998527,71367.93816638448
1769774544,200,,Aggregated,116.300000,0.000000,60,70,86,110,320,770,1700,3000,12000,24000,26000,174875,0,60,214.1394016386962,24.94423498865217,26344.75252998527,71400.51607147962
1769774545,200,,Aggregated,117.800000,0.000000,60,70,86,120,320,770,1700,3000,12000,24000,26000,175059,0,60,214.65687519417898,24.94423498865217,26344.75252998527,71440.60401350402
1769774547,200,,Aggregated,111.000000,0.000000,60,71,87,120,330,770,1700,3000,12000,24000,26000,175213,0,60,214.89500847096045,24.94423498865217,26344.75252998527,71475.49724050156
1769774548,200,,Aggregated,118.700000,0.000000,60,71,87,120,330,780,1700,3000,12000,24000,26000,175316,0,60,215.2533932750608,24.94423498865217,26344.75252998527,71508.33818362272
1769774549,200,,Aggregated,115.000000,0.000000,60,71,87,120,340,780,1700,3000,12000,24000,26000,175602,0,60,216.02868366314542,24.94423498865217,26344.75252998527,71543.02865571008
1769774550,200,,Aggregated,110.400000,0.000000,60,71,87,120,340,780,1700,3000,12000,24000,26000,175684,0,60,215.99847058323672,24.94423498865217,26344.75252998527,71558.38379135265
1769774552,200,,Aggregated,125.600000,0.000000,60,71,88,120,340,780,1700,3000,12000,24000,26000,175965,0,60,216.122843699459,24.94423498865217,26344.75252998527,71572.85884124684
1769774553,200,,Aggregated,121.100000,0.000000,60,71,88,120,340,780,1700,3000,12000,24000,26000,176170,0,60,216.0566835260512,24.94423498865217,26344.75252998527,71569.72310836124
1769774554,200,,Aggregated,137.100000,0.000000,60,71,88,120,340,780,1700,3000,12000,24000,26000,176290,0,60,216.10690278253225,24.94423498865217,26344.75252998527,71595.77581258155
1769774555,200,,Aggregated,138.600000,0.000000,60,71,88,120,340,780,1700,3000,12000,24000,26000,176532,0,60,216.13958331402648,24.94423498865217,26344.75252998527,71611.36215530329
1769774556,200,,Aggregated,142.400000,0.000000,60,71,89,120,340,780,1700,3000,12000,24000,26000,176697,0,60,216.2029019550967,24.94423498865217,26344.75252998527,71632.56794965392
1769774557,200,,Aggregated,151.700000,0.000000,60,71,89,120,340,780,1700,3000,12000,24000,26000,176927,0,60,216.4958116155448,24.94423498865217,26344.75252998527,71625.40899919176
1769774558,200,,Aggregated,150.600000,0.000000,60,71,89,120,340,780,1700,3000,12000,24000,26000,177201,0,60,216.46967261177718,24.94423498865217,26344.75252998527,71625.18300686791
1769774559,200,,Aggregated,151.400000,0.000000,60,71,89,120,340,780,1700,2900,12000,24000,26000,177423,0,60,216.3421462946614,24.94423498865217,26344.75252998527,71630.12344510012
1769774560,200,,Aggregated,171.700000,0.000000,60,71,89,120,340,780,1700,2900,12000,24000,26000,177646,0,60,216.19372591327536,24.94423498865217,26344.75252998527,71619.41180212333
1769774562,200,,Aggregated,182.200000,0.000000,60,71,89,120,340,780,1700,2900,12000,24000,26000,177823,0,60,216.11188711691304,24.94423498865217,26344.75252998527,71606.59630081597
1769774563,200,,Aggregated,196.200000,0.000000,60,71,90,120,340,780,1700,2900,12000,24000,26000,178054,0,60,216.05431601610462,24.94423498865217,26344.75252998527,71632.29113078055
1769774564,200,,Aggregated,186.200000,0.000000,60,71,90,120,340,770,1700,2900,12000,24000,26000,178300,0,60,215.92107475915898,24.94423498865217,26344.75252998527,71638.47148625912
1769774565,200,,Aggregated,188.800000,0.000000,60,71,90,120,340,770,1700,2900,12000,24000,26000,178549,0,60,215.85722665072925,24.94423498865217,26344.75252998527,71628.82892091246
1769774566,200,,Aggregated,200.800000,0.000000,60,72,90,120,340,770,1700,2900,12000,24000,26000,178799,0,60,215.76147241927447,24.94423498865217,26344.75252998527,71630.5992595037
1769774567,200,,Aggregated,199.700000,0.000000,60,72,90,120,340,770,1700,2900,12000,24000,26000,179006,0,60,215.69107160477643,24.94423498865217,26344.75252998527,71650.02379808498
1769774568,200,,Aggregated,200.500000,0.000000,60,72,90,120,340,770,1700,2900,12000,24000,26000,179210,0,60,215.6371922510039,24.94423498865217,26344.75252998527,71670.96606774176
1769774569,200,,Aggregated,214.500000,0.000000,60,72,90,120,340,770,1700,2900,12000,24000,26000,179374,0,60,215.51918173229933,24.94423498865217,26344.75252998527,71674.91590197019
1769774570,200,,Aggregated,211.600000,0.000000,60,72,91,120,340,770,1700,2900,12000,24000,26000,179648,0,60,215.39411106026847,24.94423498865217,26344.75252998527,71671.97040879943
1769774571,200,,Aggregated,214.000000,0.000000,60,72,91,120,340,770,1700,2900,12000,24000,26000,179885,0,60,215.23683750317596,24.94423498865217,26344.75252998527,71664.97519526364
1769774572,200,,Aggregated,214.700000,0.000000,60,72,91,120,340,770,1700,2900,12000,24000,26000,180142,0,60,215.1044506878015,24.94423498865217,26344.75252998527,71654.31096024248
1769774573,200,,Aggregated,210.400000,0.000000,60,72,91,120,340,770,1700,2900,12000,24000,26000,180396,0,60,214.97133251948338,24.94423498865217,26344.75252998527,71636.74513847314
1769774574,200,,Aggregated,210.700000,0.000000,60,72,91,120,340,770,1700,2900,12000,24000,26000,180562,0,60,214.8793877570862,24.94423498865217,26344.75252998527,71630.9325328696
1769774575,200,,Aggregated,211.500000,0.000000,60,72,91,130,340,770,1700,2900,12000,24000,26000,180857,0,60,214.72668917180496,24.94423498865217,26344.75252998527,71605.97702051897
1769774576,200,,Aggregated,211.800000,0.000000,60,72,91,130,340,770,1700,2900,12000,24000,26000,181058,0,60,214.60053095922498,24.94423498865217,26344.75252998527,71594.79817517039
1769774577,200,,Aggregated,215.500000,0.000000,60,72,91,130,330,770,1700,2900,12000,24000,26000,181321,0,60,214.4143488241914,24.94423498865217,26344.75252998527,71575.6448618748
1769774579,200,,Aggregated,221.000000,0.000000,60,72,91,130,330,760,1700,2900,12000,24000,26000,181567,0,60,214.23331685914349,24.94423498865217,26344.75252998527,71560.97165784531
1769774580,200,,Aggregated,222.400000,0.000000,60,72,91,130,330,760,1700,2900,12000,24000,26000,181807,0,60,214.05068104389883,24.94423498865217,26344.75252998527,71543.19087823901
1769774581,200,,Aggregated,222.300000,0.000000,60,72,91,130,330,760,1700,2900,12000,24000,26000,182084,0,60,213.83813117806093,24.94423498865217,26344.75252998527,71526.43951692626
1769774582,200,,Aggregated,222.400000,0.000000,60,72,91,130,330,760,1700,2900,12000,24000,26000,182347,0,60,213.6819681356716,24.94423498865217,26344.75252998527,71509.4576768469
1769774583,200,,Aggregated,231.700000,0.000000,60,72,91,130,330,760,1700,2900,12000,24000,26000,182622,0,60,213.46666528733877,24.94423498865217,26344.75252998527,71490.6921729036
1769774584,200,,Aggregated,238.600000,0.000000,60,72,91,120,330,760,1700,2800,12000,24000,26000,182875,0,60,213.2562632384869,24.94423498865217,26344.75252998527,71474.47648393712
1769774585,200,,Aggregated,240.500000,0.000000,60,72,91,120,330,760,1700,2800,12000,24000,26000,183124,0,60,213.06909392204713,24.94423498865217,26344.75252998527,71463.93160918285
1769774586,200,,Aggregated,239.800000,0.000000,60,72,91,120,330,760,1700,2800,12000,24000,26000,183384,0,60,212.85347332335365,24.94423498865217,26344.75252998527,71447.06988614055
1769774587,200,,Aggregated,239.000000,0.000000,60,72,91,120,330,760,1700,2800,12000,24000,26000,183634,0,60,212.64865856972517,24.94423498865217,26344.75252998527,71429.3744404631
1769774588,200,,Aggregated,238.800000,0.000000,60,72,91,120,330,760,1600,2800,12000,24000,26000,183903,0,60,212.43275004635132,24.94423498865217,26344.75252998527,71411.65640582264
1769774589,200,,Aggregated,241.700000,0.000000,60,72,91,120,330,760,1600,2800,12000,24000,26000,184140,0,60,212.2347070991479,24.94423498865217,26344.75252998527,71396.72594764853
1769774590,200,,Aggregated,242.300000,0.000000,60,72,91,120,330,750,1600,2800,12000,24000,26000,184382,0,60,212.0405877347378,24.94423498865217,26344.75252998527,71383.80953672268
1769774591,200,,Aggregated,244.600000,0.000000,60,72,91,120,330,750,1600,2800,12000,24000,26000,184639,0,60,211.8315303266755,24.94423498865217,26344.75252998527,71365.14743364078
1769774592,200,,Aggregated,244.500000,0.000000,60,72,90,120,330,750,1600,2800,12000,24000,26000,184903,0,60,211.61838756701584,24.94423498865217,26344.75252998527,71349.08171311444
1769774593,200,,Aggregated,243.200000,0.000000,60,72,90,120,320,750,1600,2800,12000,24000,26000,185138,0,60,211.4282611376045,24.94423498865217,26344.75252998527,71334.53268912919
1769774594,200,,Aggregated,243.700000,0.000000,60,72,90,120,320,750,1600,2800,12000,24000,26000,185401,0,60,211.2109905822315,24.94423498865217,26344.75252998527,71316.27466410644
1769774595,200,,Aggregated,242.800000,0.000000,60,72,90,120,320,750,1600,2800,12000,24000,26000,185648,0,60,211.01123726663877,24.94423498865217,26344.75252998527,71303.26938615013
1769774596,200,,Aggregated,246.300000,0.000000,60,72,90,120,320,750,1600,2800,12000,24000,26000,185888,0,60,210.81909085506743,24.94423498865217,26344.75252998527,71287.65357634705
1769774597,200,,Aggregated,248.600000,0.000000,60,72,90,120,320,750,1600,2800,12000,24000,26000,186149,0,60,210.6075991579127,24.94423498865217,26344.75252998527,71270.35966349537
1769774598,200,,Aggregated,247.800000,0.000000,60,72,90,120,320,740,1600,2800,12000,24000,26000,186402,0,60,210.40526551162685,24.94423498865217,26344.75252998527,71256.66830827996
1769774599,200,,Aggregated,247.300000,0.000000,60,72,90,120,320,740,1600,2800,12000,24000,26000,186642,0,60,210.2113442105962,24.94423498865217,26344.75252998527,71241.9523097695
1769774600,200,,Aggregated,248.100000,0.000000,60,72,90,120,320,740,1600,2800,12000,24000,26000,186914,0,60,209.99380540193417,24.94423498865217,26344.75252998527,71225.05005510556
1769774601,200,,Aggregated,244.300000,0.000000,60,72,90,120,320,740,1600,2800,12000,24000,26000,187163,0,60,209.79563997889582,24.94423498865217,26344.75252998527,71209.79365045442
1769774602,200,,Aggregated,244.800000,0.000000,60,72,89,120,320,740,1600,2800,12000,24000,26000,187440,0,60,209.57511119727337,24.94423498865217,26344.75252998527,71191.8329598805
1769774603,200,,Aggregated,243.700000,0.000000,60,72,89,120,320,740,1600,2800,12000,24000,26000,187716,0,60,209.35569357738297,24.94423498865217,26344.75252998527,71176.06241343306
1769774604,200,,Aggregated,242.400000,0.000000,60,72,89,120,320,740,1600,2800,12000,24000,26000,187981,0,60,209.14609142811642,24.94423498865217,26344.75252998527,71159.1100696347
1769774606,200,,Aggregated,245.200000,0.000000,60,71,89,120,320,730,1600,2800,12000,24000,26000,188225,0,60,208.94999481864056,24.94423498865217,26344.75252998527,71143.97699030416
1769774607,200,,Aggregated,247.600000,0.000000,60,71,89,120,320,730,1600,2800,12000,24000,26000,188462,0,60,208.75989895224893,24.94423498865217,26344.75252998527,71128.43865076249
1769774608,200,,Aggregated,248.400000,0.000000,60,71,89,120,320,730,1600,2800,12000,24000,26000,188719,0,60,208.5571872809151,24.94423498865217,26344.75252998527,71112.53856792374
1769774609,200,,Aggregated,247.700000,0.000000,60,71,89,120,320,730,1600,2800,12000,24000,26000,188995,0,60,208.34774610370343,24.94423498865217,26344.75252998527,71096.36607317654
1769774610,200,,Aggregated,246.400000,0.000000,60,71,89,120,320,730,1600,2800,12000,24000,26000,189226,0,60,208.16460301311653,24.94423498865217,26344.75252998527,71079.8738968218
1769774611,200,,Aggregated,249.800000,0.000000,60,71,89,120,310,730,1600,2800,12000,24000,26000,189500,0,60,207.95499357309313,24.94423498865217,26344.75252998527,71063.77728759895
1769774612,200,,Aggregated,248.600000,0.000000,60,71,89,120,310,730,1600,2800,12000,24000,26000,189733,0,60,207.77385775204246,24.94423498865217,26344.75252998527,71051.64670352548
1769774613,200,,Aggregated,249.100000,0.000000,60,71,89,120,310,730,1600,2800,12000,24000,26000,189984,0,60,207.5862577642593,24.94423498865217,26344.75252998527,71036.15217070912
1769774614,200,,Aggregated,250.900000,0.000000,60,71,88,120,310,730,1600,2800,12000,24000,26000,190239,0,60,207.38764027214336,24.94423498865217,26344.75252998527,71020.97284994139
1769774615,200,,Aggregated,246.100000,0.000000,60,71,88,120,310,730,1600,2800,12000,24000,26000,190507,0,60,207.17952212591157,24.94423498865217,26344.75252998527,71004.51927225772
1769774616,200,,Aggregated,243.600000,0.000000,60,71,88,120,310,730,1600,2800,12000,24000,26000,190746,0,60,206.99154352678468,24.94423498865217,26344.75252998527,70991.36930263283
1769774617,200,,Aggregated,244.200000,0.000000,60,71,88,120,310,730,1600,2800,12000,24000,26000,190991,0,60,206.80068189635907,24.94423498865217,26344.75252998527,70975.48456733563
1769774618,200,,Aggregated,243.600000,0.000000,60,71,88,120,310,720,1600,2700,12000,24000,26000,191249,0,60,206.60972960691106,24.94423498865217,26344.75252998527,70959.2647595543
1769774619,200,,Aggregated,245.500000,0.000000,60,71,88,120,310,720,1600,2700,12000,24000,26000,191518,0,60,206.40329899965718,24.94423498865217,26344.75252998527,70946.13922451153
1769774620,200,,Aggregated,245.900000,0.000000,60,71,88,120,310,720,1600,2700,12000,24000,26000,191763,0,60,206.2170199808771,24.94423498865217,26344.75252998527,70932.74073204945
1769774621,200,,Aggregated,244.300000,0.000000,60,71,88,120,310,720,1600,2700,12000,24000,26000,192030,0,60,206.01608297605384,24.94423498865217,26344.75252998527,70917.66774983075
1769774622,200,,Aggregated,247.000000,0.000000,60,71,88,120,310,720,1600,2700,12000,24000,26000,192289,0,60,205.8212867727013,24.94423498865217,26344.75252998527,70902.31953465877
1769774623,200,,Aggregated,245.300000,0.000000,60,71,88,120,310,720,1600,2700,12000,24000,26000,192526,0,60,205.64794355491256,24.94423498865217,26344.75252998527,70897.52738850856
1769774624,200,,Aggregated,244.000000,0.000000,60,71,88,120,310,720,1600,2700,12000,24000,26000,192781,0,60,205.46345385887113,24.94423498865217,26344.75252998527,70885.94004077165
1769774625,200,,Aggregated,246.300000,0.000000,60,71,87,120,310,720,1600,2700,12000,24000,26000,193028,0,60,205.29275101384118,24.94423498865217,26344.75252998527,70878.55839567317
1769774626,200,,Aggregated,245.500000,0.000000,60,71,87,120,310,720,1600,2700,12000,24000,26000,193273,0,60,205.11629220699155,24.94423498865217,26344.75252998527,70875.43463908565
1769774627,200,,Aggregated,243.700000,0.000000,60,71,87,120,310,720,1600,2700,12000,24000,26000,193512,0,60,204.94802079317577,24.94423498865217,26344.75252998527,70869.84480032246
1769774628,200,,Aggregated,244.400000,0.000000,60,71,87,120,310,720,1600,2700,12000,24000,26000,193753,0,60,204.79601594847816,24.94423498865217,26344.75252998527,70859.34311726787
1769774629,200,,Aggregated,244.400000,0.000000,60,71,87,120,310,720,1600,2700,12000,24000,26000,193986,0,60,204.6799630067499,24.94423498865217,26344.75252998527,70869.87716123844
1769774630,200,,Aggregated,241.700000,0.000000,60,71,87,120,310,720,1600,2700,12000,24000,26000,194220,0,60,204.57796896791245,24.94423498865217,26344.75252998527,70890.55648233961
1769774631,200,,Aggregated,240.800000,0.000000,60,71,87,120,310,720,1600,2700,12000,24000,26000,194445,0,60,204.4673749026291,24.94423498865217,26344.75252998527,70886.18036462754
1769774632,200,,Aggregated,237.000000,0.000000,60,71,88,120,310,720,1600,2700,12000,24000,26000,194642,0,60,204.44357684615457,24.94423498865217,26344.75252998527,70909.70036785484
1769774633,200,,Aggregated,235.700000,0.000000,60,71,88,120,310,720,1600,2700,12000,24000,26000,194829,0,60,204.39541764579997,24.94423498865217,26344.75252998527,70918.50388289218
1769774635,200,,Aggregated,227.300000,0.000000,60,71,88,120,310,720,1600,2700,12000,24000,26000,195025,0,60,204.4171760567623,24.94423498865217,26344.75252998527,70955.92538392513
1769774636,200,,Aggregated,221.900000,0.000000,60,71,88,120,310,720,1600,2700,12000,24000,26000,195173,0,60,204.41379863199657,24.94423498865217,26344.75252998527,70966.7150169337
1769774637,200,,Aggregated,216.300000,0.000000,60,71,88,120,310,720,1600,2700,12000,24000,26000,195342,0,60,204.54513416098408,24.94423498865217,26344.75252998527,71009.15742134309
1769774638,200,,Aggregated,206.200000,0.000000,60,71,88,120,310,720,1600,2700,12000,24000,26000,195495,0,60,204.7328670355279,24.94423498865217,26344.75252998527,71040.17085347451
1769774639,200,,Aggregated,198.300000,0.000000,60,71,89,120,310,720,1600,2700,12000,24000,26000,195657,0,60,205.104450185366,24.94423498865217,26344.75252998527,71126.68888411863
1769774640,200,,Aggregated,190.600000,0.000000,60,72,89,120,310,720,1600,2700,12000,24000,26000,195812,0,60,205.26983477827042,24.94423498865217,26344.75252998527,71183.74839642106
1769774641,200,,Aggregated,181.100000,0.000000,60,72,89,120,310,720,1600,2700,12000,24000,26000,195932,0,60,205.37104649316348,24.94423498865217,26344.75252998527,71213.06498683216
1769774642,200,,Aggregated,177.000000,0.000000,60,72,89,120,310,720,1600,2700,12000,24000,26000,196105,0,60,205.65534907641597,24.94423498865217,26344.75252998527,71289.48879426837
1769774643,200,,Aggregated,167.300000,0.000000,60,72,89,120,310,720,1600,2700,12000,24000,26000,196173,0,60,205.72807735842545,24.94423498865217,26344.75252998527,71321.27708196337
1769774644,200,,Aggregated,160.300000,0.000000,60,72,89,120,310,720,1600,2800,12000,24000,26000,196271,0,60,205.99416263195903,24.94423498865217,26344.75252998527,71367.15534643427
1769774645,200,,Aggregated,149.100000,0.000000,60,72,89,120,310,720,1600,2800,12000,24000,26000,196392,0,60,206.52184065243583,24.94423498865217,26344.75252998527,71401.44763534157
1769774646,200,,Aggregated,139.100000,0.000000,60,72,89,120,310,730,1600,2800,12000,24000,26000,196491,0,60,206.83633284277767,24.94423498865217,26344.75252998527,71444.52561694938
1769774647,200,,Aggregated,132.100000,0.000000,60,72,89,120,310,730,1600,2900,12000,24000,26000,196651,0,60,207.60301837736978,24.94423498865217,26344.75252998527,71460.76366252905
1769774648,200,,Aggregated,127.500000,0.000000,60,72,90,120,310,730,1600,2900,12000,24000,26000,196785,0,60,208.01946064685953,24.94423498865217,26344.75252998527,71476.86260131616
1769774649,200,,Aggregated,124.100000,0.000000,60,72,90,120,310,730,1600,2900,12000,24000,26000,196927,0,60,208.25342283708514,24.94423498865217,26344.75252998527,71515.29109263839
1769774650,200,,Aggregated,124.500000,0.000000,60,72,90,120,310,730,1600,2900,12000,24000,26000,196979,0,60,208.44285169425984,24.94423498865217,26344.75252998527,71521.31816589586
1769774652,200,,Aggregated,121.000000,0.000000,60,72,90,120,320,740,1700,2900,12000,24000,26000,197114,0,60,209.19669595451114,24.94423498865217,26344.75252998527,71550.18423856246
1769774653,200,,Aggregated,108.500000,0.000000,60,72,90,120,320,750,1700,2900,12000,24000,26000,197388,0,60,209.75793538641517,24.94423498865217,26344.75252998527,71592.47406123979
1769774655,200,,Aggregated,105.700000,0.000000,60,72,90,120,320,750,1700,2900,12000,24000,26000,197420,0,60,209.81106271215197,24.94423498865217,26344.75252998527,71587.39572485058
1769774656,200,,Aggregated,117.600000,0.000000,61,72,91,120,330,770,1700,2900,12000,24000,26000,197654,0,61,210.5726318785863,24.94423498865217,26344.75252998527,71584.56069697552
1769774657,200,,Aggregated,107.600000,0.000000,61,72,91,120,330,770,1700,2900,12000,24000,26000,197851,0,61,210.92702911490676,24.94423498865217,26344.75252998527,71608.40898959318
1769774658,200,,Aggregated,117.500000,0.000000,61,72,91,120,330,770,1700,2900,12000,24000,26000,198103,0,61,210.9972934404413,24.94423498865217,26344.75252998527,71622.07426439782
1769774660,200,,Aggregated,116.700000,0.000000,61,72,91,120,330,770,1700,2900,12000,24000,26000,198254,0,61,211.0285401103028,24.94423498865217,26344.75252998527,71615.08860350863
1769774661,200,,Aggregated,119.000000,0.000000,61,72,92,130,330,770,1700,2900,12000,24000,26000,198454,0,61,211.18668521589981,24.94423498865217,26344.75252998527,71645.58835296845
1769774662,200,,Aggregated,131.100000,0.000000,61,72,92,130,330,770,1700,2900,12000,24000,26000,198702,0,61,211.37734284183108,24.94423498865217,26344.75252998527,71650.63961107588
1769774663,200,,Aggregated,145.900000,0.000000,61,72,92,130,330,770,1700,2900,12000,24000,26000,198899,0,61,211.26588057473526,24.94423498865217,26344.75252998527,71659.12444004243
1769774664,200,,Aggregated,143.900000,0.000000,61,73,92,130,330,770,1700,2900,12000,24000,26000,199078,0,61,211.19129416838706,24.94423498865217,26344.75252998527,71656.57185123418
1769774665,200,,Aggregated,152.900000,0.000000,61,73,92,130,330,760,1700,2900,12000,24000,26000,199365,0,61,211.2226587398029,24.94423498865217,26344.75252998527,71666.35019185915
1769774666,200,,Aggregated,158.100000,0.000000,61,73,93,130,330,760,1700,2800,12000,24000,26000,199556,0,61,211.16203995591684,24.94423498865217,26344.75252998527,71680.08563510995
1769774667,200,,Aggregated,177.500000,0.000000,61,73,93,130,330,760,1700,2800,12000,24000,26000,199694,0,61,211.1185887496642,24.94423498865217,26344.75252998527,71684.16441154967
1769774668,200,,Aggregated,179.700000,0.000000,61,73,93,130,330,760,1700,2800,12000,24000,26000,200000,0,61,211.12569219427752,24.94423498865217,26344.75252998527,71693.679085
1769774669,200,,Aggregated,187.500000,0.000000,61,73,93,130,330,760,1700,2800,12000,24000,26000,200240,0,61,211.06372291938385,24.94423498865217,26344.75252998527,71690.11049740312
1769774670,200,,Aggregated,181.700000,0.000000,61,73,93,130,330,760,1700,2800,12000,24000,26000,200457,0,61,210.95692961180112,24.94423498865217,26344.75252998527,71699.79212499439
1769774672,200,,Aggregated,189.800000,0.000000,61,73,93,130,330,760,1700,2800,12000,24000,26000,200624,0,61,210.8828219853977,24.94423498865217,26344.75252998527,71701.06677665684
1769774673,200,,Aggregated,201.900000,0.000000,61,73,93,130,330,760,1700,2800,12000,24000,26000,200916,0,61,210.80687587502527,24.94423498865217,26344.75252998527,71702.11568018475
1769774674,200,,Aggregated,207.100000,0.000000,61,73,94,130,330,760,1700,2800,12000,24000,26000,201141,0,61,210.70394907412907,24.94423498865217,26344.75252998527,71700.51643871712
1769774675,200,,Aggregated,206.900000,0.000000,61,73,94,130,330,760,1700,2800,12000,24000,26000,201331,0,61,210.75409760508435,24.94423498865217,26344.75252998527,71704.63743288416
1769774676,200,,Aggregated,213.600000,0.000000,61,73,94,130,330,760,1700,2800,12000,24000,26000,201575,0,61,210.63175720304318,24.94423498865217,26344.75252998527,71702.4239265782
1769774677,200,,Aggregated,207.500000,0.000000,61,73,94,130,330,760,1600,2800,12000,24000,26000,201820,0,61,210.49008607132996,24.94423498865217,26344.75252998527,71687.29199781983
1769774678,200,,Aggregated,211.000000,0.000000,61,73,94,130,330,760,1600,2800,12000,24000,26000,202075,0,61,210.34999777736263,24.94423498865217,26344.75252998527,71673.7501076333
1769774679,200,,Aggregated,214.400000,0.000000,61,73,94,130,330,760,1600,2800,12000,24000,26000,202305,0,61,210.19737421816785,24.94423498865217,26344.75252998527,71666.51635401991
1769774680,200,,Aggregated,225.400000,0.000000,61,73,94,130,330,760,1600,2800,12000,24000,26000,202578,0,61,210.04866954628898,24.94423498865217,26344.75252998527,71659.02790530067
1769774681,200,,Aggregated,223.700000,0.000000,61,73,94,130,330,750,1600,2800,12000,24000,26000,202809,0,61,209.90856711976676,24.94423498865217,26344.75252998527,71647.83324704524
1769774682,200,,Aggregated,221.200000,0.000000,61,73,94,130,330,750,1600,2800,11000,24000,26000,203079,0,61,209.73584222994072,24.94423498865217,26344.75252998527,71636.13579936871
1769774683,200,,Aggregated,224.700000,0.000000,61,73,94,130,330,750,1600,2800,11000,24000,26000,203335,0,61,209.60976588117455,24.94423498865217,26344.75252998527,71619.47126662896
1769774684,200,,Aggregated,228.300000,0.000000,61,73,94,130,330,750,1600,2800,11000,24000,26000,203588,0,61,209.43180052739356,24.94423498865217,26344.75252998527,71601.93675462207
1769774685,200,,Aggregated,225.000000,0.000000,61,73,94,130,330,750,1600,2800,11000,24000,26000,203842,0,61,209.26110666206267,24.94423498865217,26344.75252998527,71594.0474534198
1769774686,200,,Aggregated,228.800000,0.000000,61,73,94,130,320,750,1600,2800,11000,24000,26000,204065,0,61,209.11062756277823,24.94423498865217,26344.75252998527,71579.88908436037
1769774687,200,,Aggregated,238.200000,0.000000,61,73,94,130,320,750,1600,2800,11000,24000,26000,204312,0,61,208.93471909016895,24.94423498865217,26344.75252998527,71565.90254610595
1769774688,200,,Aggregated,237.500000,0.000000,61,73,94,130,320,750,1600,2800,11000,24000,26000,204533,0,61,208.77265198913366,24.94423498865217,26344.75252998527,71551.36511467588
1769774689,200,,Aggregated,240.300000,0.000000,61,73,94,130,320,750,1600,2800,11000,24000,26000,204773,0,61,208.60421976070094,24.94423498865217,26344.75252998527,71536.70504412203
1769774690,200,,Aggregated,241.800000,0.000000,61,73,94,130,320,740,1600,2800,11000,24000,26000,205048,0,61,208.41538945944342,24.94423498865217,26344.75252998527,71523.85572158714
1769774691,200,,Aggregated,238.400000,0.000000,61,73,94,130,320,740,1600,2800,11000,24000,26000,205284,0,61,208.28581820355595,24.94423498865217,26344.75252998527,71511.86100719003
1769774692,200,,Aggregated,239.400000,0.000000,61,73,94,130,320,740,1600,2800,11000,24000,26000,205562,0,61,208.10354576106297,24.94423498865217,26344.75252998527,71493.72383027991
1769774693,200,,Aggregated,236.200000,0.000000,61,73,94,130,320,740,1600,2800,11000,24000,26000,205839,0,61,207.9145840925373,24.94423498865217,26344.75252998527,71478.51325064735
1769774694,200,,Aggregated,241.000000,0.000000,61,73,93,130,320,740,1600,2800,11000,24000,26000,206089,0,61,207.73644529284738,24.94423498865217,26344.75252998527,71464.79126008665
1769774696,200,,Aggregated,244.600000,0.000000,61,73,93,130,320,740,1600,2800,11000,24000,26000,206374,0,61,207.5311906946312,24.94423498865217,26344.75252998527,71448.11629856474
1769774697,200,,Aggregated,243.700000,0.000000,61,73,93,130,320,740,1600,2800,11000,24000,26000,206630,0,61,207.3557909369531,24.94423498865217,26344.75252998527,71433.07580699802
1769774698,200,,Aggregated,247.600000,0.000000,61,73,93,130,320,730,1600,2800,11000,24000,26000,206899,0,61,207.1646718789609,24.94423498865217,26344.75252998527,71416.34150479219
1769774699,200,,Aggregated,245.400000,0.000000,61,73,93,130,320,730,1600,2800,11000,24000,26000,207131,0,61,207.00583622619587,24.94423498865217,26344.75252998527,71409.66109853184
1769774700,200,,Aggregated,247.400000,0.000000,61,73,93,130,320,730,1600,2800,11000,24000,26000,207380,0,61,206.83196209329245,24.94423498865217,26344.75252998527,71396.31905680393
1769774701,200,,Aggregated,246.600000,0.000000,61,73,93,130,320,730,1600,2800,11000,24000,26000,207635,0,61,206.65471840275882,24.94423498865217,26344.75252998527,71382.31406554772
1769774702,200,,Aggregated,246.700000,0.000000,61,73,93,130,320,730,1600,2800,11000,24000,26000,207880,0,61,206.4807375654763,24.94423498865217,26344.75252998527,71368.64182220511
1769774703,200,,Aggregated,250.600000,0.000000,61,73,93,130,320,730,1600,2800,11000,24000,26000,208139,0,61,206.30012285856893,24.94423498865217,26344.75252998527,71352.95182065832
1769774704,200,,Aggregated,250.400000,0.000000,61,73,92,130,320,730,1600,2800,11000,24000,26000,208395,0,61,206.11956048355918,24.94423498865217,26344.75252998527,71340.28504042803
1769774705,200,,Aggregated,248.600000,0.000000,61,73,92,130,320,730,1600,2700,11000,24000,26000,208648,0,61,205.93908237493355,24.94423498865217,26344.75252998527,71326.17523292819
1769774706,200,,Aggregated,246.000000,0.000000,61,73,92,130,320,730,1600,2700,11000,24000,26000,208909,0,61,205.7567145969467,24.94423498865217,26344.75252998527,71310.65237495751
1769774707,200,,Aggregated,247.600000,0.000000,61,73,92,120,310,730,1600,2700,11000,24000,26000,209175,0,61,205.57113755648365,24.94423498865217,26344.75252998527,71297.1954822517
1769774708,200,,Aggregated,243.700000,0.000000,61,73,92,120,310,730,1600,2700,11000,24000,26000,209418,0,61,205.41176976829377,24.94423498865217,26344.75252998527,71282.81197413785
1769774709,200,,Aggregated,245.000000,0.000000,61,73,92,120,310,730,1600,2700,11000,24000,26000,209670,0,61,205.2354876076362,24.94423498865217,26344.75252998527,71267.65534411218
1769774710,200,,Aggregated,245.100000,0.000000,61,73,92,120,310,720,1600,2700,11000,24000,26000,209930,0,61,205.05745968122218,24.94423498865217,26344.75252998527,71255.59978087935
1769774711,200,,Aggregated,244.900000,0.000000,61,73,92,120,310,720,1600,2700,11000,23000,26000,210176,0,61,204.89408750460572,24.94423498865217,26344.75252998527,71240.26602466505
1769774712,200,,Aggregated,245.300000,0.000000,61,73,92,120,310,720,1600,2700,11000,23000,26000,210449,0,61,204.70635109298556,24.94423498865217,26344.75252998527,71226.47965540344
1769774713,200,,Aggregated,244.400000,0.000000,61,73,92,120,310,720,1600,2700,11000,23000,26000,210712,0,61,204.52637518974544,24.94423498865217,26344.75252998527,71210.03328239493
1769774714,200,,Aggregated,244.800000,0.000000,61,73,91,120,310,720,1600,2700,11000,23000,26000,210956,0,61,204.35806169634017,24.94423498865217,26344.75252998527,71197.58364303457
1769774715,200,,Aggregated,246.000000,0.000000,61,73,91,120,310,720,1600,2700,11000,23000,26000,211229,0,61,204.1745510377676,24.94423498865217,26344.75252998527,71182.42907934044
1769774716,200,,Aggregated,248.200000,0.000000,61,73,91,120,310,720,1600,2700,11000,23000,26000,211475,0,61,204.00404614977757,24.94423498865217,26344.75252998527,71169.79212672893
1769774717,200,,Aggregated,246.300000,0.000000,61,72,91,120,310,720,1600,2700,11000,23000,26000,211735,0,61,203.82424315461373,24.94423498865217,26344.75252998527,71154.23717854866
1769774718,200,,Aggregated,248.400000,0.000000,61,72,91,120,310,720,1600,2700,11000,23000,26000,211992,0,61,203.64957507765604,24.94423498865217,26344.75252998527,71140.2822087626
1769774719,200,,Aggregated,246.200000,0.000000,61,72,91,120,310,720,1600,2700,11000,23000,26000,212233,0,61,203.48359039397977,24.94423498865217,26344.75252998527,71126.07103513592
1769774720,200,,Aggregated,246.300000,0.000000,61,72,91,120,310,720,1600,2700,11000,23000,26000,212489,0,61,203.31955573866657,24.94423498865217,26344.75252998527,71112.07962294518
1769774721,200,,Aggregated,246.500000,0.000000,61,72,91,120,310,720,1600,2700,11000,23000,26000,212745,0,61,203.15184099526383,24.94423498865217,26344.75252998527,71098.84721145032
1769774722,200,,Aggregated,248.800000,0.000000,61,72,91,120,310,720,1600,2700,11000,23000,26000,213014,0,61,202.97308630131425,24.94423498865217,26344.75252998527,71084.04108180683
1769774724,200,,Aggregated,248.800000,0.000000,61,72,91,120,310,720,1600,2700,11000,23000,26000,213251,0,61,202.81966205881517,24.94423498865217,26344.75252998527,71071.09038175672
1769774725,200,,Aggregated,249.400000,0.000000,61,72,91,120,310,720,1600,2700,11000,23000,26000,213519,0,61,202.64975100816434,24.94423498865217,26344.75252998527,71059.82088245075
1769774726,200,,Aggregated,245.900000,0.000000,61,72,90,120,310,720,1600,2700,11000,23000,26000,213769,0,61,202.4836977827991,24.94423498865217,26344.75252998527,71047.03391979192
1769774727,200,,Aggregated,247.900000,0.000000,61,72,90,120,310,720,1600,2700,11000,23000,26000,214014,0,61,202.3199517359674,24.94423498865217,26344.75252998527,71040.66261085724
1769774728,200,,Aggregated,245.100000,0.000000,61,72,90,120,310,710,1600,2700,11000,23000,26000,214255,0,61,202.1648151399418,24.94423498865217,26344.75252998527,71033.31579193017
1769774729,200,,Aggregated,244.800000,0.000000,61,72,90,120,310,710,1600,2700,11000,23000,26000,214507,0,61,202.00653887696672,24.94423498865217,26344.75252998527,71021.27878344296
1769774730,200,,Aggregated,243.600000,0.000000,61,72,90,120,310,710,1600,2700,11000,23000,26000,214748,0,61,201.85879765708006,24.94423498865217,26344.75252998527,71011.27346936875
1769774731,200,,Aggregated,243.700000,0.000000,61,72,90,120,300,710,1600,2700,11000,23000,26000,215009,0,61,201.68852657562786,24.94423498865217,26344.75252998527,71000.6598188913
1769774732,200,,Aggregated,242.000000,0.000000,61,72,90,120,300,710,1600,2700,11000,23000,26000,215247,0,61,201.53133397086316,24.94423498865217,26344.75252998527,70992.15631809038
1769774733,200,,Aggregated,243.500000,0.000000,61,72,90,120,300,710,1600,2700,11000,23000,26000,215469,0,61,201.40035087684623,24.94423498865217,26344.75252998527,70987.88877286292
1769774734,200,,Aggregated,241.100000,0.000000,61,72,90,120,300,710,1600,2700,11000,23000,26000,215706,0,61,201.30079481047878,24.94423498865217,26344.75252998527,70998.9154265528
1769774735,200,,Aggregated,238.800000,0.000000,61,72,90,120,300,710,1600,2700,11000,23000,26000,215940,0,61,201.16974566008017,24.94423498865217,26344.75252998527,70998.77984162267
1769774736,200,,Aggregated,237.500000,0.000000,61,72,90,120,300,710,1600,2700,11000,23000,26000,216199,0,61,201.06707576518428,24.94423498865217,26344.75252998527,71001.85362559494
1769774737,200,,Aggregated,232.300000,0.000000,61,72,90,120,300,710,1500,2700,11000,23000,26000,216400,0,61,200.97326407855837,24.94423498865217,26344.75252998527,71002.93409426988
1769774738,200,,Aggregated,232.100000,0.000000,61,72,90,120,300,710,1500,2700,11000,23000,26000,216611,0,61,200.92912051695896,24.94423498865217,26344.75252998527,71020.61499646833
1769774739,200,,Aggregated,231.400000,0.000000,61,72,90,120,300,710,1500,2700,11000,23000,26000,216811,0,61,200.88577441913768,24.94423498865217,26344.75252998527,71030.63377780648
1769774740,200,,Aggregated,224.900000,0.000000,61,72,90,120,300,710,1500,2700,11000,23000,26000,217019,0,61,200.91757213047222,24.94423498865217,26344.75252998527,71066.26858477829
1769774741,200,,Aggregated,222.700000,0.000000,61,72,90,120,300,710,1600,2700,11000,23000,26000,217210,0,61,200.9399055406226,24.94423498865217,26344.75252998527,71113.65185764928
1769774742,200,,Aggregated,218.400000,0.000000,61,72,91,120,300,710,1600,2700,11000,23000,26000,217361,0,61,200.9497868328615,24.94423498865217,26344.75252998527,71131.83317614475
1769774743,200,,Aggregated,212.900000,0.000000,61,72,91,120,300,710,1600,2700,11000,23000,26000,217455,0,61,201.06375459524682,24.94423498865217,26344.75252998527,71161.58472787474
1769774744,200,,Aggregated,207.100000,0.000000,61,72,91,120,300,710,1600,2700,11000,23000,26000,217528,0,61,201.3879098342116,24.94423498865217,26344.75252998527,71219.00554871096
1769774745,200,,Aggregated,197.700000,0.000000,61,73,91,120,310,710,1600,2700,11000,23000,26000,217593,0,61,201.8179866688883,24.94423498865217,26344.75252998527,71279.49640383651
1769774746,200,,Aggregated,183.800000,0.000000,61,73,91,120,310,720,1600,2700,11000,23000,26000,217702,0,61,202.63156950053505,24.94423498865217,26344.75252998527,71321.50875968067
1769774747,200,,Aggregated,170.200000,0.000000,61,73,91,120,310,720,1600,2700,11000,23000,26000,217814,0,61,203.0348074539347,24.94423498865217,26344.75252998527,71349.41716326775
1769774749,200,,Aggregated,141.600000,0.000000,61,73,91,120,310,720,1600,2700,11000,23000,26000,217931,0,61,203.2763452885643,24.94423498865217,26344.75252998527,71387.83336927743
1769774750,200,,Aggregated,134.600000,0.000000,61,73,91,120,310,720,1600,2700,11000,23000,26000,218025,0,61,203.63199351625371,24.94423498865217,26344.75252998527,71420.07526201123
1769774751,200,,Aggregated,124.900000,0.000000,61,73,91,120,310,720,1600,2700,11000,23000,26000,218185,0,61,204.26096451014322,24.94423498865217,26344.75252998527,71454.76290762426
1769774752,200,,Aggregated,114.000000,0.000000,61,73,91,120,310,730,1600,2700,11000,23000,26000,218369,0,61,204.6132436141465,24.94423498865217,26344.75252998527,71491.68519341115
1769774753,200,,Aggregated,106.100000,0.000000,61,73,92,120,310,730,1600,2700,11000,23000,26000,218547,0,61,204.76572253735037,24.94423498865217,26344.75252998527,71524.36755480514
1769774754,200,,Aggregated,104.100000,0.000000,61,73,92,120,310,730,1600,2700,11000,23000,26000,218691,0,61,204.85575709428923,24.94423498865217,26344.75252998527,71544.82057332035
1769774756,200,,Aggregated,107.800000,0.000000,61,73,92,120,310,730,1600,2700,11000,23000,26000,218864,0,61,205.09266225387856,24.94423498865217,26344.75252998527,71572.29601944587
1769774757,200,,Aggregated,114.200000,0.000000,61,73,92,120,310,730,1600,2700,11000,23000,26000,218912,0,61,205.23736756570594,24.94423498865217,26344.75252998527,71590.4475359962
1769774759,200,,Aggregated,126.400000,0.000000,61,73,92,120,320,740,1600,2700,11000,23000,26000,219004,0,61,205.8097200647458,24.94423498865217,26344.75252998527,71604.93117477307
1769774760,200,,Aggregated,109.900000,0.000000,61,73,93,130,320,750,1600,2700,11000,23000,26000,219289,0,61,206.72751469898932,24.94423498865217,26344.75252998527,71633.7151019887
1769774761,200,,Aggregated,107.500000,0.000000,61,73,93,130,320,750,1600,2700,11000,23000,26000,219462,0,61,206.82734268162534,24.94423498865217,26344.75252998527,71631.97773190803
1769774762,200,,Aggregated,127.200000,0.000000,61,73,93,130,320,750,1600,2700,11000,23000,26000,219742,0,61,206.94706693185194,24.94423498865217,26344.75252998527,71646.45318145826
1769774763,200,,Aggregated,118.200000,0.000000,61,73,93,130,320,750,1600,2700,11000,23000,26000,219817,0,61,207.01150371666583,24.94423498865217,26344.75252998527,71649.35414913314
1769774765,200,,Aggregated,123.600000,0.000000,61,73,93,130,320,750,1600,2700,11000,23000,26000,220109,0,61,206.9792454077147,24.94423498865217,26344.75252998527,71639.6210968202
1769774766,200,,Aggregated,121.400000,0.000000,61,73,94,130,320,750,1600,2700,11000,23000,26000,220241,0,61,207.0529272412308,24.94423498865217,26344.75252998527,71653.04892821955
1769774767,200,,Aggregated,134.500000,0.000000,61,73,94,130,320,750,1600,2700,11000,23000,26000,220484,0,61,207.1153306315477,24.94423498865217,26344.75252998527,71661.26091235645
1769774768,200,,Aggregated,134.100000,0.000000,61,73,94,130,320,750,1600,2700,11000,23000,26000,220706,0,61,207.0496542038203,24.94423498865217,26344.75252998527,71672.70684077461
1769774769,200,,Aggregated,151.400000,0.000000,61,73,94,130,320,750,1600,2700,11000,23000,26000,220906,0,61,207.02672312611466,24.94423498865217,26344.75252998527,71667.00883633763
1769774770,200,,Aggregated,173.900000,0.000000,61,74,94,130,320,750,1600,2700,11000,23000,26000,221171,0,61,206.9718792324171,24.94423498865217,26344.75252998527,71682.01446844297
1769774771,200,,Aggregated,182.400000,0.000000,61,74,95,130,320,750,1600,2700,11000,23000,26000,221362,0,61,206.94902638422056,24.94423498865217,26344.75252998527,71684.69665525248
1769774772,200,,Aggregated,171.500000,0.000000,61,74,95,130,320,750,1600,2700,11000,23000,26000,221590,0,61,206.8588986323515,24.94423498865217,26344.75252998527,71689.59633106187
1769774773,200,,Aggregated,191.600000,0.000000,61,74,95,130,320,750,1600,2700,11000,23000,26000,221802,0,61,206.78137177505943,24.94423498865217,26344.75252998527,71694.36945564061
1769774774,200,,Aggregated,193.500000,0.000000,61,74,95,130,320,740,1600,2700,11000,23000,26000,222061,0,61,206.74248633070454,24.94423498865217,26344.75252998527,71704.4890908354
1769774775,200,,Aggregated,194.000000,0.000000,61,74,95,130,320,740,1600,2700,11000,23000,26000,222290,0,61,206.63918754571313,24.94423498865217,26344.75252998527,71692.51584866615
1769774776,200,,Aggregated,202.100000,0.000000,61,74,95,130,320,740,1600,2700,11000,23000,26000,222512,0,61,206.5961290903963,24.94423498865217,26344.75252998527,71702.19594898252
1769774777,200,,Aggregated,197.400000,0.000000,61,74,95,130,320,740,1600,2700,11000,23000,26000,222692,0,61,206.57417603529677,24.94423498865217,26344.75252998527,71713.87308928925
1769774779,200,,Aggregated,210.600000,0.000000,61,74,95,130,320,740,1600,2700,11000,23000,26000,222914,0,61,206.49840125598934,24.94423498865217,26344.75252998527,71713.76625963376
1769774780,200,,Aggregated,205.500000,0.000000,61,74,96,130,320,740,1600,2700,11000,23000,26000,223156,0,61,206.40464573390128,24.94423498865217,26344.75252998527,71714.45759020596
1769774781,200,,Aggregated,208.600000,0.000000,61,74,96,130,320,740,1600,2700,11000,23000,26000,223410,0,61,206.28944068602783,24.94423498865217,26344.75252998527,71708.40362114499
1769774782,200,,Aggregated,214.200000,0.000000,61,74,96,130,320,740,1600,2700,11000,23000,26000,223650,0,61,206.24466188097125,24.94423498865217,26344.75252998527,71716.00170355466
1769774783,200,,Aggregated,214.200000,0.000000,61,74,96,130,320,740,1600,2700,11000,23000,26000,223792,0,61,206.19474222571867,24.94423498865217,26344.75252998527,71708.57585615214
1769774784,200,,Aggregated,214.200000,0.000000,61,74,96,130,320,740,1600,2700,11000,23000,26000,224114,0,61,206.11180590841977,24.94423498865217,26344.75252998527,71696.25611519137
1769774785,200,,Aggregated,210.900000,0.000000,61,74,96,130,320,730,1600,2700,11000,23000,26000,224329,0,61,206.00462365489187,24.94423498865217,26344.75252998527,71684.39720232338
1769774786,200,,Aggregated,223.800000,0.000000,61,74,96,130,320,730,1600,2700,11000,23000,26000,224599,0,61,205.90798868618498,24.94423498865217,26344.75252998527,71675.77308892738
1769774787,200,,Aggregated,217.200000,0.000000,61,74,96,130,320,730,1600,2700,11000,23000,26000,224847,0,61,205.7764375933016,24.94423498865217,26344.75252998527,71660.28724421495
1769774788,200,,Aggregated,215.100000,0.000000,61,74,96,130,320,730,1600,2700,11000,23000,26000,225074,0,61,205.68013325289542,24.94423498865217,26344.75252998527,71650.07841421044
1769774789,200,,Aggregated,215.200000,0.000000,61,74,96,130,320,730,1600,2700,11000,23000,26000,225276,0,61,205.59663032848803,24.94423498865217,26344.75252998527,71648.43574104655
1769774790,200,,Aggregated,219.600000,0.000000,61,74,96,130,320,730,1600,2700,11000,23000,26000,225530,0,61,205.4576398432744,24.94423498865217,26344.75252998527,71643.5853855363
1769774791,200,,Aggregated,225.200000,0.000000,61,74,96,130,320,730,1600,2700,11000,23000,26000,225769,0,61,205.32599010382913,24.94423498865217,26344.75252998527,71631.57421523769
1769774792,200,,Aggregated,224.300000,0.000000,61,74,96,130,320,730,1600,2700,11000,23000,26000,226041,0,61,205.19817689010563,24.94423498865217,26344.75252998527,71619.03222866647
1769774793,200,,Aggregated,221.600000,0.000000,61,74,96,130,320,730,1600,2700,11000,23000,26000,226312,0,61,205.0342238274128,24.94423498865217,26344.75252998527,71609.40967778995
1769774794,200,,Aggregated,223.100000,0.000000,61,74,96,130,320,730,1600,2700,11000,23000,26000,226568,0,61,204.87890333430462,24.94423498865217,26344.75252998527,71595.04788407896
1769774795,200,,Aggregated,230.500000,0.000000,61,74,96,130,320,730,1600,2700,11000,23000,26000,226817,0,61,204.73764185001085,24.94423498865217,26344.75252998527,71585.81056534563
1769774796,200,,Aggregated,225.900000,0.000000,61,74,96,130,320,730,1600,2700,11000,23000,26000,227066,0,61,204.6112846496684,24.94423498865217,26344.75252998527,71572.52846749403
1769774797,200,,Aggregated,233.200000,0.000000,61,74,96,130,320,730,1600,2700,11000,23000,26000,227306,0,61,204.47355351313578,24.94423498865217,26344.75252998527,71558.30807809737
1769774798,200,,Aggregated,236.900000,0.000000,61,74,96,130,310,720,1600,2700,11000,23000,26000,227553,0,61,204.32831473855467,24.94423498865217,26344.75252998527,71548.2283731702
1769774800,200,,Aggregated,240.500000,0.000000,61,74,96,130,310,720,1600,2700,11000,23000,26000,227791,0,61,204.17973376555187,24.94423498865217,26344.75252998527,71534.75005597236
1769774801,200,,Aggregated,238.700000,0.000000,61,74,96,130,310,720,1600,2700,11000,23000,26000,228052,0,61,204.0226658083086,24.94423498865217,26344.75252998527,71521.61273306089
1769774802,200,,Aggregated,239.100000,0.000000,61,74,96,130,310,720,1600,2700,11000,23000,26000,228283,0,61,203.88719485701736,24.94423498865217,26344.75252998527,71511.07063162829
1769774803,200,,Aggregated,240.300000,0.000000,61,74,96,130,310,720,1600,2700,11000,23000,26000,228524,0,61,203.74459016535522,24.94423498865217,26344.75252998527,71497.5634462901
1769774804,200,,Aggregated,242.500000,0.000000,61,74,96,130,310,720,1600,2700,11000,23000,26000,228785,0,61,203.60272539846835,24.94423498865217,26344.75252998527,71487.969482265
1769774805,200,,Aggregated,238.500000,0.000000,61,74,96,130,310,720,1600,2700,11000,23000,26000,229026,0,61,203.45854636118662,24.94423498865217,26344.75252998527,71473.41840664379
1769774806,200,,Aggregated,240.500000,0.000000,61,74,95,130,310,720,1600,2700,11000,23000,26000,229269,0,61,203.30817774096758,24.94423498865217,26344.75252998527,71466.42149614645
1769774807,200,,Aggregated,241.100000,0.000000,61,74,95,130,310,720,1600,2700,11000,23000,26000,229534,0,61,203.14346652672228,24.94423498865217,26344.75252998527,71452.68307527425
1769774808,200,,Aggregated,242.000000,0.000000,61,74,95,130,310,720,1600,2700,11000,23000,26000,229818,0,61,202.96811389476807,24.94423498865217,26344.75252998527,71437.69404920415
1769774809,200,,Aggregated,242.400000,0.000000,61,74,95,130,310,720,1600,2700,11000,23000,26000,230086,0,61,202.80296164780884,24.94423498865217,26344.75252998527,71424.33252783741
1769774810,200,,Aggregated,245.800000,0.000000,61,74,95,130,310,720,1600,2600,11000,23000,26000,230353,0,61,202.6386998327121,24.94423498865217,26344.75252998527,71410.59205219815
1769774811,200,,Aggregated,245.600000,0.000000,61,74,95,130,310,720,1600,2600,11000,23000,26000,230617,0,61,202.47163733206537,24.94423498865217,26344.75252998527,71397.40188277533
1769774812,200,,Aggregated,247.300000,0.000000,61,74,95,130,310,720,1600,2600,11000,23000,26000,230870,0,61,202.31450510643177,24.94423498865217,26344.75252998527,71384.57690908303
1769774813,200,,Aggregated,248.200000,0.000000,61,74,95,130,310,720,1600,2600,11000,23000,26000,231151,0,61,202.15198184754462,24.94423498865217,26344.75252998527,71368.60010123253
1769774814,200,,Aggregated,248.700000,0.000000,61,74,95,130,310,720,1600,2600,11000,23000,26000,231386,0,61,202.00501507983262,24.94423498865217,26344.75252998527,71354.30577044419
1769774815,200,,Aggregated,249.700000,0.000000,61,74,94,130,310,720,1600,2600,11000,23000,26000,231645,0,61,201.8495019355339,24.94423498865217,26344.75252998527,71343.48638217963
1769774816,200,,Aggregated,249.400000,0.000000,61,74,94,130,310,720,1600,2600,11000,23000,26000,231891,0,61,201.69876399388744,24.94423498865217,26344.75252998527,71331.60747506372
1769774817,200,,Aggregated,245.800000,0.000000,61,74,94,130,310,710,1600,2600,11000,23000,26000,232154,0,61,201.54240445864173,24.94423498865217,26344.75252998527,71316.88406833395
1769774818,200,,Aggregated,246.200000,0.000000,61,74,94,130,310,710,1600,2600,11000,23000,26000,232398,0,61,201.3987419577601,24.94423498865217,26344.75252998527,71304.53410098194
1769774819,200,,Aggregated,246.600000,0.000000,61,74,94,130,310,710,1600,2600,11000,23000,26000,232676,0,61,201.23148349203552,24.94423498865217,26344.75252998527,71292.29312004676
1769774820,200,,Aggregated,246.300000,0.000000,61,74,94,130,310,710,1600,2600,11000,23000,26000,232922,0,61,201.08414069673748,24.94423498865217,26344.75252998527,71278.85501154893
1769774821,200,,Aggregated,247.900000,0.000000,61,74,94,130,310,710,1600,2600,11000,23000,26000,233184,0,61,200.9349644176168,24.94423498865217,26344.75252998527,71265.42647437217
1769774822,200,,Aggregated,248.300000,0.000000,61,74,94,130,310,710,1600,2600,11000,23000,26000,233427,0,61,200.80250768741342,24.94423498865217,26344.75252998527,71254.0716926491
1769774823,200,,Aggregated,246.700000,0.000000,61,74,94,130,310,710,1600,2600,11000,23000,26000,233694,0,61,200.64723861861833,24.94423498865217,26344.75252998527,71240.27508622386
1769774824,200,,Aggregated,248.000000,0.000000,61,74,94,130,310,710,1600,2600,11000,23000,26000,233954,0,61,200.49306691621135,24.94423498865217,26344.75252998527,71225.21087051301
1769774826,200,,Aggregated,247.000000,0.000000,61,74,94,130,310,710,1600,2600,11000,23000,26000,234183,0,61,200.3570152193844,24.94423498865217,26344.75252998527,71214.79372969003
1769774827,200,,Aggregated,249.800000,0.000000,61,74,94,130,300,710,1600,2600,11000,23000,26000,234444,0,61,200.2001360027128,24.94423498865217,26344.75252998527,71202.8867490744
1769774828,200,,Aggregated,246.700000,0.000000,61,74,93,130,300,700,1600,2600,11000,23000,26000,234717,0,61,200.03606267982855,24.94423498865217,26344.75252998527,71188.2755531129
1769774829,200,,Aggregated,246.000000,0.000000,61,74,93,120,300,700,1600,2600,11000,23000,26000,234957,0,61,199.89242712628015,24.94423498865217,26344.75252998527,71177.03612150309
1769774830,200,,Aggregated,246.100000,0.000000,61,74,93,120,300,700,1600,2600,11000,23000,26000,235211,0,61,199.74256850679728,24.94423498865217,26344.75252998527,71165.31688143837
1769774831,200,,Aggregated,244.700000,0.000000,61,74,93,120,300,700,1600,2600,11000,23000,26000,235469,0,61,199.58785572642228,24.94423498865217,26344.75252998527,71152.79081747492
1769774832,200,,Aggregated,243.800000,0.000000,61,74,93,120,300,700,1600,2600,11000,23000,26000,235736,0,61,199.42956990296233,24.94423498865217,26344.75252998527,71140.67248532256
1769774833,200,,Aggregated,245.900000,0.000000,61,74,93,120,300,700,1600,2600,11000,23000,26000,235994,0,61,199.27516581150928,24.94423498865217,26344.75252998527,71128.60808325636
1769774834,200,,Aggregated,247.300000,0.000000,61,73,93,120,300,700,1600,2600,11000,23000,26000,236250,0,61,199.12617450302304,24.94423498865217,26344.75252998527,71119.39634285714
1769774835,200,,Aggregated,249.200000,0.000000,61,73,93,120,300,700,1600,2600,11000,23000,26000,236491,0,61,198.9824082738275,24.94423498865217,26344.75252998527,71109.21034204261
1769774836,200,,Aggregated,247.600000,0.000000,61,73,93,120,300,690,1600,2600,11000,23000,26000,236742,0,61,198.83338612496667,24.94423498865217,26344.75252998527,71100.50795803026
1769774837,200,,Aggregated,245.600000,0.000000,61,73,93,120,300,690,1600,2600,11000,23000,26000,236971,0,61,198.7114974473031,24.94423498865217,26344.75252998527,71096.85329428496
1769774838,200,,Aggregated,246.100000,0.000000,61,73,93,120,300,690,1600,2600,11000,23000,26000,237229,0,61,198.57457543505356,24.94423498865217,26344.75252998527,71091.24400473804
1769774839,200,,Aggregated,244.100000,0.000000,61,73,93,120,300,690,1600,2600,11000,23000,26000,237467,0,61,198.47166442310794,24.94423498865217,26344.75252998527,71090.92672666097
1769774840,200,,Aggregated,242.900000,0.000000,61,73,93,120,300,690,1600,2600,11000,23000,26000,237688,0,61,198.3903599851616,24.94423498865217,26344.75252998527,71103.3723789169
1769774841,200,,Aggregated,239.300000,0.000000,61,73,93,120,300,690,1600,2600,11000,23000,26000,237909,0,61,198.29462113339588,24.94423498865217,26344.75252998527,71103.27829968602
1769774842,200,,Aggregated,240.400000,0.000000,61,73,93,120,300,690,1600,2600,11000,23000,26000,238130,0,61,198.20946058551448,24.94423498865217,26344.75252998527,71112.7957082266
1769774843,200,,Aggregated,235.900000,0.000000,61,73,93,120,300,690,1600,2600,11000,23000,26000,238338,0,61,198.17197883427193,24.94423498865217,26344.75252998527,71123.1507229229
1769774844,200,,Aggregated,231.700000,0.000000,61,74,93,120,300,690,1600,2600,11000,23000,26000,238565,0,61,198.14167007218,24.94423498865217,26344.75252998527,71127.0548990841
1769774845,200,,Aggregated,229.800000,0.000000,61,74,93,120,300,690,1600,2600,11000,23000,26000,238741,0,61,198.1604237636668,24.94423498865217,26344.75252998527,71155.0964392375
