Timestamp,User Count,Type,Name,Requests/s,Failures/s,50%,66%,75%,80%,90%,95%,98%,99%,99.9%,99.99%,100%,Total Request Count,Total Failure Count,Total Median Response Time,Total Average Response Time,Total Min Response Time,Total Max Response Time,Total Average Content Size
1769616757,0,,Aggregated,0.000000,0.000000,N/A,N/A,N/A,N/A,N/A,N/A,N/A,N/A,N/A,N/A,N/A,0,0,0,0.0,0,0,0
1769616762,50,,Aggregated,0.000000,0.000000,N/A,N/A,N/A,N/A,N/A,N/A,N/A,N/A,N/A,N/A,N/A,0,0,0,0.0,0,0,0
1769616763,50,,Aggregated,0.000000,0.000000,N/A,N/A,N/A,N/A,N/A,N/A,N/A,N/A,N/A,N/A,N/A,0,0,0,0.0,0,0,0
1769616764,50,,Aggregated,0.000000,0.000000,1100,2800,4900,5000,6000,6000,6500,6500,6500,6500,6500,36,0,850.0,2131.4366767765023,55.438468989450485,6490.686881996226,233.88888888888889
1769616765,50,,Aggregated,0.000000,0.000000,780,2800,4100,4300,5600,6100,6600,6900,7200,7200,7200,107,0,780.0,1968.6202963266878,50.49091699765995,7240.810087008867,7743.663551401869
1769616766,50,,Aggregated,0.000000,0.000000,1200,1700,3000,3800,5200,6000,6600,6900,7200,7200,7200,140,0,1100.0,1797.3230707781372,50.49091699765995,7240.810087008867,31385.157142857144
1769616767,50,,Aggregated,12.375000,0.000000,390,1500,2000,2300,4400,5700,6600,6900,7200,7200,7200,195,0,390.0,1440.5038535796427,43.8610129931476,7240.810087008867,41567.0
1769616768,50,,Aggregated,14.333333,0.000000,200,990,1600,2000,4100,5300,6100,6600,7200,7200,7200,253,0,200.0,1138.3195156950492,42.4909979919903,7240.810087008867,46001.96442687747
1769616769,50,,Aggregated,17.600000,0.000000,110,290,1300,1500,3300,4900,6000,6600,7200,7200,7200,321,0,110.0,912.4804075048095,42.4909979919903,7240.810087008867,49231.96884735202
1769616770,50,,Aggregated,22.900000,0.000000,79,200,720,1300,2300,4400,6000,6600,7200,7200,7200,382,0,79,776.216953636055,42.4909979919903,7240.810087008867,50372.6335078534
1769616771,50,,Aggregated,29.500000,0.000000,68,140,280,910,2100,4300,5700,6500,7200,7200,7200,451,0,68,666.8018223661666,41.22707500937395,7240.810087008867,51783.19290465632
1769616772,50,,Aggregated,35.300000,0.000000,65,110,200,380,2000,4100,5600,6100,7200,7200,7200,509,0,65,597.5881883676584,41.22707500937395,7240.810087008867,52799.11984282907
1769616773,50,,Aggregated,41.500000,0.000000,62,85,160,270,1700,3600,5400,6100,7200,7200,7200,574,0,62,536.4723155299426,40.52889600279741,7240.810087008867,53402.90243902439
1769616774,50,,Aggregated,47.800000,0.000000,61,77,130,210,1600,3400,5300,6000,7200,7200,7200,629,0,61,494.9615272769774,40.52889600279741,7240.810087008867,53811.47535771065
1769616775,50,,Aggregated,54.600000,0.000000,60,73,120,170,1500,3000,5200,6000,7200,7200,7200,694,0,60,454.3978734398516,40.52889600279741,7240.810087008867,54366.24783861671
1769616776,50,,Aggregated,59.600000,0.000000,58,69,100,150,1300,2700,5100,6000,7200,7200,7200,750,0,58,424.39383463099756,40.52889600279741,7240.810087008867,54804.221333333335
1769616777,50,,Aggregated,57.200000,0.000000,58,66,90,130,1200,2300,4900,6000,7200,7200,7200,818,0,58,393.8066355982203,40.52889600279741,7240.810087008867,54925.062347188265
1769616778,50,,Aggregated,60.100000,0.000000,57,66,83,120,980,2200,4900,6000,7200,7200,7200,884,0,57,368.8272454482395,40.52889600279741,7240.810087008867,55164.282805429866
1769616779,50,,Aggregated,62.300000,0.000000,57,65,82,110,760,2100,4900,5700,7200,7200,7200,937,0,57,351.3361425626662,40.52889600279741,7240.810087008867,55275.23265741729
1769616780,50,,Aggregated,62.300000,0.000000,57,64,77,100,390,2000,4400,5700,7200,7200,7200,1000,0,57,332.95311137719546,39.09402299905196,7240.810087008867,55659.714
1769616781,50,,Aggregated,62.700000,0.000000,56,62,73,95,310,1800,4300,5600,6900,7200,7200,1067,0,56,315.54473501530515,39.09402299905196,7240.810087008867,55794.48453608248
1769616782,50,,Aggregated,62.200000,0.000000,56,62,71,88,280,1700,4300,5400,6900,7200,7200,1128,0,56,301.5243914692517,39.09402299905196,7240.810087008867,56017.65514184397
1769616783,50,,Aggregated,62.500000,0.000000,56,61,69,82,250,1600,4300,5400,6900,7200,7200,1196,0,56,287.4127873104205,39.09402299905196,7240.810087008867,56079.172240802676
1769616784,50,,Aggregated,62.300000,0.000000,55,61,68,77,210,1600,4100,5300,6900,7200,7200,1257,0,55,276.02127298824144,39.09402299905196,7240.810087008867,56165.891010342086
1769616785,50,,Aggregated,60.900000,0.000000,55,60,67,76,200,1500,4100,5200,6900,7200,7200,1305,0,55,268.0048018415821,39.09402299905196,7240.810087008867,56369.20536398467
1769616786,50,,Aggregated,64.300000,0.000000,55,60,66,73,170,1500,3800,5200,6900,7200,7200,1378,0,55,256.75028638114355,39.09402299905196,7240.810087008867,56517.31640058055
1769616787,50,,Aggregated,61.000000,0.000000,55,60,66,72,160,1500,3600,5100,6900,7200,7200,1424,0,55,250.25041329015008,39.09402299905196,7240.810087008867,56498.79915730337
1769616788,50,,Aggregated,61.500000,0.000000,55,60,66,71,150,1300,3600,5100,6900,7200,7200,1498,0,55,240.5749218693559,35.944574017776176,7240.810087008867,56604.501335113484
1769616789,50,,Aggregated,60.900000,0.000000,55,59,65,71,140,1300,3400,5000,6900,7200,7200,1555,0,55,233.68636703497125,31.392366014188156,7240.810087008867,56725.02958199357
1769616790,50,,Aggregated,60.500000,0.000000,55,59,64,69,130,1200,3300,4900,6900,7200,7200,1634,0,55,224.8606310100132,31.392366014188156,7240.810087008867,56818.14075887393
1769616791,50,,Aggregated,60.900000,0.000000,54,58,63,68,130,1000,3100,4900,6900,7200,7200,1699,0,54,218.16216988019738,31.01726801833138,7240.810087008867,56940.01471453797
1769616792,50,,Aggregated,62.100000,0.000000,54,58,62,67,120,980,2800,4900,6900,7200,7200,1758,0,54,212.53218183481872,31.01726801833138,7240.810087008867,56984.89021615472
1769616793,50,,Aggregated,62.700000,0.000000,54,58,62,67,110,850,2800,4900,6900,7200,7200,1823,0,54,206.8476923201311,31.01726801833138,7240.810087008867,57109.590784421285
1769616794,50,,Aggregated,62.900000,0.000000,54,58,62,66,110,740,2700,4900,6900,7200,7200,1881,0,54,202.14534921617783,31.01726801833138,7240.810087008867,57193.443912812334
1769616795,50,,Aggregated,63.500000,0.000000,54,58,62,66,110,480,2300,4400,6900,7200,7200,1942,0,54,197.4768343499348,31.01726801833138,7240.810087008867,57314.3403707518
1769616796,50,,Aggregated,61.100000,0.000000,54,58,62,66,110,390,2300,4400,6900,7200,7200,2000,0,54,193.29351776828116,31.01726801833138,7240.810087008867,57270.1445
1769616797,50,,Aggregated,62.600000,0.000000,54,57,61,65,100,380,2200,4300,6600,7200,7200,2058,0,54,189.24201560280872,31.01726801833138,7240.810087008867,57459.42857142857
1769616798,50,,Aggregated,62.600000,0.000000,54,57,61,65,100,310,2200,4300,6600,7200,7200,2125,0,54,184.99124490807984,31.01726801833138,7240.810087008867,57535.75529411765
1769616799,50,,Aggregated,61.800000,0.000000,54,57,61,64,97,290,2200,4300,6600,7200,7200,2188,0,54,181.08419762138777,31.01726801833138,7240.810087008867,57576.58363802559
1769616800,50,,Aggregated,63.800000,0.000000,53,57,61,64,95,280,2200,4300,6600,7200,7200,2242,0,53,177.92681442937868,31.01726801833138,7240.810087008867,57584.10303300624
1769616801,50,,Aggregated,62.100000,0.000000,53,57,60,63,93,270,2100,4300,6600,7200,7200,2309,0,53,174.31878072351887,31.01726801833138,7240.810087008867,57679.66089216111
1769616802,50,,Aggregated,62.200000,0.000000,53,57,60,63,91,250,2100,4300,6600,7200,7200,2357,0,53,171.80929033283616,31.01726801833138,7240.810087008867,57782.76834959695
1769616803,50,,Aggregated,61.100000,0.000000,53,57,60,62,86,240,2000,4300,6600,7200,7200,2428,0,53,168.28291363451441,29.441363003570586,7240.810087008867,57868.88714991763
1769616804,50,,Aggregated,60.800000,0.000000,53,57,60,62,84,220,2000,4300,6600,7200,7200,2486,0,53,165.5440786792907,29.441363003570586,7240.810087008867,57914.51971037812
1769616805,50,,Aggregated,60.100000,0.000000,53,57,60,62,83,210,2000,4100,6600,7200,7200,2548,0,53,162.81222721449257,29.441363003570586,7240.810087008867,57927.20290423862
1769616806,50,,Aggregated,61.000000,0.000000,53,57,60,62,82,200,1900,4100,6600,7200,7200,2621,0,53,159.7642300418002,29.441363003570586,7240.810087008867,58003.0400610454
1769616807,50,,Aggregated,60.300000,0.000000,53,56,60,62,80,190,1800,4100,6600,7200,7200,2678,0,53,157.44906048976796,29.441363003570586,7240.810087008867,58070.49551904406
1769616808,50,,Aggregated,60.900000,0.000000,53,56,59,62,78,170,1800,3800,6600,7200,7200,2745,0,53,154.87937593828582,29.441363003570586,7240.810087008867,58080.14462659381
1769616809,50,,Aggregated,61.900000,0.000000,53,56,59,62,76,170,1700,3600,6600,7200,7200,2806,0,53,152.62086432097254,29.441363003570586,7240.810087008867,58047.06842480399
1769616810,50,,Aggregated,60.700000,0.000000,53,56,59,62,75,160,1700,3600,6600,7200,7200,2872,0,53,150.29129244000126,29.441363003570586,7240.810087008867,58132.25243732591
1769616811,50,,Aggregated,61.600000,0.000000,53,56,59,61,74,160,1700,3600,6600,7200,7200,2925,0,53,148.49890299338418,29.441363003570586,7240.810087008867,58181.873504273506
1769616812,50,,Aggregated,61.400000,0.000000,53,56,59,61,73,150,1600,3600,6600,7200,7200,2985,0,53,146.59843003503875,29.441363003570586,7240.810087008867,58214.35209380234
1769616813,50,,Aggregated,61.300000,0.000000,53,56,59,61,73,150,1600,3500,6600,7200,7200,3044,0,53,144.76172497616517,29.441363003570586,7240.810087008867,58263.096583442835
1769616814,50,,Aggregated,61.400000,0.000000,53,56,59,61,73,140,1600,3400,6600,7200,7200,3109,0,53,142.80551229513722,29.441363003570586,7240.810087008867,58269.76294628498
1769616815,50,,Aggregated,62.300000,0.000000,53,56,59,61,72,140,1600,3400,6600,7200,7200,3178,0,53,140.81783889571935,29.441363003570586,7240.810087008867,58250.6167400881
1769616816,50,,Aggregated,61.000000,0.000000,53,56,59,61,72,140,1500,3300,6600,7200,7200,3224,0,53,139.52187966428903,29.441363003570586,7240.810087008867,58299.22270471464
1769616817,50,,Aggregated,63.800000,0.000000,53,56,58,61,72,130,1500,3300,6600,7200,7200,3288,0,53,137.79135130193504,29.441363003570586,7240.810087008867,58353.87195863747
1769616818,50,,Aggregated,61.900000,0.000000,53,56,58,61,71,130,1500,3100,6600,7200,7200,3350,0,53,136.1959555235156,29.441363003570586,7240.810087008867,58343.64149253731
1769616819,50,,Aggregated,61.100000,0.000000,53,56,58,61,71,130,1500,3000,6600,7200,7200,3414,0,53,134.62325671231164,29.441363003570586,7240.810087008867,58405.135910954894
1769616820,50,,Aggregated,61.300000,0.000000,53,56,58,60,70,120,1500,3000,6600,7200,7200,3473,0,53,133.20967430027824,29.441363003570586,7240.810087008867,58370.66916210769
1769616821,50,,Aggregated,61.000000,0.000000,53,56,58,60,70,120,1500,2800,6600,7200,7200,3527,0,53,131.97758322229168,29.441363003570586,7240.810087008867,58423.8922597108
1769616822,50,,Aggregated,60.700000,0.000000,53,56,58,60,70,120,1500,2800,6600,7200,7200,3595,0,53,130.5136548503534,29.441363003570586,7240.810087008867,58444.31988873435
1769616823,50,,Aggregated,60.700000,0.000000,53,56,58,60,70,120,1400,2800,6600,7200,7200,3652,0,53,129.30656317748978,29.441363003570586,7240.810087008867,58479.78641840088
1769616824,50,,Aggregated,59.900000,0.000000,53,56,58,60,70,120,1300,2700,6600,7200,7200,3716,0,53,128.0716018606935,29.441363003570586,7240.810087008867,58492.63778256189
1769616825,50,,Aggregated,61.000000,0.000000,53,56,58,61,70,110,1300,2700,6600,7200,7200,3777,0,53,126.96087451901568,29.441363003570586,7240.810087008867,58489.99788191687
1769616826,50,,Aggregated,59.700000,0.000000,53,56,58,60,70,110,1300,2300,6600,7200,7200,3837,0,53,125.83605613222738,29.441363003570586,7240.810087008867,58402.085222830334
1769616827,50,,Aggregated,58.800000,0.000000,53,56,58,60,70,110,1300,2300,6600,7200,7200,3906,0,53,124.56765482495894,29.441363003570586,7240.810087008867,58478.66692268305
1769616828,50,,Aggregated,59.400000,0.000000,53,56,58,60,70,110,1300,2300,6600,7200,7200,3967,0,53,123.53386622368342,29.441363003570586,7240.810087008867,58495.04461809932
1769616829,50,,Aggregated,60.100000,0.000000,53,56,58,60,70,110,1300,2300,6500,7200,7200,4031,0,53,122.50188067160782,29.441363003570586,7240.810087008867,58502.78615728107
1769616830,50,,Aggregated,61.100000,0.000000,53,56,58,60,70,110,1200,2300,6500,7200,7200,4093,0,53,121.43898626051282,29.441363003570586,7240.810087008867,58507.371610065966
1769616831,50,,Aggregated,60.600000,0.000000,53,56,58,60,69,110,1100,2200,6500,7200,7200,4151,0,53,120.48584936117176,29.441363003570586,7240.810087008867,58492.24042399422
1769616832,50,,Aggregated,61.500000,0.000000,53,56,58,60,69,110,1000,2200,6500,7200,7200,4216,0,53,119.43199669121637,29.441363003570586,7240.810087008867,58519.270398481975
1769616833,50,,Aggregated,61.900000,0.000000,53,56,58,60,69,110,1000,2200,6500,7200,7200,4265,0,53,118.69169711303877,29.441363003570586,7240.810087008867,58546.043845252054
1769616834,50,,Aggregated,63.100000,0.000000,53,56,58,60,69,100,990,2200,6500,7200,7200,4341,0,53,117.58873338703266,29.441363003570586,7240.810087008867,58593.698917300164
1769616835,50,,Aggregated,61.600000,0.000000,53,56,58,60,69,100,980,2200,6500,7200,7200,4396,0,53,116.76058765972218,29.441363003570586,7240.810087008867,58653.121246587805
1769616836,50,,Aggregated,62.600000,0.000000,53,56,58,60,69,100,970,2200,6500,7200,7200,4461,0,53,115.80123826521739,29.441363003570586,7240.810087008867,58691.00134498991
1769616837,50,,Aggregated,62.200000,0.000000,53,56,58,60,68,100,910,2100,6500,7200,7200,4527,0,53,114.8478665235546,29.441363003570586,7240.810087008867,58738.38855754363
1769616838,50,,Aggregated,63.400000,0.000000,53,56,58,60,68,100,850,2100,6500,7200,7200,4597,0,53,113.84483902917462,29.441363003570586,7240.810087008867,58815.594735697196
1769616839,50,,Aggregated,62.500000,0.000000,53,56,58,60,68,98,760,2100,6500,7200,7200,4663,0,53,112.92394248619716,29.441363003570586,7240.810087008867,58879.95346343556
1769616840,50,,Aggregated,61.900000,0.000000,53,56,58,60,68,97,740,2100,6500,7200,7200,4721,0,53,112.14967447090665,29.441363003570586,7240.810087008867,58912.16670196992
1769616841,50,,Aggregated,62.300000,0.000000,53,55,58,60,68,97,720,2100,6500,7200,7200,4788,0,53,111.39116213013395,29.441363003570586,7240.810087008867,58950.39118629908
1769616842,50,,Aggregated,62.100000,0.000000,52,55,58,60,68,96,640,2000,6500,7200,7200,4847,0,52,110.62899883990823,29.441363003570586,7240.810087008867,59021.10191871261
1769616843,50,,Aggregated,61.100000,0.000000,53,55,58,60,68,100,480,2000,6500,7200,7200,4903,0,53,110.26405899165346,29.441363003570586,7240.810087008867,59059.59412604528
1769616844,50,,Aggregated,62.100000,0.000000,53,55,58,60,68,100,440,2000,6500,7200,7200,4960,0,53,109.84053084655076,29.441363003570586,7240.810087008867,59185.895362903226
1769616845,50,,Aggregated,61.700000,0.000000,53,56,58,60,68,100,440,2000,6100,7200,7200,5002,0,53,109.5584434266069,29.441363003570586,7240.810087008867,59271.63214714114
1769616846,50,,Aggregated,62.300000,0.000000,53,56,58,60,69,100,480,2000,6100,7200,7200,5059,0,53,109.52593075408886,29.441363003570586,7240.810087008867,59398.388021348095
1769616847,50,,Aggregated,62.200000,0.000000,53,56,58,60,69,110,550,2000,6100,7200,7200,5100,0,53,109.98332309956074,29.441363003570586,7240.810087008867,59426.674509803925
1769616848,50,,Aggregated,59.800000,0.000000,53,56,58,60,70,110,590,2000,6100,7200,7200,5150,0,53,110.45353239470555,29.441363003570586,7240.810087008867,59572.51689320389
1769616849,50,,Aggregated,59.100000,0.000000,53,56,58,60,70,110,610,2000,6100,7200,7200,5188,0,53,110.51585789990108,29.441363003570586,7240.810087008867,59772.319776407094
1769616850,50,,Aggregated,57.500000,0.000000,53,56,58,60,71,120,620,1900,6100,7200,7200,5229,0,53,110.83083698197261,29.441363003570586,7240.810087008867,60005.23828647925
1769616851,50,,Aggregated,55.300000,0.000000,53,56,58,61,71,120,640,1900,6100,7200,7200,5268,0,53,111.35871794472592,29.441363003570586,7240.810087008867,60154.04043280182
1769616852,50,,Aggregated,52.000000,0.000000,53,56,58,61,72,140,650,1800,6100,7200,7200,5302,0,53,111.9391206845948,29.441363003570586,7240.810087008867,60195.05563938137
1769616853,50,,Aggregated,50.600000,0.000000,53,56,58,61,72,150,650,1800,6100,7200,7200,5346,0,53,112.09033388717778,29.441363003570586,7240.810087008867,60359.176393565285
1769616854,50,,Aggregated,47.000000,0.000000,53,56,58,61,73,160,640,1800,6100,7200,7200,5385,0,53,112.00953908296525,29.441363003570586,7240.810087008867,60598.4583101207
1769616855,50,,Aggregated,45.200000,0.000000,53,56,59,61,74,170,640,1800,6100,7200,7200,5427,0,53,112.34002546189875,29.441363003570586,7240.810087008867,60625.55039616731
1769616856,50,,Aggregated,43.700000,0.000000,53,56,59,61,76,190,640,1800,6100,7200,7200,5465,0,53,112.8104606120462,29.441363003570586,7240.810087008867,60573.0021957914
1769616857,50,,Aggregated,41.300000,0.000000,53,56,59,62,82,200,640,1700,6100,7200,7200,5537,0,53,113.31978352478625,29.441363003570586,7240.810087008867,60607.89073505509
1769616858,50,,Aggregated,40.700000,0.000000,53,56,59,62,83,200,620,1700,6100,7200,7200,5579,0,53,113.18905317505491,29.441363003570586,7240.810087008867,60594.657107008425
1769616859,50,,Aggregated,40.000000,0.000000,53,56,59,62,87,210,620,1700,6100,7200,7200,5649,0,53,112.95491200075261,29.441363003570586,7240.810087008867,60672.49831828642
1769616860,50,,Aggregated,41.800000,0.000000,53,56,59,62,92,210,610,1700,6100,7200,7200,5700,0,53,112.79744697340024,28.956523980014026,7240.810087008867,60624.67719298245
1769616862,50,,Aggregated,42.400000,0.000000,53,56,59,62,92,210,610,1700,6100,7200,7200,5746,0,53,112.40066098389514,28.956523980014026,7240.810087008867,60689.19613644274
1769616863,50,,Aggregated,46.800000,0.000000,53,56,60,62,110,210,580,1700,6100,7200,7200,5820,0,53,112.46074735194695,28.956523980014026,7240.810087008867,60599.5175257732
1769616864,50,,Aggregated,47.300000,0.000000,53,56,60,62,110,210,560,1700,6100,7200,7200,5869,0,53,112.0799082462582,28.956523980014026,7240.810087008867,60596.03595161015
1769616865,50,,Aggregated,47.300000,0.000000,53,56,60,62,110,210,560,1600,6100,7200,7200,5916,0,53,111.80327674159199,28.956523980014026,7240.810087008867,60529.813049357675
1769616866,50,,Aggregated,51.100000,0.000000,53,56,60,62,110,210,550,1600,6100,7200,7200,5993,0,53,111.22530443154481,28.956523980014026,7240.810087008867,60497.743033539125
1769616867,50,,Aggregated,52.300000,0.000000,53,56,60,62,110,210,540,1600,6000,7200,7200,6046,0,53,110.72328477194031,28.956523980014026,7240.810087008867,60493.828481640754
1769616868,50,,Aggregated,55.000000,0.000000,53,56,60,62,100,210,530,1600,6000,7200,7200,6115,0,53,110.05191762932311,28.956523980014026,7240.810087008867,60463.55780866721
1769616869,50,,Aggregated,57.100000,0.000000,53,56,59,62,100,200,520,1600,6000,7200,7200,6184,0,53,109.40920065234788,28.956523980014026,7240.810087008867,60451.85688874515
1769616870,50,,Aggregated,56.300000,0.000000,53,56,59,62,100,200,520,1600,6000,7200,7200,6246,0,53,108.8293730999104,28.956523980014026,7240.810087008867,60415.29282740954
1769616871,50,,Aggregated,59.300000,0.000000,53,56,59,62,100,200,520,1600,6000,7200,7200,6308,0,53,108.2700294069477,28.956523980014026,7240.810087008867,60413.96353836398
1769616872,50,,Aggregated,58.100000,0.000000,53,56,59,62,97,200,520,1600,6000,7200,7200,6371,0,53,107.70872185527455,28.956523980014026,7240.810087008867,60369.62470569769
1769616873,50,,Aggregated,60.500000,0.000000,53,56,59,62,96,200,510,1500,6000,7200,7200,6431,0,53,107.19756290809306,28.956523980014026,7240.810087008867,60371.59695226248
1769616874,50,,Aggregated,61.400000,0.000000,53,56,59,62,94,200,500,1500,6000,7200,7200,6493,0,53,106.66630149898349,28.956523980014026,7240.810087008867,60353.89018943477
1769616875,50,,Aggregated,60.400000,0.000000,53,56,59,62,93,190,500,1500,6000,7200,7200,6555,0,53,106.14312261813726,28.956523980014026,7240.810087008867,60337.733180778036
1769616876,50,,Aggregated,62.200000,0.000000,53,56,59,62,92,190,500,1500,6000,7200,7200,6621,0,53,105.59157542166271,28.956523980014026,7240.810087008867,60320.33031264159
1769616877,50,,Aggregated,62.400000,0.000000,53,56,59,62,91,190,490,1500,6000,7200,7200,6671,0,53,105.18275015706182,28.956523980014026,7240.810087008867,60305.99700194873
1769616878,50,,Aggregated,61.600000,0.000000,52,56,59,61,88,190,490,1500,6000,7200,7200,6736,0,52,104.66394570111962,28.956523980014026,7240.810087008867,60280.39058788599
1769616879,50,,Aggregated,60.400000,0.000000,52,56,59,61,87,180,490,1500,6000,7200,7200,6799,0,52,104.16596172491623,28.956523980014026,7240.810087008867,60258.51934107957
1769616880,50,,Aggregated,60.100000,0.000000,52,56,59,61,86,180,480,1500,6000,7200,7200,6853,0,52,103.73753122674067,28.956523980014026,7240.810087008867,60248.072522982635
1769616881,50,,Aggregated,59.100000,0.000000,52,56,59,61,85,170,480,1500,6000,7200,7200,6913,0,52,103.29301166972925,28.956523980014026,7240.810087008867,60236.10415159844
1769616882,50,,Aggregated,59.200000,0.000000,52,56,59,61,84,170,480,1500,6000,7200,7200,6979,0,52,102.78960349590994,28.956523980014026,7240.810087008867,60224.8999856713
1769616883,50,,Aggregated,58.900000,0.000000,52,56,58,61,83,170,450,1500,6000,7200,7200,7029,0,52,102.40907518023347,28.956523980014026,7240.810087008867,60233.13686157348
1769616884,50,,Aggregated,59.800000,0.000000,52,56,58,61,82,170,450,1500,6000,7200,7200,7094,0,52,101.93370692807233,28.956523980014026,7240.810087008867,60230.36552015788
1769616885,50,,Aggregated,59.600000,0.000000,52,55,58,61,82,170,410,1500,6000,7200,7200,7159,0,52,101.4692170911885,28.956523980014026,7240.810087008867,60212.96242491968
1769616886,50,,Aggregated,59.200000,0.000000,52,55,58,61,81,170,400,1400,6000,7200,7200,7220,0,52,101.04434945868262,28.956523980014026,7240.810087008867,60212.09792243767
1769616887,50,,Aggregated,60.500000,0.000000,52,55,58,61,80,160,400,1400,6000,7200,7200,7281,0,52,100.6196710849712,28.956523980014026,7240.810087008867,60197.512154923774
1769616888,50,,Aggregated,61.000000,0.000000,52,55,58,61,79,160,390,1400,6000,7200,7200,7342,0,52,100.19956375710326,28.956523980014026,7240.810087008867,60184.173658403706
1769616889,50,,Aggregated,61.700000,0.000000,52,55,58,61,78,160,390,1300,6000,7200,7200,7404,0,52,99.77871777468256,28.956523980014026,7240.810087008867,60166.0151269584
1769616890,50,,Aggregated,62.900000,0.000000,52,55,58,61,78,160,390,1300,6000,7200,7200,7467,0,52,99.37011854730517,28.956523980014026,7240.810087008867,60188.967456809965
1769616891,50,,Aggregated,62.000000,0.000000,52,55,58,60,78,160,390,1300,6000,7200,7200,7533,0,52,98.92124334841064,28.956523980014026,7240.810087008867,60182.29603079782
1769616892,50,,Aggregated,62.700000,0.000000,52,55,58,60,77,160,380,1300,6000,7200,7200,7599,0,52,98.50612939000132,28.956523980014026,7240.810087008867,60180.38755099355
1769616893,50,,Aggregated,61.900000,0.000000,52,55,58,60,77,150,380,1300,6000,7200,7200,7661,0,52,98.12260827484305,28.956523980014026,7240.810087008867,60182.60879780707
1769616894,50,,Aggregated,61.600000,0.000000,52,55,58,60,76,150,380,1300,6000,7200,7200,7730,0,52,97.70860212555267,28.956523980014026,7240.810087008867,60171.400776196635
1769616895,50,,Aggregated,61.500000,0.000000,52,55,58,60,76,150,370,1300,6000,7200,7200,7789,0,52,97.35979186512957,28.956523980014026,7240.810087008867,60179.40082167159
1769616896,50,,Aggregated,62.100000,0.000000,52,55,58,60,75,150,370,1300,6000,7200,7200,7851,0,52,96.98458987841353,28.956523980014026,7240.810087008867,60180.087504776464
1769616897,50,,Aggregated,60.900000,0.000000,52,55,58,60,75,150,360,1300,6000,7200,7200,7917,0,52,96.59304041726232,28.956523980014026,7240.810087008867,60178.973727422
1769616898,50,,Aggregated,61.500000,0.000000,52,55,58,60,74,140,340,1300,6000,7200,7200,7980,0,52,96.21825054729064,28.956523980014026,7240.810087008867,60170.25977443609
1769616899,50,,Aggregated,61.400000,0.000000,52,55,58,60,74,140,330,1300,6000,7200,7200,8037,0,52,95.90950812184529,28.956523980014026,7240.810087008867,60175.95856662934
1769616900,50,,Aggregated,61.700000,0.000000,52,55,58,60,73,140,320,1300,6000,7200,7200,8092,0,52,95.5895934737187,28.956523980014026,7240.810087008867,60162.55672268908
1769616901,50,,Aggregated,62.500000,0.000000,52,55,58,60,73,140,320,1200,6000,7200,7200,8150,0,52,95.28418458935353,28.956523980014026,7240.810087008867,60177.29104294479
1769616902,50,,Aggregated,60.800000,0.000000,52,55,58,60,73,140,320,1100,6000,7200,7200,8217,0,52,94.93978078959081,28.956523980014026,7240.810087008867,60152.00547645126
1769616903,50,,Aggregated,60.700000,0.000000,52,55,58,60,73,140,320,1100,6000,7200,7200,8273,0,52,94.63837383539045,28.956523980014026,7240.810087008867,60163.018856521216
1769616904,50,,Aggregated,61.600000,0.000000,52,55,58,60,73,140,320,1100,6000,7200,7200,8339,0,52,94.29311934227525,28.956523980014026,7240.810087008867,60163.75176879722
1769616905,50,,Aggregated,62.300000,0.000000,52,55,58,60,73,140,320,1000,6000,7200,7200,8408,0,52,93.93597398529174,28.956523980014026,7240.810087008867,60168.11715033302
1769616906,50,,Aggregated,63.000000,0.000000,52,55,58,60,72,140,320,1000,6000,7200,7200,8472,0,52,93.59557322431539,28.956523980014026,7240.810087008867,60161.254249291786
1769616907,50,,Aggregated,62.800000,0.000000,52,55,58,60,72,140,320,1000,6000,7200,7200,8535,0,52,93.28177122792172,28.956523980014026,7240.810087008867,60151.73637961336
1769616908,50,,Aggregated,62.400000,0.000000,52,55,57,60,72,140,310,1000,6000,7200,7200,8597,0,52,92.9664420398262,28.956523980014026,7240.810087008867,60145.611143422124
1769616909,50,,Aggregated,62.500000,0.000000,52,55,57,60,72,140,310,990,6000,7200,7200,8660,0,52,92.66079670142189,28.956523980014026,7240.810087008867,60147.30150115473
1769616910,50,,Aggregated,62.300000,0.000000,52,55,57,60,71,140,300,990,6000,7200,7200,8716,0,52,92.38902173453984,28.956523980014026,7240.810087008867,60144.91142726021
1769616911,50,,Aggregated,61.400000,0.000000,52,55,57,60,71,130,300,990,6000,7200,7200,8781,0,52,92.09062311890845,28.956523980014026,7240.810087008867,60134.88782598793
1769616912,50,,Aggregated,62.600000,0.000000,52,55,57,60,71,130,300,980,6000,7200,7200,8848,0,52,91.78232650668542,28.956523980014026,7240.810087008867,60113.63245931284
1769616913,50,,Aggregated,61.900000,0.000000,52,55,57,60,71,130,300,980,6000,7200,7200,8906,0,52,91.52017768888162,28.956523980014026,7240.810087008867,60108.82539860768
1769616914,50,,Aggregated,61.700000,0.000000,52,55,57,59,71,130,290,980,6000,7200,7200,8966,0,52,91.25921102410967,28.956523980014026,7240.810087008867,60118.47970109302
1769616915,50,,Aggregated,61.300000,0.000000,52,55,57,59,70,130,290,970,5700,7200,7200,9028,0,52,91.0058356097842,28.956523980014026,7240.810087008867,60112.3026140895
1769616916,50,,Aggregated,59.400000,0.000000,52,55,57,59,70,130,290,970,5700,7200,7200,9094,0,52,90.7576063403604,28.956523980014026,7240.810087008867,60093.556520782935
1769616917,50,,Aggregated,60.800000,0.000000,52,55,57,59,70,130,290,960,5700,7200,7200,9148,0,52,90.54589958791898,28.956523980014026,7240.810087008867,60113.40609969392
1769616918,50,,Aggregated,60.600000,0.000000,52,55,57,60,70,130,290,930,5700,7200,7200,9213,0,52,90.29052955814835,28.956523980014026,7240.810087008867,60100.87626180397
1769616919,50,,Aggregated,61.500000,0.000000,52,55,57,60,70,130,280,930,5700,7200,7200,9273,0,52,90.05696788927499,28.956523980014026,7240.810087008867,60094.49121104281
1769616920,50,,Aggregated,61.600000,0.000000,52,55,57,59,70,130,280,910,5700,7200,7200,9333,0,52,89.82288052183887,28.956523980014026,7240.810087008867,60089.761598628524
1769616921,50,,Aggregated,61.300000,0.000000,52,55,57,59,70,130,280,910,5700,7200,7200,9388,0,52,89.60027262466927,28.956523980014026,7240.810087008867,60063.79090328079
1769616922,50,,Aggregated,62.100000,0.000000,52,55,57,59,70,130,280,900,5700,7200,7200,9456,0,52,89.3404338253361,28.956523980014026,7240.810087008867,60081.881556683584
1769616923,50,,Aggregated,61.800000,0.000000,52,55,57,59,70,130,280,890,5700,7200,7200,9523,0,52,89.09183578433885,28.956523980014026,7240.810087008867,60070.93079911792
1769616924,50,,Aggregated,61.900000,0.000000,52,55,57,59,70,120,280,890,5700,7200,7200,9592,0,52,88.82283858092387,28.956523980014026,7240.810087008867,60074.14845704754
1769616925,50,,Aggregated,61.600000,0.000000,52,55,57,59,70,120,270,850,5700,7200,7200,9646,0,52,88.63033121566087,28.956523980014026,7240.810087008867,60069.83319510678
1769616926,50,,Aggregated,62.400000,0.000000,52,55,57,59,70,120,270,840,5700,7200,7200,9713,0,52,88.4058371583822,28.956523980014026,7240.810087008867,60063.84577370535
1769616927,50,,Aggregated,62.400000,0.000000,52,55,57,59,69,120,270,840,5700,7200,7200,9771,0,52,88.18744137533047,28.956523980014026,7240.810087008867,60067.23569747211
1769616928,50,,Aggregated,60.800000,0.000000,52,55,57,59,69,120,270,830,5700,7200,7200,9840,0,52,87.93174331334947,28.956523980014026,7240.810087008867,60070.51920731708
1769616929,50,,Aggregated,61.200000,0.000000,52,55,57,59,69,120,270,800,5700,7200,7200,9902,0,52,87.71795099288772,28.956523980014026,7240.810087008867,60088.743183195314
1769616930,50,,Aggregated,59.600000,0.000000,52,55,57,59,69,120,270,800,5700,7200,7200,9958,0,52,87.51440986275614,28.956523980014026,7240.810087008867,60076.57039566178
1769616931,50,,Aggregated,61.700000,0.000000,52,55,57,59,69,120,270,780,5600,6900,7200,10021,0,52,87.29389963281682,28.956523980014026,7240.810087008867,60090.443069553934
1769616932,50,,Aggregated,60.300000,0.000000,52,55,57,59,69,120,270,780,5600,6900,7200,10086,0,52,87.06984396978567,28.956523980014026,7240.810087008867,60118.986218520724
1769616933,50,,Aggregated,61.900000,0.000000,52,55,57,59,69,120,260,760,5600,6900,7200,10144,0,52,86.89427709286802,28.956523980014026,7240.810087008867,60114.96234227129
1769616934,50,,Aggregated,61.600000,0.000000,52,55,57,59,69,120,260,760,5600,6900,7200,10210,0,52,86.69703166622187,28.956523980014026,7240.810087008867,60148.325857002936
1769616935,50,,Aggregated,62.400000,0.000000,52,55,57,59,69,120,260,760,5600,6900,7200,10268,0,52,86.51350726977837,28.956523980014026,7240.810087008867,60174.43952084145
1769616936,50,,Aggregated,62.500000,0.000000,52,55,57,59,69,120,260,760,5600,6900,7200,10316,0,52,86.45784339861144,28.956523980014026,7240.810087008867,60208.51357115161
1769616937,50,,Aggregated,61.600000,0.000000,52,55,57,59,69,120,260,760,5600,6900,7200,10387,0,52,86.29054844278298,28.956523980014026,7240.810087008867,60253.07519014152
1769616938,50,,Aggregated,62.700000,0.000000,52,55,57,59,69,120,260,740,5600,6900,7200,10426,0,52,86.2240649936927,28.956523980014026,7240.810087008867,60299.97429503165
1769616939,50,,Aggregated,60.600000,0.000000,52,55,57,59,69,120,270,740,5600,6900,7200,10482,0,52,86.3431971054613,28.956523980014026,7240.810087008867,60319.40536157222
1769616940,50,,Aggregated,61.900000,0.000000,52,55,57,59,69,120,270,740,5600,6900,7200,10537,0,52,86.33064975130507,28.956523980014026,7240.810087008867,60367.571889532126
1769616941,50,,Aggregated,58.700000,0.000000,52,55,57,59,69,120,270,740,5600,6900,7200,10578,0,52,86.32208800222557,28.956523980014026,7240.810087008867,60403.224333522405
1769616942,50,,Aggregated,59.400000,0.000000,52,55,57,59,69,130,270,740,5600,6900,7200,10639,0,52,86.54902723033324,28.956523980014026,7240.810087008867,60459.79396559827
1769616943,50,,Aggregated,57.300000,0.000000,52,55,57,59,69,130,270,740,5600,6900,7200,10678,0,52,86.5577814737306,28.956523980014026,7240.810087008867,60528.54794905413
1769616944,50,,Aggregated,55.300000,0.000000,52,55,57,60,70,130,280,740,5600,6900,7200,10736,0,52,86.75089665047857,28.956523980014026,7240.810087008867,60612.595752608046
1769616945,50,,Aggregated,53.800000,0.000000,52,55,57,60,70,130,280,740,5600,6900,7200,10779,0,52,86.91159312150023,28.956523980014026,7240.810087008867,60708.54958716022
1769616946,50,,Aggregated,51.400000,0.000000,52,55,57,60,71,140,290,740,5600,6900,7200,10826,0,52,87.21762854569373,28.956523980014026,7240.810087008867,60733.27082948457
1769616947,50,,Aggregated,51.200000,0.000000,52,55,58,60,71,140,290,740,5600,6900,7200,10864,0,52,87.49651114982615,28.956523980014026,7240.810087008867,60738.01813328424
1769616948,50,,Aggregated,49.800000,0.000000,52,55,58,60,72,140,300,720,5600,6900,7200,10901,0,52,87.66819242030552,28.956523980014026,7240.810087008867,60802.3909733052
1769616949,50,,Aggregated,49.200000,0.000000,52,55,58,60,72,150,310,720,5600,6900,7200,10946,0,52,87.76796065811574,28.956523980014026,7240.810087008867,60822.82340581034
1769616950,50,,Aggregated,47.300000,0.000000,52,55,58,60,73,150,320,710,5400,6900,7200,11004,0,52,87.99169002615321,28.956523980014026,7240.810087008867,60837.96792075609
1769616951,50,,Aggregated,46.700000,0.000000,52,55,58,60,73,150,320,710,5400,6900,7200,11047,0,52,87.99380859552379,28.956523980014026,7240.810087008867,60887.27573096768
1769616952,50,,Aggregated,44.600000,0.000000,52,55,58,60,73,160,320,710,5400,6900,7200,11094,0,52,87.94566413806726,28.956523980014026,7240.810087008867,60932.24175229854
1769616954,50,,Aggregated,45.300000,0.000000,52,55,58,60,74,160,320,700,5400,6900,7200,11149,0,52,88.12201743086821,28.956523980014026,7240.810087008867,60917.24109785631
1769616955,50,,Aggregated,45.300000,0.000000,52,55,58,60,75,160,320,650,5400,6900,7200,11210,0,52,88.09796418641005,28.956523980014026,7240.810087008867,60930.47707404103
1769616956,50,,Aggregated,44.700000,0.000000,52,55,58,60,76,170,320,650,5400,6900,7200,11255,0,52,88.27093958236965,28.956523980014026,7240.810087008867,60915.208529542426
1769616957,50,,Aggregated,46.300000,0.000000,52,55,58,60,76,170,320,650,5400,6900,7200,11303,0,52,88.21449270659176,28.956523980014026,7240.810087008867,60904.76616827391
1769616958,50,,Aggregated,46.900000,0.000000,52,55,58,60,77,170,310,650,5400,6900,7200,11385,0,52,88.18898913777494,28.956523980014026,7240.810087008867,60888.5860342556
1769616959,50,,Aggregated,47.400000,0.000000,52,55,58,60,78,170,320,640,5400,6900,7200,11457,0,52,88.25185697848323,28.956523980014026,7240.810087008867,60853.553024351924
1769616960,50,,Aggregated,50.700000,0.000000,52,55,58,60,78,170,320,640,5400,6900,7200,11518,0,52,88.07037825122372,28.956523980014026,7240.810087008867,60848.16417780865
1769616961,50,,Aggregated,54.100000,0.000000,52,55,58,60,78,170,320,640,5400,6900,7200,11590,0,52,87.87962770729791,28.956523980014026,7240.810087008867,60833.95798101812
1769616962,50,,Aggregated,56.700000,0.000000,52,55,58,60,78,170,310,630,5400,6900,7200,11645,0,52,87.72194024935229,28.956523980014026,7240.810087008867,60809.22687848862
1769616963,50,,Aggregated,57.900000,0.000000,52,55,58,60,77,170,310,620,5400,6900,7200,11717,0,52,87.4938667575035,28.956523980014026,7240.810087008867,60794.464197320136
1769616964,50,,Aggregated,58.800000,0.000000,52,55,58,60,77,170,310,620,5400,6900,7200,11774,0,52,87.32316274984507,28.956523980014026,7240.810087008867,60770.39188041447
1769616965,50,,Aggregated,60.800000,0.000000,52,55,58,60,77,170,300,620,5400,6900,7200,11835,0,52,87.13782353938855,28.956523980014026,7240.810087008867,60774.09978876215
1769616966,50,,Aggregated,59.700000,0.000000,52,55,58,60,76,170,300,620,5400,6900,7200,11895,0,52,86.95277228917004,28.956523980014026,7240.810087008867,60734.5166876839
1769616967,50,,Aggregated,59.400000,0.000000,52,55,58,60,76,160,300,610,5400,6900,7200,11948,0,52,86.79016758994811,28.956523980014026,7240.810087008867,60749.858721124874
1769616968,50,,Aggregated,61.400000,0.000000,52,55,58,60,76,160,300,610,5300,6900,7200,12010,0,52,86.62157580939106,28.956523980014026,7240.810087008867,60727.55595337219
1769616969,50,,Aggregated,62.100000,0.000000,52,55,58,60,76,160,300,610,5300,6900,7200,12066,0,52,86.48156386839051,28.956523980014026,7240.810087008867,60729.14851649263
1769616970,50,,Aggregated,61.300000,0.000000,52,55,58,60,76,160,300,610,5300,6900,7200,12130,0,52,86.30349398548397,28.956523980014026,7240.810087008867,60726.23050288541
1769616971,50,,Aggregated,60.300000,0.000000,52,55,58,60,75,160,300,610,5300,6900,7200,12188,0,52,86.13474487224808,28.956523980014026,7240.810087008867,60715.67952084017
1769616972,50,,Aggregated,61.000000,0.000000,52,55,58,60,75,160,290,600,5300,6900,7200,12264,0,52,85.91927853986317,28.956523980014026,7240.810087008867,60703.8838878017
1769616973,50,,Aggregated,60.000000,0.000000,52,55,58,60,75,160,290,600,5300,6900,7200,12328,0,52,85.7314778027997,28.956523980014026,7240.810087008867,60694.23564243998
1769616974,50,,Aggregated,61.800000,0.000000,52,55,58,60,74,160,290,600,5300,6900,7200,12383,0,52,85.57489423596202,28.956523980014026,7240.810087008867,60681.0345635145
1769616975,50,,Aggregated,61.700000,0.000000,52,55,58,60,74,160,290,590,5300,6900,7200,12444,0,52,85.40216159737356,28.956523980014026,7240.810087008867,60678.40139826422
1769616976,50,,Aggregated,63.200000,0.000000,52,55,58,60,73,150,290,580,5300,6900,7200,12507,0,52,85.22936304252389,28.956523980014026,7240.810087008867,60664.74534260814
1769616977,50,,Aggregated,63.400000,0.000000,52,55,58,60,73,150,290,580,5300,6900,7200,12584,0,52,85.01502519649814,28.956523980014026,7240.810087008867,60660.574380165286
1769616978,50,,Aggregated,62.800000,0.000000,52,55,58,60,73,150,290,580,5300,6900,7200,12644,0,52,84.84948539226036,28.956523980014026,7240.810087008867,60653.70832015185
1769616979,50,,Aggregated,64.100000,0.000000,52,55,58,60,73,150,280,570,5300,6900,7200,12716,0,52,84.64725079182544,28.956523980014026,7240.810087008867,60636.071170179304
1769616980,50,,Aggregated,62.100000,0.000000,52,55,57,60,73,150,280,570,5300,6900,7200,12786,0,52,84.4563026777644,28.956523980014026,7240.810087008867,60630.431174722355
1769616981,50,,Aggregated,63.000000,0.000000,52,55,57,60,73,150,280,570,5300,6900,7200,12838,0,52,84.3162481935681,28.956523980014026,7240.810087008867,60618.55507088332
1769616982,50,,Aggregated,61.800000,0.000000,52,55,57,60,72,150,280,570,5300,6900,7200,12901,0,52,84.14127142284536,28.956523980014026,7240.810087008867,60617.47128129602
1769616983,50,,Aggregated,62.500000,0.000000,52,55,57,60,72,150,280,570,5300,6900,7200,12964,0,52,83.97413968744667,28.956523980014026,7240.810087008867,60615.38390928726
1769616984,50,,Aggregated,60.900000,0.000000,52,55,57,60,72,150,280,560,5200,6900,7200,13019,0,52,83.8394928701867,28.956523980014026,7240.810087008867,60607.021891082266
1769616985,50,,Aggregated,61.400000,0.000000,52,55,57,60,72,150,280,560,5200,6900,7200,13081,0,52,83.68255909509419,28.956523980014026,7240.810087008867,60595.59804296307
1769616986,50,,Aggregated,61.600000,0.000000,52,55,57,60,72,150,280,560,5200,6900,7200,13139,0,52,83.54539562835407,28.956523980014026,7240.810087008867,60614.04772052668
1769616987,50,,Aggregated,61.900000,0.000000,52,55,57,60,72,150,270,560,5200,6900,7200,13214,0,52,83.34922413652782,28.956523980014026,7240.810087008867,60612.68465264114
1769616988,50,,Aggregated,63.100000,0.000000,52,55,57,60,72,140,270,560,5200,6900,7200,13286,0,52,83.16658358657902,28.956523980014026,7240.810087008867,60599.830046665666
1769616989,50,,Aggregated,63.000000,0.000000,52,55,57,60,71,140,270,560,5200,6900,7200,13352,0,52,82.99971995801607,28.956523980014026,7240.810087008867,60606.69854703415
1769616990,50,,Aggregated,65.300000,0.000000,52,55,57,59,71,140,270,560,5200,6900,7200,13409,0,52,82.85202612614859,28.956523980014026,7240.810087008867,60599.31501230517
1769616991,50,,Aggregated,65.100000,0.000000,52,55,57,59,71,140,270,560,5200,6900,7200,13478,0,52,82.68999607979605,28.956523980014026,7240.810087008867,60598.959786318446
1769616992,50,,Aggregated,65.100000,0.000000,52,55,57,59,71,140,270,560,5200,6900,7200,13541,0,52,82.5432582185524,28.956523980014026,7240.810087008867,60594.3061073776
1769616993,50,,Aggregated,65.300000,0.000000,52,55,57,59,71,140,270,550,5200,6900,7200,13618,0,52,82.3492510438625,28.956523980014026,7240.810087008867,60595.279923630485
1769616994,50,,Aggregated,65.300000,0.000000,52,55,57,59,71,140,270,550,5200,6900,7200,13674,0,52,82.21524744751765,28.956523980014026,7240.810087008867,60594.0786163522
1769616995,50,,Aggregated,65.400000,0.000000,52,55,57,59,71,140,270,550,5200,6900,7200,13740,0,52,82.04792288554039,28.956523980014026,7240.810087008867,60579.355749636095
1769616996,50,,Aggregated,64.800000,0.000000,52,55,57,59,70,140,260,540,5200,6900,7200,13809,0,52,81.88589992377118,28.956523980014026,7240.810087008867,60577.83800420016
1769616997,50,,Aggregated,63.700000,0.000000,52,55,57,59,70,140,270,540,5200,6900,7200,13868,0,52,81.78281394579194,28.956523980014026,7240.810087008867,60561.038001153735
1769616998,50,,Aggregated,63.800000,0.000000,52,55,57,59,70,140,260,540,5200,6900,7200,13936,0,52,81.62420811813206,28.956523980014026,7240.810087008867,60573.90815154994
1769616999,50,,Aggregated,63.700000,0.000000,52,55,57,59,70,140,260,540,5200,6900,7200,13992,0,52,81.49597555019884,28.956523980014026,7240.810087008867,60571.49499714122
1769617000,50,,Aggregated,61.800000,0.000000,52,55,57,59,70,140,260,530,5100,6900,7200,14050,0,52,81.37820362231489,28.956523980014026,7240.810087008867,60551.17886120996
1769617001,50,,Aggregated,61.800000,0.000000,52,55,57,59,70,140,260,530,5100,6900,7200,14101,0,52,81.25956767149489,28.956523980014026,7240.810087008867,60542.989504290475
1769617002,50,,Aggregated,61.100000,0.000000,52,55,57,59,70,140,260,530,5100,6900,7200,14161,0,52,81.1264538304358,28.956523980014026,7240.810087008867,60557.15472071181
1769617003,50,,Aggregated,60.800000,0.000000,52,55,57,59,70,140,260,530,5100,6900,7200,14231,0,52,80.97046888832928,28.956523980014026,7240.810087008867,60552.28578455484
1769617004,50,,Aggregated,61.700000,0.000000,52,55,57,59,70,140,260,530,5100,6900,7200,14290,0,52,80.83325528110674,28.956523980014026,7240.810087008867,60534.49916025192
1769617005,50,,Aggregated,61.100000,0.000000,52,55,57,59,70,140,260,520,5100,6900,7200,14353,0,52,80.69766512394615,28.956523980014026,7240.810087008867,60542.99393854943
1769617006,50,,Aggregated,62.300000,0.000000,52,55,57,59,69,140,250,520,5100,6900,7200,14412,0,52,80.58274622807613,28.956523980014026,7240.810087008867,60534.324590618926
1769617007,50,,Aggregated,63.600000,0.000000,52,55,57,59,69,130,250,520,5100,6900,7200,14473,0,52,80.45933879175064,28.956523980014026,7240.810087008867,60535.1250604574
1769617008,50,,Aggregated,62.600000,0.000000,52,55,57,59,69,130,250,520,5100,6900,7200,14538,0,52,80.33043055998031,28.956523980014026,7240.810087008867,60533.950612188746
1769617009,50,,Aggregated,62.000000,0.000000,52,55,57,59,69,130,250,520,5100,6900,7200,14606,0,52,80.19593871245635,28.956523980014026,7240.810087008867,60527.8314391346
1769617010,50,,Aggregated,62.300000,0.000000,52,55,57,59,69,130,250,520,5100,6900,7200,14677,0,52,80.05667579076594,28.956523980014026,7240.810087008867,60509.23145056892
1769617011,50,,Aggregated,61.100000,0.000000,52,55,57,59,69,130,250,520,5100,6900,7200,14729,0,52,79.95466616383646,28.956523980014026,7240.810087008867,60512.298187249646
1769617012,50,,Aggregated,62.900000,0.000000,52,55,57,59,69,130,250,520,5100,6900,7200,14810,0,52,79.80370126164273,28.956523980014026,7240.810087008867,60507.511546252535
1769617013,50,,Aggregated,61.400000,0.000000,52,55,57,59,69,130,250,520,5100,6900,7200,14864,0,52,79.70499450888201,28.956523980014026,7240.810087008867,60505.754440258344
1769617014,50,,Aggregated,62.500000,0.000000,52,55,57,59,69,130,250,510,5100,6900,7200,14938,0,52,79.5649370710223,28.956523980014026,7240.810087008867,60501.771455348775
1769617015,50,,Aggregated,62.300000,0.000000,52,55,57,59,69,130,250,510,5100,6900,7200,14986,0,52,79.47576575429954,28.956523980014026,7240.810087008867,60492.035699986656
1769617016,50,,Aggregated,61.500000,0.000000,52,55,57,59,69,130,250,510,5000,6900,7200,15056,0,52,79.34716217799378,28.956523980014026,7240.810087008867,60493.23777895855
1769617017,50,,Aggregated,62.000000,0.000000,52,55,57,59,69,130,250,510,5000,6900,7200,15115,0,52,79.2509065083631,28.956523980014026,7240.810087008867,60484.54098577572
1769617018,50,,Aggregated,61.600000,0.000000,52,55,57,59,69,130,250,510,5000,6900,7200,15178,0,52,79.1376678662415,28.956523980014026,7240.810087008867,60479.049018315985
1769617019,50,,Aggregated,61.600000,0.000000,52,55,57,59,69,130,250,500,5000,6900,7200,15242,0,52,79.01859287493771,28.956523980014026,7240.810087008867,60483.40631150768
1769617020,50,,Aggregated,62.100000,0.000000,52,54,57,59,69,130,250,500,5000,6900,7200,15292,0,52,78.92717351162635,28.956523980014026,7240.810087008867,60471.87241695004
1769617021,50,,Aggregated,62.500000,0.000000,52,54,57,59,69,130,240,500,5000,6900,7200,15366,0,52,78.79202446588201,28.956523980014026,7240.810087008867,60491.28842899909
1769617022,50,,Aggregated,62.600000,0.000000,52,54,57,59,69,130,240,500,5000,6900,7200,15424,0,52,78.71482135877166,28.956523980014026,7240.810087008867,60486.34977956431
1769617023,50,,Aggregated,63.700000,0.000000,51,54,57,59,69,130,240,500,5000,6900,7200,15488,0,51,78.60433743244658,28.956523980014026,7240.810087008867,60479.98728047521
1769617024,50,,Aggregated,63.400000,0.000000,51,54,57,59,69,130,240,500,5000,6900,7200,15538,0,51,78.51048254549981,28.956523980014026,7240.810087008867,60514.44510232977
1769617025,50,,Aggregated,62.800000,0.000000,51,54,57,59,68,130,240,490,5000,6900,7200,15603,0,51,78.40429443818726,28.956523980014026,7240.810087008867,60517.81644555534
1769617026,50,,Aggregated,62.500000,0.000000,51,54,57,59,68,130,240,500,5000,6900,7200,15666,0,51,78.37639410736597,28.956523980014026,7240.810087008867,60519.82139665518
1769617027,50,,Aggregated,60.700000,0.000000,51,54,57,59,68,130,240,490,5000,6900,7200,15725,0,51,78.27064674581766,28.956523980014026,7240.810087008867,60544.75618441971
1769617028,50,,Aggregated,61.100000,0.000000,51,54,57,59,68,130,240,490,5000,6900,7200,15780,0,51,78.22511225836767,28.956523980014026,7240.810087008867,60560.06089987326
1769617029,50,,Aggregated,61.600000,0.000000,51,54,57,59,68,130,240,490,5000,6900,7200,15836,0,51,78.16807322234062,28.956523980014026,7240.810087008867,60568.187357918665
1769617030,50,,Aggregated,60.500000,0.000000,51,54,57,59,68,130,240,490,5000,6900,7200,15893,0,51,78.14750050349579,28.956523980014026,7240.810087008867,60598.10834958787
1769617031,50,,Aggregated,59.900000,0.000000,51,54,57,59,68,130,240,490,5000,6900,7200,15951,0,51,78.11508130562754,28.956523980014026,7240.810087008867,60627.95310638831
1769617032,50,,Aggregated,58.000000,0.000000,51,54,57,59,68,130,250,490,5000,6900,7200,15994,0,51,78.16301694185505,28.956523980014026,7240.810087008867,60659.16918844567
1769617033,50,,Aggregated,58.300000,0.000000,51,54,57,59,69,130,250,490,4900,6900,7200,16047,0,51,78.21299412120756,28.956523980014026,7240.810087008867,60676.979871627096
1769617034,50,,Aggregated,56.800000,0.000000,51,54,57,59,69,130,250,500,4900,6900,7200,16106,0,51,78.35693393127457,28.956523980014026,7240.810087008867,60699.22587855458
1769617035,50,,Aggregated,55.500000,0.000000,51,54,57,59,69,130,250,500,4900,6900,7200,16150,0,51,78.42321145432048,28.956523980014026,7240.810087008867,60728.965634674925
1769617036,50,,Aggregated,54.900000,0.000000,51,54,57,59,69,130,250,500,4900,6900,7200,16190,0,51,78.44607192287407,28.956523980014026,7240.810087008867,60766.084064237184
1769617037,50,,Aggregated,55.400000,0.000000,51,54,57,59,69,140,250,500,4900,6900,7200,16240,0,51,78.5412375224283,28.956523980014026,7240.810087008867,60795.244150246304
1769617038,50,,Aggregated,53.300000,0.000000,51,54,57,59,69,140,250,500,4900,6900,7200,16282,0,51,78.68596857715184,28.956523980014026,7240.810087008867,60825.53998280309
1769617039,50,,Aggregated,51.400000,0.000000,51,54,57,59,69,140,260,500,4900,6900,7200,16326,0,51,78.83288047618382,28.956523980014026,7240.810087008867,60851.398260443464
1769617040,50,,Aggregated,51.700000,0.000000,51,55,57,59,70,140,260,510,4900,6900,7200,16365,0,51,78.90987599977541,28.956523980014026,7240.810087008867,60882.77818515124
1769617041,50,,Aggregated,49.500000,0.000000,51,55,57,59,70,140,260,510,4900,6900,7200,16411,0,51,78.98075407881518,28.956523980014026,7240.810087008867,60930.32374626775
1769617042,50,,Aggregated,49.000000,0.000000,51,55,57,59,70,140,260,520,4900,6900,7200,16459,0,51,79.193434662758,28.956523980014026,7240.810087008867,60941.97654778541
1769617044,50,,Aggregated,47.500000,0.000000,51,55,57,59,70,140,260,520,4900,6900,7200,16510,0,51,79.3057185737314,28.956523980014026,7240.810087008867,60957.521138703814
1769617045,50,,Aggregated,45.800000,0.000000,51,55,57,59,70,140,260,520,4900,6900,7200,16568,0,51,79.29544833228415,28.956523980014026,7240.810087008867,60995.54170690488
1769617046,50,,Aggregated,45.900000,0.000000,51,55,57,59,71,150,270,520,4900,6900,7200,16604,0,51,79.3322191936415,28.956523980014026,7240.810087008867,61012.17056131053
1769617047,50,,Aggregated,45.700000,0.000000,51,55,57,59,71,150,270,520,4900,6900,7200,16672,0,51,79.56135052250784,28.956523980014026,7240.810087008867,60988.954534548946
1769617048,50,,Aggregated,45.200000,0.000000,51,55,57,59,72,150,270,520,4900,6900,7200,16727,0,51,79.5689659890133,28.956523980014026,7240.810087008867,61000.80468703294
1769617049,50,,Aggregated,46.800000,0.000000,52,55,57,59,72,150,270,510,4900,6900,7200,16801,0,52,79.61123038238172,28.956523980014026,7240.810087008867,60996.47610261294
1769617050,50,,Aggregated,46.600000,0.000000,52,55,57,59,72,150,270,510,4900,6900,7200,16867,0,52,79.65405483828194,28.956523980014026,7240.810087008867,60981.20341495227
1769617051,50,,Aggregated,50.900000,0.000000,52,55,57,60,73,150,270,510,4900,6900,7200,16933,0,52,79.6577624887084,28.956523980014026,7240.810087008867,60972.24455205811
1769617052,50,,Aggregated,49.500000,0.000000,52,55,57,60,73,150,270,510,4900,6900,7200,16988,0,52,79.60944850854352,28.226267982972786,7240.810087008867,60954.49028726159
1769617053,50,,Aggregated,52.400000,0.000000,52,55,57,60,73,150,270,510,4900,6900,7200,17030,0,51,79.53623406366113,28.226267982972786,7240.810087008867,60969.180916030535
1769617054,50,,Aggregated,53.900000,0.000000,52,55,57,60,73,150,260,510,4900,6900,7200,17115,0,52,79.51146774446129,28.226267982972786,7240.810087008867,60940.977972538705
1769617055,50,,Aggregated,56.400000,0.000000,52,55,57,60,73,150,260,510,4900,6900,7200,17162,0,52,79.44693435039149,28.226267982972786,7240.810087008867,60938.52103484442
1769617056,50,,Aggregated,57.700000,0.000000,52,55,57,60,73,150,260,500,4900,6900,7200,17222,0,52,79.34848139944062,28.226267982972786,7240.810087008867,60916.79119730577
1769617057,50,,Aggregated,57.600000,0.000000,52,55,57,60,73,150,260,500,4900,6900,7200,17285,0,52,79.25571713915386,28.226267982972786,7240.810087008867,60919.1284350593
1769617058,50,,Aggregated,59.600000,0.000000,52,55,57,60,73,150,260,500,4900,6900,7200,17350,0,52,79.16583031044384,28.226267982972786,7240.810087008867,60914.47481268011
1769617059,50,,Aggregated,59.600000,0.000000,51,55,57,59,73,150,260,500,4900,6900,7200,17417,0,51,79.05425169455877,28.226267982972786,7240.810087008867,60901.88413618878
1769617060,50,,Aggregated,60.900000,0.000000,51,55,57,59,72,150,260,500,4900,6900,7200,17477,0,51,78.95778268107829,28.226267982972786,7240.810087008867,60893.60885735538
1769617061,50,,Aggregated,60.300000,0.000000,51,55,57,59,72,150,260,500,4900,6900,7200,17539,0,51,78.86589717128653,28.226267982972786,7240.810087008867,60878.44728889903
1769617062,50,,Aggregated,62.800000,0.000000,51,55,57,59,72,150,260,500,4900,6900,7200,17601,0,51,78.77209163384124,28.226267982972786,7240.810087008867,60877.00517016079
1769617063,50,,Aggregated,61.300000,0.000000,51,55,57,59,72,150,260,500,4900,6900,7200,17671,0,51,78.66223872146679,28.226267982972786,7240.810087008867,60870.43110180522
1769617064,50,,Aggregated,60.400000,0.000000,51,55,57,59,72,150,260,500,4900,6900,7200,17729,0,51,78.56560833171392,28.226267982972786,7240.810087008867,60862.006148118904
1769617065,50,,Aggregated,59.900000,0.000000,51,55,57,59,72,150,260,500,4900,6900,7200,17798,0,51,78.45370731604072,28.226267982972786,7240.810087008867,60858.5317451399
1769617066,50,,Aggregated,61.300000,0.000000,51,55,57,59,72,150,260,500,4900,6900,7200,17866,0,51,78.342583869298,28.226267982972786,7240.810087008867,60843.42303817307
1769617067,50,,Aggregated,62.200000,0.000000,51,55,57,59,72,150,260,500,4900,6900,7200,17925,0,51,78.25599938046221,28.226267982972786,7240.810087008867,60840.842064156204
1769617068,50,,Aggregated,62.500000,0.000000,51,55,57,59,72,150,260,500,4900,6900,7200,17985,0,51,78.16031057218842,28.226267982972786,7240.810087008867,60829.04086738949
1769617069,50,,Aggregated,63.300000,0.000000,51,55,57,59,71,140,250,490,4900,6900,7200,18045,0,51,78.06857891891447,28.226267982972786,7240.810087008867,60829.92557495151
1769617070,50,,Aggregated,61.600000,0.000000,51,54,57,59,71,140,250,490,4900,6900,7200,18105,0,51,77.97006397971913,28.226267982972786,7240.810087008867,60823.3712786523
1769617071,50,,Aggregated,62.400000,0.000000,51,54,57,59,71,140,250,490,4900,6900,7200,18160,0,51,77.88431514326344,28.226267982972786,7240.810087008867,60816.36646475771
1769617072,50,,Aggregated,62.400000,0.000000,51,54,57,59,71,140,250,490,4900,6900,7200,18221,0,51,77.78710509032119,28.226267982972786,7240.810087008867,60813.90543877943
1769617073,50,,Aggregated,61.600000,0.000000,51,54,57,59,71,140,250,490,4900,6900,7200,18287,0,51,77.68837141601811,28.226267982972786,7240.810087008867,60808.56203860666
1769617074,50,,Aggregated,63.300000,0.000000,51,54,57,59,71,140,250,490,4900,6900,7200,18339,0,51,77.6149242893689,28.226267982972786,7240.810087008867,60797.55668247996
1769617075,50,,Aggregated,62.900000,0.000000,51,54,57,59,71,140,250,490,4900,6900,7200,18417,0,51,77.49894065589856,28.226267982972786,7240.810087008867,60800.16490199272
1769617076,50,,Aggregated,61.400000,0.000000,51,54,57,59,71,140,250,490,4900,6900,7200,18473,0,51,77.40835814110511,28.226267982972786,7240.810087008867,60796.42765116657
1769617077,50,,Aggregated,61.400000,0.000000,51,54,57,59,71,140,250,490,4900,6900,7200,18543,0,51,77.30265316192647,28.226267982972786,7240.810087008867,60791.77765194413
1769617078,50,,Aggregated,62.200000,0.000000,51,54,57,59,70,140,250,490,4900,6900,7200,18604,0,51,77.21106254894812,28.226267982972786,7240.810087008867,60786.577133949686
1769617079,50,,Aggregated,60.100000,0.000000,51,54,57,59,70,140,250,490,4900,6900,7200,18662,0,51,77.12156826228046,28.097801987314597,7240.810087008867,60783.11944057443
1769617080,50,,Aggregated,62.300000,0.000000,51,54,57,59,70,140,250,490,4900,6900,7200,18722,0,51,77.03494771447582,28.097801987314597,7240.810087008867,60787.886657408395
1769617081,50,,Aggregated,60.000000,0.000000,51,54,57,59,70,140,250,490,4900,6900,7200,18791,0,51,76.93199345539712,28.097801987314597,7240.810087008867,60779.45654834761
1769617082,50,,Aggregated,60.200000,0.000000,51,54,57,59,70,140,250,490,4900,6900,7200,18861,0,51,76.83691910112543,28.097801987314597,7240.810087008867,60777.7391972854
1769617083,50,,Aggregated,61.100000,0.000000,51,54,57,59,70,140,250,490,4900,6900,7200,18922,0,51,76.74725253489238,28.097801987314597,7240.810087008867,60771.52082232322
1769617084,50,,Aggregated,61.400000,0.000000,51,54,57,59,70,140,250,490,4900,6900,7200,18992,0,51,76.65033562990797,28.097801987314597,7240.810087008867,60769.786331086776
1769617085,50,,Aggregated,62.100000,0.000000,51,54,57,59,70,140,250,490,4400,6900,7200,19053,0,51,76.56372564846119,28.097801987314597,7240.810087008867,60764.01390857083
1769617086,50,,Aggregated,61.700000,0.000000,51,54,57,59,70,140,250,490,4400,6900,7200,19110,0,51,76.48319609377837,28.097801987314597,7240.810087008867,60763.699895342754
1769617087,50,,Aggregated,62.700000,0.000000,51,54,57,59,70,140,250,490,4400,6900,7200,19181,0,51,76.38588539831682,28.097801987314597,7240.810087008867,60758.410197591365
1769617088,50,,Aggregated,62.100000,0.000000,51,54,57,59,70,140,250,490,4400,6900,7200,19234,0,51,76.31809872970847,28.097801987314597,7240.810087008867,60763.41582614121
1769617089,50,,Aggregated,63.900000,0.000000,51,54,57,59,70,140,250,490,4400,6900,7200,19298,0,51,76.23042219080841,28.097801987314597,7240.810087008867,60754.00399005078
1769617090,50,,Aggregated,63.800000,0.000000,51,54,57,59,70,140,250,490,4400,6900,7200,19350,0,51,76.16486727334656,28.097801987314597,7240.810087008867,60758.18408268734
1769617091,50,,Aggregated,64.400000,0.000000,51,54,57,59,69,140,250,480,4400,6900,7200,19414,0,51,76.07877174498522,28.097801987314597,7240.810087008867,60741.97919027506
1769617092,50,,Aggregated,64.000000,0.000000,51,54,57,59,69,140,240,480,4400,6900,7200,19483,0,51,75.98701700534373,28.097801987314597,7240.810087008867,60747.7725709593
1769617093,50,,Aggregated,63.100000,0.000000,51,54,57,59,69,140,240,480,4400,6900,7200,19538,0,51,75.91802221558389,28.097801987314597,7240.810087008867,60742.82531477122
1769617094,50,,Aggregated,62.700000,0.000000,51,54,57,59,69,140,240,480,4400,6900,7200,19600,0,51,75.83175184688655,28.097801987314597,7240.810087008867,60745.79244897959
1769617095,50,,Aggregated,62.300000,0.000000,51,54,57,59,69,130,240,480,4400,6900,7200,19677,0,51,75.7255972973506,28.097801987314597,7240.810087008867,60736.06225542512
1769617096,50,,Aggregated,62.000000,0.000000,51,54,57,59,69,130,240,480,4400,6900,7200,19736,0,51,75.64883950791169,28.097801987314597,7240.810087008867,60730.18514389947
1769617097,50,,Aggregated,60.700000,0.000000,51,54,57,59,69,130,240,480,4400,6900,7200,19808,0,51,75.5623553272522,28.097801987314597,7240.810087008867,60724.4137217286
1769617098,50,,Aggregated,61.600000,0.000000,51,54,57,59,69,130,240,480,4400,6900,7200,19861,0,51,75.49201471603995,28.097801987314597,7240.810087008867,60724.43477166306
1769617099,50,,Aggregated,61.300000,0.000000,51,54,57,59,69,130,240,480,4400,6900,7200,19928,0,51,75.41226640110713,28.097801987314597,7240.810087008867,60717.872541148135
1769617100,50,,Aggregated,61.000000,0.000000,51,54,57,59,69,130,240,480,4400,6900,7200,19996,0,51,75.33208900416443,28.097801987314597,7240.810087008867,60714.52315463093
1769617101,50,,Aggregated,60.400000,0.000000,51,54,57,59,69,130,240,480,4300,6600,7200,20061,0,51,75.25052666268424,28.097801987314597,7240.810087008867,60713.24156323214
1769617102,50,,Aggregated,61.900000,0.000000,51,54,57,59,69,130,240,480,4300,6600,7200,20133,0,51,75.16029231411589,28.097801987314597,7240.810087008867,60702.4208016689
1769617103,50,,Aggregated,62.800000,0.000000,51,54,57,59,69,130,240,480,4300,6600,7200,20192,0,51,75.09307947104026,28.097801987314597,7240.810087008867,60702.72588153724
1769617104,50,,Aggregated,63.400000,0.000000,51,54,57,59,69,130,240,480,4300,6600,7200,20258,0,51,75.00905605328998,28.097801987314597,7240.810087008867,60703.68807384737
1769617105,50,,Aggregated,63.900000,0.000000,51,54,57,59,69,130,240,480,4300,6600,7200,20314,0,51,74.93940777309123,28.097801987314597,7240.810087008867,60695.005021167664
1769617106,50,,Aggregated,64.900000,0.000000,51,54,57,59,68,130,240,480,4300,6600,7200,20377,0,51,74.86986705445376,28.097801987314597,7240.810087008867,60695.10040732198
1769617107,50,,Aggregated,64.800000,0.000000,51,54,57,59,68,130,240,470,4300,6600,7200,20433,0,51,74.80708951836071,28.097801987314597,7240.810087008867,60685.86976949053
1769617108,50,,Aggregated,64.000000,0.000000,51,54,57,59,68,130,240,470,4300,6600,7200,20494,0,51,74.73487042259617,28.097801987314597,7240.810087008867,60687.75846589245
1769617109,50,,Aggregated,63.400000,0.000000,51,54,57,59,68,130,240,470,4300,6600,7200,20563,0,51,74.66274406802259,28.097801987314597,7240.810087008867,60680.0177989593
1769617110,50,,Aggregated,62.900000,0.000000,51,54,57,59,68,130,240,470,4300,6600,7200,20616,0,51,74.60113104907546,28.097801987314597,7240.810087008867,60685.87519402406
1769617111,50,,Aggregated,63.600000,0.000000,51,54,57,59,68,130,240,470,4300,6600,7200,20684,0,51,74.52098860286877,28.097801987314597,7240.810087008867,60687.23317540128
1769617112,50,,Aggregated,63.100000,0.000000,51,54,57,59,68,130,240,470,4300,6600,7200,20751,0,51,74.45084376491079,28.097801987314597,7240.810087008867,60683.13695725507
1769617113,50,,Aggregated,62.000000,0.000000,51,54,57,59,68,130,240,470,4300,6600,7200,20819,0,51,74.37355325652653,28.097801987314597,7240.810087008867,60682.01926125174
1769617114,50,,Aggregated,61.600000,0.000000,51,54,57,59,68,130,240,470,4300,6600,7200,20881,0,51,74.34143892053511,28.097801987314597,7240.810087008867,60691.3597528854
1769617115,50,,Aggregated,61.500000,0.000000,51,54,57,59,68,130,240,470,4300,6600,7200,20940,0,51,74.27894042095114,28.097801987314597,7240.810087008867,60696.21910219675
1769617116,50,,Aggregated,62.200000,0.000000,51,54,57,59,68,130,240,470,4300,6600,7200,21004,0,51,74.21952752740644,28.097801987314597,7240.810087008867,60709.957627118645
1769617118,50,,Aggregated,61.700000,0.000000,51,54,57,59,68,130,240,470,4300,6600,7200,21066,0,51,74.17036461126747,28.097801987314597,7240.810087008867,60706.952625083075
1769617119,50,,Aggregated,61.700000,0.000000,51,54,57,59,68,130,240,470,4300,6600,7200,21129,0,51,74.15792352259737,28.097801987314597,7240.810087008867,60714.22234843107
1769617120,50,,Aggregated,62.100000,0.000000,51,54,57,59,68,130,240,470,4300,6600,7200,21191,0,51,74.12309191671096,28.097801987314597,7240.810087008867,60730.94639233637
1769617121,50,,Aggregated,62.500000,0.000000,51,54,57,59,68,130,240,470,4300,6600,7200,21243,0,51,74.10075811703251,28.097801987314597,7240.810087008867,60737.67754083698
1769617122,50,,Aggregated,62.000000,0.000000,51,54,57,59,68,130,240,470,4300,6600,7200,21296,0,51,74.07071640599922,28.097801987314597,7240.810087008867,60756.87673741548
1769617123,50,,Aggregated,62.000000,0.000000,51,54,57,59,68,130,240,470,4300,6600,7200,21355,0,51,74.09887900553508,28.097801987314597,7240.810087008867,60758.424584406464
1769617124,50,,Aggregated,61.000000,0.000000,51,54,57,59,68,130,240,470,4300,6600,7200,21412,0,51,74.11288322600552,28.097801987314597,7240.810087008867,60790.202409863625
1769617125,50,,Aggregated,59.900000,0.000000,51,54,57,59,68,130,240,470,4300,6600,7200,21460,0,51,74.12303390201716,28.097801987314597,7240.810087008867,60809.53247903076
1769617126,50,,Aggregated,58.400000,0.000000,51,54,57,59,68,130,240,470,4300,6600,7200,21515,0,51,74.18792086346669,28.097801987314597,7240.810087008867,60825.85103416221
1769617127,50,,Aggregated,57.500000,0.000000,51,54,57,59,68,130,240,480,4300,6600,7200,21562,0,51,74.26767630175736,28.097801987314597,7240.810087008867,60832.716213709304
1769617128,50,,Aggregated,56.800000,0.000000,51,54,57,59,68,130,240,480,4300,6600,7200,21603,0,51,74.30073737261407,28.097801987314597,7240.810087008867,60847.554969217235
1769617129,50,,Aggregated,55.100000,0.000000,51,54,57,59,68,130,240,480,4300,6600,7200,21650,0,51,74.30572167070105,28.097801987314597,7240.810087008867,60878.97140877598
1769617130,50,,Aggregated,53.300000,0.000000,51,54,57,59,69,130,240,480,4300,6600,7200,21698,0,51,74.3892364148716,28.097801987314597,7240.810087008867,60907.17273481427
1769617131,50,,Aggregated,51.600000,0.000000,51,54,57,59,69,130,240,480,4300,6600,7200,21759,0,51,74.39375297807379,28.097801987314597,7240.810087008867,60936.43085619743
1769617132,50,,Aggregated,50.300000,0.000000,51,54,57,59,69,130,240,480,4300,6600,7200,21801,0,51,74.51579425879245,28.097801987314597,7240.810087008867,60939.98059722031
1769617133,50,,Aggregated,51.100000,0.000000,51,54,57,59,69,140,240,480,4300,6600,7200,21857,0,51,74.67562737891677,28.097801987314597,7240.810087008867,60943.572539689805
1769617134,50,,Aggregated,50.100000,0.000000,51,54,57,59,69,140,240,480,4300,6600,7200,21912,0,51,74.74891418601815,28.097801987314597,7240.810087008867,60954.24986308872
1769617135,50,,Aggregated,49.600000,0.000000,51,54,57,59,69,140,240,480,4300,6600,7200,21963,0,51,74.78898897650186,28.097801987314597,7240.810087008867,60972.2170013204
1769617136,50,,Aggregated,49.300000,0.000000,51,54,57,59,70,140,240,480,4300,6600,7200,22020,0,51,74.83810338006226,28.097801987314597,7240.810087008867,60983.55236148956
1769617137,50,,Aggregated,49.500000,0.000000,51,54,57,59,70,140,250,480,4300,6600,7200,22059,0,51,74.88973016138279,28.097801987314597,7240.810087008867,60990.774060474185
1769617138,50,,Aggregated,49.400000,0.000000,51,54,57,59,70,140,250,480,4300,6600,7200,22105,0,51,74.93038781035872,28.097801987314597,7240.810087008867,60997.75883284325
1769617139,50,,Aggregated,47.400000,0.000000,51,54,57,59,70,140,250,480,4300,6600,7200,22151,0,51,75.02095009389963,28.097801987314597,7240.810087008867,61010.53008893504
1769617140,50,,Aggregated,49.500000,0.000000,51,54,57,59,70,140,250,480,4300,6600,7200,22206,0,51,75.04130716090555,28.097801987314597,7240.810087008867,61019.59461406827
1769617141,50,,Aggregated,49.300000,0.000000,51,54,57,59,70,140,250,480,4300,6600,7200,22268,0,51,75.0725904250951,28.097801987314597,7240.810087008867,61024.51100233519
1769617142,50,,Aggregated,50.500000,0.000000,51,54,57,59,70,140,250,480,4300,6600,7200,22327,0,51,75.10105757195336,28.097801987314597,7240.810087008867,61015.645406906435
1769617143,50,,Aggregated,50.500000,0.000000,51,54,57,59,71,140,250,480,4300,6600,7200,22394,0,51,75.10043096816109,28.097801987314597,7240.810087008867,61024.322005894435
1769617144,50,,Aggregated,50.300000,0.000000,51,54,57,59,71,140,250,480,4300,6600,7200,22451,0,51,75.113633104045,28.097801987314597,7240.810087008867,61020.936483898266
1769617145,50,,Aggregated,50.900000,0.000000,51,54,57,59,71,140,250,480,4300,6600,7200,22506,0,51,75.06433494352636,28.097801987314597,7240.810087008867,61007.03514618324
1769617146,50,,Aggregated,52.000000,0.000000,51,54,57,59,71,140,250,480,4300,6600,7200,22562,0,51,75.06583404060135,28.097801987314597,7240.810087008867,60996.39185355908
1769617147,50,,Aggregated,53.200000,0.000000,51,54,57,59,71,150,250,480,4300,6600,7200,22620,0,51,75.06489361772776,28.097801987314597,7240.810087008867,61007.00977011494
1769617148,50,,Aggregated,52.800000,0.000000,51,54,57,59,71,150,250,480,4300,6600,7200,22692,0,51,75.02876270492142,28.097801987314597,7240.810087008867,60988.756522122334
1769617149,50,,Aggregated,57.800000,0.000000,51,54,57,59,71,150,250,480,4300,6600,7200,22758,0,51,74.98205128452263,28.097801987314597,7240.810087008867,60987.94687582389
1769617150,50,,Aggregated,57.500000,0.000000,51,54,57,59,71,150,250,480,4300,6600,7200,22814,0,51,74.94330052424596,28.097801987314597,7240.810087008867,60983.22937669852
1769617151,50,,Aggregated,59.200000,0.000000,51,54,57,59,71,150,250,480,4300,6600,7200,22883,0,51,74.87492565537424,28.097801987314597,7240.810087008867,60973.61622164926
1769617152,50,,Aggregated,59.200000,0.000000,51,54,57,59,71,140,250,480,4300,6600,7200,22942,0,51,74.81127725036363,28.097801987314597,7240.810087008867,60969.883881091446
1769617153,50,,Aggregated,58.700000,0.000000,51,54,57,59,71,140,250,480,4300,6600,7200,22997,0,51,74.77048515866817,28.097801987314597,7240.810087008867,60966.52206809584
1769617154,50,,Aggregated,60.700000,0.000000,51,54,57,59,71,140,250,480,4300,6600,7200,23061,0,51,74.7152473627287,28.097801987314597,7240.810087008867,60960.14734833702
1769617155,50,,Aggregated,60.800000,0.000000,51,54,57,59,71,140,240,480,4300,6600,7200,23119,0,51,74.6540181678584,28.097801987314597,7240.810087008867,60954.85578961028
1769617156,50,,Aggregated,60.800000,0.000000,51,54,57,59,71,140,240,480,4300,6600,7200,23189,0,51,74.59602175435192,28.097801987314597,7240.810087008867,60943.46008883522
1769617157,50,,Aggregated,60.000000,0.000000,51,54,57,59,70,140,240,480,4300,6600,7200,23251,0,51,74.52861610441484,28.097801987314597,7240.810087008867,60942.3555545998
1769617158,50,,Aggregated,61.200000,0.000000,51,54,57,59,70,140,240,480,4300,6600,7200,23304,0,51,74.47426071253243,28.097801987314597,7240.810087008867,60940.62830415379
1769617159,50,,Aggregated,60.600000,0.000000,51,54,57,59,70,140,240,480,4300,6600,7200,23365,0,51,74.40945767275392,28.097801987314597,7240.810087008867,60928.13194949711
1769617160,50,,Aggregated,60.500000,0.000000,51,54,57,59,70,140,240,480,4300,6600,7200,23436,0,51,74.33620893172578,28.097801987314597,7240.810087008867,60925.11729817375
1769617161,50,,Aggregated,59.900000,0.000000,51,54,57,59,70,140,240,480,4300,6600,7200,23500,0,51,74.26910774897725,28.097801987314597,7240.810087008867,60919.53868085107
1769617162,50,,Aggregated,61.300000,0.000000,51,54,57,59,70,140,240,480,4300,6600,7200,23555,0,51,74.20578492578808,28.097801987314597,7240.810087008867,60917.939248567185
1769617163,50,,Aggregated,61.600000,0.000000,51,54,57,59,70,140,240,480,4300,6600,7200,23625,0,51,74.13257614065272,28.097801987314597,7240.810087008867,60908.86234920635
1769617164,50,,Aggregated,61.300000,0.000000,51,54,57,59,70,140,240,480,4300,6600,7200,23693,0,51,74.06071148414479,28.097801987314597,7240.810087008867,60909.61258599586
1769617165,50,,Aggregated,61.600000,0.000000,51,54,57,59,70,140,240,470,4300,6600,7200,23754,0,51,73.99619295327555,28.097801987314597,7240.810087008867,60907.56975667256
1769617166,50,,Aggregated,63.300000,0.000000,51,54,57,59,70,140,240,470,4300,6600,7200,23825,0,51,73.92112428470855,28.097801987314597,7240.810087008867,60901.15257082896
1769617167,50,,Aggregated,63.700000,0.000000,51,54,57,59,70,140,240,470,4300,6600,7200,23875,0,51,73.88626200507434,28.097801987314597,7240.810087008867,60898.55547643979
1769617168,50,,Aggregated,64.200000,0.000000,51,54,57,59,70,140,240,470,4300,6600,7200,23946,0,51,73.83469529780794,28.097801987314597,7240.810087008867,60897.11981124196
1769617169,50,,Aggregated,63.500000,0.000000,51,54,57,59,70,140,240,470,4300,6600,7200,23994,0,51,73.78571729938172,28.097801987314597,7240.810087008867,60894.93139951654
1769617170,50,,Aggregated,62.800000,0.000000,51,54,57,59,69,140,240,470,4300,6600,7200,24069,0,51,73.70391513894945,28.097801987314597,7240.810087008867,60888.342182890854
1769617171,50,,Aggregated,62.900000,0.000000,51,54,57,59,69,140,240,470,4300,6600,7200,24125,0,51,73.64835590906827,28.097801987314597,7240.810087008867,60880.45856994818
1769617172,50,,Aggregated,61.700000,0.000000,51,54,57,59,69,140,240,470,4300,6600,7200,24190,0,51,73.57625081861632,28.097801987314597,7240.810087008867,60879.86668044647
1769617173,50,,Aggregated,62.000000,0.000000,51,54,57,59,69,140,240,470,4300,6600,7200,24259,0,51,73.50603971178633,28.097801987314597,7240.810087008867,60874.780081619196
1769617174,50,,Aggregated,62.200000,0.000000,51,54,57,59,69,140,240,470,4300,6600,7200,24321,0,51,73.43977551076172,27.766307001002133,7240.810087008867,60877.79248386168
1769617175,50,,Aggregated,62.600000,0.000000,51,54,57,59,69,140,240,470,4300,6600,7200,24374,0,51,73.38238776783426,27.766307001002133,7240.810087008867,60877.74046114712
1769617176,50,,Aggregated,62.000000,0.000000,51,54,57,59,69,140,240,470,4300,6600,7200,24437,0,51,73.31480436322549,27.766307001002133,7240.810087008867,60871.595203993944
1769617177,50,,Aggregated,61.100000,0.000000,51,54,56,59,69,140,240,470,4300,6600,7200,24499,0,51,73.2547335212953,27.766307001002133,7240.810087008867,60869.89909792237
1769617178,50,,Aggregated,60.400000,0.000000,51,54,56,59,69,140,240,470,4300,6600,7200,24558,0,51,73.19567322938403,27.766307001002133,7240.810087008867,60864.48069875397
1769617179,50,,Aggregated,60.200000,0.000000,51,54,56,58,69,140,240,470,4300,6600,7200,24616,0,51,73.13686729282118,27.766307001002133,7240.810087008867,60861.091972700684
1769617180,50,,Aggregated,60.400000,0.000000,51,54,56,58,69,140,240,470,4300,6600,7200,24684,0,51,73.07241848955151,27.766307001002133,7240.810087008867,60864.939110354884
1769617181,50,,Aggregated,61.100000,0.000000,51,54,56,58,69,140,240,470,4300,6600,7200,24754,0,51,72.9982739198165,27.766307001002133,7240.810087008867,60861.365637876705
1769617182,50,,Aggregated,60.800000,0.000000,51,54,56,58,69,140,240,460,4300,6600,7200,24819,0,51,72.93009395697183,27.766307001002133,7240.810087008867,60846.22869575728
1769617183,50,,Aggregated,62.000000,0.000000,51,54,56,58,69,140,240,460,4300,6600,7200,24880,0,51,72.87383007765641,27.766307001002133,7240.810087008867,60850.568649517685
1769617184,50,,Aggregated,62.100000,0.000000,51,54,56,58,69,140,240,460,4300,6600,7200,24938,0,51,72.81598406865571,27.766307001002133,7240.810087008867,60847.660558184296
1769617185,50,,Aggregated,61.900000,0.000000,51,54,56,58,69,140,240,460,4300,6600,7200,24997,0,51,72.7599876492073,27.766307001002133,7240.810087008867,60847.27275273033
1769617186,50,,Aggregated,61.000000,0.000000,51,54,56,58,68,140,240,460,4100,6600,7200,25066,0,51,72.69628008207366,27.766307001002133,7240.810087008867,60846.86344051704
1769617187,50,,Aggregated,62.000000,0.000000,51,54,56,58,68,140,240,450,4100,6600,7200,25128,0,51,72.63649502826982,27.766307001002133,7240.810087008867,60843.35064469914
1769617188,50,,Aggregated,62.000000,0.000000,51,54,56,58,68,140,240,450,4100,6600,7200,25187,0,51,72.57913463049626,27.766307001002133,7240.810087008867,60833.62039941239
1769617189,50,,Aggregated,61.900000,0.000000,51,54,56,58,68,140,240,450,4100,6600,7200,25251,0,51,72.52106697257052,27.766307001002133,7240.810087008867,60835.41178567185
1769617190,50,,Aggregated,62.600000,0.000000,51,54,56,58,68,140,240,450,4100,6600,7200,25315,0,51,72.45985553341333,27.766307001002133,7240.810087008867,60832.46375666601
1769617191,50,,Aggregated,62.500000,0.000000,51,54,56,58,68,130,240,450,4100,6600,7200,25372,0,51,72.40749061454724,27.766307001002133,7240.810087008867,60828.137040832415
1769617192,50,,Aggregated,62.900000,0.000000,51,54,56,58,68,130,240,450,4100,6600,7200,25446,0,51,72.34165606183002,27.766307001002133,7240.810087008867,60819.45684979958
1769617193,50,,Aggregated,61.800000,0.000000,51,54,56,58,68,130,240,440,4100,6600,7200,25502,0,51,72.29067932524335,27.766307001002133,7240.810087008867,60816.4956474002
1769617194,50,,Aggregated,61.500000,0.000000,51,54,56,58,68,130,240,440,4100,6600,7200,25576,0,51,72.22578839628939,27.766307001002133,7240.810087008867,60821.56177666562
1769617195,50,,Aggregated,62.500000,0.000000,51,54,56,58,68,130,240,440,4100,6600,7200,25641,0,51,72.1643307556384,27.766307001002133,7240.810087008867,60815.74451074451
1769617196,50,,Aggregated,61.600000,0.000000,51,54,56,58,68,130,240,440,4100,6600,7200,25716,0,51,72.09647820937076,27.766307001002133,7240.810087008867,60810.370625291645
1769617197,50,,Aggregated,62.500000,0.000000,51,54,56,58,68,130,240,440,4100,6600,7200,25775,0,51,72.04352245537589,27.766307001002133,7240.810087008867,60809.509835111545
1769617199,50,,Aggregated,63.200000,0.000000,51,54,56,58,68,130,240,430,4100,6600,7200,25840,0,51,72.00185858050912,27.766307001002133,7240.810087008867,60804.686880804955
1769617200,50,,Aggregated,64.400000,0.000000,51,54,56,58,68,130,240,430,4100,6600,7200,25894,0,51,71.95739455141361,27.766307001002133,7240.810087008867,60806.1590715996
1769617201,50,,Aggregated,64.600000,0.000000,51,54,56,58,68,130,240,430,4100,6600,7200,25963,0,51,71.905200473762,27.766307001002133,7240.810087008867,60809.20379000886
1769617202,50,,Aggregated,63.600000,0.000000,51,54,56,58,68,130,240,420,4100,6600,7200,26023,0,51,71.86911675487438,27.766307001002133,7240.810087008867,60799.65146216808
1769617203,50,,Aggregated,64.400000,0.000000,51,54,56,58,68,130,240,420,4100,6600,7200,26084,0,51,71.82348518720819,27.766307001002133,7240.810087008867,60803.14740837295
1769617204,50,,Aggregated,64.100000,0.000000,51,54,56,58,68,130,230,420,4100,6600,7200,26154,0,51,71.78329036561222,27.766307001002133,7240.810087008867,60804.85420968112
1769617205,50,,Aggregated,63.100000,0.000000,51,54,56,58,68,130,230,420,4100,6600,7200,26220,0,51,71.75255140977212,27.766307001002133,7240.810087008867,60801.20636918383
1769617206,50,,Aggregated,64.300000,0.000000,51,54,56,58,68,130,230,420,4100,6600,7200,26274,0,51,71.7086978449875,27.766307001002133,7240.810087008867,60806.55069650605
1769617207,50,,Aggregated,63.700000,0.000000,51,54,56,58,68,130,230,410,4100,6600,7200,26342,0,51,71.65621628771825,27.766307001002133,7240.810087008867,60811.35441500266
1769617208,50,,Aggregated,63.100000,0.000000,51,54,56,58,68,130,230,410,4100,6600,7200,26400,0,51,71.62025098988978,27.766307001002133,7240.810087008867,60807.81321969697
1769617209,50,,Aggregated,62.000000,0.000000,51,54,56,58,68,130,230,410,4100,6600,7200,26466,0,51,71.59523210953495,27.766307001002133,7240.810087008867,60807.98416836696
1769617210,50,,Aggregated,61.800000,0.000000,51,54,56,58,68,130,230,410,4100,6600,7200,26518,0,51,71.56435869617465,27.766307001002133,7240.810087008867,60820.87084244664
1769617211,50,,Aggregated,61.500000,0.000000,51,54,56,58,68,130,230,410,4100,6600,7200,26592,0,51,71.52450545370957,27.766307001002133,7240.810087008867,60822.767524067385
1769617212,50,,Aggregated,62.100000,0.000000,51,54,56,58,68,130,230,410,4100,6600,7200,26650,0,51,71.52087018668074,27.766307001002133,7240.810087008867,60826.39249530957
1769617213,50,,Aggregated,62.300000,0.000000,51,54,56,58,68,130,230,410,4100,6600,7200,26710,0,51,71.5114680820369,27.766307001002133,7240.810087008867,60837.43927368027
1769617214,50,,Aggregated,62.300000,0.000000,51,54,56,58,68,130,230,410,4100,6600,7200,26771,0,51,71.48509981831779,27.766307001002133,7240.810087008867,60845.93683463449
1769617215,50,,Aggregated,62.600000,0.000000,51,54,56,58,68,130,240,410,4100,6600,7200,26827,0,51,71.51520114388866,27.766307001002133,7240.810087008867,60852.033063704475
1769617216,50,,Aggregated,60.300000,0.000000,51,54,56,58,68,130,240,410,4100,6600,7200,26881,0,51,71.50727161951522,27.766307001002133,7240.810087008867,60863.06249767494
1769617217,50,,Aggregated,59.800000,0.000000,51,54,56,58,68,130,240,410,4100,6600,7200,26936,0,51,71.51776088899881,27.766307001002133,7240.810087008867,60877.92058954559
1769617218,50,,Aggregated,59.800000,0.000000,51,54,56,58,68,130,240,420,4100,6600,7200,26990,0,51,71.5524278840737,27.766307001002133,7240.810087008867,60896.06450537236
1769617219,50,,Aggregated,59.200000,0.000000,51,54,56,58,68,130,240,430,3800,6600,7200,27042,0,51,71.61183292408626,27.766307001002133,7240.810087008867,60902.785740699655
1769617220,50,,Aggregated,58.500000,0.000000,51,54,56,58,68,130,240,430,3800,6600,7200,27100,0,51,71.64563281890207,27.766307001002133,7240.810087008867,60919.9341697417
1769617221,50,,Aggregated,57.900000,0.000000,51,54,56,58,68,130,240,430,3800,6600,7200,27153,0,51,71.66785285037618,27.766307001002133,7240.810087008867,60938.69811807167
1769617222,50,,Aggregated,56.800000,0.000000,51,54,56,58,68,140,240,430,3800,6600,7200,27199,0,51,71.68133852785819,27.766307001002133,7240.810087008867,60956.53744622964
1769617223,50,,Aggregated,55.100000,0.000000,51,54,56,58,68,140,240,440,3800,6600,7200,27260,0,51,71.75430530206232,27.766307001002133,7240.810087008867,60969.630044020545
1769617224,50,,Aggregated,54.700000,0.000000,51,54,56,58,68,140,240,440,3800,6600,7200,27307,0,51,71.77270240221122,27.766307001002133,7240.810087008867,60980.45101988501
1769617225,50,,Aggregated,52.200000,0.000000,51,54,56,58,68,140,240,450,3800,6600,7200,27363,0,51,71.83376345865776,27.766307001002133,7240.810087008867,60996.14245514015
1769617226,50,,Aggregated,53.400000,0.000000,51,54,56,58,68,140,240,460,3800,6600,7200,27398,0,51,71.90380473002826,27.766307001002133,7240.810087008867,61008.438097671366
1769617227,50,,Aggregated,52.700000,0.000000,51,54,56,58,68,140,240,460,3800,6600,7200,27462,0,51,71.99784299338607,27.766307001002133,7240.810087008867,61003.960927827546
1769617228,50,,Aggregated,51.600000,0.000000,51,54,56,58,69,140,240,460,3800,6600,7200,27508,0,51,72.03615576888706,27.766307001002133,7240.810087008867,61007.715755416604
1769617229,50,,Aggregated,51.500000,0.000000,51,54,56,58,69,140,240,460,3800,6600,7200,27569,0,51,72.06455385572872,27.766307001002133,7240.810087008867,61037.42896006384
1769617230,50,,Aggregated,50.700000,0.000000,51,54,56,58,69,140,240,460,3800,6600,7200,27619,0,51,72.13490117737085,27.766307001002133,7240.810087008867,61031.84282559108
1769617231,50,,Aggregated,49.700000,0.000000,51,54,56,58,69,140,240,470,3800,6600,7200,27674,0,51,72.16100010417048,27.766307001002133,7240.810087008867,61042.944424369445
1769617232,50,,Aggregated,50.300000,0.000000,51,54,56,58,69,140,240,470,3800,6600,7200,27715,0,51,72.18373769070809,27.766307001002133,7240.810087008867,61049.726682302
1769617233,50,,Aggregated,50.500000,0.000000,51,54,56,58,69,140,240,470,3800,6600,7200,27784,0,51,72.27227294518312,27.766307001002133,7240.810087008867,61047.78170889721
1769617234,50,,Aggregated,50.500000,0.000000,51,54,56,58,69,140,240,470,3800,6600,7200,27831,0,51,72.26034981642155,27.766307001002133,7240.810087008867,61055.43825230857
1769617235,50,,Aggregated,52.600000,0.000000,51,54,56,58,69,140,240,470,3800,6600,7200,27897,0,51,72.31911977960827,27.766307001002133,7240.810087008867,61054.020073843065
1769617236,50,,Aggregated,52.900000,0.000000,51,54,56,58,69,140,240,470,3800,6600,7200,27957,0,51,72.30772843984661,27.766307001002133,7240.810087008867,61048.92066387667
1769617237,50,,Aggregated,53.100000,0.000000,51,54,56,58,70,140,240,470,3600,6600,7200,28015,0,51,72.32530524764046,27.766307001002133,7240.810087008867,61053.78111725861
1769617238,50,,Aggregated,53.700000,0.000000,51,54,56,59,70,140,240,470,3600,6600,7200,28077,0,51,72.33491056447608,27.766307001002133,7240.810087008867,61048.19535562916
1769617239,50,,Aggregated,52.900000,0.000000,51,54,56,59,70,140,240,470,3600,6600,7200,28143,0,51,72.31587610733777,27.766307001002133,7240.810087008867,61047.12909071527
1769617240,50,,Aggregated,54.900000,0.000000,51,54,56,59,70,140,240,460,3600,6600,7200,28213,0,51,72.30280565646032,27.766307001002133,7240.810087008867,61037.002871016906
1769617241,50,,Aggregated,56.400000,0.000000,51,54,56,59,70,140,240,460,3600,6600,7200,28260,0,51,72.33482632224433,27.766307001002133,7240.810087008867,61018.73701344657
1769617242,50,,Aggregated,56.700000,0.000000,51,54,56,59,70,140,240,460,3600,6600,7200,28324,0,51,72.30825798035484,27.766307001002133,7240.810087008867,61033.9889139952
1769617243,50,,Aggregated,57.900000,0.000000,51,54,56,59,70,140,240,460,3600,6600,7200,28374,0,51,72.27307506697903,27.766307001002133,7240.810087008867,61026.04433636428
1769617244,50,,Aggregated,59.400000,0.000000,51,54,56,59,70,140,240,460,3600,6600,7200,28442,0,51,72.23608579844765,27.766307001002133,7240.810087008867,61016.314218409396
1769617245,50,,Aggregated,58.300000,0.000000,51,54,56,59,70,140,240,460,3600,6600,7200,28515,0,51,72.1824056446215,27.766307001002133,7240.810087008867,61016.96479046116
1769617246,50,,Aggregated,59.500000,0.000000,51,54,56,59,70,140,240,460,3600,6600,7200,28569,0,51,72.13728423687226,27.766307001002133,7240.810087008867,61012.95754139102
1769617247,50,,Aggregated,60.700000,0.000000,51,54,56,59,70,140,240,450,3600,6600,7200,28631,0,51,72.11387229300959,27.766307001002133,7240.810087008867,60999.68890363592
1769617248,50,,Aggregated,61.700000,0.000000,51,54,56,58,70,140,240,450,3600,6600,7200,28704,0,51,72.06086784271072,27.766307001002133,7240.810087008867,61000.33197463768
1769617249,50,,Aggregated,61.800000,0.000000,51,54,56,58,70,140,240,450,3600,6600,7200,28761,0,51,72.017725678668,27.766307001002133,7240.810087008867,60994.67737561281
1769617250,50,,Aggregated,62.000000,0.000000,51,54,56,58,70,140,240,450,3600,6600,7200,28826,0,51,71.96787029366432,27.766307001002133,7240.810087008867,60991.79813362936
1769617251,50,,Aggregated,62.700000,0.000000,51,54,56,58,69,140,240,450,3600,6600,7200,28878,0,51,71.92994459814254,27.766307001002133,7240.810087008867,60984.38264422744
1769617252,50,,Aggregated,62.100000,0.000000,51,54,56,58,69,140,240,450,3600,6600,7200,28957,0,51,71.86758263863959,27.766307001002133,7240.810087008867,60981.05977829195
1769617253,50,,Aggregated,61.000000,0.000000,51,54,56,58,69,140,240,440,3600,6600,7200,29010,0,51,71.82608123564464,27.766307001002133,7240.810087008867,60979.16556359876
1769617254,50,,Aggregated,60.200000,0.000000,51,54,56,58,69,140,240,440,3600,6600,7200,29076,0,51,71.77624616570507,27.766307001002133,7240.810087008867,60970.922410235245
1769617255,50,,Aggregated,62.900000,0.000000,51,54,56,58,69,140,240,440,3600,6600,7200,29136,0,51,71.73086033041673,27.766307001002133,7240.810087008867,60971.265444810546
1769617256,50,,Aggregated,60.800000,0.000000,51,54,56,58,69,140,240,440,3600,6600,7200,29206,0,51,71.67730392882058,27.766307001002133,7240.810087008867,60964.04033417791
1769617257,50,,Aggregated,60.600000,0.000000,51,54,56,58,69,140,240,440,3600,6600,7200,29254,0,51,71.64195131093902,27.766307001002133,7240.810087008867,60965.591748137005
1769617258,50,,Aggregated,60.300000,0.000000,51,54,56,58,69,140,240,440,3600,6600,7200,29325,0,51,71.5902356532049,27.766307001002133,7240.810087008867,60952.53401534527
1769617259,50,,Aggregated,61.900000,0.000000,51,54,56,58,69,140,240,440,3600,6600,7200,29386,0,51,71.54368232390351,27.766307001002133,7240.810087008867,60955.09099571224
1769617260,50,,Aggregated,60.500000,0.000000,51,54,56,58,69,140,240,430,3600,6600,7200,29443,0,51,71.49799729637861,27.766307001002133,7240.810087008867,60950.212376456206
1769617261,50,,Aggregated,61.300000,0.000000,51,54,56,58,69,140,240,430,3600,6600,7200,29518,0,51,71.44387852818936,27.766307001002133,7240.810087008867,60948.19066332407
1769617262,50,,Aggregated,61.700000,0.000000,51,54,56,58,69,140,240,430,3600,6600,7200,29558,0,51,71.4158320351177,27.766307001002133,7240.810087008867,60942.51448000541
1769617263,50,,Aggregated,62.800000,0.000000,51,54,56,58,69,140,240,430,3600,6600,7200,29633,0,51,71.36000510585836,27.766307001002133,7240.810087008867,60944.83167414706
1769617264,50,,Aggregated,63.100000,0.000000,51,54,56,58,69,140,240,430,3600,6600,7200,29690,0,51,71.32172476368804,27.766307001002133,7240.810087008867,60936.74358369821
1769617265,50,,Aggregated,60.000000,0.000000,51,54,56,58,69,140,240,430,3600,6600,7200,29760,0,51,71.26918283040764,27.766307001002133,7240.810087008867,60938.75073924731
1769617266,50,,Aggregated,62.000000,0.000000,51,54,56,58,69,140,240,420,3600,6600,7200,29814,0,51,71.22812598778906,27.766307001002133,7240.810087008867,60940.88555712082
1769617267,50,,Aggregated,61.200000,0.000000,51,54,56,58,69,140,240,420,3600,6600,7200,29869,0,51,71.18498024734622,27.766307001002133,7240.810087008867,60932.48023033915
1769617268,50,,Aggregated,62.000000,0.000000,51,54,56,58,69,140,240,420,3600,6600,7200,29931,0,51,71.13823470218405,27.766307001002133,7240.810087008867,60933.98586749524
1769617269,50,,Aggregated,60.400000,0.000000,51,54,56,58,69,140,240,420,3500,6600,7200,30002,0,51,71.08245767032578,27.766307001002133,7240.810087008867,60932.00476634891
1769617271,50,,Aggregated,59.600000,0.000000,51,54,56,58,69,140,240,420,3500,6600,7200,30053,0,51,71.04164996926345,27.766307001002133,7240.810087008867,60928.26845905567
1769617272,50,,Aggregated,61.200000,0.000000,51,54,56,58,68,140,240,410,3500,6600,7200,30121,0,51,70.99679898792145,27.766307001002133,7240.810087008867,60921.5409182962
1769617273,50,,Aggregated,61.200000,0.000000,51,54,56,58,68,140,230,410,3500,6600,7200,30178,0,51,70.9530921838837,27.766307001002133,7240.810087008867,60925.76960037113
1769617274,50,,Aggregated,59.900000,0.000000,51,54,56,58,68,140,230,410,3500,6600,7200,30237,0,51,70.90905397949709,27.766307001002133,7240.810087008867,60922.22961934054
1769617275,50,,Aggregated,61.000000,0.000000,51,54,56,58,68,140,230,410,3500,6600,7200,30309,0,51,70.85159758777526,27.766307001002133,7240.810087008867,60919.352370582994
1769617276,50,,Aggregated,61.000000,0.000000,51,54,56,58,68,140,230,410,3500,6600,7200,30368,0,51,70.80704523481604,27.766307001002133,7240.810087008867,60919.19405295047
1769617277,50,,Aggregated,61.100000,0.000000,51,54,56,58,68,140,230,410,3500,6600,7200,30429,0,51,70.76649065062148,27.766307001002133,7240.810087008867,60915.37211212987
1769617278,50,,Aggregated,60.500000,0.000000,51,54,56,58,68,140,230,410,3500,6600,7200,30490,0,51,70.72174479979823,27.766307001002133,7240.810087008867,60914.025746146275
1769617279,50,,Aggregated,61.400000,0.000000,51,54,56,58,68,140,230,410,3500,6600,7200,30552,0,51,70.67683835525327,27.766307001002133,7240.810087008867,60903.26826394344
1769617280,50,,Aggregated,61.300000,0.000000,51,54,56,58,68,140,230,400,3500,6600,7200,30615,0,51,70.63040878999352,27.766307001002133,7240.810087008867,60902.44938755512
1769617281,50,,Aggregated,60.800000,0.000000,51,54,56,58,68,140,230,400,3500,6600,7200,30677,0,51,70.58711112617509,27.766307001002133,7240.810087008867,60904.328682726475
1769617282,50,,Aggregated,60.600000,0.000000,51,54,56,58,68,140,230,400,3500,6600,7200,30742,0,51,70.5411372193966,27.766307001002133,7240.810087008867,60900.24588510832
1769617283,50,,Aggregated,61.300000,0.000000,51,54,56,58,68,140,230,400,3500,6600,7200,30824,0,51,70.48716143449005,27.766307001002133,7240.810087008867,60898.86124448482
1769617284,50,,Aggregated,61.400000,0.000000,51,54,56,58,68,140,230,400,3500,6600,7200,30877,0,51,70.45190965970849,27.429758018115535,7240.810087008867,60899.09508695793
1769617285,50,,Aggregated,62.700000,0.000000,51,54,56,58,68,140,230,400,3500,6600,7200,30939,0,51,70.40666347958557,27.429758018115535,7240.810087008867,60891.43711820033
1769617286,50,,Aggregated,63.100000,0.000000,51,54,56,58,68,140,230,400,3500,6600,7200,30997,0,51,70.37162010058817,27.429758018115535,7240.810087008867,60892.33954898861
1769617287,50,,Aggregated,62.300000,0.000000,51,54,56,58,68,140,230,400,3400,6600,7200,31061,0,51,70.3297935535903,27.429758018115535,7240.810087008867,60888.363703679854
1769617288,50,,Aggregated,61.700000,0.000000,51,54,56,58,68,140,230,400,3400,6600,7200,31118,0,51,70.29000330288163,27.429758018115535,7240.810087008867,60889.03952696189
1769617289,50,,Aggregated,62.600000,0.000000,51,54,56,58,68,140,230,400,3400,6600,7200,31185,0,51,70.24639407250166,27.429758018115535,7240.810087008867,60885.745646945645
1769617290,50,,Aggregated,62.600000,0.000000,51,54,56,58,68,140,230,400,3400,6600,7200,31256,0,51,70.20792173646913,27.429758018115535,7240.810087008867,60885.36021883798
1769617291,50,,Aggregated,63.900000,0.000000,51,54,56,58,68,140,230,400,3400,6600,7200,31322,0,51,70.17109959258724,27.429758018115535,7240.810087008867,60879.173679841646
1769617292,50,,Aggregated,63.700000,0.000000,51,54,56,58,68,140,230,400,3400,6600,7200,31370,0,51,70.14050511836261,27.429758018115535,7240.810087008867,60886.34370417596
1769617293,50,,Aggregated,64.600000,0.000000,51,54,56,58,68,130,230,400,3400,6600,7200,31440,0,51,70.09800438756463,27.429758018115535,7240.810087008867,60883.03944020356
1769617294,50,,Aggregated,62.700000,0.000000,51,54,56,58,68,130,230,400,3400,6600,7200,31487,0,51,70.08093193222666,27.429758018115535,7240.810087008867,60876.37072442596
1769617295,50,,Aggregated,62.900000,0.000000,51,54,56,58,68,130,230,400,3400,6600,7200,31563,0,51,70.05629385097038,27.429758018115535,7240.810087008867,60876.18930393182
1769617296,50,,Aggregated,61.000000,0.000000,51,54,56,58,68,130,230,400,3400,6600,7200,31623,0,51,70.02359946409234,27.429758018115535,7240.810087008867,60878.76049078203
1769617297,50,,Aggregated,61.600000,0.000000,51,54,56,58,68,130,230,400,3400,6600,7200,31687,0,51,69.98522920106053,27.429758018115535,7240.810087008867,60877.07488875564
1769617298,50,,Aggregated,62.100000,0.000000,51,54,56,58,68,130,230,390,3400,6600,7200,31749,0,51,69.95373908280806,27.429758018115535,7240.810087008867,60885.53538694132
1769617299,50,,Aggregated,61.200000,0.000000,51,54,56,58,68,130,230,390,3400,6600,7200,31802,0,51,69.92663728948142,27.429758018115535,7240.810087008867,60888.80535815358
1769617300,50,,Aggregated,61.700000,0.000000,51,54,56,58,68,130,230,390,3400,6600,7200,31866,0,51,69.90139770991264,27.429758018115535,7240.810087008867,60889.99692462185
1769617301,50,,Aggregated,60.600000,0.000000,51,54,56,58,68,130,230,390,3400,6600,7200,31917,0,51,69.91063583235174,27.429758018115535,7240.810087008867,60880.12241125419
1769617302,50,,Aggregated,59.200000,0.000000,51,54,56,58,68,130,230,390,3400,6600,7200,31980,0,51,69.86935527808312,27.429758018115535,7240.810087008867,60889.95303314571
1769617303,50,,Aggregated,59.000000,0.000000,51,54,56,58,68,130,230,390,3300,6600,7200,32034,0,51,69.84116980930257,27.429758018115535,7240.810087008867,60893.31494661922
1769617304,50,,Aggregated,59.200000,0.000000,51,54,56,58,68,130,230,390,3300,6600,7200,32091,0,51,69.81616434972864,27.429758018115535,7240.810087008867,60892.45433299056
1769617305,50,,Aggregated,58.100000,0.000000,51,54,56,58,68,130,230,390,3300,6600,7200,32160,0,51,69.83187516350395,27.429758018115535,7240.810087008867,60893.74256840796
1769617306,50,,Aggregated,59.300000,0.000000,51,54,56,58,68,130,230,390,3300,6600,7200,32216,0,51,69.82029304017335,27.429758018115535,7240.810087008867,60899.2490687857
1769617307,50,,Aggregated,59.300000,0.000000,51,54,56,58,68,130,230,390,3300,6600,7200,32277,0,51,69.78556009190086,27.429758018115535,7240.810087008867,60925.93809833628
1769617308,50,,Aggregated,58.600000,0.000000,51,54,56,58,68,130,230,390,3300,6600,7200,32324,0,51,69.79120000121436,27.429758018115535,7240.810087008867,60925.66699665883
1769617309,50,,Aggregated,59.300000,0.000000,51,54,56,58,68,140,230,400,3300,6600,7200,32399,0,51,69.87747984457063,27.429758018115535,7240.810087008867,60929.115775178245
1769617310,50,,Aggregated,58.800000,0.000000,51,54,56,58,68,140,230,400,3300,6600,7200,32448,0,51,69.9031805987238,27.429758018115535,7240.810087008867,60935.81955744576
1769617311,50,,Aggregated,58.700000,0.000000,51,54,56,58,68,140,230,400,3300,6600,7200,32498,0,51,69.90077689231613,27.429758018115535,7240.810087008867,60951.25149239953
1769617312,50,,Aggregated,59.000000,0.000000,51,54,56,58,68,140,230,400,3300,6600,7200,32546,0,51,69.9052008341842,27.429758018115535,7240.810087008867,60963.89670005531
1769617313,50,,Aggregated,57.700000,0.000000,51,54,56,58,68,140,230,400,3300,6600,7200,32593,0,51,69.91620752867826,27.429758018115535,7240.810087008867,60980.755929187246
1769617314,50,,Aggregated,56.800000,0.000000,51,54,56,58,68,140,230,400,3300,6600,7200,32646,0,51,69.95189709686436,27.429758018115535,7240.810087008867,60983.37425718312
1769617315,50,,Aggregated,55.000000,0.000000,51,54,56,58,68,140,230,400,3300,6600,7200,32703,0,51,70.02354570920835,27.429758018115535,7240.810087008867,60998.6251108461
1769617316,50,,Aggregated,54.200000,0.000000,51,54,56,58,68,140,230,400,3300,6600,7200,32755,0,51,70.04748680061948,27.429758018115535,7240.810087008867,61013.87369867196
1769617317,50,,Aggregated,52.900000,0.000000,51,54,56,58,68,140,230,400,3300,6600,7200,32816,0,51,70.10577044497559,27.429758018115535,7240.810087008867,61024.963249634326
1769617318,50,,Aggregated,52.400000,0.000000,51,54,56,58,68,140,230,400,3300,6600,7200,32856,0,51,70.14675684073866,27.429758018115535,7240.810087008867,61038.88096542488
1769617319,50,,Aggregated,51.100000,0.000000,51,54,56,58,68,140,230,410,3300,6600,7200,32903,0,51,70.21884357095665,27.429758018115535,7240.810087008867,61039.821900738534
1769617320,50,,Aggregated,51.100000,0.000000,51,54,56,58,68,140,230,410,3300,6600,7200,32964,0,51,70.27912351905567,27.429758018115535,7240.810087008867,61038.99156655746
1769617321,50,,Aggregated,50.200000,0.000000,51,54,56,58,68,140,240,410,3100,6600,7200,33006,0,51,70.2996354348651,27.429758018115535,7240.810087008867,61038.05359631582
1769617322,50,,Aggregated,48.800000,0.000000,51,54,56,58,69,140,240,410,3100,6600,7200,33070,0,51,70.34329672685485,27.429758018115535,7240.810087008867,61047.54073178107
1769617323,50,,Aggregated,49.900000,0.000000,51,54,56,58,69,140,240,410,3100,6600,7200,33135,0,51,70.38361564089519,27.429758018115535,7240.810087008867,61048.75720537196
1769617324,50,,Aggregated,49.600000,0.000000,51,54,56,58,69,140,240,410,3100,6600,7200,33184,0,51,70.37927684101231,27.429758018115535,7240.810087008867,61058.97577145612
1769617325,50,,Aggregated,50.700000,0.000000,51,54,56,58,69,140,240,410,3100,6600,7200,33246,0,51,70.4022925424459,27.429758018115535,7240.810087008867,61054.31799314203
1769617326,50,,Aggregated,52.600000,0.000000,51,54,56,58,69,140,240,410,3100,6600,7200,33290,0,51,70.43655212295528,27.429758018115535,7240.810087008867,61057.078251727246
1769617327,50,,Aggregated,52.100000,0.000000,51,54,56,58,69,140,240,410,3100,6600,7200,33347,0,51,70.43116042471843,27.429758018115535,7240.810087008867,61069.75622994572
1769617329,50,,Aggregated,53.500000,0.000000,51,54,56,58,69,140,240,420,3100,6600,7200,33407,0,51,70.46260039237349,27.429758018115535,7240.810087008867,61063.67671446104
1769617330,50,,Aggregated,52.100000,0.000000,51,54,56,58,69,140,240,420,3100,6600,7200,33469,0,51,70.46526188822378,27.429758018115535,7240.810087008867,61067.94738414652
1769617331,50,,Aggregated,53.400000,0.000000,51,54,56,58,69,140,240,420,3100,6600,7200,33518,0,51,70.4970950289393,27.429758018115535,7240.810087008867,61066.438450981565
1769617332,50,,Aggregated,53.400000,0.000000,51,54,56,58,69,140,240,420,3100,6600,7200,33582,0,51,70.51771215585866,27.429758018115535,7240.810087008867,61059.435918051335
1769617333,50,,Aggregated,55.100000,0.000000,51,54,56,58,69,140,240,420,3100,6600,7200,33637,0,51,70.51593183518227,27.429758018115535,7240.810087008867,61064.18357760799
1769617334,50,,Aggregated,56.600000,0.000000,51,54,56,58,69,140,240,420,3100,6600,7200,33703,0,51,70.49453737313748,27.429758018115535,7240.810087008867,61062.76910067353
1769617335,50,,Aggregated,56.600000,0.000000,51,54,56,58,69,140,240,420,3100,6600,7200,33765,0,51,70.45917610664863,27.429758018115535,7240.810087008867,61065.25313194136
1769617336,50,,Aggregated,56.100000,0.000000,51,54,56,58,69,140,240,420,3100,6600,7200,33828,0,51,70.44688839248475,27.429758018115535,7240.810087008867,61062.939369752865
1769617337,50,,Aggregated,57.700000,0.000000,51,54,56,58,69,140,240,420,3100,6600,7200,33901,0,51,70.43977917137593,27.429758018115535,7240.810087008867,61056.37627208637
1769617338,50,,Aggregated,57.600000,0.000000,51,54,56,58,69,140,240,420,3100,6600,7200,33961,0,51,70.4235087369317,27.429758018115535,7240.810087008867,61055.02479314508
1769617339,50,,Aggregated,60.100000,0.000000,51,54,56,58,69,140,240,420,3000,6600,7200,34021,0,51,70.41332288868915,27.429758018115535,7240.810087008867,61043.96910731607
1769617340,50,,Aggregated,61.000000,0.000000,51,54,56,58,69,140,240,420,3000,6600,7200,34071,0,51,70.41749262164697,27.429758018115535,7240.810087008867,61037.62402042793
1769617341,50,,Aggregated,59.900000,0.000000,51,54,56,58,69,140,240,410,3000,6600,7200,34140,0,51,70.38377187618761,27.429758018115535,7240.810087008867,61034.53968951377
1769617342,50,,Aggregated,59.600000,0.000000,51,54,56,58,69,140,240,410,3000,6600,7200,34207,0,51,70.34705455588251,27.429758018115535,7240.810087008867,61025.16370918233
1769617343,50,,Aggregated,60.900000,0.000000,51,54,56,58,69,140,230,410,3000,6600,7200,34265,0,51,70.3158981300479,27.429758018115535,7240.810087008867,61028.86732817744
1769617344,50,,Aggregated,61.500000,0.000000,51,54,56,58,69,140,230,410,3000,6600,7200,34337,0,51,70.27833870373597,27.429758018115535,7240.810087008867,61024.92069778956
1769617345,50,,Aggregated,62.100000,0.000000,51,54,56,58,69,140,230,410,3000,6600,7200,34400,0,51,70.24448413939741,27.429758018115535,7240.810087008867,61016.050726744186
1769617346,50,,Aggregated,62.700000,0.000000,51,54,56,58,69,140,230,410,3000,6600,7200,34471,0,51,70.20592150144131,27.429758018115535,7240.810087008867,61017.353427518785
1769617347,50,,Aggregated,62.600000,0.000000,51,54,56,58,69,140,230,410,3000,6600,7200,34529,0,51,70.17669030188748,27.429758018115535,7240.810087008867,61014.38240319731
1769617348,50,,Aggregated,63.400000,0.000000,51,54,56,58,69,140,230,410,3000,6600,7200,34602,0,51,70.134635686865,27.429758018115535,7240.810087008867,61008.482053060514
1769617349,50,,Aggregated,62.500000,0.000000,51,54,56,58,69,140,230,410,3000,6600,7200,34651,0,51,70.10522068886614,27.429758018115535,7240.810087008867,61007.13128048253
1769617350,50,,Aggregated,63.100000,0.000000,51,54,56,58,69,140,230,400,3000,6600,7200,34722,0,51,70.06506960952476,27.429758018115535,7240.810087008867,61006.32299406716
1769617351,50,,Aggregated,64.400000,0.000000,51,54,56,58,69,140,230,400,3000,6600,7200,34774,0,51,70.03583307139611,27.429758018115535,7240.810087008867,61004.477023063206
1769617352,50,,Aggregated,64.900000,0.000000,51,54,56,58,69,140,230,400,3000,6600,7200,34847,0,51,69.99192202295112,27.429758018115535,7240.810087008867,60998.94759950641
1769617353,50,,Aggregated,64.600000,0.000000,51,54,56,58,69,140,230,400,3000,6600,7200,34908,0,51,69.95564887285695,27.429758018115535,7240.810087008867,60997.902744356594
1769617354,50,,Aggregated,63.000000,0.000000,51,54,56,58,69,140,230,400,3000,6600,7200,34977,0,51,69.91392960267316,27.429758018115535,7240.810087008867,60993.26566029105
1769617355,50,,Aggregated,63.300000,0.000000,51,54,56,58,69,140,230,400,2800,6600,7200,35032,0,51,69.88616700504136,27.429758018115535,7240.810087008867,60989.18468828499
