Timestamp,User Count,Type,Name,Requests/s,Failures/s,50%,66%,75%,80%,90%,95%,98%,99%,99.9%,99.99%,100%,Total Request Count,Total Failure Count,Total Median Response Time,Total Average Response Time,Total Min Response Time,Total Max Response Time,Total Average Content Size
1769779679,0,,Aggregated,0.000000,0.000000,N/A,N/A,N/A,N/A,N/A,N/A,N/A,N/A,N/A,N/A,N/A,0,0,0,0.0,0,0,0
1769779684,200,,Aggregated,0.000000,0.000000,N/A,N/A,N/A,N/A,N/A,N/A,N/A,N/A,N/A,N/A,N/A,0,0,0,0.0,0,0,0
1769779690,200,,Aggregated,0.000000,0.000000,N/A,N/A,N/A,N/A,N/A,N/A,N/A,N/A,N/A,N/A,N/A,0,0,0,0.0,0,0,0
1769779696,200,,Aggregated,0.000000,0.000000,N/A,N/A,N/A,N/A,N/A,N/A,N/A,N/A,N/A,N/A,N/A,0,0,0,0.0,0,0,0
1769779702,200,,Aggregated,0.000000,0.000000,N/A,N/A,N/A,N/A,N/A,N/A,N/A,N/A,N/A,N/A,N/A,0,0,0,0.0,0,0,0
1769779703,200,,Aggregated,0.000000,0.000000,N/A,N/A,N/A,N/A,N/A,N/A,N/A,N/A,N/A,N/A,N/A,0,0,0,0.0,0,0,0
1769779704,200,,Aggregated,0.000000,0.000000,18000,19000,20000,21000,23000,24000,24000,24000,24000,24000,24000,26,0,18000.0,15300.692844459823,320.9956099744886,24001.933655003086,219.92307692307693
1769779705,200,,Aggregated,0.000000,0.000000,99,3200,11000,14000,19000,22000,24000,25000,26000,26000,26000,398,0,98,5404.685169364643,32.72119496250525,25536.22945601819,34836.43216080402
1769779706,200,,Aggregated,0.000000,0.000000,71,150,5700,9200,17000,21000,24000,25000,26000,26000,26000,687,0,71,4037.6424280507354,30.43647500453517,25960.98733600229,40078.985443959245
1769779707,200,,Aggregated,11.900000,0.000000,67,92,180,3000,14000,19000,24000,24000,26000,26000,26000,948,0,66,2946.140797617381,30.43647500453517,25960.98733600229,45112.831223628695
1769779708,200,,Aggregated,53.900000,0.000000,66,82,110,190,12000,18000,23000,24000,26000,26000,26000,1180,0,66,2380.203193358947,30.43647500453517,25960.98733600229,48106.02033898305
1769779709,200,,Aggregated,76.800000,0.000000,66,77,94,120,8800,17000,22000,24000,26000,26000,26000,1440,0,66,1962.8581591385025,30.43647500453517,25960.98733600229,50263.64097222222
1769779710,200,,Aggregated,103.400000,0.000000,65,76,92,110,5900,15000,21000,24000,26000,26000,26000,1681,0,65,1692.4249173994806,30.43647500453517,25960.98733600229,51395.87091017252
1769779711,200,,Aggregated,127.800000,0.000000,64,74,87,99,2900,14000,21000,23000,26000,26000,26000,1923,0,64,1487.5982016331595,30.43647500453517,25960.98733600229,52171.653666146645
1769779712,200,,Aggregated,151.500000,0.000000,64,73,84,94,540,13000,20000,23000,26000,26000,26000,2170,0,64,1325.645181819585,30.43647500453517,25960.98733600229,53019.87142857143
1769779713,200,,Aggregated,175.600000,0.000000,64,72,82,91,190,11000,19000,23000,26000,26000,26000,2419,0,64,1196.180554650432,30.43647500453517,25960.98733600229,53767.72137246796
1769779714,200,,Aggregated,199.800000,0.000000,63,71,80,87,150,9600,19000,22000,26000,26000,26000,2672,0,63,1088.683385010631,30.43647500453517,25960.98733600229,54184.593188622755
1769779715,200,,Aggregated,225.300000,0.000000,63,71,78,85,130,8600,18000,22000,26000,26000,26000,2926,0,63,999.6463136766935,30.43647500453517,25960.98733600229,54603.04442925496
1769779716,200,,Aggregated,249.500000,0.000000,63,70,77,84,120,6800,18000,22000,25000,26000,26000,3164,0,63,929.2627268734598,30.43647500453517,25960.98733600229,54787.544879898865
1769779717,200,,Aggregated,264.400000,0.000000,63,70,77,84,120,5800,17000,21000,25000,26000,26000,3413,0,63,866.5704295831401,30.43647500453517,25960.98733600229,55076.21799003809
1769779718,200,,Aggregated,244.300000,0.000000,63,70,76,82,110,3500,17000,21000,25000,26000,26000,3671,0,63,809.9929943008909,30.43647500453517,25960.98733600229,55260.01334786162
1769779719,200,,Aggregated,248.300000,0.000000,62,69,75,81,110,2300,16000,21000,25000,26000,26000,3940,0,62,759.0728946683868,30.43647500453517,25960.98733600229,55527.40888324873
1769779720,200,,Aggregated,245.400000,0.000000,62,69,75,81,110,830,16000,20000,25000,26000,26000,4183,0,62,718.7723904691719,30.43647500453517,25960.98733600229,55695.238823810665
1769779721,200,,Aggregated,247.300000,0.000000,62,69,75,80,100,390,15000,20000,25000,26000,26000,4413,0,62,684.6334774605155,30.43647500453517,25960.98733600229,55886.95241332427
1769779722,200,,Aggregated,247.900000,0.000000,62,69,74,80,100,210,14000,19000,25000,26000,26000,4667,0,62,650.9110086541701,30.43647500453517,25960.98733600229,55997.8448682237
1769779723,200,,Aggregated,248.900000,0.000000,62,69,74,79,100,180,14000,19000,25000,26000,26000,4912,0,62,621.574860883749,30.43647500453517,25960.98733600229,56154.66307003258
1769779724,200,,Aggregated,249.700000,0.000000,62,69,74,79,99,160,13000,19000,25000,26000,26000,5165,0,62,594.3461624945023,30.43647500453517,25960.98733600229,56322.21084220716
1769779725,200,,Aggregated,246.200000,0.000000,62,68,74,78,98,150,13000,19000,25000,26000,26000,5401,0,62,571.0822631659352,30.43647500453517,25960.98733600229,56460.91871875578
1769779726,200,,Aggregated,247.400000,0.000000,62,68,73,78,97,140,12000,18000,25000,26000,26000,5664,0,62,547.4213550615442,30.43647500453517,25960.98733600229,56510.3322740113
1769779727,200,,Aggregated,244.900000,0.000000,62,68,73,78,96,140,12000,18000,25000,26000,26000,5912,0,62,527.2126466519502,30.43647500453517,25960.98733600229,56579.82899188092
1769779728,200,,Aggregated,246.200000,0.000000,62,68,73,77,95,130,11000,18000,25000,26000,26000,6142,0,62,509.7336674865119,30.43647500453517,25960.98733600229,56683.75268642136
1769779729,200,,Aggregated,244.500000,0.000000,62,68,73,77,94,130,10000,18000,25000,26000,26000,6402,0,62,491.4895716416576,30.43647500453517,25960.98733600229,56786.14542330521
1769779730,200,,Aggregated,247.000000,0.000000,61,67,72,76,93,130,9600,17000,25000,26000,26000,6641,0,61,475.771859001104,30.261243984568864,25960.98733600229,56842.37569643126
1769779731,200,,Aggregated,244.200000,0.000000,61,67,72,76,92,120,9200,17000,25000,26000,26000,6880,0,61,461.076450855703,30.261243984568864,25960.98733600229,56900.97165697674
1769779732,200,,Aggregated,245.400000,0.000000,61,67,71,75,91,120,8900,17000,25000,26000,26000,7146,0,61,446.08387458471805,30.261243984568864,25960.98733600229,57029.50629722922
1769779733,200,,Aggregated,244.300000,0.000000,61,66,71,75,90,120,8200,17000,25000,26000,26000,7387,0,61,433.3950262499165,30.261243984568864,25960.98733600229,57156.48368755922
1769779734,200,,Aggregated,242.800000,0.000000,60,66,71,75,90,120,7300,16000,25000,26000,26000,7640,0,60,421.0912594771246,30.261243984568864,25960.98733600229,57236.28455497382
1769779735,200,,Aggregated,247.300000,0.000000,60,66,71,75,90,120,6800,16000,25000,26000,26000,7879,0,60,410.25684392037897,29.2011970304884,25960.98733600229,57255.92994034776
1769779736,200,,Aggregated,245.200000,0.000000,60,66,71,75,91,120,6600,16000,25000,26000,26000,8136,0,60,399.48712385811683,29.2011970304884,25960.98733600229,57412.914454277285
1769779737,200,,Aggregated,245.600000,0.000000,60,66,71,75,91,120,5900,16000,25000,26000,26000,8383,0,60,389.5198554090545,29.2011970304884,25960.98733600229,57441.536084933796
1769779738,200,,Aggregated,246.800000,0.000000,60,66,71,75,90,120,5600,15000,25000,26000,26000,8630,0,60,380.04697183897633,29.2011970304884,25960.98733600229,57539.06720741599
1769779739,200,,Aggregated,246.100000,0.000000,60,66,71,74,89,110,5200,15000,25000,26000,26000,8871,0,60,371.26675295199055,29.2011970304884,25960.98733600229,57632.76823357006
1769779740,200,,Aggregated,245.400000,0.000000,60,66,70,74,89,110,3700,14000,24000,26000,26000,9114,0,60,362.89994593598504,29.2011970304884,25960.98733600229,57697.971143296025
1769779741,200,,Aggregated,246.200000,0.000000,60,66,70,74,88,110,3200,14000,24000,26000,26000,9368,0,60,354.62063261154105,29.2011970304884,25960.98733600229,57713.42634500427
1769779742,200,,Aggregated,245.300000,0.000000,60,66,70,74,88,110,2900,14000,24000,26000,26000,9597,0,60,347.5579660761598,29.2011970304884,25960.98733600229,57774.62384078358
1769779743,200,,Aggregated,244.600000,0.000000,60,66,70,74,88,110,2100,14000,24000,26000,26000,9862,0,60,339.9061636445834,29.2011970304884,25960.98733600229,57868.78604745488
1769779744,200,,Aggregated,247.200000,0.000000,60,66,70,74,87,110,1300,13000,24000,26000,26000,10125,0,60,332.62737081742006,29.2011970304884,25960.98733600229,57907.11348148148
1769779745,200,,Aggregated,243.300000,0.000000,60,65,70,73,87,110,850,13000,24000,26000,26000,10371,0,60,326.17340218587395,29.2011970304884,25960.98733600229,57976.07241346061
1769779746,200,,Aggregated,245.800000,0.000000,60,65,70,73,87,110,700,13000,24000,26000,26000,10632,0,60,319.63258226293334,29.2011970304884,25960.98733600229,58002.87848006019
1769779747,200,,Aggregated,247.300000,0.000000,59,65,70,73,86,110,500,13000,24000,26000,26000,10869,0,59,313.8648735466408,29.2011970304884,25960.98733600229,58035.62774864293
1769779748,200,,Aggregated,246.900000,0.000000,59,65,69,73,86,100,340,12000,24000,26000,26000,11131,0,59,307.811579596964,29.2011970304884,25960.98733600229,58087.383972688884
1769779749,200,,Aggregated,248.200000,0.000000,59,65,69,72,85,100,240,12000,24000,26000,26000,11366,0,59,302.62082401934816,29.2011970304884,25960.98733600229,58123.605226112966
1769779750,200,,Aggregated,247.000000,0.000000,59,65,69,72,85,100,220,12000,24000,26000,26000,11617,0,59,297.3103948492949,28.367470018565655,25960.98733600229,58154.194972884565
1769779751,200,,Aggregated,248.400000,0.000000,59,65,69,72,84,100,200,12000,24000,26000,26000,11855,0,59,292.49853480714114,28.367470018565655,25960.98733600229,58183.493800084354
1769779753,200,,Aggregated,246.900000,0.000000,59,65,69,72,84,100,190,11000,24000,26000,26000,12110,0,59,287.6368781245395,28.367470018565655,25960.98733600229,58198.59710982659
1769779754,200,,Aggregated,246.000000,0.000000,59,65,69,72,85,100,180,11000,24000,26000,26000,12365,0,59,282.9882266385077,28.367470018565655,25960.98733600229,58242.12462596037
1769779755,200,,Aggregated,248.900000,0.000000,59,65,69,72,84,100,170,10000,24000,26000,26000,12627,0,59,278.30611483144685,28.367470018565655,25960.98733600229,58289.50621683693
1769779756,200,,Aggregated,248.300000,0.000000,59,64,69,72,84,100,170,10000,24000,26000,26000,12854,0,59,274.4214977430775,28.367470018565655,25960.98733600229,58284.182044499765
1769779757,200,,Aggregated,248.000000,0.000000,59,64,69,72,84,100,160,9700,24000,26000,26000,13108,0,59,270.22867921562744,28.367470018565655,25960.98733600229,58336.79768080561
1769779758,200,,Aggregated,246.400000,0.000000,59,64,69,72,84,100,150,9600,24000,26000,26000,13353,0,59,266.4388546211853,28.367470018565655,25960.98733600229,58355.207294240994
1769779759,200,,Aggregated,245.900000,0.000000,59,64,69,72,84,100,150,9300,24000,26000,26000,13610,0,59,262.4833939391252,28.367470018565655,25960.98733600229,58370.68170462895
1769779760,200,,Aggregated,246.000000,0.000000,59,64,68,71,84,99,150,9100,24000,26000,26000,13855,0,59,258.84162042215945,28.367470018565655,25960.98733600229,58370.2274990978
1769779761,200,,Aggregated,245.500000,0.000000,59,64,68,71,83,99,150,8900,24000,26000,26000,14090,0,59,255.5184027530974,28.367470018565655,25960.98733600229,58404.78381831086
1769779762,200,,Aggregated,246.500000,0.000000,59,64,68,71,83,99,140,8800,24000,26000,26000,14330,0,59,252.22242830304702,28.367470018565655,25960.98733600229,58440.24375436148
1769779763,200,,Aggregated,245.000000,0.000000,59,64,68,71,83,99,140,8700,24000,26000,26000,14600,0,59,248.70264448256196,28.367470018565655,25960.98733600229,58450.74582191781
1769779764,200,,Aggregated,245.700000,0.000000,59,64,68,71,83,98,140,8100,24000,26000,26000,14827,0,59,245.7866746481046,28.367470018565655,25960.98733600229,58467.856275713224
1769779765,200,,Aggregated,247.300000,0.000000,59,64,68,71,82,98,140,7900,24000,26000,26000,15074,0,59,242.79381304340205,28.367470018565655,25960.98733600229,58458.71301578877
1769779766,200,,Aggregated,244.300000,0.000000,59,64,68,71,83,98,140,7200,24000,26000,26000,15316,0,59,240.04627770352087,28.367470018565655,25960.98733600229,58474.03362496736
1769779767,200,,Aggregated,242.400000,0.000000,59,64,68,71,83,98,140,7100,24000,26000,26000,15549,0,59,237.3795316127615,28.367470018565655,25960.98733600229,58467.65701974404
1769779768,200,,Aggregated,243.700000,0.000000,59,64,68,71,82,97,140,6800,24000,26000,26000,15809,0,59,234.48241213796607,28.367470018565655,25960.98733600229,58490.04623948384
1769779769,200,,Aggregated,241.100000,0.000000,59,64,68,71,82,97,130,6700,24000,26000,26000,16037,0,59,231.9803534118171,28.367470018565655,25960.98733600229,58473.48562698759
1769779770,200,,Aggregated,242.900000,0.000000,59,64,68,71,82,96,130,6500,24000,26000,26000,16306,0,59,229.13335732535296,28.367470018565655,25960.98733600229,58501.97945541518
1769779771,200,,Aggregated,240.600000,0.000000,59,64,68,71,82,96,130,6300,24000,26000,26000,16559,0,59,226.5756584838792,28.367470018565655,25960.98733600229,58516.9865330032
1769779772,200,,Aggregated,242.200000,0.000000,59,64,68,71,82,96,130,5900,24000,26000,26000,16810,0,59,224.18088137030816,28.367470018565655,25960.98733600229,58533.6252825699
1769779773,200,,Aggregated,243.900000,0.000000,59,64,68,71,82,97,130,5800,24000,26000,26000,17069,0,59,221.90069637905205,28.367470018565655,25960.98733600229,58550.551057472614
1769779774,200,,Aggregated,244.900000,0.000000,59,64,68,71,82,97,130,5500,24000,26000,26000,17310,0,59,219.60892486024514,28.367470018565655,25960.98733600229,58560.29110340843
1769779775,200,,Aggregated,243.100000,0.000000,59,64,68,71,82,96,130,5300,24000,26000,26000,17584,0,59,217.1481704486182,28.367470018565655,25960.98733600229,58628.27212238398
1769779776,200,,Aggregated,245.100000,0.000000,59,64,68,71,82,96,130,5200,24000,26000,26000,17827,0,59,214.97579857461628,28.367470018565655,25960.98733600229,58684.83480114433
1769779777,200,,Aggregated,247.600000,0.000000,59,64,68,71,82,96,130,4800,24000,26000,26000,18079,0,59,212.7850272881114,28.367470018565655,25960.98733600229,58718.289949665355
1769779778,200,,Aggregated,248.700000,0.000000,59,64,68,71,82,96,130,3500,24000,26000,26000,18331,0,59,210.64340908402679,28.367470018565655,25960.98733600229,58793.319731602205
1769779779,200,,Aggregated,248.600000,0.000000,59,64,68,71,82,96,130,3300,24000,26000,26000,18586,0,59,208.60165717211973,28.367470018565655,25960.98733600229,58854.13144302163
1769779780,200,,Aggregated,249.500000,0.000000,59,64,68,71,82,96,130,3000,24000,26000,26000,18813,0,59,206.82488105112176,28.367470018565655,25960.98733600229,58895.62781055653
1769779781,200,,Aggregated,251.200000,0.000000,59,64,68,71,82,96,130,2900,23000,26000,26000,19062,0,59,205.07086842356733,28.367470018565655,25960.98733600229,58937.39964326933
1769779782,200,,Aggregated,249.400000,0.000000,59,64,68,71,82,97,130,2900,23000,26000,26000,19312,0,59,203.4288128853158,28.367470018565655,25960.98733600229,59008.129556752276
1769779783,200,,Aggregated,248.600000,0.000000,59,64,68,72,82,98,130,2500,23000,26000,26000,19529,0,59,202.2396079708538,28.367470018565655,25960.98733600229,59097.14071381023
1769779784,200,,Aggregated,249.200000,0.000000,59,64,69,72,83,99,140,2200,23000,26000,26000,19756,0,59,201.23632836436695,28.367470018565655,25960.98733600229,59168.49377404333
1769779785,200,,Aggregated,245.000000,0.000000,59,64,69,72,84,100,150,2200,23000,26000,26000,19937,0,59,200.91287043497914,28.367470018565655,25960.98733600229,59223.697446957915
1769779786,200,,Aggregated,242.700000,0.000000,59,65,69,72,85,110,180,2100,23000,26000,26000,20103,0,59,200.8044333200622,28.367470018565655,25960.98733600229,59324.582898074914
1769779787,200,,Aggregated,235.900000,0.000000,59,65,69,73,87,110,210,1700,23000,26000,26000,20282,0,59,201.06138509264156,28.367470018565655,25960.98733600229,59450.22773888177
1769779788,200,,Aggregated,228.400000,0.000000,59,65,70,73,88,110,250,1600,23000,26000,26000,20416,0,59,201.5034014150138,28.367470018565655,25960.98733600229,59583.20719043887
1769779789,200,,Aggregated,221.400000,0.000000,59,65,70,74,89,120,290,1700,23000,26000,26000,20515,0,59,201.94678524409028,28.367470018565655,25960.98733600229,59706.705288813064
1769779790,200,,Aggregated,209.400000,0.000000,59,65,70,74,90,120,370,2100,23000,26000,26000,20617,0,59,203.9001298655687,28.367470018565655,25960.98733600229,59812.07479264685
1769779791,200,,Aggregated,196.500000,0.000000,59,65,70,74,91,130,410,2500,23000,26000,26000,20670,0,59,206.37388397186714,28.367470018565655,25960.98733600229,59820.539042089986
1769779792,200,,Aggregated,182.700000,0.000000,59,65,70,74,92,130,470,3100,23000,26000,26000,20744,0,59,210.38235297595867,28.367470018565655,25960.98733600229,59907.93376397995
1769779793,200,,Aggregated,164.800000,0.000000,59,66,71,75,93,130,530,3400,23000,26000,26000,20806,0,59,212.6158032361035,28.367470018565655,25960.98733600229,59954.88508122657
1769779794,200,,Aggregated,145.400000,0.000000,59,66,71,75,93,140,600,3500,23000,26000,26000,20879,0,59,214.30331857485922,28.367470018565655,25960.98733600229,60064.712055175056
1769779795,200,,Aggregated,131.900000,0.000000,60,66,71,75,94,140,640,3700,23000,26000,26000,20931,0,60,216.66636341677196,28.367470018565655,25960.98733600229,60115.60336343223
1769779796,200,,Aggregated,116.300000,0.000000,60,66,71,75,95,150,710,4600,23000,26000,26000,20995,0,60,220.2770921047635,28.367470018565655,25960.98733600229,60171.09283162658
1769779797,200,,Aggregated,102.300000,0.000000,60,66,71,75,95,150,750,4800,23000,26000,26000,21071,0,60,222.79215865491372,28.367470018565655,25960.98733600229,60234.07640833373
1769779798,200,,Aggregated,89.500000,0.000000,60,66,71,75,96,160,790,5200,23000,26000,26000,21171,0,60,226.05840230809048,28.367470018565655,25960.98733600229,60312.78994851448
1769779799,200,,Aggregated,82.100000,0.000000,60,66,71,76,97,170,850,5600,23000,26000,26000,21236,0,60,230.59167199992808,28.367470018565655,25960.98733600229,60363.83918817103
1769779801,200,,Aggregated,74.000000,0.000000,60,66,71,76,98,180,950,6000,23000,26000,26000,21303,0,60,235.75009108037722,28.367470018565655,25960.98733600229,60360.0393841243
1769779802,200,,Aggregated,68.000000,0.000000,60,66,72,76,100,200,1000,6500,23000,26000,26000,21457,0,60,242.78029850809003,28.367470018565655,25960.98733600229,60430.92230973575
1769779803,200,,Aggregated,68.000000,0.000000,60,66,72,77,100,210,1000,6600,23000,26000,26000,21497,0,60,243.69484119040743,28.367470018565655,25960.98733600229,60458.23454435503
1769779804,200,,Aggregated,67.600000,0.000000,60,66,72,77,110,230,1100,7000,23000,26000,26000,21672,0,60,253.58456969956816,28.367470018565655,25960.98733600229,60539.8030638612
1769779805,200,,Aggregated,71.400000,0.000000,60,66,72,77,110,250,1200,7800,23000,26000,26000,21742,0,60,262.6985527059638,28.367470018565655,25960.98733600229,60565.34155091528
1769779806,200,,Aggregated,68.500000,0.000000,60,67,73,78,110,260,1300,8100,23000,26000,26000,21847,0,60,267.8879215884043,28.367470018565655,25960.98733600229,60591.675149906165
1769779808,200,,Aggregated,80.900000,0.000000,60,67,73,78,110,320,1400,8800,23000,26000,26000,21952,0,60,278.7260513220581,28.367470018565655,25960.98733600229,60569.422968294464
1769779809,200,,Aggregated,85.800000,0.000000,60,67,74,79,120,440,1500,8900,23000,26000,26000,22186,0,60,287.02539787063864,28.367470018565655,25960.98733600229,60693.72248264671
1769779810,200,,Aggregated,85.200000,0.000000,60,67,74,80,130,440,1500,8900,23000,26000,26000,22292,0,60,287.87081942541374,28.367470018565655,25960.98733600229,60757.80710568814
1769779812,200,,Aggregated,92.700000,0.000000,60,68,74,80,140,510,1500,8900,23000,26000,26000,22386,0,60,290.2210530294168,28.367470018565655,25960.98733600229,60657.132672205844
1769779813,200,,Aggregated,101.000000,0.000000,61,68,75,82,160,670,1500,8900,23000,26000,26000,22602,0,61,298.42831539034034,28.367470018565655,25960.98733600229,60679.96956021591
1769779814,200,,Aggregated,100.700000,0.000000,61,68,75,82,170,670,1500,8900,23000,26000,26000,22669,0,61,300.0767815370712,28.367470018565655,25960.98733600229,60743.23004984781
1769779815,200,,Aggregated,100.300000,0.000000,61,68,75,83,170,710,1500,8900,23000,26000,26000,22729,0,61,302.1233252252159,28.367470018565655,25960.98733600229,60701.97039025034
1769779816,200,,Aggregated,110.500000,0.000000,61,68,76,83,190,740,1500,8900,23000,26000,26000,22837,0,61,306.74853121596294,28.367470018565655,25960.98733600229,60641.83561763804
1769779818,200,,Aggregated,101.700000,0.000000,61,69,77,86,230,830,1500,8900,23000,26000,26000,23090,0,61,314.1221910023345,28.367470018565655,25960.98733600229,60717.863923776524
1769779819,200,,Aggregated,101.300000,0.000000,61,69,77,86,240,820,1500,8800,23000,26000,26000,23122,0,61,314.0968203077523,28.367470018565655,25960.98733600229,60749.84698555488
1769779820,200,,Aggregated,113.800000,0.000000,61,69,78,88,310,870,1500,8700,23000,26000,26000,23324,0,61,319.71591465827004,28.367470018565655,25960.98733600229,60516.019636426
1769779821,200,,Aggregated,101.700000,0.000000,61,70,79,90,360,870,1500,8700,23000,26000,26000,23585,0,61,319.8372251674859,28.367470018565655,25960.98733600229,60690.53016747933
1769779822,200,,Aggregated,91.700000,0.000000,61,70,79,91,360,860,1500,8700,23000,26000,26000,23786,0,61,318.29960469510655,28.367470018565655,25960.98733600229,60647.208568065245
1769779823,200,,Aggregated,122.000000,0.000000,62,70,80,93,350,860,1500,8500,23000,26000,26000,24062,0,62,316.1424207024589,28.367470018565655,25960.98733600229,60658.25629623473
1769779824,200,,Aggregated,129.700000,0.000000,62,71,81,95,340,860,1400,8300,23000,26000,26000,24300,0,62,314.3234022664883,28.367470018565655,25960.98733600229,60641.37074074074
1769779825,200,,Aggregated,129.500000,0.000000,62,71,81,95,330,850,1400,8300,23000,26000,26000,24567,0,62,311.8054389950881,28.367470018565655,25960.98733600229,60583.61977449424
1769779826,200,,Aggregated,141.700000,0.000000,62,71,81,96,310,850,1400,8100,23000,26000,26000,24816,0,62,309.57408958188836,28.367470018565655,25960.98733600229,60585.213330109604
1769779827,200,,Aggregated,157.300000,0.000000,62,71,81,95,300,840,1400,8000,22000,26000,26000,25098,0,62,306.82337443378844,28.367470018565655,25960.98733600229,60558.21244720695
1769779828,200,,Aggregated,174.300000,0.000000,62,71,81,94,290,840,1400,7900,22000,26000,26000,25321,0,62,304.6715486539497,28.367470018565655,25960.98733600229,60529.287903321354
1769779829,200,,Aggregated,189.800000,0.000000,62,70,80,93,280,840,1400,7800,22000,26000,26000,25551,0,62,302.47520356461996,28.367470018565655,25960.98733600229,60485.795154788466
1769779831,200,,Aggregated,219.900000,0.000000,62,70,80,93,270,830,1400,7800,22000,26000,26000,25793,0,62,300.22248327466906,28.367470018565655,25960.98733600229,60489.623541270885
1769779832,200,,Aggregated,236.600000,0.000000,62,70,80,92,270,830,1400,7500,22000,26000,26000,26007,0,62,298.24218810768684,28.367470018565655,25960.98733600229,60464.14646056831
1769779833,200,,Aggregated,225.400000,0.000000,62,70,80,92,260,830,1400,7300,22000,26000,26000,26235,0,62,296.1922615154546,28.367470018565655,25960.98733600229,60452.59740804269
1769779834,200,,Aggregated,231.200000,0.000000,62,70,79,91,250,830,1300,7200,22000,26000,26000,26488,0,62,293.9389209990149,28.367470018565655,25960.98733600229,60432.84842192691
1769779835,200,,Aggregated,231.800000,0.000000,62,70,79,91,250,820,1300,7100,22000,26000,26000,26726,0,62,291.86310253472226,28.367470018565655,25960.98733600229,60418.13518670957
1769779836,200,,Aggregated,237.900000,0.000000,62,70,79,90,240,820,1300,7100,22000,26000,26000,26981,0,62,289.67578143037395,28.367470018565655,25960.98733600229,60412.88569734257
1769779837,200,,Aggregated,239.700000,0.000000,61,70,79,89,240,820,1300,6800,22000,26000,26000,27257,0,61,287.34357338603303,28.367470018565655,25960.98733600229,60395.87973731518
1769779838,200,,Aggregated,238.100000,0.000000,61,70,78,89,230,810,1300,6700,22000,26000,26000,27509,0,61,285.25369136794427,28.367470018565655,25960.98733600229,60394.19833509033
1769779839,200,,Aggregated,241.900000,0.000000,61,69,78,88,230,800,1300,6700,22000,26000,26000,27790,0,61,282.9895136471661,28.367470018565655,25960.98733600229,60369.86667866139
1769779840,200,,Aggregated,238.900000,0.000000,61,69,78,88,220,790,1300,6700,22000,26000,26000,28031,0,61,281.06009420517694,28.367470018565655,25960.98733600229,60365.424315935925
1769779841,200,,Aggregated,244.800000,0.000000,61,69,78,88,220,790,1300,6600,22000,26000,26000,28297,0,61,279.11971677324823,28.367470018565655,25960.98733600229,60356.90490157967
1769779842,200,,Aggregated,245.900000,0.000000,61,69,78,88,220,790,1300,6500,22000,26000,26000,28537,0,61,277.2421881058711,28.367470018565655,25960.98733600229,60345.80989592459
1769779843,200,,Aggregated,248.000000,0.000000,61,69,77,87,210,780,1300,6400,22000,26000,26000,28806,0,61,275.2131008184583,28.367470018565655,25960.98733600229,60321.712664028324
1769779844,200,,Aggregated,247.400000,0.000000,61,69,77,87,210,780,1300,6300,22000,26000,26000,29033,0,61,273.52211860808774,28.367470018565655,25960.98733600229,60301.890607240035
1769779845,200,,Aggregated,250.000000,0.000000,61,69,77,86,200,770,1300,6100,22000,26000,26000,29282,0,61,271.69792560954454,28.367470018565655,25960.98733600229,60299.99381872823
1769779846,200,,Aggregated,248.100000,0.000000,61,69,77,86,200,770,1300,6000,22000,26000,26000,29527,0,61,269.92944056735865,28.367470018565655,25960.98733600229,60296.94367866698
1769779847,200,,Aggregated,250.000000,0.000000,61,69,77,86,200,760,1300,5900,22000,26000,26000,29776,0,61,268.18212861126625,28.367470018565655,25960.98733600229,60297.865562869425
1769779848,200,,Aggregated,247.500000,0.000000,61,69,77,85,190,760,1300,5800,22000,25000,26000,30020,0,61,266.5000517124467,28.367470018565655,25960.98733600229,60293.46565622918
1769779849,200,,Aggregated,246.500000,0.000000,61,69,77,85,190,760,1300,5700,22000,25000,26000,30258,0,61,264.9096773943397,28.367470018565655,25960.98733600229,60295.47917906009
1769779850,200,,Aggregated,245.100000,0.000000,61,69,76,85,180,760,1300,5600,22000,25000,26000,30515,0,61,263.2023597560108,28.367470018565655,25960.98733600229,60288.44876290349
1769779851,200,,Aggregated,242.200000,0.000000,61,69,76,85,180,750,1300,5500,22000,25000,26000,30751,0,61,261.63820854405947,28.367470018565655,25960.98733600229,60296.076322721216
1769779852,200,,Aggregated,243.200000,0.000000,61,68,76,84,180,750,1300,5500,22000,25000,26000,30999,0,61,260.00273928832894,28.367470018565655,25960.98733600229,60281.34475305655
1769779853,200,,Aggregated,242.000000,0.000000,61,68,76,84,180,740,1300,5300,22000,25000,26000,31273,0,61,258.24222166249984,28.367470018565655,25960.98733600229,60295.847632142744
1769779854,200,,Aggregated,245.200000,0.000000,61,68,76,83,180,740,1300,5200,22000,25000,26000,31521,0,61,256.6546961797772,28.367470018565655,25960.98733600229,60278.09663399004
1769779855,200,,Aggregated,245.700000,0.000000,61,68,75,83,170,740,1300,5200,22000,25000,26000,31754,0,61,255.19076541182432,28.367470018565655,25960.98733600229,60281.00201549411
1769779856,200,,Aggregated,246.500000,0.000000,61,68,75,83,170,730,1300,5100,22000,25000,26000,32032,0,61,253.53424750798877,28.367470018565655,25960.98733600229,60274.78262362637
1769779857,200,,Aggregated,246.000000,0.000000,61,68,75,82,170,720,1300,4900,22000,25000,26000,32267,0,61,252.13031356758106,28.367470018565655,25960.98733600229,60277.75637648371
1769779858,200,,Aggregated,245.500000,0.000000,61,68,75,82,170,720,1300,4800,22000,25000,26000,32527,0,61,250.61143982502603,28.367470018565655,25960.98733600229,60273.525501890734
1769779859,200,,Aggregated,244.600000,0.000000,61,68,75,82,170,720,1300,4800,22000,25000,26000,32781,0,61,249.12475652243606,28.367470018565655,25960.98733600229,60267.6462585034
1769779860,200,,Aggregated,244.500000,0.000000,61,68,75,82,170,710,1300,4700,21000,25000,26000,33038,0,61,247.64498198555341,28.367470018565655,25960.98733600229,60261.70733700587
1769779861,200,,Aggregated,245.600000,0.000000,61,68,75,82,160,710,1300,4700,21000,25000,26000,33270,0,61,246.33166388388108,28.367470018565655,25960.98733600229,60257.684159903816
1769779862,200,,Aggregated,246.000000,0.000000,61,68,75,82,160,700,1300,4500,21000,25000,26000,33528,0,61,244.9626684403577,28.367470018565655,25960.98733600229,60246.54957050823
1769779863,200,,Aggregated,245.300000,0.000000,61,68,75,81,160,690,1200,4100,21000,25000,26000,33766,0,61,243.70116126792757,28.367470018565655,25960.98733600229,60249.27729076586
1769779864,200,,Aggregated,246.000000,0.000000,61,68,75,81,160,670,1200,3900,21000,25000,26000,34030,0,61,242.27272618995167,28.367470018565655,25960.98733600229,60255.60443726124
1769779865,200,,Aggregated,245.300000,0.000000,61,68,74,81,160,670,1200,3800,21000,25000,26000,34286,0,61,240.90201364039692,28.367470018565655,25960.98733600229,60237.5342122149
1769779866,200,,Aggregated,246.800000,0.000000,61,68,74,81,160,670,1200,3500,21000,25000,26000,34531,0,61,239.60956217118905,28.367470018565655,25960.98733600229,60246.5053719846
1769779867,200,,Aggregated,247.700000,0.000000,61,68,74,81,160,660,1200,3500,21000,25000,26000,34780,0,61,238.3240631993113,28.367470018565655,25960.98733600229,60233.517107533065
1769779868,200,,Aggregated,248.200000,0.000000,60,67,74,80,150,660,1200,3500,21000,25000,26000,35034,0,60,237.0097356732955,28.367470018565655,25960.98733600229,60232.343437803276
1769779869,200,,Aggregated,248.300000,0.000000,60,67,74,80,150,660,1200,3400,21000,25000,26000,35281,0,60,235.75253614623225,28.367470018565655,25960.98733600229,60231.92619256824
1769779870,200,,Aggregated,247.400000,0.000000,60,67,74,80,150,640,1200,3300,21000,25000,26000,35544,0,60,234.44593451032645,28.367470018565655,25960.98733600229,60221.57441480982
1769779871,200,,Aggregated,246.200000,0.000000,60,67,74,80,150,620,1200,3300,21000,25000,26000,35786,0,60,233.27364047084623,28.367470018565655,25960.98733600229,60218.790337003295
1769779872,200,,Aggregated,244.800000,0.000000,60,67,74,80,150,610,1200,3100,21000,25000,26000,36041,0,60,232.06086354927373,28.367470018565655,25960.98733600229,60210.09949779418
1769779873,200,,Aggregated,246.500000,0.000000,60,67,74,80,150,600,1200,3100,21000,25000,26000,36278,0,60,230.94527375887472,28.367470018565655,25960.98733600229,60203.5173934616
1769779874,200,,Aggregated,245.300000,0.000000,60,67,74,80,150,580,1200,3100,21000,25000,26000,36541,0,60,229.70629033619736,28.367470018565655,25960.98733600229,60196.24755753811
1769779875,200,,Aggregated,247.100000,0.000000,60,67,73,79,140,560,1200,3000,21000,25000,26000,36779,0,60,228.59624119157883,28.367470018565655,25960.98733600229,60189.896163571604
1769779876,200,,Aggregated,245.200000,0.000000,60,67,73,79,140,550,1200,2900,21000,25000,26000,37026,0,60,227.46564930470765,28.367470018565655,25960.98733600229,60182.84419056879
1769779877,200,,Aggregated,245.100000,0.000000,60,67,73,79,140,550,1200,2900,21000,25000,26000,37266,0,60,226.38469981618323,28.367470018565655,25960.98733600229,60180.67925186497
1769779878,200,,Aggregated,245.100000,0.000000,60,67,73,79,140,550,1200,2900,21000,25000,26000,37513,0,60,225.26653684291784,28.367470018565655,25960.98733600229,60179.2222696132
1769779879,200,,Aggregated,242.800000,0.000000,60,67,73,79,140,540,1200,2900,21000,25000,26000,37775,0,60,224.13436638917386,28.367470018565655,25960.98733600229,60168.286273990736
1769779880,200,,Aggregated,244.100000,0.000000,60,67,73,79,140,540,1200,2900,21000,25000,26000,38034,0,60,223.0295796590643,28.367470018565655,25960.98733600229,60156.17744649524
1769779881,200,,Aggregated,243.000000,0.000000,60,67,73,79,130,540,1200,2700,21000,25000,26000,38265,0,60,222.02714815015108,28.367470018565655,25960.98733600229,60162.528028224224
1769779882,200,,Aggregated,244.300000,0.000000,60,67,73,78,130,540,1200,2400,21000,25000,26000,38514,0,60,220.9879877610544,28.367470018565655,25960.98733600229,60153.32024718284
1769779883,200,,Aggregated,244.600000,0.000000,60,67,73,78,130,540,1200,2300,21000,25000,26000,38760,0,60,219.97218951354841,28.367470018565655,25960.98733600229,60165.97425180599
1769779885,200,,Aggregated,244.500000,0.000000,60,67,73,78,130,540,1200,2300,21000,25000,26000,39027,0,60,218.89878129381216,28.367470018565655,25960.98733600229,60162.332667127885
1769779886,200,,Aggregated,242.900000,0.000000,60,67,73,78,130,530,1200,2200,21000,25000,26000,39264,0,60,217.93859390399484,28.367470018565655,25960.98733600229,60162.86020273023
1769779887,200,,Aggregated,244.000000,0.000000,60,67,73,78,130,530,1100,2100,21000,25000,26000,39523,0,60,216.90689940512294,28.367470018565655,25960.98733600229,60168.78546669028
1769779888,200,,Aggregated,243.300000,0.000000,60,67,72,78,130,520,1100,2100,21000,25000,26000,39782,0,60,215.90168219291866,28.367470018565655,25960.98733600229,60173.77969936152
1769779889,200,,Aggregated,246.000000,0.000000,60,67,72,78,130,520,1100,2100,21000,25000,26000,40019,0,60,214.99896755306702,28.367470018565655,25960.98733600229,60182.744721257404
1769779890,200,,Aggregated,246.800000,0.000000,60,67,72,78,130,510,1100,2100,21000,25000,26000,40280,0,60,214.04398654485084,28.367470018565655,25960.98733600229,60210.821524329695
1769779891,200,,Aggregated,246.400000,0.000000,60,67,72,78,130,510,1100,2000,21000,25000,26000,40519,0,60,213.1886169860456,28.367470018565655,25960.98733600229,60230.595646486836
1769779892,200,,Aggregated,246.400000,0.000000,60,67,72,78,130,500,1100,2000,21000,25000,26000,40759,0,60,212.474045801203,28.367470018565655,25960.98733600229,60244.880198238425
1769779893,200,,Aggregated,243.400000,0.000000,60,67,72,78,130,500,1100,2000,21000,25000,26000,40973,0,60,211.84892972145707,28.367470018565655,25960.98733600229,60271.80150342909
1769779894,200,,Aggregated,244.700000,0.000000,60,67,73,78,130,500,1100,2000,20000,25000,26000,41185,0,60,211.4844310683692,28.367470018565655,25960.98733600229,60299.0570353284
1769779895,200,,Aggregated,241.500000,0.000000,60,67,73,79,130,490,1100,2000,20000,25000,26000,41388,0,60,211.1022204263287,28.367470018565655,25960.98733600229,60330.55433942205
1769779896,200,,Aggregated,238.100000,0.000000,60,67,73,79,130,490,1100,2000,20000,25000,26000,41585,0,60,210.98314719993192,28.367470018565655,25960.98733600229,60356.89118672598
1769779897,200,,Aggregated,232.600000,0.000000,60,67,73,79,130,490,1100,2000,20000,25000,26000,41782,0,60,210.7902093942738,28.367470018565655,25960.98733600229,60387.43150160356
1769779898,200,,Aggregated,227.700000,0.000000,60,67,73,79,130,490,1100,2000,20000,25000,26000,41992,0,60,210.54920150146694,28.367470018565655,25960.98733600229,60448.3592350924
1769779899,200,,Aggregated,221.300000,0.000000,60,67,74,79,130,490,1100,2000,20000,25000,26000,42136,0,60,210.61061195233017,28.367470018565655,25960.98733600229,60469.81725840137
1769779900,200,,Aggregated,215.900000,0.000000,60,67,74,80,140,490,1100,2100,20000,25000,26000,42296,0,60,210.83581283316784,28.367470018565655,25960.98733600229,60511.329250993
1769779901,200,,Aggregated,208.900000,0.000000,61,67,74,80,140,510,1100,2100,20000,25000,26000,42457,0,61,211.65721071865,28.367470018565655,25960.98733600229,60553.487976069904
1769779902,200,,Aggregated,200.700000,0.000000,61,68,74,80,140,510,1100,2100,20000,25000,26000,42608,0,61,212.19639408239138,28.367470018565655,25960.98733600229,60612.804684566276
1769779903,200,,Aggregated,191.500000,0.000000,61,68,74,81,150,510,1100,2100,20000,25000,26000,42734,0,61,212.60819350955066,28.367470018565655,25960.98733600229,60668.88772406047
1769779904,200,,Aggregated,183.700000,0.000000,61,68,74,81,150,520,1200,2100,20000,25000,26000,42870,0,61,213.16828889549018,28.367470018565655,25960.98733600229,60724.198413809194
1769779905,200,,Aggregated,175.600000,0.000000,61,68,75,81,150,520,1200,2200,20000,25000,26000,42981,0,61,213.70165620314026,28.367470018565655,25960.98733600229,60753.39447662921
1769779906,200,,Aggregated,170.100000,0.000000,61,68,75,81,150,530,1200,2200,20000,25000,26000,43039,0,61,214.2527440396395,28.367470018565655,25960.98733600229,60762.47124700853
1769779907,200,,Aggregated,158.700000,0.000000,61,68,75,82,160,540,1200,2200,20000,25000,26000,43182,0,61,215.46703938983677,28.367470018565655,25960.98733600229,60822.65191514983
1769779908,200,,Aggregated,148.300000,0.000000,61,68,75,82,160,540,1200,2300,20000,25000,26000,43281,0,61,217.07132019883736,28.367470018565655,25960.98733600229,60852.2699798988
1769779909,200,,Aggregated,138.100000,0.000000,61,68,75,82,160,550,1200,2300,20000,25000,26000,43352,0,61,218.29095457339892,28.367470018565655,25960.98733600229,60854.76766931168
1769779911,200,,Aggregated,131.200000,0.000000,61,68,75,83,170,570,1200,2500,20000,25000,26000,43498,0,61,220.75072845199819,28.367470018565655,25960.98733600229,60860.52818520392
1769779912,200,,Aggregated,108.800000,0.000000,61,68,76,83,170,590,1200,2800,20000,25000,26000,43636,0,61,222.48338779003228,28.367470018565655,25960.98733600229,60882.60243835365
1769779913,200,,Aggregated,108.800000,0.000000,61,68,76,83,170,590,1200,2900,20000,25000,26000,43723,0,61,224.52723578747964,28.367470018565655,25960.98733600229,60894.92889325984
1769779914,200,,Aggregated,106.900000,0.000000,61,68,76,84,180,600,1200,3100,20000,25000,26000,43920,0,61,226.55603936627517,28.367470018565655,25960.98733600229,60941.09790528233
1769779915,200,,Aggregated,102.500000,0.000000,61,69,76,85,180,600,1300,3400,20000,25000,26000,44040,0,61,229.60933551859486,28.367470018565655,25960.98733600229,60949.35313351499
1769779916,200,,Aggregated,105.100000,0.000000,61,69,76,85,190,600,1300,3400,20000,25000,26000,44131,0,61,230.64775693675728,28.367470018565655,25960.98733600229,60952.99145725227
1769779917,200,,Aggregated,104.400000,0.000000,61,69,77,86,200,640,1300,3400,20000,25000,26000,44336,0,61,231.82368514362074,28.367470018565655,25960.98733600229,60996.66478708047
1769779918,200,,Aggregated,109.400000,0.000000,61,69,77,87,220,650,1300,3300,20000,25000,26000,44536,0,61,232.94138154831103,28.367470018565655,25960.98733600229,61004.04317855218
1769779919,200,,Aggregated,117.500000,0.000000,61,69,78,88,220,640,1300,3300,20000,25000,26000,44741,0,61,232.86475739850894,28.367470018565655,25960.98733600229,61052.75210656892
1769779921,200,,Aggregated,114.400000,0.000000,61,69,78,88,230,640,1300,3300,20000,25000,26000,44773,0,61,233.11655774970936,28.367470018565655,25960.98733600229,61041.02349630358
1769779923,200,,Aggregated,123.600000,0.000000,61,69,78,88,230,660,1300,3300,20000,25000,26000,44836,0,61,234.22308636757782,28.367470018565655,25960.98733600229,61015.21380140958
1769779924,200,,Aggregated,120.400000,0.000000,61,69,78,90,250,740,1300,3200,19000,25000,26000,45107,0,61,240.58469298844398,28.367470018565655,25960.98733600229,60991.41636553085
1769779926,200,,Aggregated,111.300000,0.000000,61,70,79,91,260,750,1300,3200,19000,25000,26000,45232,0,61,241.1668396184328,28.367470018565655,25960.98733600229,61043.200145914394
1769779927,200,,Aggregated,117.000000,0.000000,62,70,80,93,310,760,1300,3100,19000,25000,26000,45577,0,62,244.3830839393006,28.367470018565655,25960.98733600229,61008.11909515764
1769779928,200,,Aggregated,112.100000,0.000000,62,70,80,93,310,760,1300,3100,19000,25000,26000,45629,0,62,244.26913774279,28.367470018565655,25960.98733600229,61025.14898419865
1769779930,200,,Aggregated,100.800000,0.000000,62,70,80,95,330,780,1300,3100,19000,25000,26000,45746,0,62,245.78806515574902,28.367470018565655,25960.98733600229,60933.939273379096
1769779931,200,,Aggregated,111.000000,0.000000,62,70,81,97,360,780,1300,3000,19000,25000,26000,46064,0,62,246.97629438758287,28.367470018565655,25960.98733600229,60990.31642931573
1769779932,200,,Aggregated,100.200000,0.000000,62,70,81,97,360,770,1300,3000,19000,25000,26000,46280,0,62,246.1928349022991,28.367470018565655,25960.98733600229,60979.741356957646
1769779933,200,,Aggregated,128.700000,0.000000,62,71,81,98,350,770,1300,3000,19000,25000,26000,46570,0,62,245.2785762860484,28.367470018565655,25960.98733600229,60967.710264118534
1769779934,200,,Aggregated,143.900000,0.000000,62,71,82,99,350,760,1300,2900,19000,25000,26000,46790,0,62,244.7823420829903,28.367470018565655,25960.98733600229,60917.33695234024
1769779935,200,,Aggregated,171.300000,0.000000,62,71,82,99,350,760,1300,2900,19000,25000,26000,47048,0,62,243.9803293509961,28.367470018565655,25960.98733600229,60932.58967437511
1769779936,200,,Aggregated,168.900000,0.000000,62,71,82,99,350,760,1300,2900,19000,25000,26000,47282,0,62,243.07469703816847,28.367470018565655,25960.98733600229,60907.0615456199
1769779937,200,,Aggregated,177.000000,0.000000,62,71,82,98,340,760,1300,2900,19000,25000,26000,47496,0,62,242.31317177225438,28.367470018565655,25960.98733600229,60884.788613778
1769779938,200,,Aggregated,193.500000,0.000000,62,71,81,98,340,750,1300,2900,19000,25000,26000,47753,0,62,241.3705523954368,28.367470018565655,25960.98733600229,60895.475718803005
1769779939,200,,Aggregated,211.600000,0.000000,62,71,81,97,340,750,1300,2800,19000,25000,26000,48002,0,62,240.45464529246868,28.367470018565655,25960.98733600229,60887.45179367526
1769779940,200,,Aggregated,205.500000,0.000000,62,71,81,97,330,740,1300,2700,19000,25000,26000,48259,0,62,239.51316451475398,28.367470018565655,25960.98733600229,60875.81151702273
1769779941,200,,Aggregated,229.300000,0.000000,62,71,81,96,330,740,1300,2600,19000,25000,26000,48505,0,62,238.631553487819,28.367470018565655,25960.98733600229,60869.63756313782
1769779942,200,,Aggregated,246.500000,0.000000,62,71,81,96,320,740,1300,2600,19000,25000,26000,48762,0,62,237.73955793014287,28.367470018565655,25960.98733600229,60849.61117263443
1769779943,200,,Aggregated,239.700000,0.000000,62,71,81,96,320,740,1300,2500,19000,25000,26000,49007,0,62,236.86989552380135,28.367470018565655,25960.98733600229,60840.96841267574
1769779944,200,,Aggregated,242.600000,0.000000,62,70,81,95,310,730,1300,2400,19000,25000,26000,49284,0,62,235.88972348057203,28.367470018565655,25960.98733600229,60835.78516354192
1769779945,200,,Aggregated,234.700000,0.000000,62,70,80,95,310,730,1300,2400,19000,25000,26000,49546,0,62,234.97616570517468,28.367470018565655,25960.98733600229,60824.92606870383
1769779946,200,,Aggregated,247.300000,0.000000,62,70,80,95,300,720,1300,2300,19000,25000,26000,49808,0,62,234.06120157725204,28.367470018565655,25960.98733600229,60814.5132308063
1769779947,200,,Aggregated,245.200000,0.000000,62,70,80,94,300,720,1300,2300,19000,25000,26000,50058,0,62,233.2113059176124,28.367470018565655,25960.98733600229,60803.411242958166
1769779948,200,,Aggregated,245.500000,0.000000,62,70,80,94,290,720,1300,2300,19000,25000,26000,50303,0,62,232.354090466299,28.367470018565655,25960.98733600229,60787.02250362802
1769779949,200,,Aggregated,247.300000,0.000000,62,70,80,93,280,710,1300,2300,19000,25000,26000,50561,0,62,231.4647742098363,28.367470018565655,25960.98733600229,60778.111568204746
1769779950,200,,Aggregated,243.900000,0.000000,62,70,80,93,280,710,1300,2300,19000,25000,26000,50795,0,62,230.6695568238168,28.367470018565655,25960.98733600229,60773.274003346785
1769779951,200,,Aggregated,242.400000,0.000000,62,70,80,92,280,700,1300,2200,19000,25000,26000,51059,0,62,229.78770779546764,28.367470018565655,25960.98733600229,60769.024736089625
1769779952,200,,Aggregated,242.500000,0.000000,62,70,79,92,270,700,1300,2200,19000,25000,26000,51298,0,62,228.98812190328294,28.367470018565655,25960.98733600229,60756.83568560178
1769779953,200,,Aggregated,243.600000,0.000000,62,70,79,92,270,700,1300,2200,19000,25000,26000,51545,0,62,228.17668204682,28.367470018565655,25960.98733600229,60752.36989038704
1769779954,200,,Aggregated,246.200000,0.000000,62,70,79,91,270,690,1300,2200,19000,25000,26000,51810,0,62,227.3096819760261,28.367470018565655,25960.98733600229,60754.95801968732
1769779955,200,,Aggregated,249.900000,0.000000,62,70,79,91,260,680,1300,2100,19000,25000,26000,52066,0,62,226.47528247199176,28.367470018565655,25960.98733600229,60747.945741942916
1769779956,200,,Aggregated,252.100000,0.000000,62,70,79,91,260,680,1300,2100,19000,25000,26000,52317,0,62,225.7329162775379,28.367470018565655,25960.98733600229,60744.32115755873
1769779957,200,,Aggregated,252.400000,0.000000,62,70,79,90,260,670,1300,2100,19000,25000,26000,52593,0,62,224.85899022594526,28.367470018565655,25960.98733600229,60741.84724202841
1769779958,200,,Aggregated,251.000000,0.000000,62,70,79,90,250,670,1300,2100,19000,25000,26000,52822,0,62,224.1344409168038,28.367470018565655,25960.98733600229,60739.44814660558
1769779959,200,,Aggregated,250.300000,0.000000,61,69,78,90,250,670,1300,2100,19000,25000,26000,53059,0,61,223.39071833910182,28.367470018565655,25960.98733600229,60732.839009404626
1769779960,200,,Aggregated,251.600000,0.000000,61,69,78,90,250,670,1300,2100,19000,25000,26000,53317,0,61,222.60351677492625,28.367470018565655,25960.98733600229,60736.050959356304
1769779961,200,,Aggregated,248.700000,0.000000,61,69,78,89,250,670,1300,2100,19000,25000,26000,53580,0,61,221.79382442500616,28.367470018565655,25960.98733600229,60729.020865994775
1769779962,200,,Aggregated,246.500000,0.000000,61,69,78,89,240,660,1300,2000,19000,25000,26000,53847,0,61,220.9900989669026,28.367470018565655,25960.98733600229,60723.27138002117
1769779963,200,,Aggregated,245.400000,0.000000,61,69,78,89,240,660,1300,2000,19000,25000,26000,54111,0,61,220.20380214815717,28.367470018565655,25960.98733600229,60714.49004823418
1769779964,200,,Aggregated,244.000000,0.000000,61,69,78,88,240,660,1300,2000,19000,25000,26000,54342,0,61,219.5230480399625,28.367470018565655,25960.98733600229,60709.5193404733
1769779965,200,,Aggregated,246.800000,0.000000,61,69,78,88,240,660,1200,2000,19000,25000,26000,54587,0,61,218.80671787191386,28.367470018565655,25960.98733600229,60706.5479876161
1769779966,200,,Aggregated,247.300000,0.000000,61,69,78,88,240,660,1200,2000,19000,25000,26000,54827,0,61,218.11311983601286,28.367470018565655,25960.98733600229,60705.01466430773
1769779968,200,,Aggregated,246.400000,0.000000,61,69,77,88,230,660,1200,2000,19000,25000,26000,55090,0,61,217.35133342450519,28.367470018565655,25960.98733600229,60704.183536031946
1769779969,200,,Aggregated,244.100000,0.000000,61,69,77,87,230,660,1200,1900,19000,25000,26000,55321,0,61,216.68035750915158,28.367470018565655,25960.98733600229,60696.17756367383
1769779970,200,,Aggregated,244.400000,0.000000,61,69,77,87,230,660,1200,1900,19000,25000,26000,55579,0,61,215.94569297869236,28.367470018565655,25960.98733600229,60695.65197286745
1769779971,200,,Aggregated,244.300000,0.000000,61,69,77,87,230,660,1200,1900,19000,25000,26000,55824,0,61,215.24859950522887,28.367470018565655,25960.98733600229,60691.61231728289
1769779972,200,,Aggregated,246.400000,0.000000,61,69,77,87,230,660,1200,1900,19000,25000,26000,56089,0,61,214.50288230260503,28.367470018565655,25960.98733600229,60684.72910909448
1769779973,200,,Aggregated,245.700000,0.000000,61,69,77,86,220,660,1200,1900,19000,25000,26000,56337,0,61,213.79626658159935,28.367470018565655,25960.98733600229,60678.247546017716
1769779974,200,,Aggregated,246.400000,0.000000,61,69,77,86,220,650,1200,1900,19000,25000,26000,56600,0,61,213.0717512419296,28.367470018565655,25960.98733600229,60681.233763250886
1769779975,200,,Aggregated,244.000000,0.000000,61,69,77,86,220,650,1200,1900,19000,25000,26000,56847,0,61,212.40068937107017,28.367470018565655,25960.98733600229,60670.935018558586
1769779976,200,,Aggregated,243.600000,0.000000,61,69,77,86,220,650,1200,1800,19000,25000,26000,57111,0,61,211.6867268388007,28.367470018565655,25960.98733600229,60666.35331197143
1769779977,200,,Aggregated,243.800000,0.000000,61,68,76,86,220,650,1200,1800,19000,25000,26000,57373,0,61,210.9876673102996,28.367470018565655,25960.98733600229,60659.1666811915
1769779978,200,,Aggregated,246.200000,0.000000,61,68,76,85,220,640,1200,1800,19000,25000,26000,57611,0,61,210.354911652804,28.367470018565655,25960.98733600229,60656.54942632483
1769779979,200,,Aggregated,247.700000,0.000000,61,68,76,85,210,640,1200,1800,19000,25000,26000,57869,0,61,209.68563505001137,28.367470018565655,25960.98733600229,60646.604969845685
1769779980,200,,Aggregated,245.800000,0.000000,61,68,76,85,210,640,1200,1800,19000,25000,26000,58108,0,61,209.06897437530782,28.367470018565655,25960.98733600229,60639.46714738074
1769779981,200,,Aggregated,248.400000,0.000000,61,68,76,85,210,640,1200,1800,19000,25000,26000,58355,0,61,208.44217232500893,28.367470018565655,25960.98733600229,60637.416982263734
1769779982,200,,Aggregated,246.100000,0.000000,61,68,76,85,210,640,1200,1800,19000,25000,26000,58610,0,61,207.78650818839415,28.367470018565655,25960.98733600229,60636.9714383211
1769779983,200,,Aggregated,246.800000,0.000000,61,68,76,84,210,630,1200,1700,19000,25000,26000,58843,0,61,207.21087730683973,28.367470018565655,25960.98733600229,60626.88302771783
1769779984,200,,Aggregated,245.600000,0.000000,61,68,76,84,210,630,1200,1700,18000,25000,26000,59096,0,61,206.6116250887516,28.367470018565655,25960.98733600229,60620.577281034246
1769779985,200,,Aggregated,243.900000,0.000000,61,68,76,84,200,630,1200,1700,18000,25000,26000,59339,0,61,206.01949020189346,28.367470018565655,25960.98733600229,60614.771583612805
1769779986,200,,Aggregated,244.100000,0.000000,61,68,76,84,200,630,1200,1700,18000,25000,26000,59615,0,61,205.36758344955604,28.367470018565655,25960.98733600229,60613.41112136207
1769779987,200,,Aggregated,244.200000,0.000000,61,68,76,84,200,620,1200,1700,18000,25000,26000,59858,0,61,204.78030126019698,28.367470018565655,25960.98733600229,60614.372698720304
1769779988,200,,Aggregated,245.900000,0.000000,61,68,76,84,200,620,1200,1700,18000,25000,26000,60113,0,61,204.1743564300354,28.367470018565655,25960.98733600229,60611.441252308156
1769779989,200,,Aggregated,244.900000,0.000000,61,68,76,84,200,620,1200,1700,18000,25000,26000,60373,0,61,203.55758147571055,28.367470018565655,25960.98733600229,60608.76370231726
1769779990,200,,Aggregated,245.500000,0.000000,61,68,76,83,200,610,1200,1700,18000,25000,26000,60617,0,61,202.99573783930666,28.367470018565655,25960.98733600229,60608.72433475758
1769779991,200,,Aggregated,245.800000,0.000000,61,68,76,83,190,610,1100,1700,18000,25000,26000,60883,0,61,202.3753296484642,28.367470018565655,25960.98733600229,60600.81436525795
1769779992,200,,Aggregated,245.100000,0.000000,61,68,75,83,190,610,1100,1700,18000,25000,26000,61120,0,61,201.81717705023834,28.367470018565655,25960.98733600229,60606.47316753927
1769779993,200,,Aggregated,247.000000,0.000000,61,68,75,83,190,600,1100,1700,18000,25000,26000,61348,0,61,201.33315368800288,28.367470018565655,25960.98733600229,60591.29792332269
1769779994,200,,Aggregated,244.500000,0.000000,61,68,75,83,190,600,1100,1700,18000,25000,26000,61598,0,61,200.8751803930762,28.367470018565655,25960.98733600229,60605.37476866132
1769779995,200,,Aggregated,246.000000,0.000000,61,68,75,83,190,600,1100,1700,18000,25000,26000,61835,0,61,200.36799531651823,28.367470018565655,25960.98733600229,60616.69053125253
1769779996,200,,Aggregated,245.800000,0.000000,61,68,75,83,190,600,1100,1700,18000,25000,26000,62087,0,61,199.83171810171098,28.367470018565655,25960.98733600229,60626.15392916391
1769779997,200,,Aggregated,245.900000,0.000000,61,68,75,83,190,590,1100,1700,18000,25000,26000,62309,0,61,199.39524503715717,28.367470018565655,25960.98733600229,60629.12405912468
1769779998,200,,Aggregated,241.400000,0.000000,61,68,76,83,190,590,1100,1700,18000,25000,26000,62522,0,61,199.05223963297283,28.367470018565655,25960.98733600229,60640.94299606539
1769779999,200,,Aggregated,241.100000,0.000000,61,68,76,84,190,590,1100,1700,18000,25000,26000,62760,0,61,198.8387071044271,28.367470018565655,25960.98733600229,60650.75047801147
1769780000,200,,Aggregated,237.600000,0.000000,61,68,76,84,190,590,1100,1700,18000,25000,26000,62970,0,61,198.6000506742017,28.367470018565655,25960.98733600229,60666.91127521042
1769780001,200,,Aggregated,235.300000,0.000000,61,68,76,84,190,590,1100,1700,18000,25000,26000,63193,0,61,198.32711747632854,28.367470018565655,25960.98733600229,60692.568718054215
1769780002,200,,Aggregated,232.700000,0.000000,61,68,76,84,190,590,1100,1700,18000,25000,26000,63377,0,61,198.26216542601395,28.367470018565655,25960.98733600229,60701.454707543744
1769780003,200,,Aggregated,228.700000,0.000000,61,68,76,84,190,590,1100,1700,18000,25000,26000,63559,0,61,198.38030468503607,28.367470018565655,25960.98733600229,60715.918390786515
1769780004,200,,Aggregated,225.600000,0.000000,61,68,76,85,190,580,1100,1700,18000,25000,26000,63765,0,61,198.1934358274662,28.367470018565655,25960.98733600229,60752.00213283149
1769780005,200,,Aggregated,221.600000,0.000000,61,69,76,85,190,580,1100,1700,18000,25000,26000,63950,0,61,198.33800963525374,28.367470018565655,25960.98733600229,60769.76070367474
1769780006,200,,Aggregated,214.600000,0.000000,61,69,76,85,190,580,1100,1700,18000,25000,26000,64135,0,61,198.48006094602542,28.367470018565655,25960.98733600229,60795.859764559136
1769780007,200,,Aggregated,209.100000,0.000000,61,69,77,85,190,580,1100,1700,18000,25000,26000,64325,0,61,198.52525099067844,28.367470018565655,25960.98733600229,60824.30983287991
1769780009,200,,Aggregated,204.900000,0.000000,61,69,77,86,200,580,1100,1700,18000,25000,26000,64469,0,61,198.91458649289396,28.367470018565655,25960.98733600229,60831.84645333416
1769780010,200,,Aggregated,196.800000,0.000000,61,69,77,86,200,590,1100,1700,18000,25000,26000,64653,0,61,199.23996746138144,28.367470018565655,25960.98733600229,60868.50718450807
1769780011,200,,Aggregated,196.800000,0.000000,61,69,77,86,200,590,1100,1700,18000,25000,26000,64786,0,61,199.52756355447093,28.367470018565655,25960.98733600229,60888.977109252
1769780012,200,,Aggregated,183.900000,0.000000,61,69,77,87,210,590,1200,1700,18000,25000,26000,64973,0,61,199.93711623019954,28.367470018565655,25960.98733600229,60932.910855278344
1769780013,200,,Aggregated,175.700000,0.000000,61,69,77,87,210,590,1200,1700,18000,25000,26000,65116,0,61,199.99912378871775,28.367470018565655,25960.98733600229,60975.6138429879
1769780014,200,,Aggregated,173.200000,0.000000,61,69,77,87,210,590,1200,1800,18000,25000,26000,65198,0,61,200.49782020675354,28.367470018565655,25960.98733600229,60975.39544157796
1769780015,200,,Aggregated,166.500000,0.000000,61,69,78,88,220,600,1200,1800,18000,25000,26000,65381,0,61,201.2469443273084,28.367470018565655,25960.98733600229,61008.70661201266
1769780016,200,,Aggregated,156.600000,0.000000,61,69,78,88,220,600,1200,1800,18000,25000,26000,65518,0,61,201.5786344373401,28.367470018565655,25960.98733600229,61029.78178515828
1769780017,200,,Aggregated,152.500000,0.000000,61,69,78,89,220,600,1200,1800,18000,25000,26000,65648,0,61,202.0896072984132,28.367470018565655,25960.98733600229,61058.978415184014
1769780018,200,,Aggregated,148.600000,0.000000,61,69,78,89,230,610,1200,1800,18000,25000,26000,65790,0,61,202.95572121386678,28.367470018565655,25960.98733600229,61052.135993312055
1769780020,200,,Aggregated,144.200000,0.000000,61,69,78,90,240,610,1200,1800,18000,25000,26000,65905,0,61,204.0157600151662,28.367470018565655,25960.98733600229,61065.58494803125
1769780021,200,,Aggregated,137.200000,0.000000,61,70,79,90,240,640,1200,1900,18000,25000,26000,66071,0,61,206.73973051735445,28.367470018565655,25960.98733600229,61045.261597372526
1769780022,200,,Aggregated,126.200000,0.000000,62,70,79,91,250,640,1200,1900,18000,25000,26000,66301,0,62,207.49969857889553,28.367470018565655,25960.98733600229,61112.579312529226
1769780024,200,,Aggregated,119.000000,0.000000,62,70,79,92,260,640,1200,1900,18000,25000,26000,66405,0,62,207.62064741725385,28.367470018565655,25960.98733600229,61111.27758451924
1769780025,200,,Aggregated,120.700000,0.000000,62,70,80,92,270,640,1200,1900,18000,25000,26000,66563,0,62,208.18962530799033,28.367470018565655,25960.98733600229,61119.39757823415
1769780026,200,,Aggregated,123.200000,0.000000,62,70,80,93,280,640,1200,1900,18000,25000,26000,66755,0,62,209.32327720763598,28.367470018565655,25960.98733600229,61120.13631937683
1769780027,200,,Aggregated,124.600000,0.000000,62,70,80,95,290,640,1200,1900,18000,25000,26000,66990,0,62,209.8032057589158,28.367470018565655,25960.98733600229,61127.56138229586
1769780029,200,,Aggregated,122.900000,0.000000,62,70,80,95,290,640,1200,1900,18000,25000,26000,67140,0,62,209.68329543384502,28.367470018565655,25960.98733600229,61140.59515936848
1769780031,200,,Aggregated,136.600000,0.000000,62,70,81,96,300,650,1200,1900,18000,25000,26000,67280,0,62,210.8374489773649,28.367470018565655,25960.98733600229,61112.57232461355
1769780033,200,,Aggregated,129.900000,0.000000,62,71,81,97,320,670,1200,1900,18000,25000,26000,67495,0,62,213.1802912882762,28.367470018565655,25960.98733600229,61119.5346618268
1769780034,200,,Aggregated,133.200000,0.000000,62,71,82,99,340,680,1200,1900,18000,25000,26000,67783,0,62,215.1357369842512,28.367470018565655,25960.98733600229,61107.29817210805
1769780035,200,,Aggregated,119.300000,0.000000,62,71,82,100,340,680,1200,1900,17000,25000,26000,68003,0,62,215.25231637668955,28.367470018565655,25960.98733600229,61095.31473611458
1769780036,200,,Aggregated,126.900000,0.000000,62,71,82,100,340,670,1200,1900,17000,25000,26000,68236,0,62,214.9053534070513,28.367470018565655,25960.98733600229,61081.0930300721
1769780037,200,,Aggregated,137.600000,0.000000,62,71,82,100,340,670,1200,1900,17000,25000,26000,68463,0,62,214.51837840889795,28.367470018565655,25960.98733600229,61098.018579378644
1769780038,200,,Aggregated,144.600000,0.000000,62,71,83,100,340,670,1200,1900,17000,25000,26000,68745,0,62,214.05620194388828,28.367470018565655,25960.98733600229,61083.101941959416
1769780039,200,,Aggregated,155.500000,0.000000,62,71,83,100,330,670,1200,1900,17000,25000,26000,69013,0,62,213.55150210528257,28.367470018565655,25960.98733600229,61077.11396403576
1769780040,200,,Aggregated,158.600000,0.000000,62,71,83,100,330,670,1200,1800,17000,25000,26000,69280,0,62,213.0509611740483,28.367470018565655,25960.98733600229,61067.15769341801
1769780041,200,,Aggregated,171.900000,0.000000,62,71,83,100,330,670,1200,1800,17000,25000,26000,69532,0,62,212.51358158211644,28.367470018565655,25960.98733600229,61056.82925847092
1769780042,200,,Aggregated,188.000000,0.000000,62,71,83,100,330,660,1200,1800,17000,25000,26000,69784,0,62,211.97596256119758,28.367470018565655,25960.98733600229,61050.25431330964
1769780043,200,,Aggregated,201.500000,0.000000,62,71,82,100,320,660,1200,1800,17000,25000,26000,70053,0,62,211.40450924603653,28.367470018565655,25960.98733600229,61040.40886186173
1769780044,200,,Aggregated,204.000000,0.000000,62,71,82,100,320,660,1200,1800,17000,25000,26000,70299,0,62,210.87645538420531,28.367470018565655,25960.98733600229,61028.457360702145
1769780046,200,,Aggregated,238.300000,0.000000,62,71,82,100,320,660,1200,1800,17000,25000,26000,70554,0,62,210.33539773144165,28.367470018565655,25960.98733600229,61022.17203843864
1769780047,200,,Aggregated,236.000000,0.000000,62,71,82,100,320,660,1200,1800,17000,25000,26000,70809,0,62,209.8032472295652,28.367470018565655,25960.98733600229,61014.78617124942
1769780048,200,,Aggregated,241.200000,0.000000,62,71,82,99,320,660,1200,1800,17000,25000,26000,71073,0,62,209.24899630073537,28.367470018565655,25960.98733600229,61003.13811151914
1769780049,200,,Aggregated,240.600000,0.000000,62,71,82,99,310,660,1200,1800,17000,25000,26000,71342,0,62,208.69464154532972,28.367470018565655,25960.98733600229,60992.51864259483
1769780050,200,,Aggregated,240.400000,0.000000,62,71,82,99,310,660,1200,1800,17000,25000,26000,71581,0,62,208.22251878149763,28.367470018565655,25960.98733600229,60986.723683659075
1769780051,200,,Aggregated,245.800000,0.000000,62,71,82,98,310,660,1200,1700,17000,25000,26000,71817,0,62,207.74458466874827,28.367470018565655,25960.98733600229,60970.66062352925
1769780052,200,,Aggregated,247.300000,0.000000,62,71,81,98,310,660,1200,1700,17000,25000,26000,72064,0,62,207.2460864735347,28.367470018565655,25960.98733600229,60966.75123501332
1769780053,200,,Aggregated,246.100000,0.000000,62,71,81,98,300,660,1200,1700,17000,25000,26000,72288,0,62,206.79355504613665,28.367470018565655,25960.98733600229,60969.15757802125
1769780054,200,,Aggregated,246.000000,0.000000,62,71,81,97,300,650,1200,1700,17000,25000,26000,72541,0,62,206.2943608478181,28.367470018565655,25960.98733600229,60952.23634909913
1769780055,200,,Aggregated,244.800000,0.000000,62,71,81,97,300,650,1200,1700,17000,25000,26000,72784,0,62,205.8268903204835,28.367470018565655,25960.98733600229,60955.610903495275
1769780056,200,,Aggregated,242.000000,0.000000,62,71,81,97,300,650,1200,1700,17000,25000,26000,73024,0,62,205.35064586247051,28.367470018565655,25960.98733600229,60950.19614099474
1769780057,200,,Aggregated,242.500000,0.000000,62,71,81,96,300,650,1200,1700,17000,25000,26000,73276,0,62,204.85803512496443,28.367470018565655,25960.98733600229,60946.97688192587
1769780058,200,,Aggregated,242.100000,0.000000,62,71,81,96,290,640,1200,1700,17000,25000,26000,73513,0,62,204.39507047722992,28.367470018565655,25960.98733600229,60940.29577081605
1769780059,200,,Aggregated,242.500000,0.000000,62,71,81,96,290,640,1200,1700,17000,25000,26000,73770,0,62,203.89897812900134,28.367470018565655,25960.98733600229,60941.26432153992
1769780060,200,,Aggregated,241.200000,0.000000,62,71,81,96,290,640,1100,1700,17000,25000,26000,74040,0,62,203.39421255185377,28.367470018565655,25960.98733600229,60935.490140464615
1769780061,200,,Aggregated,241.200000,0.000000,62,70,81,95,290,640,1100,1700,17000,25000,26000,74279,0,62,202.92575428876182,28.367470018565655,25960.98733600229,60930.43123897737
1769780062,200,,Aggregated,244.900000,0.000000,62,70,81,95,290,640,1100,1700,17000,25000,26000,74556,0,62,202.4044742453911,28.367470018565655,25960.98733600229,60928.4635978325
1769780063,200,,Aggregated,245.800000,0.000000,62,70,80,95,280,640,1100,1700,17000,25000,26000,74810,0,62,201.9353800423025,28.367470018565655,25960.98733600229,60923.378986766475
1769780064,200,,Aggregated,245.100000,0.000000,62,70,80,95,280,630,1100,1700,17000,25000,26000,75072,0,62,201.4368426955027,28.367470018565655,25960.98733600229,60918.68747335891
1769780065,200,,Aggregated,244.600000,0.000000,62,70,80,94,280,630,1100,1700,17000,25000,26000,75339,0,62,200.93567324750865,28.367470018565655,25960.98733600229,60914.58923001367
1769780066,200,,Aggregated,245.100000,0.000000,62,70,80,94,280,630,1100,1700,17000,25000,26000,75590,0,62,200.46182901167265,28.367470018565655,25960.98733600229,60906.63919830666
1769780067,200,,Aggregated,245.300000,0.000000,62,70,80,94,280,630,1100,1700,17000,25000,26000,75840,0,62,199.99588756497658,28.367470018565655,25960.98733600229,60905.70595991561
1769780068,200,,Aggregated,245.600000,0.000000,62,70,80,94,280,630,1100,1700,17000,25000,26000,76089,0,62,199.58331669770556,28.367470018565655,25960.98733600229,60901.98664721576
1769780069,200,,Aggregated,245.800000,0.000000,62,70,80,93,280,630,1100,1700,17000,25000,26000,76348,0,62,199.10344611441494,28.367470018565655,25960.98733600229,60900.5576177503
1769780070,200,,Aggregated,248.800000,0.000000,62,70,80,93,280,620,1100,1700,17000,25000,26000,76598,0,62,198.64626900990268,28.367470018565655,25960.98733600229,60900.009673881825
1769780071,200,,Aggregated,248.100000,0.000000,62,70,80,93,270,620,1100,1700,17000,25000,26000,76856,0,62,198.18735504784672,28.367470018565655,25960.98733600229,60886.98678047257
1769780072,200,,Aggregated,247.300000,0.000000,62,70,80,93,270,620,1100,1700,17000,25000,26000,77099,0,62,197.75267398363746,28.367470018565655,25960.98733600229,60889.56586985564
1769780073,200,,Aggregated,248.500000,0.000000,62,70,79,92,270,620,1100,1700,17000,25000,26000,77370,0,62,197.26517705934234,28.367470018565655,25960.98733600229,60883.69022877084
1769780074,200,,Aggregated,250.800000,0.000000,62,70,79,92,270,610,1100,1700,17000,25000,26000,77617,0,62,196.82714237316716,28.367470018565655,25960.98733600229,60886.60830745842
1769780075,200,,Aggregated,253.000000,0.000000,62,70,79,92,270,610,1100,1700,17000,25000,26000,77905,0,62,196.31359509677563,28.367470018565655,25960.98733600229,60883.652140427446
1769780076,200,,Aggregated,253.500000,0.000000,62,70,79,92,270,610,1100,1700,17000,25000,26000,78126,0,62,195.91765922562163,28.367470018565655,25960.98733600229,60879.19809026444
1769780077,200,,Aggregated,253.600000,0.000000,62,70,79,91,270,610,1100,1700,17000,25000,26000,78409,0,62,195.4207500812258,28.367470018565655,25960.98733600229,60874.173589766484
1769780078,200,,Aggregated,253.600000,0.000000,62,70,79,91,260,610,1100,1700,17000,25000,26000,78655,0,62,194.9903816660373,28.367470018565655,25960.98733600229,60868.90930010807
1769780079,200,,Aggregated,248.700000,0.000000,62,70,79,91,260,610,1100,1700,17000,25000,26000,78896,0,62,194.56713541346213,28.367470018565655,25960.98733600229,60858.041700466434
1769780080,200,,Aggregated,249.700000,0.000000,62,70,79,91,260,610,1100,1700,17000,25000,26000,79152,0,62,194.12649789417293,28.367470018565655,25960.98733600229,60856.490385587225
1769780081,200,,Aggregated,247.100000,0.000000,61,70,79,90,260,610,1100,1700,17000,25000,26000,79415,0,61,193.68293892620855,28.367470018565655,25960.98733600229,60857.114059056854
1769780082,200,,Aggregated,248.100000,0.000000,61,70,79,90,260,600,1100,1700,17000,25000,26000,79663,0,61,193.2641905963345,28.367470018565655,25960.98733600229,60849.94425266435
1769780083,200,,Aggregated,250.000000,0.000000,61,69,79,90,260,600,1100,1700,17000,25000,26000,79904,0,61,192.85517963095373,28.367470018565655,25960.98733600229,60844.20788696436
1769780084,200,,Aggregated,249.900000,0.000000,61,69,78,90,260,600,1100,1700,17000,25000,26000,80164,0,61,192.43150038528182,28.367470018565655,25960.98733600229,60838.825981737435
1769780085,200,,Aggregated,248.400000,0.000000,61,69,78,90,250,600,1100,1700,17000,25000,26000,80397,0,61,192.0492779353453,28.367470018565655,25960.98733600229,60835.80297772305
1769780086,200,,Aggregated,247.200000,0.000000,61,69,78,90,250,600,1100,1700,17000,25000,26000,80654,0,61,191.63207923431045,28.367470018565655,25960.98733600229,60833.88407270563
1769780088,200,,Aggregated,244.900000,0.000000,61,69,78,89,250,590,1100,1700,17000,25000,26000,80913,0,61,191.22571195865672,28.367470018565655,25960.98733600229,60830.324261861504
1769780089,200,,Aggregated,247.800000,0.000000,61,69,78,89,250,590,1100,1700,16000,25000,26000,81170,0,61,190.81692067803257,28.367470018565655,25960.98733600229,60824.65859307626
1769780090,200,,Aggregated,244.400000,0.000000,61,69,78,89,250,590,1100,1700,16000,25000,26000,81421,0,61,190.41255351620768,28.367470018565655,25960.98733600229,60821.14276415175
1769780091,200,,Aggregated,248.400000,0.000000,61,69,78,89,250,590,1100,1700,16000,25000,26000,81673,0,61,190.01447767384226,28.367470018565655,25960.98733600229,60819.63132246887
1769780092,200,,Aggregated,245.700000,0.000000,61,69,78,89,250,580,1100,1700,16000,25000,26000,81930,0,61,189.6087336704453,28.367470018565655,25960.98733600229,60816.43489564262
1769780093,200,,Aggregated,245.800000,0.000000,61,69,78,89,240,580,1100,1700,16000,25000,26000,82178,0,61,189.21875800876813,28.367470018565655,25960.98733600229,60814.338886319936
1769780094,200,,Aggregated,245.100000,0.000000,61,69,78,88,240,580,1100,1700,16000,25000,26000,82428,0,61,188.83383559549054,28.367470018565655,25960.98733600229,60810.62022613675
1769780095,200,,Aggregated,245.900000,0.000000,61,69,78,88,240,580,1100,1700,16000,25000,26000,82682,0,61,188.44600644857445,28.367470018565655,25960.98733600229,60805.07554243971
1769780096,200,,Aggregated,245.000000,0.000000,61,69,78,88,240,580,1100,1700,16000,25000,26000,82944,0,61,188.0534270321001,28.367470018565655,25960.98733600229,60809.31604456018
1769780097,200,,Aggregated,244.600000,0.000000,61,69,78,88,240,580,1100,1700,16000,25000,26000,83176,0,61,187.71735202028663,28.367470018565655,25960.98733600229,60807.14023275945
1769780098,200,,Aggregated,247.500000,0.000000,61,69,78,88,240,580,1100,1700,16000,25000,26000,83423,0,61,187.37865439747915,28.367470018565655,25960.98733600229,60809.25534924422
1769780099,200,,Aggregated,245.300000,0.000000,61,69,78,88,240,570,1100,1700,16000,25000,26000,83676,0,61,187.02210382329994,28.367470018565655,25960.98733600229,60810.61150150581
1769780100,200,,Aggregated,245.800000,0.000000,61,69,78,88,240,570,1100,1700,16000,25000,26000,83937,0,61,186.67804757897056,28.367470018565655,25960.98733600229,60818.71559622097
1769780101,200,,Aggregated,243.000000,0.000000,61,69,78,88,230,570,1100,1600,16000,25000,26000,84151,0,61,186.38812781362503,28.367470018565655,25960.98733600229,60822.5449489608
1769780102,200,,Aggregated,245.100000,0.000000,61,69,78,88,230,570,1100,1600,16000,25000,26000,84380,0,61,186.1446444332497,28.367470018565655,25960.98733600229,60833.81418582603
1769780103,200,,Aggregated,242.900000,0.000000,61,69,78,88,230,570,1100,1600,16000,25000,26000,84607,0,61,185.9174105027804,28.367470018565655,25960.98733600229,60837.30417104968
1769780104,200,,Aggregated,240.500000,0.000000,61,69,78,88,230,570,1100,1600,16000,25000,26000,84845,0,61,185.75053035649057,28.367470018565655,25960.98733600229,60852.174471094346
1769780105,200,,Aggregated,237.100000,0.000000,61,69,78,89,230,570,1100,1600,16000,25000,26000,85044,0,61,185.673674146355,28.367470018565655,25960.98733600229,60859.25551479234
1769780106,200,,Aggregated,236.900000,0.000000,61,69,78,89,230,570,1100,1600,16000,25000,26000,85249,0,61,185.6056173092876,28.367470018565655,25960.98733600229,60874.35817428943
1769780107,200,,Aggregated,232.700000,0.000000,61,69,78,89,230,570,1100,1600,16000,25000,26000,85429,0,61,185.57647864049417,28.367470018565655,25960.98733600229,60888.39764014562
1769780108,200,,Aggregated,226.200000,0.000000,61,70,78,89,230,560,1100,1600,16000,25000,26000,85626,0,61,185.57636844434876,28.367470018565655,25960.98733600229,60900.96726461589
1769780109,200,,Aggregated,223.200000,0.000000,62,70,79,90,230,570,1100,1600,16000,25000,26000,85820,0,62,185.8270444909012,28.367470018565655,25960.98733600229,60914.74828711256
1769780110,200,,Aggregated,216.900000,0.000000,62,70,79,90,240,570,1100,1700,16000,25000,26000,86040,0,62,186.00858609794219,28.367470018565655,25960.98733600229,60933.57561599256
1769780111,200,,Aggregated,211.500000,0.000000,62,70,79,90,240,570,1100,1700,16000,25000,26000,86204,0,62,186.0634868285763,28.367470018565655,25960.98733600229,60943.74510463551
1769780112,200,,Aggregated,201.500000,0.000000,62,70,79,90,240,570,1100,1700,16000,25000,26000,86357,0,62,186.3717235638071,28.367470018565655,25960.98733600229,60965.93712148407
1769780113,200,,Aggregated,199.100000,0.000000,62,70,79,91,240,570,1100,1700,16000,25000,26000,86538,0,62,186.85781213316537,28.367470018565655,25960.98733600229,60987.078531974395
1769780114,200,,Aggregated,190.600000,0.000000,62,70,79,91,240,570,1100,1700,16000,25000,26000,86678,0,62,186.94483719985544,28.367470018565655,25960.98733600229,61002.18612566049
1769780115,200,,Aggregated,188.600000,0.000000,62,70,79,91,240,570,1100,1700,16000,25000,26000,86812,0,62,187.14949183943742,28.367470018565655,25960.98733600229,61015.41642860434
1769780116,200,,Aggregated,181.000000,0.000000,62,70,79,91,240,570,1100,1700,16000,25000,26000,86904,0,62,187.4617897485334,28.367470018565655,25960.98733600229,61025.67378946884
1769780117,200,,Aggregated,174.800000,0.000000,62,70,79,92,240,580,1100,1700,16000,25000,26000,87004,0,62,187.9898392191687,28.367470018565655,25960.98733600229,61039.38362604018
1769780118,200,,Aggregated,167.300000,0.000000,62,70,79,92,240,580,1100,1700,16000,25000,26000,87116,0,62,189.1790931854795,28.367470018565655,25960.98733600229,61045.2934478167
1769780120,200,,Aggregated,157.800000,0.000000,62,70,80,92,250,580,1100,1700,16000,25000,26000,87208,0,62,189.97206668919304,28.367470018565655,25960.98733600229,61054.10857948812
1769780121,200,,Aggregated,140.600000,0.000000,62,70,80,92,250,590,1100,1700,16000,25000,26000,87325,0,62,191.63424825004697,28.367470018565655,25960.98733600229,61071.53945605497
1769780122,200,,Aggregated,133.700000,0.000000,62,70,80,93,250,590,1100,1800,16000,25000,26000,87437,0,62,192.49314179833297,28.367470018565655,25960.98733600229,61083.80545993115
1769780123,200,,Aggregated,123.200000,0.000000,62,70,80,93,250,590,1100,1800,16000,25000,26000,87534,0,62,192.7136806266681,28.367470018565655,25960.98733600229,61092.22233646354
1769780124,200,,Aggregated,121.000000,0.000000,62,70,80,93,250,590,1100,1800,16000,25000,26000,87614,0,62,192.95994269091412,28.367470018565655,25960.98733600229,61093.83316593239
1769780125,200,,Aggregated,111.300000,0.000000,62,70,80,93,250,600,1100,1900,16000,25000,26000,87697,0,62,193.78966632147888,28.367470018565655,25960.98733600229,61105.368564489094
1769780126,200,,Aggregated,103.500000,0.000000,62,70,80,94,260,610,1200,2000,16000,25000,26000,87839,0,62,196.3493377825515,28.367470018565655,25960.98733600229,61133.98477897062
1769780127,200,,Aggregated,98.000000,0.000000,62,70,80,94,260,610,1200,2100,16000,25000,26000,87949,0,62,197.7142629784242,28.367470018565655,25960.98733600229,61136.83866786433
1769780128,200,,Aggregated,97.000000,0.000000,62,70,81,95,260,610,1200,2100,16000,25000,26000,88163,0,62,198.8762671627563,28.367470018565655,25960.98733600229,61166.05858466704
1769780129,200,,Aggregated,99.800000,0.000000,62,71,81,95,260,610,1200,2100,16000,25000,26000,88278,0,62,198.96998222370277,28.367470018565655,25960.98733600229,61177.859319422736
1769780131,200,,Aggregated,108.800000,0.000000,62,71,81,96,270,620,1200,2100,16000,25000,26000,88386,0,62,199.78641088543435,28.367470018565655,25960.98733600229,61162.87912112778
1769780132,200,,Aggregated,114.500000,0.000000,62,71,81,97,280,640,1200,2100,16000,25000,26000,88600,0,62,201.02303327839522,28.367470018565655,25960.98733600229,61172.2108013544
1769780134,200,,Aggregated,107.700000,0.000000,62,71,81,97,280,650,1200,2100,16000,25000,26000,88706,0,62,201.70271657728338,28.367470018565655,25960.98733600229,61174.61788379591
1769780135,200,,Aggregated,113.600000,0.000000,62,71,82,98,290,660,1200,2100,16000,25000,26000,88894,0,62,203.12223433627648,28.367470018565655,25960.98733600229,61147.61914189934
1769780136,200,,Aggregated,113.600000,0.000000,62,71,82,99,300,660,1200,2100,16000,25000,26000,89073,0,62,203.53869586244772,28.367470018565655,25960.98733600229,61181.82468312508
1769780137,200,,Aggregated,118.400000,0.000000,62,71,82,100,310,670,1200,2100,16000,25000,26000,89281,0,62,204.3023120117071,28.367470018565655,25960.98733600229,61159.82751089257
1769780138,200,,Aggregated,127.800000,0.000000,62,71,83,100,310,660,1200,2100,16000,25000,26000,89545,0,62,204.45507096498315,28.367470018565655,25960.98733600229,61179.91304930482
1769780139,200,,Aggregated,117.500000,0.000000,62,71,83,100,310,660,1200,2100,16000,25000,26000,89736,0,62,204.26808542537094,28.367470018565655,25960.98733600229,61172.69726754034
1769780141,200,,Aggregated,126.400000,0.000000,62,71,83,100,310,660,1200,2100,16000,25000,26000,89919,0,62,204.12132810927852,28.367470018565655,25960.98733600229,61180.007162001355
1769780142,200,,Aggregated,128.500000,0.000000,62,71,83,100,310,660,1200,2100,16000,24000,26000,90159,0,62,203.9546451897527,28.367470018565655,25960.98733600229,61173.16153684047
1769780143,200,,Aggregated,153.300000,0.000000,62,72,83,100,310,660,1200,2100,16000,24000,26000,90435,0,62,203.76058981843903,28.367470018565655,25960.98733600229,61162.80259855145
1769780144,200,,Aggregated,155.900000,0.000000,62,72,84,100,310,660,1200,2100,16000,24000,26000,90686,0,62,203.4951593534988,28.367470018565655,25960.98733600229,61155.09656396798
1769780145,200,,Aggregated,155.900000,0.000000,62,72,84,100,300,660,1200,2100,16000,24000,26000,90816,0,62,203.35399607851525,28.367470018565655,25960.98733600229,61141.43307346723
1769780146,200,,Aggregated,188.700000,0.000000,62,72,84,110,300,660,1200,2100,16000,24000,26000,91125,0,62,203.14122980488713,28.367470018565655,25960.98733600229,61133.291533607684
1769780147,200,,Aggregated,194.900000,0.000000,62,72,84,110,300,660,1200,2100,16000,24000,26000,91344,0,62,202.8010355181707,28.367470018565655,25960.98733600229,61135.710008320195
1769780148,200,,Aggregated,200.100000,0.000000,62,72,84,100,300,660,1200,2100,16000,24000,26000,91596,0,62,202.43625843833593,28.367470018565655,25960.98733600229,61126.69613301891
1769780149,200,,Aggregated,224.700000,0.000000,62,72,84,100,300,660,1200,2000,16000,24000,26000,91871,0,62,202.01309490699003,28.367470018565655,25960.98733600229,61123.46406374155
1769780150,200,,Aggregated,221.100000,0.000000,62,72,84,100,300,660,1200,2000,16000,24000,26000,92130,0,62,201.68379006286955,28.367470018565655,25960.98733600229,61115.68985129708
1769780151,200,,Aggregated,225.500000,0.000000,62,72,84,100,300,660,1200,2000,16000,24000,26000,92396,0,62,201.28519293435883,28.367470018565655,25960.98733600229,61105.386705052166
1769780152,200,,Aggregated,229.700000,0.000000,62,72,83,100,290,650,1200,2000,16000,24000,26000,92641,0,62,200.91493714191816,28.367470018565655,25960.98733600229,61100.70610204985
1769780153,200,,Aggregated,235.200000,0.000000,62,72,83,100,290,650,1200,2000,16000,24000,26000,92900,0,62,200.52327950638244,28.367470018565655,25960.98733600229,61089.90511302476
1769780154,200,,Aggregated,234.700000,0.000000,62,72,83,100,290,650,1200,2000,16000,24000,26000,93129,0,62,200.1775961017096,28.367470018565655,25960.98733600229,61083.56677297082
1769780155,200,,Aggregated,232.500000,0.000000,62,71,83,100,290,650,1200,2000,16000,24000,26000,93377,0,62,199.80636767267555,28.367470018565655,25960.98733600229,61075.568319821796
1769780156,200,,Aggregated,240.300000,0.000000,62,71,83,100,290,650,1200,2000,16000,24000,26000,93618,0,62,199.4504588694343,28.367470018565655,25960.98733600229,61070.85471810977
1769780157,200,,Aggregated,241.600000,0.000000,62,71,83,100,290,640,1200,2000,16000,24000,26000,93864,0,62,199.08100562615297,28.367470018565655,25960.98733600229,61066.13809341175
1769780158,200,,Aggregated,243.000000,0.000000,62,71,83,100,290,640,1200,2000,16000,24000,26000,94113,0,62,198.73017905673467,28.367470018565655,25960.98733600229,61065.18836930073
1769780159,200,,Aggregated,239.000000,0.000000,62,71,83,100,290,640,1200,2000,16000,24000,26000,94366,0,62,198.3592541233502,28.367470018565655,25960.98733600229,61058.34231608842
1769780160,200,,Aggregated,242.700000,0.000000,62,71,83,100,280,640,1200,2000,16000,24000,26000,94612,0,62,198.00210234844428,28.367470018565655,25960.98733600229,61051.27800913203
1769780161,200,,Aggregated,244.900000,0.000000,62,71,82,100,280,640,1200,2000,16000,24000,26000,94861,0,62,197.65059236827437,28.367470018565655,25960.98733600229,61048.76154584076
1769780162,200,,Aggregated,247.000000,0.000000,62,71,82,100,280,640,1100,2000,16000,24000,26000,95103,0,62,197.2959270288422,28.367470018565655,25960.98733600229,61046.757315752395
1769780163,200,,Aggregated,245.600000,0.000000,62,71,82,100,280,630,1100,2000,16000,24000,26000,95371,0,62,196.90922661493255,28.367470018565655,25960.98733600229,61042.652556856905
1769780164,200,,Aggregated,245.200000,0.000000,62,71,82,100,280,630,1100,2000,16000,24000,26000,95605,0,62,196.57672653776123,28.367470018565655,25960.98733600229,61037.064912922964
1769780165,200,,Aggregated,244.500000,0.000000,62,71,82,99,280,630,1100,2000,16000,24000,26000,95866,0,62,196.21029683198006,28.367470018565655,25960.98733600229,61036.80118081489
1769780166,200,,Aggregated,243.900000,0.000000,62,71,82,99,280,630,1100,1900,16000,24000,26000,96125,0,62,195.84678445652077,28.367470018565655,25960.98733600229,61032.47679583875
1769780167,200,,Aggregated,244.500000,0.000000,62,71,82,99,280,630,1100,1900,16000,24000,26000,96390,0,62,195.47153784556608,28.367470018565655,25960.98733600229,61027.458927274616
1769780168,200,,Aggregated,242.700000,0.000000,62,71,82,98,280,630,1100,1900,16000,24000,26000,96632,0,62,195.1333718203709,28.367470018565655,25960.98733600229,61027.12575544333
1769780169,200,,Aggregated,244.700000,0.000000,62,71,82,98,280,630,1100,1900,16000,24000,26000,96898,0,62,194.76037681308298,28.367470018565655,25960.98733600229,61022.40080290615
1769780170,200,,Aggregated,243.700000,0.000000,62,71,82,98,280,620,1100,1900,15000,24000,26000,97147,0,62,194.4082363073789,28.367470018565655,25960.98733600229,61017.45540263724
1769780171,200,,Aggregated,242.200000,0.000000,62,71,81,98,270,620,1100,1900,15000,24000,26000,97401,0,62,194.0610269648252,28.367470018565655,25960.98733600229,61016.17824252318
1769780172,200,,Aggregated,243.200000,0.000000,62,71,81,97,270,620,1100,1900,15000,24000,26000,97655,0,62,193.71311082754633,28.367470018565655,25960.98733600229,61014.94566586452
1769780173,200,,Aggregated,245.500000,0.000000,62,71,81,97,270,620,1100,1900,15000,24000,26000,97925,0,62,193.34127295792769,28.367470018565655,25960.98733600229,61007.68843502681
1769780174,200,,Aggregated,247.000000,0.000000,62,71,81,97,270,620,1100,1900,15000,24000,26000,98161,0,62,193.0145836699624,28.367470018565655,25960.98733600229,61005.263740181945
1769780175,200,,Aggregated,247.700000,0.000000,62,71,81,96,270,620,1100,1900,15000,24000,26000,98423,0,62,192.65170185972445,28.367470018565655,25960.98733600229,61004.902725988846
1769780177,200,,Aggregated,250.200000,0.000000,62,71,81,96,270,610,1100,1900,15000,24000,26000,98676,0,62,192.30681530818887,28.367470018565655,25960.98733600229,60999.28440552921
1769780178,200,,Aggregated,249.200000,0.000000,62,71,81,96,270,610,1100,1900,15000,24000,26000,98931,0,62,191.96966947773262,28.367470018565655,25960.98733600229,60997.804085675874
1769780179,200,,Aggregated,250.000000,0.000000,62,70,81,96,270,610,1100,1900,15000,24000,26000,99182,0,62,191.63117451877133,28.367470018565655,25960.98733600229,60994.3731221391
1769780180,200,,Aggregated,248.300000,0.000000,62,70,81,96,270,610,1100,1900,15000,24000,26000,99429,0,62,191.2999315910745,28.367470018565655,25960.98733600229,60994.70670528719
1769780181,200,,Aggregated,249.500000,0.000000,62,70,81,95,270,610,1100,1900,15000,24000,26000,99664,0,62,190.9813047256774,28.367470018565655,25960.98733600229,60988.51261237759
1769780182,200,,Aggregated,247.600000,0.000000,62,70,81,95,270,610,1100,1800,15000,24000,26000,99920,0,62,190.66119099027225,28.367470018565655,25960.98733600229,60988.88790032025
1769780183,200,,Aggregated,247.300000,0.000000,62,70,80,95,270,610,1100,1800,15000,24000,26000,100183,0,62,190.31848051705165,28.367470018565655,25960.98733600229,60986.435532974654
1769780184,200,,Aggregated,247.100000,0.000000,62,70,80,95,270,610,1100,1800,15000,24000,26000,100453,0,62,189.9616566825151,28.367470018565655,25960.98733600229,60981.499756104844
1769780185,200,,Aggregated,246.500000,0.000000,62,70,80,95,260,610,1100,1800,15000,24000,26000,100693,0,62,189.64703861730445,28.367470018565655,25960.98733600229,60977.5080094942
1769780186,200,,Aggregated,245.600000,0.000000,62,70,80,94,260,610,1100,1800,15000,24000,26000,100972,0,62,189.28921794957265,28.367470018565655,25960.98733600229,60972.662500495186
1769780187,200,,Aggregated,246.300000,0.000000,62,70,80,94,260,600,1100,1800,15000,24000,26000,101223,0,62,188.96250227860446,28.367470018565655,25960.98733600229,60968.76488545093
1769780188,200,,Aggregated,247.500000,0.000000,62,70,80,94,260,600,1100,1800,15000,24000,26000,101469,0,62,188.6528773201593,28.367470018565655,25960.98733600229,60965.539356847905
1769780189,200,,Aggregated,247.800000,0.000000,62,70,80,94,260,600,1100,1800,15000,24000,26000,101745,0,62,188.31996467440294,28.367470018565655,25960.98733600229,60961.696171802054
1769780190,200,,Aggregated,244.800000,0.000000,62,70,80,93,260,600,1100,1800,15000,24000,26000,101986,0,62,188.01279904729086,28.367470018565655,25960.98733600229,60954.243435373486
1769780191,200,,Aggregated,244.200000,0.000000,62,70,80,93,260,600,1100,1800,15000,24000,26000,102245,0,62,187.69469473574497,28.367470018565655,25960.98733600229,60951.17730940388
1769780192,200,,Aggregated,245.200000,0.000000,62,70,80,93,260,600,1100,1800,15000,24000,26000,102485,0,62,187.4068256218303,28.367470018565655,25960.98733600229,60946.68299751183
1769780193,200,,Aggregated,245.900000,0.000000,62,70,80,93,260,600,1100,1800,15000,24000,26000,102729,0,62,187.11058716075317,28.367470018565655,25960.98733600229,60945.32348217154
1769780194,200,,Aggregated,247.100000,0.000000,62,70,80,93,250,590,1100,1800,15000,24000,26000,102963,0,62,186.82618719362335,28.367470018565655,25960.98733600229,60941.738109806436
1769780195,200,,Aggregated,247.200000,0.000000,62,70,80,93,250,590,1100,1800,15000,24000,26000,103221,0,62,186.52791415588123,28.367470018565655,25960.98733600229,60937.5488708693
1769780196,200,,Aggregated,244.400000,0.000000,62,70,80,93,250,590,1100,1800,15000,24000,26000,103455,0,62,186.24751403783145,28.367470018565655,25960.98733600229,60935.405693296605
1769780197,200,,Aggregated,245.500000,0.000000,62,70,80,92,250,590,1100,1800,15000,24000,26000,103712,0,62,185.93854582520524,28.367470018565655,25960.98733600229,60933.99094608146
1769780198,200,,Aggregated,243.000000,0.000000,62,70,80,92,250,590,1100,1800,15000,24000,26000,103973,0,62,185.63954700010396,28.367470018565655,25960.98733600229,60932.388379675496
1769780199,200,,Aggregated,241.300000,0.000000,62,70,80,92,250,580,1100,1700,15000,24000,26000,104219,0,62,185.35771483569596,28.367470018565655,25960.98733600229,60928.10513438049
1769780200,200,,Aggregated,245.300000,0.000000,62,70,80,92,250,580,1100,1700,15000,24000,26000,104477,0,62,185.06198651166707,28.367470018565655,25960.98733600229,60929.34710031873
1769780201,200,,Aggregated,243.700000,0.000000,62,70,79,92,250,580,1100,1700,15000,24000,26000,104740,0,62,184.79992831666453,28.367470018565655,25960.98733600229,60923.7678823754
1769780202,200,,Aggregated,244.000000,0.000000,62,70,79,92,250,580,1100,1700,15000,24000,26000,104956,0,62,184.54534317158286,28.367470018565655,25960.98733600229,60927.861894508176
1769780203,200,,Aggregated,242.300000,0.000000,62,70,79,92,250,580,1100,1700,15000,24000,26000,105224,0,62,184.2354217417858,28.367470018565655,25960.98733600229,60927.511964950965
1769780204,200,,Aggregated,241.600000,0.000000,62,70,79,92,250,580,1100,1700,15000,24000,26000,105472,0,62,183.96051667556125,28.367470018565655,25960.98733600229,60927.93933935073
1769780205,200,,Aggregated,239.500000,0.000000,62,70,79,92,240,580,1100,1700,15000,24000,26000,105694,0,62,183.7415722614892,28.367470018565655,25960.98733600229,60930.982033038774
1769780206,200,,Aggregated,243.200000,0.000000,62,70,79,92,240,570,1100,1700,15000,24000,26000,105923,0,62,183.5477004218978,28.367470018565655,25960.98733600229,60930.379624821806
1769780207,200,,Aggregated,241.200000,0.000000,62,70,79,92,240,570,1100,1700,15000,24000,26000,106148,0,62,183.38689052302672,28.367470018565655,25960.98733600229,60937.99289671025
1769780208,200,,Aggregated,240.400000,0.000000,62,70,79,92,240,570,1100,1700,15000,24000,26000,106385,0,62,183.17058538304423,28.367470018565655,25960.98733600229,60946.92745217841
1769780209,200,,Aggregated,239.100000,0.000000,62,70,79,92,240,570,1100,1700,15000,24000,26000,106597,0,62,182.94509932906948,28.367470018565655,25960.98733600229,60950.11571620214
1769780210,200,,Aggregated,234.700000,0.000000,62,70,80,92,240,570,1100,1700,15000,24000,26000,106842,0,62,182.83781153551104,28.367470018565655,25960.98733600229,60949.240448512755
1769780212,200,,Aggregated,234.900000,0.000000,62,70,80,92,240,570,1100,1700,15000,24000,26000,107077,0,62,182.6963107253486,28.367470018565655,25960.98733600229,60969.42795371555
1769780213,200,,Aggregated,230.500000,0.000000,62,70,80,92,240,570,1100,1700,15000,24000,26000,107288,0,62,182.5697666504411,28.367470018565655,25960.98733600229,60972.24013869212
1769780214,200,,Aggregated,229.100000,0.000000,62,70,80,92,240,570,1100,1700,15000,24000,26000,107452,0,62,182.52393947268808,28.367470018565655,25960.98733600229,60987.699689163535
1769780215,200,,Aggregated,227.000000,0.000000,62,70,80,93,240,570,1100,1700,15000,24000,26000,107657,0,62,182.54186935435166,28.367470018565655,25960.98733600229,60996.70316839592
1769780216,200,,Aggregated,216.700000,0.000000,62,70,80,93,240,570,1100,1700,15000,24000,26000,107835,0,62,182.5188032580734,28.367470018565655,25960.98733600229,61010.94668706821
1769780217,200,,Aggregated,212.800000,0.000000,62,70,80,93,240,570,1100,1700,15000,24000,26000,108028,0,62,182.6487023189911,28.367470018565655,25960.98733600229,61020.77111489614
1769780218,200,,Aggregated,209.100000,0.000000,62,70,80,93,240,570,1100,1700,15000,24000,26000,108219,0,62,182.69970531934112,28.367470018565655,25960.98733600229,61039.708692558605
1769780219,200,,Aggregated,204.300000,0.000000,62,70,80,94,240,570,1100,1700,15000,24000,26000,108367,0,62,183.0976710601041,28.367470018565655,25960.98733600229,61052.36931907315
1769780220,200,,Aggregated,201.400000,0.000000,62,70,80,94,240,570,1100,1700,15000,24000,26000,108551,0,62,183.2496200652402,28.367470018565655,25960.98733600229,61070.020202485466
1769780221,200,,Aggregated,193.800000,0.000000,62,71,81,94,240,570,1100,1700,15000,24000,26000,108709,0,62,183.3755129359765,28.367470018565655,25960.98733600229,61081.428400592406
1769780222,200,,Aggregated,189.600000,0.000000,62,71,81,94,250,570,1100,1700,15000,24000,26000,108803,0,62,183.5504526283631,28.367470018565655,25960.98733600229,61095.65449482091
1769780223,200,,Aggregated,181.000000,0.000000,62,71,81,95,250,570,1100,1800,15000,24000,26000,108989,0,62,183.76309327976062,28.367470018565655,25960.98733600229,61112.38569947426
1769780224,200,,Aggregated,171.300000,0.000000,62,71,81,95,250,570,1100,1800,15000,24000,26000,109069,0,62,183.8443347348255,28.367470018565655,25960.98733600229,61121.345881964626
1769780225,200,,Aggregated,166.900000,0.000000,62,71,81,95,250,580,1100,1800,15000,24000,26000,109218,0,62,184.66723272429672,28.367470018565655,25960.98733600229,61130.85114175319
1769780226,200,,Aggregated,160.200000,0.000000,62,71,81,95,250,580,1100,1900,15000,24000,26000,109312,0,62,185.12761057112988,28.367470018565655,25960.98733600229,61136.66705393735
1769780227,200,,Aggregated,145.400000,0.000000,62,71,81,95,250,580,1100,1900,15000,24000,26000,109409,0,62,185.55620396491983,28.367470018565655,25960.98733600229,61150.63870431134
1769780229,200,,Aggregated,145.600000,0.000000,62,71,81,96,260,600,1100,2000,15000,24000,26000,109578,0,62,186.9750038953527,28.367470018565655,25960.98733600229,61158.653735238826
1769780230,200,,Aggregated,139.500000,0.000000,62,71,81,96,260,600,1100,2000,15000,24000,26000,109683,0,62,187.82257098262366,28.367470018565655,25960.98733600229,61167.94040097371
1769780231,200,,Aggregated,124.500000,0.000000,62,71,81,97,270,600,1100,2000,15000,24000,26000,109890,0,62,188.49748642362337,28.367470018565655,25960.98733600229,61182.029811629815
1769780232,200,,Aggregated,124.500000,0.000000,62,71,82,97,270,600,1100,2000,15000,24000,26000,109977,0,62,188.73796060335204,28.367470018565655,25960.98733600229,61189.910863180485
1769780234,200,,Aggregated,119.800000,0.000000,62,71,82,98,270,610,1100,2000,15000,24000,26000,110122,0,62,189.48468206318157,28.367470018565655,25960.98733600229,61190.68721962914
1769780235,200,,Aggregated,118.700000,0.000000,62,71,82,98,270,620,1200,2000,15000,24000,26000,110211,0,62,190.3238350849314,28.367470018565655,25960.98733600229,61189.498035586286
1769780236,200,,Aggregated,108.200000,0.000000,62,71,82,99,280,640,1200,2000,15000,24000,26000,110472,0,62,191.67782530573996,28.367470018565655,25960.98733600229,61203.3088112825
1769780237,200,,Aggregated,112.000000,0.000000,62,71,82,99,280,640,1200,2000,15000,24000,26000,110551,0,62,191.93286470988178,28.367470018565655,25960.98733600229,61200.47047064251
1769780239,200,,Aggregated,102.700000,0.000000,62,71,83,100,280,640,1200,2000,15000,24000,26000,110766,0,62,192.31796244631354,28.367470018565655,25960.98733600229,61208.22701009335
1769780240,200,,Aggregated,117.000000,0.000000,62,71,83,100,290,640,1200,2000,15000,24000,26000,111005,0,62,192.7182625892535,28.367470018565655,25960.98733600229,61207.54824557452
1769780241,200,,Aggregated,118.800000,0.000000,62,72,83,100,290,640,1200,2000,15000,24000,26000,111203,0,62,192.8408773798657,28.367470018565655,25960.98733600229,61207.47331456885
1769780242,200,,Aggregated,127.300000,0.000000,62,72,84,100,290,640,1200,2000,15000,24000,26000,111395,0,62,192.89241820026987,28.367470018565655,25960.98733600229,61204.79391355088
1769780243,200,,Aggregated,129.100000,0.000000,62,72,84,100,290,640,1200,2000,15000,24000,26000,111553,0,62,193.05417210168605,28.367470018565655,25960.98733600229,61201.40730415139
1769780244,200,,Aggregated,134.200000,0.000000,62,72,84,110,300,640,1200,2000,15000,24000,26000,111786,0,62,193.34699357546148,28.367470018565655,25960.98733600229,61195.20861288533
1769780245,200,,Aggregated,147.000000,0.000000,62,72,84,110,300,640,1200,2000,15000,24000,26000,111977,0,62,193.18503087580333,28.367470018565655,25960.98733600229,61198.25655268493
1769780246,200,,Aggregated,154.000000,0.000000,62,72,85,110,300,630,1200,2000,15000,24000,26000,112302,0,62,193.18113659836393,28.367470018565655,25960.98733600229,61197.4846663461
1769780247,200,,Aggregated,169.400000,0.000000,62,72,85,110,300,630,1200,2000,15000,24000,26000,112527,0,62,192.99021881097772,28.367470018565655,25960.98733600229,61195.12627191696
1769780248,200,,Aggregated,170.600000,0.000000,62,72,85,110,300,630,1200,2000,15000,24000,26000,112767,0,62,192.84431250113624,28.367470018565655,25960.98733600229,61170.01601532363
1769780249,200,,Aggregated,182.300000,0.000000,62,72,85,110,300,630,1200,2000,15000,24000,26000,112999,0,62,192.62414880144954,28.367470018565655,25960.98733600229,61175.59799644245
1769780251,200,,Aggregated,202.600000,0.000000,62,72,85,110,290,630,1200,2000,15000,24000,26000,113213,0,62,192.40963103637606,28.367470018565655,25960.98733600229,61174.81628434897
1769780252,200,,Aggregated,204.300000,0.000000,63,72,85,110,290,630,1200,2000,15000,24000,26000,113468,0,63,192.1738333368909,28.367470018565655,25960.98733600229,61169.57382698206
1769780253,200,,Aggregated,207.100000,0.000000,62,72,85,110,290,630,1200,2000,15000,24000,26000,113707,0,62,191.90834032668286,28.367470018565655,25960.98733600229,61171.426103933794
1769780254,200,,Aggregated,214.200000,0.000000,63,72,85,110,290,630,1200,2000,15000,24000,26000,113972,0,63,191.66924261519733,28.367470018565655,25960.98733600229,61163.27036465097
1769780255,200,,Aggregated,219.100000,0.000000,62,72,85,110,290,630,1200,2000,14000,24000,26000,114207,0,62,191.41026733868924,28.367470018565655,25960.98733600229,61158.023553722625
1769780256,200,,Aggregated,228.800000,0.000000,62,72,85,110,290,620,1200,2000,14000,24000,26000,114486,0,62,191.10524542031803,28.367470018565655,25960.98733600229,61154.895262302816
1769780257,200,,Aggregated,229.000000,0.000000,62,72,85,110,290,620,1100,1900,14000,24000,26000,114727,0,62,190.8534266422936,28.367470018565655,25960.98733600229,61150.23868836455
1769780258,200,,Aggregated,242.900000,0.000000,62,72,84,110,290,620,1100,1900,14000,24000,26000,115004,0,62,190.53291601873428,28.367470018565655,25960.98733600229,61143.135795276685
1769780259,200,,Aggregated,235.600000,0.000000,62,72,84,110,290,620,1100,1900,14000,24000,26000,115227,0,62,190.28723737794363,28.367470018565655,25960.98733600229,61141.21830820901
1769780260,200,,Aggregated,241.200000,0.000000,62,72,84,110,290,620,1100,1900,14000,24000,26000,115489,0,62,189.99550841388577,28.367470018565655,25960.98733600229,61133.06509710882
1769780261,200,,Aggregated,237.500000,0.000000,62,72,84,110,290,620,1100,1900,14000,24000,26000,115762,0,62,189.69389127086035,28.367470018565655,25960.98733600229,61130.27788911733
1769780262,200,,Aggregated,239.600000,0.000000,62,72,84,100,290,620,1100,1900,14000,24000,26000,116011,0,62,189.4103372696419,28.367470018565655,25960.98733600229,61122.36843057986
1769780263,200,,Aggregated,242.200000,0.000000,62,72,84,100,280,620,1100,1900,14000,24000,26000,116262,0,62,189.13523104530483,28.367470018565655,25960.98733600229,61116.516574633155
1769780264,200,,Aggregated,242.900000,0.000000,62,72,84,100,280,610,1100,1900,14000,24000,26000,116503,0,62,188.87999183979701,28.367470018565655,25960.98733600229,61113.93725483464
1769780265,200,,Aggregated,243.800000,0.000000,62,72,84,100,280,610,1100,1900,14000,24000,26000,116746,0,62,188.60933527749586,28.367470018565655,25960.98733600229,61112.16226680143
1769780266,200,,Aggregated,244.700000,0.000000,62,72,84,100,280,610,1100,1900,14000,24000,26000,116994,0,62,188.3394187924791,28.367470018565655,25960.98733600229,61107.32531582816
1769780267,200,,Aggregated,243.800000,0.000000,62,72,84,100,280,610,1100,1900,14000,24000,26000,117251,0,62,188.05694373705808,28.367470018565655,25960.98733600229,61104.14417787481
1769780268,200,,Aggregated,244.400000,0.000000,62,72,83,100,280,610,1100,1900,14000,24000,26000,117502,0,62,187.77972318137256,28.367470018565655,25960.98733600229,61098.005131827544
1769780269,200,,Aggregated,244.500000,0.000000,62,71,83,100,280,610,1100,1900,14000,24000,26000,117783,0,62,187.47909928158387,28.367470018565655,25960.98733600229,61097.25141998421
1769780270,200,,Aggregated,243.800000,0.000000,62,71,83,100,280,610,1100,1900,14000,24000,26000,118022,0,62,187.21270455869643,28.367470018565655,25960.98733600229,61096.0573960787
1769780271,200,,Aggregated,248.100000,0.000000,62,71,83,100,280,610,1100,1900,14000,24000,26000,118300,0,62,186.91058206655754,28.367470018565655,25960.98733600229,61093.37203719358
1769780272,200,,Aggregated,249.700000,0.000000,62,71,83,100,280,610,1100,1900,14000,24000,26000,118542,0,62,186.6470921260933,28.367470018565655,25960.98733600229,61089.680948524576
1769780273,200,,Aggregated,249.700000,0.000000,62,71,83,100,280,610,1100,1900,14000,24000,26000,118796,0,62,186.37259640386083,28.367470018565655,25960.98733600229,61084.085196471264
1769780274,200,,Aggregated,249.400000,0.000000,62,71,83,100,280,600,1100,1900,14000,24000,26000,119066,0,62,186.08905817638092,28.367470018565655,25960.98733600229,61083.76266104513
1769780275,200,,Aggregated,248.000000,0.000000,62,71,83,100,280,600,1100,1900,14000,24000,26000,119315,0,62,185.82949928449008,28.367470018565655,25960.98733600229,61082.28669488329
1769780276,200,,Aggregated,247.800000,0.000000,62,71,83,100,280,600,1100,1900,14000,24000,26000,119587,0,62,185.54068768716076,28.367470018565655,25960.98733600229,61081.441477752596
1769780277,200,,Aggregated,250.500000,0.000000,62,71,83,100,280,600,1100,1900,14000,24000,26000,119843,0,62,185.27036267189715,28.367470018565655,25960.98733600229,61075.1067646838
1769780278,200,,Aggregated,249.000000,0.000000,62,71,82,100,270,600,1100,1800,14000,24000,26000,120122,0,62,184.97980434148784,28.367470018565655,25960.98733600229,61073.17949251594
1769780279,200,,Aggregated,250.300000,0.000000,62,71,82,100,270,600,1100,1800,14000,24000,26000,120357,0,62,184.72877639432357,28.367470018565655,25960.98733600229,61069.150934303776
1769780280,200,,Aggregated,248.500000,0.000000,62,71,82,100,270,600,1100,1800,14000,24000,26000,120593,0,62,184.48324651318444,28.367470018565655,25960.98733600229,61067.26845670976
1769780281,200,,Aggregated,250.500000,0.000000,62,71,82,99,270,590,1100,1800,14000,24000,26000,120842,0,62,184.22527374840968,28.367470018565655,25960.98733600229,61065.02266596051
1769780282,200,,Aggregated,249.500000,0.000000,62,71,82,99,270,590,1100,1800,14000,24000,26000,121103,0,62,183.95925785946372,28.367470018565655,25960.98733600229,61061.79413391906
1769780283,200,,Aggregated,249.200000,0.000000,62,71,82,99,270,590,1100,1800,14000,24000,26000,121347,0,62,183.70548093776316,28.367470018565655,25960.98733600229,61061.6635186696
1769780284,200,,Aggregated,247.900000,0.000000,62,71,82,99,270,590,1100,1800,14000,24000,26000,121611,0,62,183.43240646122857,28.367470018565655,25960.98733600229,61055.64957117366
1769780286,200,,Aggregated,247.900000,0.000000,62,71,82,98,270,590,1100,1800,14000,24000,26000,121870,0,62,183.1685210032193,28.367470018565655,25960.98733600229,61052.88133256749
1769780287,200,,Aggregated,247.300000,0.000000,62,71,82,98,270,590,1100,1800,14000,24000,26000,122106,0,62,182.93026380037045,28.367470018565655,25960.98733600229,61054.32255581216
1769780288,200,,Aggregated,248.900000,0.000000,62,71,82,98,270,580,1100,1800,14000,24000,26000,122370,0,62,182.66467973798476,28.367470018565655,25960.98733600229,61046.501691591075
1769780289,200,,Aggregated,246.600000,0.000000,62,71,82,98,270,580,1100,1800,14000,24000,26000,122612,0,62,182.41886678857284,28.367470018565655,25960.98733600229,61047.44924640329
1769780290,200,,Aggregated,247.300000,0.000000,62,71,82,98,270,580,1100,1800,14000,24000,26000,122873,0,62,182.1502698392988,28.367470018565655,25960.98733600229,61042.05707519146
1769780291,200,,Aggregated,243.800000,0.000000,62,71,81,97,270,580,1100,1800,14000,24000,26000,123132,0,62,181.88566532248143,28.367470018565655,25960.98733600229,61040.41547282591
1769780292,200,,Aggregated,245.600000,0.000000,62,71,81,97,270,580,1100,1800,14000,24000,26000,123390,0,62,181.62434582394565,28.367470018565655,25960.98733600229,61036.46738795689
1769780293,200,,Aggregated,247.600000,0.000000,62,71,81,97,270,580,1100,1800,14000,24000,26000,123649,0,62,181.38553709177214,28.367470018565655,25960.98733600229,61034.48260802756
1769780294,200,,Aggregated,248.900000,0.000000,62,71,81,97,270,580,1100,1800,14000,24000,26000,123887,0,62,181.15017214833054,28.367470018565655,25960.98733600229,61032.383874014224
1769780295,200,,Aggregated,246.100000,0.000000,62,71,81,97,270,580,1100,1800,14000,24000,26000,124154,0,62,180.89085835415497,28.367470018565655,25960.98733600229,61024.879762230776
1769780296,200,,Aggregated,248.300000,0.000000,62,71,81,96,260,580,1100,1800,14000,24000,26000,124394,0,62,180.66013626313435,28.367470018565655,25960.98733600229,61024.230155795296
1769780297,200,,Aggregated,246.400000,0.000000,62,71,81,96,260,570,1100,1800,14000,24000,26000,124664,0,62,180.3978678909301,28.367470018565655,25960.98733600229,61020.89871975871
1769780298,200,,Aggregated,246.900000,0.000000,62,71,81,96,260,570,1100,1800,14000,24000,26000,124930,0,62,180.13518073755495,28.367470018565655,25960.98733600229,61019.718626430804
1769780299,200,,Aggregated,246.700000,0.000000,62,70,81,96,260,570,1100,1800,14000,24000,26000,125191,0,62,179.8821316745808,28.367470018565655,25960.98733600229,61016.12905081036
1769780300,200,,Aggregated,250.700000,0.000000,62,70,81,96,260,570,1100,1800,14000,24000,26000,125427,0,62,179.6518121064077,28.367470018565655,25960.98733600229,61012.17923573074
1769780301,200,,Aggregated,249.400000,0.000000,62,70,81,95,260,570,1100,1800,14000,24000,26000,125667,0,62,179.4298266441241,28.367470018565655,25960.98733600229,61007.47551067504
1769780302,200,,Aggregated,249.100000,0.000000,62,70,81,95,260,570,1100,1800,14000,24000,26000,125909,0,62,179.20022969452504,28.367470018565655,25960.98733600229,61007.11430477567
1769780303,200,,Aggregated,246.000000,0.000000,62,70,81,95,260,570,1100,1800,14000,24000,26000,126185,0,62,178.94206678127784,28.367470018565655,25960.98733600229,61007.61342473353
1769780304,200,,Aggregated,246.300000,0.000000,62,70,81,95,260,570,1100,1700,14000,24000,26000,126439,0,62,178.70331045541442,28.367470018565655,25960.98733600229,61003.87393130284
1769780305,200,,Aggregated,247.000000,0.000000,62,70,80,95,260,570,1100,1700,14000,24000,26000,126687,0,62,178.47781200089827,28.367470018565655,25960.98733600229,61001.49928564099
1769780306,200,,Aggregated,247.900000,0.000000,62,70,80,95,260,570,1100,1700,14000,24000,26000,126960,0,62,178.2335448829711,28.367470018565655,25960.98733600229,61003.911483931945
1769780307,200,,Aggregated,247.700000,0.000000,62,70,80,95,260,560,1100,1700,14000,24000,26000,127221,0,62,178.0230851671268,28.367470018565655,25960.98733600229,61000.41679439715
1769780308,200,,Aggregated,248.700000,0.000000,62,70,80,95,250,560,1100,1700,14000,24000,26000,127472,0,62,177.80927630372764,28.367470018565655,25960.98733600229,61003.51023754236
1769780309,200,,Aggregated,249.200000,0.000000,62,70,80,95,250,560,1100,1700,14000,24000,26000,127713,0,62,177.60706300848287,28.367470018565655,25960.98733600229,61006.30898185776
1769780310,200,,Aggregated,244.500000,0.000000,62,70,80,95,250,560,1100,1700,14000,24000,26000,127955,0,62,177.42954654885745,28.367470018565655,25960.98733600229,61010.32759173147
1769780311,200,,Aggregated,246.100000,0.000000,62,70,80,95,250,560,1100,1700,14000,24000,26000,128182,0,62,177.25830488232847,25.627507944591343,25960.98733600229,61010.98413973881
1769780312,200,,Aggregated,245.500000,0.000000,62,70,80,95,250,560,1100,1700,14000,24000,26000,128399,0,62,177.12233372156774,25.627507944591343,25960.98733600229,61015.55604015607
1769780313,200,,Aggregated,246.000000,0.000000,62,70,80,95,250,560,1100,1700,14000,24000,26000,128635,0,62,176.9730233511427,25.627507944591343,25960.98733600229,61021.46684805846
1769780314,200,,Aggregated,241.700000,0.000000,62,70,80,95,250,560,1100,1700,14000,24000,26000,128843,0,62,176.81722487421916,25.627507944591343,25960.98733600229,61031.045147970784
1769780315,200,,Aggregated,242.000000,0.000000,62,70,81,95,250,560,1100,1700,14000,24000,26000,129064,0,62,176.7076359092395,25.627507944591343,25960.98733600229,61034.84916010661
1769780316,200,,Aggregated,237.300000,0.000000,62,70,81,95,250,560,1100,1700,14000,24000,26000,129251,0,62,176.67215928682262,25.627507944591343,25960.98733600229,61042.33140942817
1769780317,200,,Aggregated,232.800000,0.000000,62,70,81,95,250,560,1100,1700,14000,24000,26000,129470,0,62,176.69334817531262,25.627507944591343,25960.98733600229,61050.139854792615
1769780318,200,,Aggregated,228.400000,0.000000,62,71,81,95,250,560,1100,1700,14000,24000,26000,129665,0,62,176.70329748687655,25.627507944591343,25960.98733600229,61060.28480314657
1769780319,200,,Aggregated,222.600000,0.000000,62,71,81,95,250,560,1100,1700,14000,24000,26000,129858,0,62,176.7500821816053,25.627507944591343,25960.98733600229,61071.643233377996
1769780321,200,,Aggregated,217.800000,0.000000,62,71,81,96,250,560,1100,1700,14000,24000,26000,130023,0,62,176.833415979427,25.627507944591343,25960.98733600229,61073.93126600678
1769780322,200,,Aggregated,207.500000,0.000000,62,71,81,96,250,560,1100,1700,14000,24000,26000,130222,0,62,176.9842320898117,25.627507944591343,25960.98733600229,61100.07061786795
1769780323,200,,Aggregated,200.400000,0.000000,62,71,81,96,250,560,1100,1700,14000,24000,26000,130404,0,62,177.11297928979198,25.627507944591343,25960.98733600229,61109.75967761725
1769780324,200,,Aggregated,198.000000,0.000000,62,71,81,96,250,560,1100,1700,14000,24000,26000,130526,0,62,177.18773124291067,25.627507944591343,25960.98733600229,61114.07620703921
1769780325,200,,Aggregated,191.500000,0.000000,62,71,81,96,250,560,1100,1700,14000,24000,26000,130679,0,62,177.49823909154534,25.627507944591343,25960.98733600229,61120.64633185133
1769780326,200,,Aggregated,181.900000,0.000000,62,71,81,96,260,560,1100,1800,14000,24000,26000,130811,0,62,177.88426599064326,25.627507944591343,25960.98733600229,61136.13755723907
1769780327,200,,Aggregated,176.300000,0.000000,62,71,81,97,260,570,1100,1800,14000,24000,26000,130945,0,62,178.37374184955664,25.627507944591343,25960.98733600229,61151.887372560996
1769780328,200,,Aggregated,165.600000,0.000000,62,71,82,97,260,570,1100,1800,14000,24000,26000,131089,0,62,178.82562950894385,25.627507944591343,25960.98733600229,61164.68862375943
1769780329,200,,Aggregated,160.700000,0.000000,62,71,82,97,260,570,1100,1800,14000,24000,26000,131240,0,62,179.10047332128937,25.627507944591343,25960.98733600229,61172.5910164584
1769780330,200,,Aggregated,156.700000,0.000000,62,71,82,98,260,570,1100,1800,14000,24000,26000,131353,0,62,179.28801159838596,25.627507944591343,25960.98733600229,61185.289981957016
1769780331,200,,Aggregated,151.700000,0.000000,62,71,82,98,260,570,1100,1800,14000,24000,26000,131537,0,62,179.57409231246447,25.627507944591343,25960.98733600229,61197.30080509667
1769780332,200,,Aggregated,146.600000,0.000000,62,71,82,99,260,570,1100,1800,14000,24000,26000,131613,0,62,179.65172043456354,25.627507944591343,25960.98733600229,61198.65270907889
1769780333,200,,Aggregated,140.800000,0.000000,62,71,82,99,270,580,1100,1800,14000,24000,26000,131695,0,62,180.0726946261292,25.627507944591343,25960.98733600229,61199.3419492008
1769780334,200,,Aggregated,134.600000,0.000000,62,71,82,99,270,580,1100,1800,14000,24000,26000,131854,0,62,180.71052789330966,25.627507944591343,25960.98733600229,61208.68729807211
1769780336,200,,Aggregated,128.100000,0.000000,62,71,82,100,270,580,1100,1900,14000,24000,26000,131997,0,62,182.0678179582208,25.627507944591343,25960.98733600229,61215.237619036794
1769780337,200,,Aggregated,123.100000,0.000000,62,71,83,100,270,590,1100,1900,14000,24000,26000,132170,0,62,182.66929531302046,25.627507944591343,25960.98733600229,61226.49119316033
1769780339,200,,Aggregated,123.700000,0.000000,62,71,83,100,280,590,1100,1900,14000,24000,26000,132287,0,62,183.05348790992906,25.627507944591343,25960.98733600229,61232.05604481166
1769780340,200,,Aggregated,121.000000,0.000000,62,71,83,100,280,600,1200,1900,14000,24000,26000,132392,0,62,183.89522123719664,25.627507944591343,25960.98733600229,61219.313296875946
1769780341,200,,Aggregated,109.800000,0.000000,62,71,83,100,280,620,1200,1900,14000,24000,26000,132601,0,62,185.23497927463526,25.627507944591343,25960.98733600229,61227.47439310412
1769780343,200,,Aggregated,106.200000,0.000000,62,71,83,100,280,620,1200,1900,14000,24000,26000,132784,0,62,185.43149317604565,25.627507944591343,25960.98733600229,61241.08562025545
1769780344,200,,Aggregated,107.900000,0.000000,62,71,83,100,280,620,1200,1900,14000,24000,26000,132867,0,62,185.60516987644095,25.627507944591343,25960.98733600229,61224.89819895083
1769780345,200,,Aggregated,108.700000,0.000000,62,72,84,100,290,630,1200,1900,14000,24000,26000,133038,0,62,186.28832504035415,25.627507944591343,25960.98733600229,61220.41265653422
1769780346,200,,Aggregated,113.300000,0.000000,62,72,84,100,290,630,1200,1900,14000,24000,26000,133227,0,62,186.6155061633758,25.627507944591343,25960.98733600229,61227.41291179716
1769780347,200,,Aggregated,116.400000,0.000000,62,72,84,110,300,630,1200,1900,14000,24000,26000,133455,0,62,186.92090664713908,25.627507944591343,25960.98733600229,61232.990618560565
1769780348,200,,Aggregated,120.500000,0.000000,62,72,84,110,300,630,1200,1900,14000,24000,26000,133642,0,62,186.83057599093667,25.627507944591343,25960.98733600229,61234.198163750916
1769780349,200,,Aggregated,124.300000,0.000000,62,72,84,110,300,630,1200,1900,14000,24000,26000,133931,0,62,186.74847837747936,25.627507944591343,25960.98733600229,61229.868701047555
1769780350,200,,Aggregated,139.500000,0.000000,62,72,85,110,300,630,1200,1900,14000,24000,26000,134170,0,62,186.6424620875551,25.627507944591343,25960.98733600229,61230.06285309682
1769780351,200,,Aggregated,150.600000,0.000000,62,72,85,110,300,630,1200,1900,14000,24000,26000,134435,0,62,186.5608565616741,25.627507944591343,25960.98733600229,61222.552750399824
1769780352,200,,Aggregated,157.900000,0.000000,62,72,85,110,300,620,1200,1900,14000,24000,26000,134670,0,62,186.44830505760717,25.627507944591343,25960.98733600229,61218.19680700973
1769780353,200,,Aggregated,167.400000,0.000000,62,72,85,110,300,620,1200,1900,14000,24000,26000,134859,0,62,186.3004217004234,25.627507944591343,25960.98733600229,61205.033212466355
1769780354,200,,Aggregated,180.900000,0.000000,62,72,85,110,290,620,1200,1900,13000,24000,26000,135128,0,62,186.1950718039313,25.627507944591343,25960.98733600229,61202.27828429341
1769780355,200,,Aggregated,188.900000,0.000000,62,72,85,110,290,620,1200,1900,13000,24000,26000,135328,0,62,186.01870157953613,25.627507944591343,25960.98733600229,61208.334572298416
1769780356,200,,Aggregated,203.100000,0.000000,62,72,85,110,290,620,1200,1900,13000,24000,26000,135593,0,62,185.84908430128712,25.627507944591343,25960.98733600229,61200.13629759648
1769780357,200,,Aggregated,213.500000,0.000000,62,72,85,110,290,620,1200,1900,13000,24000,26000,135836,0,62,185.63377642210008,25.627507944591343,25960.98733600229,61200.115661533026
1769780359,200,,Aggregated,225.500000,0.000000,62,72,85,110,290,620,1200,1900,13000,24000,26000,136082,0,62,185.42545607930563,25.627507944591343,25960.98733600229,61194.83674549169
1769780360,200,,Aggregated,221.300000,0.000000,62,72,85,110,290,620,1200,1900,13000,24000,26000,136299,0,62,185.24630067186055,25.627507944591343,25960.98733600229,61187.01166552946
1769780361,200,,Aggregated,228.600000,0.000000,62,72,85,110,290,620,1200,1900,13000,24000,26000,136505,0,62,185.06993986038165,25.627507944591343,25960.98733600229,61185.935811875024
1769780362,200,,Aggregated,228.600000,0.000000,62,72,85,110,290,620,1100,1900,13000,24000,26000,136754,0,62,184.85519393619546,25.627507944591343,25960.98733600229,61185.48313760475
1769780363,200,,Aggregated,230.900000,0.000000,62,72,85,110,290,610,1100,1900,13000,24000,26000,137034,0,62,184.62421241755013,25.627507944591343,25960.98733600229,61180.49445393114
1769780364,200,,Aggregated,230.000000,0.000000,62,72,85,110,290,610,1100,1800,13000,24000,26000,137289,0,62,184.39706553786706,25.627507944591343,25960.98733600229,61176.65357020592
1769780365,200,,Aggregated,235.400000,0.000000,62,72,85,110,290,610,1100,1800,13000,24000,26000,137562,0,62,184.1827680670353,25.627507944591343,25960.98733600229,61171.17336182958
1769780366,200,,Aggregated,237.800000,0.000000,62,72,85,110,290,610,1100,1800,13000,24000,26000,137804,0,62,183.96514431138573,25.627507944591343,25960.98733600229,61166.80443963891
1769780367,200,,Aggregated,236.100000,0.000000,62,72,85,110,290,610,1100,1800,13000,24000,26000,138072,0,62,183.7284369770371,25.627507944591343,25960.98733600229,61163.173286401296
1769780368,200,,Aggregated,241.900000,0.000000,62,72,84,110,290,610,1100,1800,13000,24000,26000,138311,0,62,183.51305664542232,25.627507944591343,25960.98733600229,61157.95178257694
1769780369,200,,Aggregated,240.100000,0.000000,62,72,84,110,290,610,1100,1800,13000,24000,26000,138572,0,62,183.28056724731576,25.627507944591343,25960.98733600229,61153.12779638022
1769780370,200,,Aggregated,240.400000,0.000000,62,72,84,110,290,610,1100,1800,13000,24000,26000,138813,0,62,183.06432374910716,25.627507944591343,25960.98733600229,61151.85017253427
1769780371,200,,Aggregated,238.700000,0.000000,62,72,84,100,290,610,1100,1800,13000,24000,26000,139074,0,62,182.83203939570834,25.627507944591343,25960.98733600229,61144.500035952085
1769780372,200,,Aggregated,244.300000,0.000000,62,72,84,100,290,610,1100,1800,13000,24000,26000,139313,0,62,182.62083630162797,25.627507944591343,25960.98733600229,61143.980748386726
1769780373,200,,Aggregated,245.600000,0.000000,62,72,84,100,280,600,1100,1800,13000,24000,26000,139562,0,62,182.39897642200117,25.627507944591343,25960.98733600229,61138.94330835041
1769780374,200,,Aggregated,245.600000,0.000000,62,72,84,100,280,600,1100,1800,13000,24000,26000,139817,0,62,182.174819950025,25.627507944591343,25960.98733600229,61138.49885207092
1769780375,200,,Aggregated,240.900000,0.000000,62,72,84,100,280,600,1100,1800,13000,24000,26000,140082,0,62,181.94103185620415,25.627507944591343,25960.98733600229,61137.865821447434
1769780376,200,,Aggregated,242.300000,0.000000,62,72,84,100,280,600,1100,1800,13000,24000,26000,140324,0,62,181.72713007079935,25.627507944591343,25960.98733600229,61134.360565548304
1769780377,200,,Aggregated,242.100000,0.000000,62,72,84,100,280,600,1100,1800,13000,24000,26000,140589,0,62,181.50145937683686,25.627507944591343,25960.98733600229,61131.789450099226
1769780378,200,,Aggregated,245.300000,0.000000,62,71,84,100,280,600,1100,1800,13000,24000,26000,140830,0,62,181.28745427018748,25.627507944591343,25960.98733600229,61129.38492508698
1769780379,200,,Aggregated,246.600000,0.000000,62,71,83,100,280,600,1100,1800,13000,24000,26000,141074,0,62,181.07649043627907,25.627507944591343,25960.98733600229,61127.65041751138
1769780380,200,,Aggregated,246.800000,0.000000,62,71,83,100,280,600,1100,1800,13000,24000,26000,141337,0,62,180.8536910262116,25.627507944591343,25960.98733600229,61126.13090698118
1769780381,200,,Aggregated,246.900000,0.000000,62,71,83,100,280,600,1100,1800,13000,24000,26000,141583,0,62,180.64205929908877,25.627507944591343,25960.98733600229,61126.01803182586
1769780382,200,,Aggregated,246.900000,0.000000,62,71,83,100,280,590,1100,1800,13000,24000,26000,141836,0,62,180.4303973130206,25.627507944591343,25960.98733600229,61122.39795961533
1769780383,200,,Aggregated,248.200000,0.000000,62,71,83,100,280,590,1100,1800,13000,24000,26000,142104,0,62,180.20337920571984,25.627507944591343,25960.98733600229,61120.061602769805
1769780384,200,,Aggregated,244.400000,0.000000,62,71,83,100,280,590,1100,1800,13000,24000,26000,142385,0,62,179.96451163113105,25.627507944591343,25960.98733600229,61115.392576465216
1769780385,200,,Aggregated,246.900000,0.000000,62,71,83,100,280,590,1100,1800,13000,24000,26000,142648,0,62,179.73906436472961,25.627507944591343,25960.98733600229,61115.341399809324
1769780386,200,,Aggregated,245.200000,0.000000,62,71,83,100,280,590,1100,1800,13000,24000,26000,142890,0,62,179.5310557472904,25.627507944591343,25960.98733600229,61110.50526978795
1769780387,200,,Aggregated,247.300000,0.000000,62,71,83,100,280,590,1100,1800,13000,24000,26000,143143,0,62,179.316999495134,25.627507944591343,25960.98733600229,61110.70347833984
1769780388,200,,Aggregated,245.900000,0.000000,62,71,83,100,280,590,1100,1800,13000,24000,26000,143408,0,62,179.0915133921609,25.627507944591343,25960.98733600229,61105.42961341069
1769780389,200,,Aggregated,244.600000,0.000000,62,71,83,100,280,580,1100,1800,13000,24000,26000,143637,0,62,178.89965433009024,25.627507944591343,25960.98733600229,61103.71204494664
1769780390,200,,Aggregated,244.700000,0.000000,62,71,83,100,270,580,1100,1800,13000,24000,26000,143901,0,62,178.67922025338794,25.627507944591343,25960.98733600229,61102.82209296669
1769780392,200,,Aggregated,246.200000,0.000000,62,71,83,100,270,580,1100,1800,13000,24000,26000,144132,0,62,178.4898011659959,25.627507944591343,25960.98733600229,61099.1167679627
1769780393,200,,Aggregated,247.000000,0.000000,62,71,82,100,270,580,1100,1800,13000,24000,26000,144392,0,62,178.2747960100439,25.627507944591343,25960.98733600229,61096.525257632005
1769780394,200,,Aggregated,247.400000,0.000000,62,71,82,100,270,580,1100,1800,13000,24000,26000,144632,0,62,178.0772830884808,25.627507944591343,25960.98733600229,61093.67308756015
1769780395,200,,Aggregated,247.700000,0.000000,62,71,82,100,270,580,1100,1800,13000,24000,26000,144895,0,62,177.85795046142164,25.627507944591343,25960.98733600229,61093.29355050209
1769780396,200,,Aggregated,246.400000,0.000000,62,71,82,99,270,580,1100,1800,13000,24000,26000,145143,0,62,177.65503502306123,25.627507944591343,25960.98733600229,61089.42372694515
1769780397,200,,Aggregated,244.400000,0.000000,62,71,82,99,270,580,1100,1800,13000,24000,26000,145409,0,62,177.4377201725237,25.627507944591343,25960.98733600229,61085.665653432734
1769780398,200,,Aggregated,243.900000,0.000000,62,71,82,99,270,580,1100,1800,13000,24000,26000,145664,0,62,177.2276963507446,25.627507944591343,25960.98733600229,61083.14415366872
1769780399,200,,Aggregated,244.900000,0.000000,62,71,82,99,270,570,1100,1800,13000,24000,26000,145904,0,62,177.03124546636164,25.627507944591343,25960.98733600229,61079.86496600504
1769780400,200,,Aggregated,245.800000,0.000000,62,71,82,99,270,570,1100,1700,13000,24000,26000,146157,0,62,176.83206047613928,25.627507944591343,25960.98733600229,61079.28899744795
1769780401,200,,Aggregated,242.300000,0.000000,62,71,82,98,270,570,1100,1700,13000,24000,26000,146403,0,62,176.64233640620805,25.627507944591343,25960.98733600229,61074.16546109028
1769780402,200,,Aggregated,245.500000,0.000000,62,71,82,98,270,570,1100,1700,13000,24000,26000,146671,0,62,176.4439026798981,25.627507944591343,25960.98733600229,61071.20857565572
1769780403,200,,Aggregated,243.800000,0.000000,62,71,82,98,270,570,1100,1700,13000,24000,26000,146914,0,62,176.26832399456018,25.627507944591343,25960.98733600229,61071.9842492887
1769780404,200,,Aggregated,246.200000,0.000000,62,71,82,98,270,570,1100,1700,13000,24000,26000,147161,0,62,176.0820783191426,25.627507944591343,25960.98733600229,61066.24972649004
1769780405,200,,Aggregated,246.300000,0.000000,62,71,82,98,270,570,1100,1700,13000,24000,26000,147415,0,62,175.89960651305353,25.627507944591343,25960.98733600229,61066.77172607944
1769780406,200,,Aggregated,245.900000,0.000000,62,71,82,98,270,570,1100,1700,13000,24000,26000,147662,0,62,175.72237672898805,25.627507944591343,25960.98733600229,61058.55094743401
1769780407,200,,Aggregated,246.100000,0.000000,62,71,82,98,270,570,1100,1700,13000,24000,26000,147913,0,62,175.5433979607393,25.627507944591343,25960.98733600229,61061.07240742869
1769780408,200,,Aggregated,244.500000,0.000000,62,71,82,98,270,570,1100,1700,13000,24000,26000,148150,0,62,175.36637717882076,25.627507944591343,25960.98733600229,61057.674991562606
1769780409,200,,Aggregated,246.200000,0.000000,62,71,82,97,270,570,1100,1700,13000,24000,26000,148426,0,62,175.15771411490562,25.627507944591343,25960.98733600229,61056.70099578241
1769780410,200,,Aggregated,243.300000,0.000000,62,71,82,97,270,570,1100,1700,13000,24000,26000,148663,0,62,174.97694765123555,25.627507944591343,25960.98733600229,61056.30594028104
1769780411,200,,Aggregated,245.500000,0.000000,62,71,82,97,270,560,1100,1700,13000,24000,26000,148928,0,62,174.7796542505506,25.627507944591343,25960.98733600229,61054.85679657284
1769780412,200,,Aggregated,241.700000,0.000000,62,71,82,97,260,560,1100,1700,12000,24000,26000,149167,0,62,174.6097146523321,25.627507944591343,25960.98733600229,61056.436530868086
1769780413,200,,Aggregated,244.000000,0.000000,62,71,82,97,260,560,1100,1700,12000,24000,26000,149428,0,62,174.49789566999138,25.627507944591343,25960.98733600229,61050.62541826164
1769780414,200,,Aggregated,243.400000,0.000000,62,71,82,97,260,560,1100,1700,12000,24000,26000,149652,0,62,174.3936325374337,25.627507944591343,25960.98733600229,61053.98509208029
1769780415,200,,Aggregated,237.500000,0.000000,62,71,82,97,260,560,1100,1700,12000,24000,26000,149890,0,62,174.27291993787372,25.627507944591343,25960.98733600229,61055.306064447264
1769780416,200,,Aggregated,242.800000,0.000000,62,71,82,97,260,560,1100,1700,12000,24000,26000,150116,0,62,174.1494425984372,25.627507944591343,25960.98733600229,61059.32176450212
1769780417,200,,Aggregated,239.600000,0.000000,62,71,82,97,260,560,1100,1700,12000,24000,26000,150347,0,62,174.0266765023477,25.627507944591343,25960.98733600229,61064.11623776996
1769780418,200,,Aggregated,241.700000,0.000000,62,71,82,97,260,560,1100,1700,12000,24000,26000,150597,0,62,173.92699582767025,25.627507944591343,25960.98733600229,61073.42415187554
1769780419,200,,Aggregated,237.900000,0.000000,62,71,82,98,260,560,1100,1700,12000,24000,26000,150797,0,62,173.91278303068074,25.627507944591343,25960.98733600229,61072.075936523936
1769780420,200,,Aggregated,236.400000,0.000000,62,71,82,98,260,560,1100,1700,12000,24000,26000,151030,0,62,173.8160716447331,25.627507944591343,25960.98733600229,61080.31753294048
1769780421,200,,Aggregated,233.400000,0.000000,62,71,82,98,260,560,1100,1700,12000,24000,26000,151249,0,62,173.76299620470266,25.627507944591343,25960.98733600229,61087.735965196465
1769780422,200,,Aggregated,232.300000,0.000000,62,71,82,98,260,560,1100,1700,12000,24000,26000,151429,0,62,173.74910691726328,25.627507944591343,25960.98733600229,61089.94089639369
1769780423,200,,Aggregated,228.300000,0.000000,62,71,82,99,260,560,1100,1700,12000,24000,26000,151616,0,62,173.83507866382843,25.627507944591343,25960.98733600229,61099.056629907136
1769780424,200,,Aggregated,225.000000,0.000000,62,71,82,99,260,560,1100,1700,12000,24000,26000,151790,0,62,173.87884052126398,25.627507944591343,25960.98733600229,61105.52276829831
1769780425,200,,Aggregated,222.900000,0.000000,62,71,83,99,260,560,1100,1700,12000,24000,26000,151989,0,62,173.9626384295663,25.627507944591343,25960.98733600229,61116.062774279715
1769780427,200,,Aggregated,207.200000,0.000000,62,71,83,99,260,560,1100,1700,12000,24000,26000,152138,0,62,173.98542935136356,25.627507944591343,25960.98733600229,61124.940205602805
1769780428,200,,Aggregated,201.500000,0.000000,62,71,83,99,260,560,1100,1700,12000,24000,26000,152316,0,62,174.13519123566726,25.627507944591343,25960.98733600229,61141.928989731874
1769780429,200,,Aggregated,201.500000,0.000000,62,71,83,100,260,560,1100,1700,12000,24000,26000,152451,0,62,174.3701882744265,25.627507944591343,25960.98733600229,61150.04496526753
1769780430,200,,Aggregated,189.700000,0.000000,62,71,83,100,260,560,1100,1700,12000,24000,26000,152594,0,62,174.74697729913274,25.627507944591343,25960.98733600229,61156.70652843493
1769780431,200,,Aggregated,181.400000,0.000000,62,71,83,100,270,560,1100,1700,12000,24000,26000,152689,0,62,175.00218089558857,25.627507944591343,25960.98733600229,61164.08333933682
1769780432,200,,Aggregated,172.900000,0.000000,62,71,83,100,270,560,1100,1800,12000,24000,26000,152771,0,62,175.3668237767663,25.627507944591343,25960.98733600229,61168.942960378605
1769780433,200,,Aggregated,161.200000,0.000000,62,71,83,100,270,570,1100,1800,12000,24000,26000,152859,0,62,175.81743035160443,25.627507944591343,25960.98733600229,61177.00677748775
1769780434,200,,Aggregated,147.500000,0.000000,62,71,83,100,270,570,1100,1800,12000,24000,26000,152960,0,62,176.37825800644558,25.627507944591343,25960.98733600229,61181.223411349376
1769780435,200,,Aggregated,139.800000,0.000000,62,71,83,100,270,570,1100,1800,12000,24000,26000,153046,0,62,176.64131854013704,25.627507944591343,25960.98733600229,61186.01523724893
1769780436,200,,Aggregated,131.700000,0.000000,62,72,83,100,270,570,1100,1800,12000,24000,26000,153149,0,62,177.4698482506947,25.627507944591343,25960.98733600229,61200.67255417926
1769780437,200,,Aggregated,121.200000,0.000000,62,72,83,100,270,570,1100,1900,12000,24000,26000,153291,0,62,178.27892464545758,25.627507944591343,25960.98733600229,61217.73996516429
1769780438,200,,Aggregated,112.300000,0.000000,62,72,83,100,270,570,1100,1900,12000,24000,26000,153376,0,62,178.61309346776645,25.627507944591343,25960.98733600229,61222.08958376799
1769780439,200,,Aggregated,111.900000,0.000000,62,72,84,100,270,580,1100,1900,12000,24000,26000,153491,0,62,179.3818302105774,25.627507944591343,25960.98733600229,61223.01049572939
1769780441,200,,Aggregated,105.400000,0.000000,62,72,84,100,270,580,1200,2000,12000,24000,26000,153647,0,62,180.44533043060872,25.627507944591343,25960.98733600229,61230.1113266123
1769780442,200,,Aggregated,96.800000,0.000000,62,72,84,100,280,580,1200,2000,12000,24000,26000,153755,0,62,180.88951402608322,25.627507944591343,25960.98733600229,61243.6278820201
1769780443,200,,Aggregated,96.700000,0.000000,62,72,84,100,280,590,1200,2000,12000,24000,26000,153807,0,62,181.13877297381893,25.627507944591343,25960.98733600229,61243.99525379209
1769780444,200,,Aggregated,100.600000,0.000000,62,72,84,100,280,600,1200,2000,12000,24000,26000,154005,0,62,181.98183167905975,25.627507944591343,25960.98733600229,61241.289425668
1769780446,200,,Aggregated,96.000000,0.000000,62,72,84,100,280,610,1200,2000,12000,24000,26000,154145,0,62,182.50479984744757,25.627507944591343,25960.98733600229,61252.86316779655
1769780448,200,,Aggregated,100.000000,0.000000,62,72,84,100,280,610,1200,2000,12000,24000,26000,154211,0,62,182.98908131363967,25.627507944591343,25960.98733600229,61249.57683952506
1769780449,200,,Aggregated,97.200000,0.000000,62,72,85,110,290,630,1200,2000,12000,24000,26000,154486,0,62,184.7747342829289,25.627507944591343,25960.98733600229,61248.26320184353
1769780451,200,,Aggregated,85.000000,0.000000,62,72,85,110,290,640,1200,2000,12000,24000,26000,154628,0,62,185.03376477862523,25.627507944591343,25960.98733600229,61250.77673513206
1769780452,200,,Aggregated,100.100000,0.000000,62,72,85,110,300,650,1200,2000,12000,24000,26000,154918,0,62,185.86138844803097,25.627507944591343,25960.98733600229,61252.62596986793
1769780453,200,,Aggregated,98.100000,0.000000,62,72,85,110,300,650,1200,2000,12000,24000,26000,155054,0,62,185.93552318694174,25.627507944591343,25960.98733600229,61248.923684651796
1769780454,200,,Aggregated,95.800000,0.000000,62,72,86,110,300,650,1200,2000,12000,24000,26000,155291,0,62,185.97108849038,25.627507944591343,25960.98733600229,61237.074035198435
1769780455,200,,Aggregated,120.400000,0.000000,62,72,86,110,300,650,1200,2000,12000,24000,26000,155511,0,62,186.19023591153982,25.627507944591343,25960.98733600229,61248.21460218248
1769780456,200,,Aggregated,125.000000,0.000000,63,72,86,110,300,640,1200,2000,12000,24000,26000,155683,0,63,186.1751678653102,25.627507944591343,25960.98733600229,61244.747923665396
1769780458,200,,Aggregated,122.700000,0.000000,63,72,86,110,300,640,1200,2000,12000,24000,26000,155940,0,63,186.03858345378876,25.627507944591343,25960.98733600229,61239.488501987944
1769780459,200,,Aggregated,152.700000,0.000000,63,72,86,110,300,640,1200,2000,12000,24000,26000,156200,0,63,185.88519828945815,25.627507944591343,25960.98733600229,61242.09206145967
1769780460,200,,Aggregated,172.900000,0.000000,63,72,86,110,300,640,1200,2000,12000,24000,26000,156435,0,63,185.76197356865538,25.627507944591343,25960.98733600229,61241.12579665676
1769780461,200,,Aggregated,184.100000,0.000000,63,73,86,110,300,640,1200,2000,12000,24000,26000,156695,0,63,185.65761700922727,25.627507944591343,25960.98733600229,61237.45287979834
1769780462,200,,Aggregated,189.200000,0.000000,63,73,86,110,300,640,1200,2000,12000,24000,26000,156967,0,63,185.5471150523732,25.627507944591343,25960.98733600229,61233.25334624475
1769780463,200,,Aggregated,206.500000,0.000000,63,73,86,110,300,640,1200,2000,12000,24000,26000,157214,0,63,185.38674009571773,25.627507944591343,25960.98733600229,61230.63767221749
1769780464,200,,Aggregated,223.800000,0.000000,63,73,86,110,300,640,1200,2000,12000,24000,26000,157465,0,63,185.21440442318368,25.627507944591343,25960.98733600229,61224.63729717715
1769780465,200,,Aggregated,214.200000,0.000000,63,73,86,110,300,640,1200,1900,12000,24000,26000,157703,0,63,185.0392575810947,25.627507944591343,25960.98733600229,61221.723917744115
1769780466,200,,Aggregated,217.100000,0.000000,63,73,86,110,300,640,1200,1900,12000,24000,26000,157924,0,63,184.9127846396052,25.627507944591343,25960.98733600229,61215.749905017605
1769780467,200,,Aggregated,227.600000,0.000000,63,73,86,110,300,640,1200,1900,12000,24000,26000,158177,0,63,184.74154152105515,25.627507944591343,25960.98733600229,61218.234699102904
1769780468,200,,Aggregated,227.500000,0.000000,63,73,86,110,300,640,1200,1900,12000,24000,26000,158391,0,63,184.6021858522339,25.627507944591343,25960.98733600229,61207.23000675543
1769780469,200,,Aggregated,228.700000,0.000000,63,73,86,110,300,640,1200,1900,12000,24000,26000,158678,0,63,184.43364964935583,25.627507944591343,25960.98733600229,61211.30127049748
1769780470,200,,Aggregated,234.100000,0.000000,63,73,86,110,290,630,1200,1900,12000,24000,26000,158914,0,63,184.2900010026385,25.627507944591343,25960.98733600229,61203.53174043822
1769780471,200,,Aggregated,235.000000,0.000000,63,73,86,110,290,630,1200,1900,12000,24000,26000,159184,0,63,184.09442820750039,25.627507944591343,25960.98733600229,61202.361776309175
1769780472,200,,Aggregated,235.800000,0.000000,63,73,86,110,290,630,1200,1900,12000,24000,26000,159418,0,63,183.91179023314362,25.627507944591343,25960.98733600229,61195.19243121856
1769780473,200,,Aggregated,237.800000,0.000000,63,73,86,110,290,630,1200,1900,12000,24000,26000,159686,0,63,183.7306713922948,25.627507944591343,25960.98733600229,61192.9585436419
1769780474,200,,Aggregated,234.700000,0.000000,63,73,86,110,290,630,1200,1900,12000,24000,26000,159943,0,63,183.5526366218878,25.627507944591343,25960.98733600229,61191.32232732911
1769780475,200,,Aggregated,238.200000,0.000000,63,73,86,110,290,630,1200,1900,12000,24000,26000,160212,0,63,183.34052976239516,25.627507944591343,25960.98733600229,61188.08586123386
1769780476,200,,Aggregated,240.600000,0.000000,63,73,86,110,290,630,1200,1900,12000,24000,26000,160448,0,63,183.1589401164634,25.627507944591343,25960.98733600229,61184.431535450734
1769780477,200,,Aggregated,244.300000,0.000000,63,72,86,110,290,630,1200,1900,12000,24000,26000,160709,0,63,182.95485405701902,25.627507944591343,25960.98733600229,61181.962298315586
1769780478,200,,Aggregated,246.700000,0.000000,63,72,86,110,290,630,1200,1900,12000,24000,26000,160987,0,63,182.7432711500613,25.627507944591343,25960.98733600229,61180.48218179108
1769780479,200,,Aggregated,247.500000,0.000000,63,72,86,110,290,630,1200,1900,12000,24000,26000,161249,0,63,182.54079858407854,25.627507944591343,25960.98733600229,61174.90172342154
1769780480,200,,Aggregated,248.300000,0.000000,63,72,86,110,290,620,1200,1900,12000,24000,26000,161483,0,63,182.36311625029157,25.627507944591343,25960.98733600229,61172.083364812395
1769780481,200,,Aggregated,247.200000,0.000000,63,72,86,110,290,620,1200,1900,12000,24000,26000,161743,0,63,182.171387107289,25.627507944591343,25960.98733600229,61171.29423220789
1769780482,200,,Aggregated,248.300000,0.000000,63,72,86,110,290,620,1200,1900,12000,24000,26000,161967,0,63,182.0016479188995,25.627507944591343,25960.98733600229,61168.154840183495
1769780483,200,,Aggregated,243.700000,0.000000,63,72,85,110,290,620,1200,1900,12000,24000,26000,162254,0,62,181.78986613552078,25.627507944591343,25960.98733600229,61165.39789465899
1769780484,200,,Aggregated,247.300000,0.000000,62,72,85,110,290,620,1200,1900,12000,24000,26000,162483,0,62,181.6154853689104,25.627507944591343,25960.98733600229,61165.906427133916
1769780486,200,,Aggregated,249.500000,0.000000,62,72,85,110,290,620,1200,1900,12000,24000,26000,162728,0,62,181.43348536392523,25.627507944591343,25960.98733600229,61161.41028587582
1769780487,200,,Aggregated,245.400000,0.000000,62,72,85,110,290,620,1200,1900,12000,24000,26000,162965,0,62,181.25749740157488,25.627507944591343,25960.98733600229,61161.68928911116
1769780488,200,,Aggregated,245.600000,0.000000,62,72,85,110,290,620,1200,1900,12000,24000,26000,163230,0,62,181.06495848081013,25.627507944591343,25960.98733600229,61156.486044232064
1769780489,200,,Aggregated,245.600000,0.000000,62,72,85,110,290,620,1200,1900,12000,24000,26000,163470,0,62,180.88882461474333,25.627507944591343,25960.98733600229,61157.81826023124
1769780490,200,,Aggregated,244.100000,0.000000,62,72,85,110,280,610,1200,1900,12000,24000,26000,163746,0,62,180.68919242986337,25.627507944591343,25960.98733600229,61156.123215223575
1769780491,200,,Aggregated,243.400000,0.000000,62,72,85,110,280,610,1200,1900,12000,24000,26000,163981,0,62,180.51772367048235,25.627507944591343,25960.98733600229,61153.13186283777
1769780492,200,,Aggregated,244.600000,0.000000,62,72,85,110,280,610,1200,1900,12000,24000,26000,164253,0,62,180.3263938001277,25.627507944591343,25960.98733600229,61151.521871746634
1769780493,200,,Aggregated,243.800000,0.000000,62,72,85,100,280,610,1200,1900,12000,24000,26000,164494,0,62,180.1527154286756,25.627507944591343,25960.98733600229,61150.037217162935
1769780494,200,,Aggregated,244.400000,0.000000,62,72,85,100,280,610,1200,1900,12000,24000,26000,164770,0,62,179.95139569380132,25.627507944591343,25960.98733600229,61148.32264368514
1769780495,200,,Aggregated,245.400000,0.000000,62,72,85,100,280,610,1200,1900,12000,24000,26000,165025,0,62,179.7640550374677,25.627507944591343,25960.98733600229,61144.96902893501
1769780496,200,,Aggregated,244.600000,0.000000,62,72,85,100,280,610,1200,1900,12000,24000,26000,165278,0,62,179.58059951803713,25.627507944591343,25960.98733600229,61142.239578165274
1769780497,200,,Aggregated,246.700000,0.000000,62,72,84,100,280,610,1200,1900,12000,24000,26000,165498,0,62,179.41857503099467,25.627507944591343,25960.98733600229,61140.2796166721
1769780498,200,,Aggregated,246.300000,0.000000,62,72,84,100,280,610,1200,1900,12000,24000,26000,165779,0,62,179.2184593423526,25.627507944591343,25960.98733600229,61137.57038587517
1769780499,200,,Aggregated,245.200000,0.000000,62,72,84,100,280,610,1200,1900,12000,24000,26000,166020,0,62,179.0475760182025,25.627507944591343,25960.98733600229,61135.07505119865
1769780500,200,,Aggregated,245.200000,0.000000,62,72,84,100,280,610,1200,1900,12000,24000,26000,166288,0,62,178.8563144474877,25.627507944591343,25960.98733600229,61132.91355960743
1769780501,200,,Aggregated,246.100000,0.000000,62,72,84,100,280,610,1200,1800,12000,24000,26000,166544,0,62,178.67239365019518,25.627507944591343,25960.98733600229,61129.79775314632
1769780502,200,,Aggregated,243.800000,0.000000,62,72,84,100,280,600,1200,1800,12000,24000,26000,166799,0,62,178.49194937310435,25.627507944591343,25960.98733600229,61129.22020515711
1769780503,200,,Aggregated,247.200000,0.000000,62,72,84,100,280,600,1100,1800,12000,24000,26000,167032,0,62,178.32160644603155,25.627507944591343,25960.98733600229,61124.5482123186
1769780504,200,,Aggregated,247.300000,0.000000,62,72,84,100,280,600,1100,1800,12000,24000,26000,167288,0,62,178.13859370612178,25.627507944591343,25960.98733600229,61123.49913920903
1769780505,200,,Aggregated,247.300000,0.000000,62,72,84,100,280,600,1100,1800,12000,24000,26000,167528,0,62,177.9658886069815,25.627507944591343,25960.98733600229,61121.32741989399
1769780506,200,,Aggregated,246.100000,0.000000,62,72,84,100,280,600,1100,1800,12000,24000,26000,167788,0,62,177.78531616482533,25.627507944591343,25960.98733600229,61120.55549264548
1769780507,200,,Aggregated,243.800000,0.000000,62,72,84,100,280,600,1100,1800,12000,24000,26000,168048,0,62,177.61029434677,25.627507944591343,25960.98733600229,61117.11056364848
1769780508,200,,Aggregated,245.800000,0.000000,62,72,84,100,280,600,1100,1800,12000,24000,26000,168300,0,62,177.43725009551974,25.627507944591343,25960.98733600229,61115.360683303625
1769780509,200,,Aggregated,248.700000,0.000000,62,72,84,100,280,600,1100,1800,12000,24000,26000,168533,0,62,177.27843006790422,25.627507944591343,25960.98733600229,61112.79159571123
1769780510,200,,Aggregated,248.200000,0.000000,62,72,84,100,280,600,1100,1800,12000,24000,26000,168804,0,62,177.10689022228897,25.627507944591343,25960.98733600229,61110.44506646762
1769780511,200,,Aggregated,245.300000,0.000000,62,72,84,100,270,600,1100,1800,12000,24000,26000,169040,0,62,176.9448756385923,25.627507944591343,25960.98733600229,61109.070799810695
1769780512,200,,Aggregated,245.400000,0.000000,62,72,84,100,270,590,1100,1800,12000,24000,26000,169293,0,62,176.77806899898093,25.627507944591343,25960.98733600229,61105.91447962999
1769780513,200,,Aggregated,243.600000,0.000000,62,72,84,100,270,590,1100,1800,12000,24000,26000,169556,0,62,176.61436218955726,25.627507944591343,25960.98733600229,61101.449149543514
1769780514,200,,Aggregated,240.400000,0.000000,62,72,84,100,270,590,1100,1800,12000,24000,26000,169806,0,62,176.47842969449613,25.627507944591343,25960.98733600229,61101.99256210028
1769780515,200,,Aggregated,241.900000,0.000000,62,72,84,100,270,590,1100,1800,11000,24000,26000,170051,0,62,176.3269173567786,25.627507944591343,25960.98733600229,61095.59496268766
1769780516,200,,Aggregated,242.200000,0.000000,62,72,84,100,270,590,1100,1800,11000,24000,26000,170293,0,62,176.179892829678,25.627507944591343,25960.98733600229,61098.48639697463
1769780517,200,,Aggregated,244.700000,0.000000,62,72,84,100,270,590,1100,1800,11000,24000,26000,170556,0,62,176.03890523911022,25.627507944591343,25960.98733600229,61096.21546002486
1769780518,200,,Aggregated,243.700000,0.000000,62,72,84,100,270,590,1100,1800,11000,24000,26000,170797,0,62,175.89462633093441,25.627507944591343,25960.98733600229,61095.28979431723
1769780520,200,,Aggregated,242.600000,0.000000,62,72,83,100,270,590,1100,1800,11000,24000,26000,171055,0,62,175.72758175079178,25.627507944591343,25960.98733600229,61095.589132150475
1769780521,200,,Aggregated,243.500000,0.000000,62,72,83,100,270,590,1100,1800,11000,24000,26000,171274,0,62,175.58581747995143,25.627507944591343,25960.98733600229,61095.12798206383
1769780522,200,,Aggregated,243.600000,0.000000,62,72,83,100,270,590,1100,1800,11000,24000,26000,171546,0,62,175.41314725575066,25.627507944591343,25960.98733600229,61097.849323213595
1769780523,200,,Aggregated,240.600000,0.000000,62,72,83,100,270,590,1100,1800,11000,24000,26000,171775,0,62,175.29119650423172,25.627507944591343,25960.98733600229,61099.53357007714
1769780524,200,,Aggregated,243.400000,0.000000,62,72,83,100,270,580,1100,1800,11000,24000,26000,172011,0,62,175.15005126046518,25.627507944591343,25960.98733600229,61103.37772002953
1769780525,200,,Aggregated,240.700000,0.000000,62,72,83,100,270,580,1100,1800,11000,24000,26000,172251,0,62,175.04120098373934,25.627507944591343,25960.98733600229,61102.768053596206
1769780526,200,,Aggregated,239.900000,0.000000,62,72,84,100,270,580,1100,1800,11000,24000,26000,172494,0,62,174.93972078201216,25.627507944591343,25960.98733600229,61110.158834510185
1769780527,200,,Aggregated,239.400000,0.000000,62,72,84,100,270,580,1100,1800,11000,24000,26000,172701,0,62,174.86185724633597,25.627507944591343,25960.98733600229,61109.65257294399
1769780528,200,,Aggregated,238.000000,0.000000,62,72,84,100,270,580,1100,1800,11000,24000,26000,172931,0,62,174.8023345644272,25.627507944591343,25960.98733600229,61116.37409140062
1769780529,200,,Aggregated,236.700000,0.000000,62,72,84,100,270,580,1100,1800,11000,24000,26000,173164,0,62,174.78950872349301,25.627507944591343,25960.98733600229,61117.50174978633
1769780530,200,,Aggregated,232.300000,0.000000,62,72,84,100,270,580,1100,1800,11000,24000,26000,173349,0,62,174.7697485148395,25.627507944591343,25960.98733600229,61122.198501289306
1769780531,200,,Aggregated,229.000000,0.000000,62,72,84,100,270,580,1100,1800,11000,24000,26000,173539,0,62,174.78729925342245,25.627507944591343,25960.98733600229,61130.966606929855
1769780532,200,,Aggregated,221.700000,0.000000,62,72,84,100,270,580,1100,1800,11000,24000,26000,173726,0,62,174.8412633497003,25.627507944591343,25960.98733600229,61135.99679955793
1769780533,200,,Aggregated,219.100000,0.000000,62,72,84,100,270,580,1100,1800,11000,24000,26000,173902,0,62,174.8998067195386,25.627507944591343,25960.98733600229,61147.271302227695
1769780534,200,,Aggregated,212.900000,0.000000,62,72,84,100,270,580,1100,1800,11000,24000,26000,174093,0,62,174.90784986119272,25.627507944591343,25960.98733600229,61161.354442740376
1769780535,200,,Aggregated,209.700000,0.000000,63,72,84,100,270,580,1100,1800,11000,24000,26000,174232,0,63,175.00093532710886,25.627507944591343,25960.98733600229,61172.62397837366
1769780536,200,,Aggregated,201.700000,0.000000,63,72,84,100,270,580,1100,1800,11000,24000,26000,174363,0,63,175.1038942221111,25.627507944591343,25960.98733600229,61175.08417496832
1769780537,200,,Aggregated,193.400000,0.000000,63,72,84,100,270,580,1100,1800,11000,24000,26000,174459,0,63,175.41827732464014,25.627507944591343,25960.98733600229,61179.57301142389
1769780538,200,,Aggregated,183.800000,0.000000,63,72,85,100,270,590,1100,1800,11000,24000,26000,174563,0,63,175.80896837883515,25.627507944591343,25960.98733600229,61181.4581096796
1769780539,200,,Aggregated,173.400000,0.000000,63,72,85,100,270,590,1100,1800,11000,24000,26000,174655,0,63,175.9721159202239,25.627507944591343,25960.98733600229,61184.272382697316
1769780540,200,,Aggregated,162.100000,0.000000,63,72,85,100,270,590,1200,1800,11000,24000,26000,174756,0,63,176.4425628872579,25.627507944591343,25960.98733600229,61193.43825104718
1769780541,200,,Aggregated,151.000000,0.000000,63,72,85,100,270,590,1200,1900,11000,24000,26000,174875,0,63,176.88650659116277,25.627507944591343,25960.98733600229,61201.38632165833
1769780542,200,,Aggregated,141.900000,0.000000,63,72,85,100,270,600,1200,1900,11000,24000,26000,175014,0,63,177.80246307210697,25.627507944591343,25960.98733600229,61216.30202155256
1769780543,200,,Aggregated,134.000000,0.000000,63,72,85,100,270,600,1200,1900,11000,24000,26000,175112,0,63,178.19239992987292,25.627507944591343,25960.98733600229,61220.985854767234
1769780545,200,,Aggregated,127.200000,0.000000,63,72,85,100,270,600,1200,1900,11000,24000,26000,175243,0,63,178.33181608719576,25.627507944591343,25960.98733600229,61227.634284964304
1769780546,200,,Aggregated,113.900000,0.000000,63,72,85,100,270,600,1200,1900,11000,24000,26000,175350,0,63,178.68874801018094,25.627507944591343,25960.98733600229,61234.18632449387
1769780547,200,,Aggregated,108.000000,0.000000,63,72,85,100,270,600,1200,2000,11000,24000,26000,175502,0,63,179.3620713410016,25.627507944591343,25960.98733600229,61242.604112773646
1769780548,200,,Aggregated,104.300000,0.000000,63,72,85,100,280,610,1200,2000,11000,24000,26000,175610,0,63,180.14043412287361,25.627507944591343,25960.98733600229,61247.17194920563
1769780550,200,,Aggregated,108.700000,0.000000,63,72,85,110,280,610,1200,2000,11000,24000,26000,175767,0,63,180.72420947367337,25.627507944591343,25960.98733600229,61249.53853681294
1769780552,200,,Aggregated,107.500000,0.000000,63,73,86,110,280,620,1200,2000,11000,24000,26000,175921,0,63,181.3127715997699,25.627507944591343,25960.98733600229,61257.81384257707
1769780553,200,,Aggregated,108.300000,0.000000,63,73,86,110,280,630,1200,2000,11000,24000,26000,176002,0,63,181.75633429359294,25.627507944591343,25960.98733600229,61257.332496221636
1769780554,200,,Aggregated,105.600000,0.000000,63,73,86,110,280,640,1300,2000,11000,24000,26000,176118,0,63,182.56476985381101,25.627507944591343,25960.98733600229,61251.66893219319
1769780556,200,,Aggregated,96.400000,0.000000,63,73,86,110,290,650,1300,2000,11000,24000,26000,176395,0,63,183.64095006803666,25.627507944591343,25960.98733600229,61266.5471186825
1769780557,200,,Aggregated,100.100000,0.000000,63,73,86,110,290,650,1300,2000,11000,24000,26000,176609,0,63,183.78089625838135,25.627507944591343,25960.98733600229,61254.192804443715
1769780558,200,,Aggregated,105.300000,0.000000,63,73,86,110,290,650,1300,2000,11000,24000,26000,176808,0,63,183.71709191430688,25.627507944591343,25960.98733600229,61270.63871544274
1769780560,200,,Aggregated,102.300000,0.000000,63,73,86,110,290,650,1300,2000,11000,24000,26000,176874,0,63,183.88874143694275,25.627507944591343,25960.98733600229,61258.489806302794
1769780561,200,,Aggregated,114.900000,0.000000,63,73,87,110,300,660,1300,2000,11000,24000,26000,177153,0,63,184.84489698543132,25.627507944591343,25960.98733600229,61253.197569332726
1769780562,200,,Aggregated,110.700000,0.000000,63,73,87,110,300,660,1300,2000,11000,24000,26000,177370,0,63,184.8900176791547,25.627507944591343,25960.98733600229,61261.84412809381
1769780563,200,,Aggregated,124.100000,0.000000,63,73,87,110,300,660,1300,2000,11000,24000,26000,177582,0,63,184.8890083444882,25.627507944591343,25960.98733600229,61254.15044880675
1769780564,200,,Aggregated,134.800000,0.000000,63,73,87,110,300,660,1300,2000,11000,24000,26000,177834,0,63,184.75762396604026,25.627507944591343,25960.98733600229,61256.45841065263
1769780565,200,,Aggregated,147.200000,0.000000,63,73,87,110,300,660,1300,2000,11000,24000,26000,178044,0,63,184.6390939527184,25.627507944591343,25960.98733600229,61251.28122823572
1769780566,200,,Aggregated,156.900000,0.000000,63,73,87,110,300,660,1300,2000,11000,24000,26000,178304,0,63,184.4800690524166,25.627507944591343,25960.98733600229,61251.36350839017
1769780567,200,,Aggregated,168.400000,0.000000,63,73,87,110,290,660,1300,2000,11000,24000,26000,178579,0,63,184.36982055013064,25.627507944591343,25960.98733600229,61252.07660475196
1769780568,200,,Aggregated,177.900000,0.000000,63,73,87,110,290,660,1300,2000,11000,24000,26000,178817,0,63,184.20418451689096,25.627507944591343,25960.98733600229,61250.64987109727
1769780569,200,,Aggregated,184.500000,0.000000,63,73,87,110,290,650,1300,2000,11000,24000,26000,179061,0,63,184.1610049220796,25.627507944591343,25960.98733600229,61244.16363697287
1769780570,200,,Aggregated,188.000000,0.000000,63,73,87,110,290,650,1300,2000,11000,24000,26000,179299,0,63,184.02103508432705,25.627507944591343,25960.98733600229,61241.7376114758
1769780571,200,,Aggregated,203.000000,0.000000,63,73,87,110,290,650,1300,2000,11000,24000,26000,179513,0,63,183.893357314663,25.627507944591343,25960.98733600229,61236.08218903367
1769780572,200,,Aggregated,222.100000,0.000000,63,73,87,110,290,650,1300,2000,11000,24000,26000,179726,0,63,183.77738866696748,25.627507944591343,25960.98733600229,61237.71090437666
1769780574,200,,Aggregated,227.300000,0.000000,63,73,87,110,290,650,1300,2000,11000,24000,26000,179998,0,63,183.63103608821478,25.627507944591343,25960.98733600229,61236.11715130168
1769780575,200,,Aggregated,225.200000,0.000000,63,73,87,110,290,650,1300,2000,11000,24000,26000,180226,0,63,183.49370117047192,25.627507944591343,25960.98733600229,61232.49510614451
1769780576,200,,Aggregated,230.400000,0.000000,63,73,87,110,290,650,1300,2000,11000,24000,26000,180488,0,63,183.331427978744,25.627507944591343,25960.98733600229,61229.63266809982
1769780577,200,,Aggregated,229.000000,0.000000,63,73,87,110,290,650,1300,2000,11000,24000,26000,180735,0,63,183.18453585276868,25.627507944591343,25960.98733600229,61227.97649597477
1769780578,200,,Aggregated,229.900000,0.000000,63,73,87,110,290,650,1300,2000,11000,24000,26000,180999,0,63,183.01912563788483,25.627507944591343,25960.98733600229,61225.06979596573
1769780579,200,,Aggregated,237.000000,0.000000,63,73,87,110,290,650,1300,2000,11000,24000,26000,181256,0,63,182.84770580763197,25.627507944591343,25960.98733600229,61222.62753784702
1769780580,200,,Aggregated,231.100000,0.000000,63,73,87,110,290,650,1300,2000,11000,24000,26000,181513,0,63,182.6694372598098,25.627507944591343,25960.98733600229,61217.64698396258
1769780581,200,,Aggregated,238.300000,0.000000,63,73,87,110,290,650,1300,2000,11000,24000,26000,181767,0,63,182.51177189939204,25.627507944591343,25960.98733600229,61216.39319018304
1769780582,200,,Aggregated,237.000000,0.000000,63,73,87,110,290,640,1300,2000,11000,24000,26000,182029,0,63,182.39626366488403,25.627507944591343,25960.98733600229,61209.38535617951
1769780583,200,,Aggregated,235.700000,0.000000,63,73,87,110,290,640,1300,2000,11000,24000,26000,182272,0,63,182.25344229422245,25.627507944591343,25960.98733600229,61207.88607685218
1769780584,200,,Aggregated,234.600000,0.000000,63,73,87,110,290,640,1200,2000,11000,24000,26000,182507,0,63,182.09470644842781,25.627507944591343,25960.98733600229,61204.47884190743
1769780585,200,,Aggregated,240.300000,0.000000,63,73,87,110,290,640,1200,2000,11000,24000,26000,182716,0,63,181.97104908167506,25.627507944591343,25960.98733600229,61197.94597079621
1769780586,200,,Aggregated,238.800000,0.000000,63,73,87,110,290,640,1200,2000,11000,24000,26000,182976,0,63,181.8072653709691,25.627507944591343,25960.98733600229,61199.93870780867
1769780587,200,,Aggregated,240.100000,0.000000,63,73,87,110,290,640,1200,2000,11000,24000,26000,183231,0,63,181.6438171433654,25.627507944591343,25960.98733600229,61199.465991016805
1769780588,200,,Aggregated,238.500000,0.000000,63,73,87,110,290,640,1200,2000,11000,24000,26000,183479,0,63,181.48146332481443,25.627507944591343,25960.98733600229,61197.23399408106
1769780589,200,,Aggregated,239.500000,0.000000,63,73,86,110,290,640,1200,2000,11000,24000,26000,183732,0,63,181.3150260762147,25.627507944591343,25960.98733600229,61194.34563385801
1769780590,200,,Aggregated,240.800000,0.000000,63,73,86,110,280,640,1200,2000,11000,24000,26000,183993,0,63,181.1433594377819,25.627507944591343,25960.98733600229,61194.03201208742
1769780591,200,,Aggregated,238.800000,0.000000,63,73,86,110,280,640,1200,2000,11000,24000,26000,184269,0,63,180.96006410288345,25.627507944591343,25960.98733600229,61191.31318887062
1769780592,200,,Aggregated,237.700000,0.000000,63,73,86,110,280,640,1200,1900,11000,24000,26000,184521,0,63,180.79816244856687,25.627507944591343,25960.98733600229,61188.31347109543
1769780593,200,,Aggregated,242.100000,0.000000,63,73,86,110,280,640,1200,1900,11000,24000,26000,184786,0,63,180.63287403588336,25.627507944591343,25960.98733600229,61187.47238427154
1769780594,200,,Aggregated,245.400000,0.000000,63,73,86,110,280,630,1200,1900,11000,24000,26000,185039,0,63,180.4668970659704,25.627507944591343,25960.98733600229,61186.39951037349
1769780595,200,,Aggregated,244.100000,0.000000,63,73,86,110,280,630,1200,1900,11000,24000,26000,185305,0,63,180.29079575654657,25.627507944591343,25960.98733600229,61184.10593885756
1769780596,200,,Aggregated,243.600000,0.000000,63,73,86,110,280,630,1200,1900,11000,24000,26000,185583,0,63,180.11011128507516,25.627507944591343,25960.98733600229,61182.3627379663
1769780598,200,,Aggregated,245.400000,0.000000,63,73,86,110,280,630,1200,1900,11000,24000,26000,185844,0,63,179.93944531277796,25.627507944591343,25960.98733600229,61180.98456770194
1769780599,200,,Aggregated,245.800000,0.000000,63,73,86,110,280,630,1200,1900,11000,24000,26000,186105,0,63,179.7700331275146,25.627507944591343,25960.98733600229,61178.96743773676
1769780600,200,,Aggregated,246.800000,0.000000,63,73,86,110,280,630,1200,1900,11000,24000,26000,186370,0,63,179.59699078692,25.627507944591343,25960.98733600229,61177.216842839516
1769780601,200,,Aggregated,247.600000,0.000000,63,72,86,110,280,630,1200,1900,11000,24000,26000,186609,0,63,179.4404643299295,25.627507944591343,25960.98733600229,61174.601444732034
1769780602,200,,Aggregated,251.300000,0.000000,63,72,86,110,280,630,1200,1900,11000,24000,26000,186860,0,63,179.27233992008232,25.627507944591343,25960.98733600229,61171.68844054372
1769780603,200,,Aggregated,248.400000,0.000000,63,72,86,110,280,630,1200,1900,11000,24000,26000,187127,0,63,179.09946696664505,25.627507944591343,25960.98733600229,61169.79454060611
1769780604,200,,Aggregated,249.000000,0.000000,63,72,85,110,280,630,1200,1900,11000,24000,26000,187385,0,63,178.9342958502942,25.627507944591343,25960.98733600229,61166.351047309014
1769780605,200,,Aggregated,248.000000,0.000000,63,72,85,110,280,630,1200,1900,11000,24000,26000,187637,0,63,178.78420040996122,25.627507944591343,25960.98733600229,61164.62731763991
1769780606,200,,Aggregated,250.700000,0.000000,63,72,85,110,280,620,1200,1900,11000,24000,26000,187860,0,63,178.64576098642075,25.627507944591343,25960.98733600229,61164.02186734803
1769780607,200,,Aggregated,249.400000,0.000000,63,72,85,110,280,620,1200,1900,11000,24000,26000,188131,0,63,178.47533428099626,25.627507944591343,25960.98733600229,61161.689381335345
1769780608,200,,Aggregated,247.200000,0.000000,63,72,85,110,280,620,1200,1900,11000,24000,26000,188374,0,63,178.3200064172438,25.627507944591343,25960.98733600229,61158.34726129933
1769780609,200,,Aggregated,243.800000,0.000000,63,72,85,100,280,620,1200,1900,11000,24000,26000,188625,0,63,178.16267720710883,25.627507944591343,25960.98733600229,61157.900267726975
1769780610,200,,Aggregated,242.500000,0.000000,63,72,85,100,280,620,1200,1900,11000,24000,26000,188882,0,63,178.00168801516543,25.627507944591343,25960.98733600229,61155.18584089537
1769780611,200,,Aggregated,242.900000,0.000000,62,72,85,100,280,620,1200,1900,11000,24000,26000,189131,0,62,177.84456423002783,25.627507944591343,25960.98733600229,61151.88037392072
1769780612,200,,Aggregated,239.900000,0.000000,62,72,85,100,280,620,1200,1900,11000,24000,26000,189399,0,62,177.67839316684856,25.627507944591343,25960.98733600229,61151.03534865548
1769780613,200,,Aggregated,244.100000,0.000000,62,72,85,100,270,620,1200,1900,11000,24000,26000,189638,0,62,177.5286111743959,25.627507944591343,25960.98733600229,61149.313697676625
1769780614,200,,Aggregated,245.400000,0.000000,62,72,85,100,270,620,1200,1900,11000,24000,26000,189905,0,62,177.36903125153876,25.627507944591343,25960.98733600229,61146.22740844106
1769780615,200,,Aggregated,248.800000,0.000000,62,72,85,100,270,610,1200,1900,11000,23000,26000,190144,0,62,177.22657384419753,25.627507944591343,25960.98733600229,61145.74715478795
1769780616,200,,Aggregated,246.300000,0.000000,62,72,85,100,270,610,1200,1900,11000,23000,26000,190416,0,62,177.05904966859026,25.627507944591343,25960.98733600229,61140.16853625746
1769780617,200,,Aggregated,249.500000,0.000000,62,72,85,100,270,610,1200,1900,11000,23000,26000,190679,0,62,176.89762016861675,25.627507944591343,25960.98733600229,61141.46630724936
1769780618,200,,Aggregated,249.200000,0.000000,62,72,85,100,270,610,1200,1900,11000,23000,26000,190918,0,62,176.74903875189037,25.627507944591343,25960.98733600229,61138.30881320776
1769780619,200,,Aggregated,251.200000,0.000000,62,72,85,100,270,610,1200,1900,11000,23000,26000,191187,0,62,176.59139353852618,25.627507944591343,25960.98733600229,61137.64941130934
1769780620,200,,Aggregated,249.700000,0.000000,62,72,84,100,270,610,1200,1900,11000,23000,26000,191437,0,62,176.4469285136757,25.627507944591343,25960.98733600229,61134.526779044805
1769780621,200,,Aggregated,248.100000,0.000000,62,72,84,100,270,610,1200,1900,11000,23000,26000,191689,0,62,176.29498186782513,25.627507944591343,25960.98733600229,61132.29018357861
1769780622,200,,Aggregated,248.100000,0.000000,62,72,84,100,270,610,1200,1900,11000,23000,26000,191935,0,62,176.14786065104235,25.627507944591343,25960.98733600229,61128.83015604241
1769780623,200,,Aggregated,245.900000,0.000000,62,72,84,100,270,610,1200,1900,11000,23000,26000,192171,0,62,176.008490501951,25.627507944591343,25960.98733600229,61127.67461791842
1769780624,200,,Aggregated,244.700000,0.000000,62,72,84,100,270,610,1200,1900,11000,23000,26000,192440,0,62,175.87189646644197,25.627507944591343,25960.98733600229,61128.133548118894
1769780625,200,,Aggregated,243.900000,0.000000,62,72,84,100,270,610,1200,1900,11000,23000,26000,192688,0,62,175.72921207886284,25.627507944591343,25960.98733600229,61127.550963215144
1769780626,200,,Aggregated,243.200000,0.000000,62,72,84,100,270,610,1200,1900,11000,23000,26000,192934,0,62,175.5790637956438,25.627507944591343,25960.98733600229,61125.325204474066
1769780627,200,,Aggregated,242.900000,0.000000,62,72,84,100,270,610,1200,1900,10000,23000,26000,193163,0,62,175.4410667202179,25.627507944591343,25960.98733600229,61127.717130092205
1769780629,200,,Aggregated,242.800000,0.000000,62,72,84,100,270,600,1200,1900,10000,23000,26000,193391,0,62,175.32435354383404,25.627507944591343,25960.98733600229,61125.657486646225
1769780630,200,,Aggregated,241.300000,0.000000,62,72,84,100,270,600,1200,1900,10000,23000,26000,193667,0,62,175.20808252741725,25.627507944591343,25960.98733600229,61130.028001672974
1769780631,200,,Aggregated,238.300000,0.000000,62,72,84,100,270,600,1200,1900,10000,23000,26000,193891,0,62,175.0934319620474,25.627507944591343,25960.98733600229,61130.51561444317
1769780632,200,,Aggregated,242.600000,0.000000,62,72,84,100,270,600,1200,1900,10000,23000,26000,194138,0,62,175.00686949723524,25.627507944591343,25960.98733600229,61131.98942504816
1769780633,200,,Aggregated,239.700000,0.000000,62,72,84,100,270,600,1200,1900,10000,23000,26000,194356,0,62,174.95724983303427,25.627507944591343,25960.98733600229,61133.33783366605
1769780634,200,,Aggregated,238.000000,0.000000,62,72,84,100,270,600,1200,1900,10000,23000,26000,194612,0,62,174.90538084383664,25.627507944591343,25960.98733600229,61139.95120547551
1769780635,200,,Aggregated,235.000000,0.000000,62,72,84,100,270,600,1200,1900,10000,23000,26000,194841,0,62,174.85838385167332,25.627507944591343,25960.98733600229,61139.449997690426
1769780636,200,,Aggregated,236.300000,0.000000,62,72,85,100,270,600,1200,1900,10000,23000,26000,195060,0,62,174.80710716529578,25.627507944591343,25960.98733600229,61144.160694145394
1769780637,200,,Aggregated,231.400000,0.000000,62,72,85,100,270,600,1200,1900,10000,23000,26000,195230,0,62,174.79209200004996,25.627507944591343,25960.98733600229,61149.59164575116
1769780638,200,,Aggregated,228.900000,0.000000,62,72,85,100,270,600,1200,1900,10000,23000,26000,195458,0,62,174.829971243853,25.627507944591343,25960.98733600229,61155.998628861445
1769780639,200,,Aggregated,223.300000,0.000000,62,72,85,100,270,600,1200,1900,10000,23000,26000,195659,0,62,174.81300570743343,25.627507944591343,25960.98733600229,61164.728451029594
1769780640,200,,Aggregated,223.300000,0.000000,63,72,85,100,270,600,1200,1900,10000,23000,26000,195871,0,63,174.79936387737507,25.627507944591343,25960.98733600229,61177.121059268604
1769780641,200,,Aggregated,220.900000,0.000000,63,72,85,100,270,600,1200,1900,10000,23000,26000,196015,0,63,174.8235791429848,25.627507944591343,25960.98733600229,61183.4936918093
1769780642,200,,Aggregated,213.300000,0.000000,63,72,85,100,270,600,1200,1900,10000,23000,26000,196166,0,63,174.92893155017384,25.627507944591343,25960.98733600229,61186.22782745226
1769780643,200,,Aggregated,209.700000,0.000000,63,72,85,100,270,600,1200,1900,10000,23000,26000,196317,0,63,175.10093022667388,25.627507944591343,25960.98733600229,61191.525563247196
1769780644,200,,Aggregated,198.900000,0.000000,63,72,85,100,270,600,1200,1900,10000,23000,26000,196425,0,63,175.36551642695247,25.627507944591343,25960.98733600229,61195.52516227568
1769780645,200,,Aggregated,193.300000,0.000000,63,72,85,100,270,600,1200,1900,10000,23000,26000,196518,0,63,175.57898604031374,25.627507944591343,25960.98733600229,61200.02609430179
1769780646,200,,Aggregated,179.100000,0.000000,63,72,85,100,270,610,1200,1900,10000,23000,26000,196634,0,63,176.18529481235745,25.627507944591343,25960.98733600229,61208.84905967432
1769780647,200,,Aggregated,166.100000,0.000000,63,72,85,100,270,610,1200,1900,10000,23000,26000,196778,0,63,176.75219826914181,25.627507944591343,25960.98733600229,61221.017446055965
1769780648,200,,Aggregated,157.400000,0.000000,63,72,85,100,270,610,1200,1900,10000,23000,26000,196885,0,63,176.91531745176866,25.627507944591343,25960.98733600229,61223.94232165985
1769780650,200,,Aggregated,149.300000,0.000000,63,72,86,110,270,610,1200,1900,10000,23000,26000,196981,0,63,177.2740718701023,25.627507944591343,25960.98733600229,61225.27024433829
1769780651,200,,Aggregated,131.900000,0.000000,63,72,86,110,270,620,1200,2000,10000,23000,26000,197090,0,63,177.5237851381011,25.627507944591343,25960.98733600229,61230.9667512304
1769780652,200,,Aggregated,118.700000,0.000000,63,72,86,110,270,620,1300,2000,10000,23000,26000,197207,0,63,178.00810852732658,25.627507944591343,25960.98733600229,61238.83061453194
1769780653,200,,Aggregated,110.000000,0.000000,63,73,86,110,280,620,1300,2000,10000,23000,26000,197356,0,63,178.8981248848348,25.627507944591343,25960.98733600229,61249.717763837936
1769780654,200,,Aggregated,109.300000,0.000000,63,73,86,110,280,630,1300,2000,10000,23000,26000,197483,0,63,179.2484634543133,25.627507944591343,25960.98733600229,61254.211628342695
1769780655,200,,Aggregated,105.800000,0.000000,63,73,86,110,280,630,1300,2000,10000,23000,26000,197740,0,63,179.44946735274874,25.627507944591343,25960.98733600229,61269.831440275106
1769780656,200,,Aggregated,106.000000,0.000000,63,73,86,110,280,630,1300,2000,10000,23000,26000,197815,0,63,179.5307735613396,25.627507944591343,25960.98733600229,61269.66986325607
1769780658,200,,Aggregated,114.800000,0.000000,63,73,86,110,280,630,1300,2000,10000,23000,26000,197951,0,63,179.86235357444122,25.627507944591343,25960.98733600229,61270.669064566486
1769780660,200,,Aggregated,120.400000,0.000000,63,73,86,110,280,640,1300,2000,10000,23000,26000,198051,0,63,180.471345571187,25.627507944591343,25960.98733600229,61262.93872790342
1769780662,200,,Aggregated,105.900000,0.000000,63,73,87,110,290,650,1300,2000,10000,23000,26000,198303,0,63,181.5215567184812,25.627507944591343,25960.98733600229,61270.727492776205
1769780663,200,,Aggregated,117.600000,0.000000,63,73,87,110,290,660,1300,2000,10000,23000,26000,198434,0,63,182.09303123453765,25.627507944591343,25960.98733600229,61260.61696584255
1769780664,200,,Aggregated,110.800000,0.000000,63,73,87,110,290,660,1300,2000,10000,23000,26000,198725,0,63,182.28879531654374,25.627507944591343,25960.98733600229,61277.91015725248
1769780666,200,,Aggregated,102.500000,0.000000,63,73,87,110,290,660,1300,2000,10000,23000,26000,198737,0,63,182.304724886771,25.627507944591343,25960.98733600229,61276.56199399206
1769780667,200,,Aggregated,113.600000,0.000000,63,73,87,110,290,660,1300,2000,10000,23000,26000,199112,0,63,182.93908531302586,25.627507944591343,25960.98733600229,61278.00702619631
1769780668,200,,Aggregated,113.600000,0.000000,63,73,87,110,290,660,1300,2000,10000,23000,26000,199153,0,63,182.92969600585113,25.627507944591343,25960.98733600229,61268.927693783175
1769780669,200,,Aggregated,122.500000,0.000000,63,73,88,110,300,660,1300,2000,10000,23000,26000,199297,0,63,183.06436110949642,25.627507944591343,25960.98733600229,61273.12227479591
1769780670,200,,Aggregated,120.200000,0.000000,63,73,88,110,300,660,1300,2000,10000,23000,26000,199641,0,63,183.21530404112298,25.627507944591343,25960.98733600229,61270.72909372323
1769780671,200,,Aggregated,129.400000,0.000000,63,73,88,110,300,660,1300,2000,10000,23000,26000,199836,0,63,183.11100815405553,25.627507944591343,25960.98733600229,61269.925068556215
1769780672,200,,Aggregated,152.900000,0.000000,63,73,88,110,300,660,1300,2000,10000,23000,26000,200109,0,63,183.13249116001222,25.627507944591343,25960.98733600229,61268.09229469939
1769780673,200,,Aggregated,154.200000,0.000000,63,73,88,110,300,660,1300,2000,10000,23000,26000,200356,0,63,183.01326946652563,25.627507944591343,25960.98733600229,61265.98732256583
1769780674,200,,Aggregated,154.200000,0.000000,63,73,88,110,300,660,1300,2000,10000,23000,26000,200572,0,63,182.92429723309556,25.627507944591343,25960.98733600229,61259.18381429113
1769780675,200,,Aggregated,179.600000,0.000000,63,73,88,110,300,660,1300,2000,10000,23000,26000,200799,0,63,182.836764009362,25.627507944591343,25960.98733600229,61257.34201365545
1769780676,200,,Aggregated,168.700000,0.000000,63,73,88,110,300,660,1300,2000,10000,23000,26000,200976,0,63,182.79243563813793,25.627507944591343,25960.98733600229,61252.73520718892
1769780677,200,,Aggregated,189.200000,0.000000,63,73,88,110,300,660,1300,2000,10000,23000,26000,201241,0,63,182.70315881351007,25.627507944591343,25960.98733600229,61255.460716255635
1769780678,200,,Aggregated,210.200000,0.000000,63,73,88,110,300,660,1300,2000,10000,23000,26000,201488,0,63,182.5843062800588,25.627507944591343,25960.98733600229,61255.460588223614
1769780679,200,,Aggregated,186.800000,0.000000,63,73,88,110,300,660,1300,2000,10000,23000,26000,201755,0,63,182.44148247667047,25.627507944591343,25960.98733600229,61250.51339991574
1769780680,200,,Aggregated,212.600000,0.000000,63,73,88,110,300,660,1300,2000,10000,23000,26000,201998,0,63,182.3243245576489,25.627507944591343,25960.98733600229,61250.738913256566
1769780682,200,,Aggregated,218.900000,0.000000,63,73,88,110,300,650,1300,2000,10000,23000,26000,202255,0,63,182.218028609923,25.627507944591343,25960.98733600229,61247.175575387504
1769780683,200,,Aggregated,220.300000,0.000000,63,73,88,110,290,650,1300,2000,10000,23000,26000,202520,0,63,182.0598084287047,25.627507944591343,25960.98733600229,61244.86795378234
1769780684,200,,Aggregated,240.500000,0.000000,63,73,88,110,290,650,1300,2000,10000,23000,26000,202756,0,63,181.91725225371653,25.627507944591343,25960.98733600229,61240.84651995502
1769780685,200,,Aggregated,236.900000,0.000000,63,73,88,110,290,650,1300,2000,10000,23000,26000,203012,0,63,181.78469994264023,25.627507944591343,25960.98733600229,61236.82653242173
1769780686,200,,Aggregated,237.000000,0.000000,63,73,88,110,290,650,1300,2000,10000,23000,26000,203247,0,63,181.6475147193663,25.627507944591343,25960.98733600229,61236.76690430855
1769780687,200,,Aggregated,235.100000,0.000000,63,73,88,110,290,650,1300,2000,10000,23000,26000,203470,0,63,181.52445830765544,25.627507944591343,25960.98733600229,61233.28459723792
1769780688,200,,Aggregated,236.800000,0.000000,63,73,88,110,290,650,1300,2000,10000,23000,26000,203748,0,63,181.3756730427685,25.627507944591343,25960.98733600229,61231.8935007951
1769780689,200,,Aggregated,247.200000,0.000000,63,73,88,110,290,650,1300,2000,10000,23000,26000,204012,0,63,181.217689325209,25.627507944591343,25960.98733600229,61229.81688822226
1769780690,200,,Aggregated,240.900000,0.000000,63,73,88,110,290,650,1300,2000,10000,23000,26000,204288,0,63,181.04841489095563,25.627507944591343,25960.98733600229,61227.02236058897
1769780691,200,,Aggregated,244.800000,0.000000,63,73,88,110,290,650,1300,2000,10000,23000,26000,204540,0,63,180.90897783129844,25.627507944591343,25960.98733600229,61224.1002786741
1769780692,200,,Aggregated,243.100000,0.000000,63,73,88,110,290,650,1300,2000,10000,23000,26000,204795,0,63,180.76649256661514,25.627507944591343,25960.98733600229,61220.91533484704
1769780693,200,,Aggregated,246.200000,0.000000,63,73,88,110,290,650,1300,2000,10000,23000,26000,205067,0,63,180.61132507326033,25.627507944591343,25960.98733600229,61219.22432180702
1769780694,200,,Aggregated,243.800000,0.000000,63,73,87,110,290,640,1300,2000,10000,23000,26000,205326,0,63,180.46143457362038,25.627507944591343,25960.98733600229,61216.988374584806
1769780695,200,,Aggregated,242.400000,0.000000,63,73,87,110,290,640,1300,2000,10000,23000,26000,205578,0,63,180.31949596111141,25.627507944591343,25960.98733600229,61214.42877156116
1769780696,200,,Aggregated,241.800000,0.000000,63,73,87,110,290,640,1300,2000,10000,23000,26000,205839,0,63,180.1784509473987,25.627507944591343,25960.98733600229,61212.99333459646
1769780697,200,,Aggregated,244.900000,0.000000,63,73,87,110,290,640,1300,2000,10000,23000,26000,206095,0,63,180.02899029700333,25.627507944591343,25960.98733600229,61209.637768990026
1769780698,200,,Aggregated,243.900000,0.000000,63,73,87,110,290,640,1300,2000,10000,23000,26000,206359,0,63,179.8769400060042,25.627507944591343,25960.98733600229,61206.40190154052
1769780699,200,,Aggregated,246.900000,0.000000,63,73,87,110,290,640,1300,2000,10000,23000,26000,206607,0,63,179.7364433597922,25.627507944591343,25960.98733600229,61206.19076313968
1769780700,200,,Aggregated,246.600000,0.000000,63,73,87,110,290,640,1300,2000,10000,23000,26000,206857,0,63,179.59202433177828,25.627507944591343,25960.98733600229,61201.653886501306
1769780701,200,,Aggregated,247.600000,0.000000,63,73,87,110,290,640,1300,2000,10000,23000,26000,207096,0,63,179.458231624262,25.627507944591343,25960.98733600229,61202.631373855605
1769780702,200,,Aggregated,248.800000,0.000000,63,73,87,110,290,640,1300,2000,10000,23000,26000,207354,0,63,179.319530884716,25.627507944591343,25960.98733600229,61202.04893563664
1769780703,200,,Aggregated,247.700000,0.000000,63,73,87,110,290,640,1300,2000,10000,23000,26000,207588,0,63,179.18269974276697,25.627507944591343,25960.98733600229,61199.74427712584
1769780704,200,,Aggregated,247.900000,0.000000,63,73,87,110,280,640,1300,2000,10000,23000,26000,207848,0,63,179.0357261542722,25.627507944591343,25960.98733600229,61199.81224741157
1769780705,200,,Aggregated,248.300000,0.000000,63,73,87,110,280,640,1300,2000,10000,23000,26000,208110,0,63,178.88631905800867,25.627507944591343,25960.98733600229,61198.73606746432
1769780706,200,,Aggregated,246.900000,0.000000,63,73,87,110,280,630,1300,2000,10000,23000,26000,208370,0,63,178.73914805647345,25.627507944591343,25960.98733600229,61195.18882756635
1769780707,200,,Aggregated,246.300000,0.000000,63,73,87,110,280,630,1300,2000,10000,23000,26000,208616,0,63,178.59785466062502,25.627507944591343,25960.98733600229,61194.457505656326
1769780708,200,,Aggregated,247.700000,0.000000,63,73,87,110,280,630,1300,2000,10000,23000,26000,208867,0,63,178.45367896231352,25.627507944591343,25960.98733600229,61191.18572105694
1769780710,200,,Aggregated,246.800000,0.000000,63,73,87,110,280,630,1300,2000,10000,23000,26000,209125,0,63,178.30675048363287,25.627507944591343,25960.98733600229,61189.930228332334
1769780711,200,,Aggregated,244.900000,0.000000,63,73,86,110,280,630,1300,2000,10000,23000,26000,209377,0,63,178.1627803523313,25.627507944591343,25960.98733600229,61188.80459171733
1769780712,200,,Aggregated,243.300000,0.000000,63,73,86,110,280,630,1300,2000,10000,23000,26000,209631,0,63,178.01880371137239,25.627507944591343,25960.98733600229,61187.21078466448
1769780713,200,,Aggregated,243.300000,0.000000,63,73,86,110,280,630,1300,2000,10000,23000,26000,209886,0,63,177.87157331917663,25.627507944591343,25960.98733600229,61185.573234994234
1769780714,200,,Aggregated,245.200000,0.000000,63,73,86,110,280,630,1300,2000,10000,23000,26000,210148,0,63,177.72033444346405,25.627507944591343,25960.98733600229,61182.62096712793
1769780715,200,,Aggregated,245.400000,0.000000,63,73,86,110,280,630,1300,2000,10000,23000,26000,210401,0,63,177.5763179921883,25.627507944591343,25960.98733600229,61181.42496471024
1769780716,200,,Aggregated,248.200000,0.000000,63,73,86,110,280,630,1300,2000,10000,23000,26000,210670,0,63,177.42245917313437,25.627507944591343,25960.98733600229,61179.12237148146
1769780717,200,,Aggregated,247.500000,0.000000,63,73,86,110,280,630,1300,1900,10000,23000,26000,210903,0,63,177.29155801302366,25.627507944591343,25960.98733600229,61176.92882509969
1769780718,200,,Aggregated,247.600000,0.000000,63,73,86,110,280,620,1300,1900,10000,23000,26000,211164,0,63,177.14654075389194,25.627507944591343,25960.98733600229,61174.60637229831
1769780719,200,,Aggregated,244.600000,0.000000,63,73,86,110,280,620,1300,1900,10000,23000,26000,211411,0,63,177.0077972834037,25.627507944591343,25960.98733600229,61171.486592466805
1769780720,200,,Aggregated,245.300000,0.000000,63,73,86,110,280,620,1300,1900,10000,23000,26000,211674,0,63,176.8619525729514,25.627507944591343,25960.98733600229,61170.98940351673
1769780721,200,,Aggregated,244.800000,0.000000,63,73,86,110,280,620,1300,1900,10000,23000,26000,211928,0,63,176.72429480712609,25.627507944591343,25960.98733600229,61170.03623872258
1769780722,200,,Aggregated,246.100000,0.000000,63,73,86,110,280,620,1300,1900,9900,23000,26000,212188,0,63,176.58090207589154,25.627507944591343,25960.98733600229,61166.130299545686
1769780723,200,,Aggregated,246.100000,0.000000,63,72,86,110,280,620,1300,1900,9900,23000,26000,212425,0,63,176.45104298209637,25.627507944591343,25960.98733600229,61165.67934094386
1769780724,200,,Aggregated,246.300000,0.000000,63,72,86,110,280,620,1300,1900,9900,23000,26000,212667,0,63,176.32172954965662,25.627507944591343,25960.98733600229,61163.79161788148
1769780725,200,,Aggregated,244.100000,0.000000,63,72,86,110,280,620,1300,1900,9900,23000,26000,212906,0,63,176.19217961489534,25.627507944591343,25960.98733600229,61160.54549895259
1769780726,200,,Aggregated,246.600000,0.000000,63,72,86,110,280,620,1300,1900,9900,23000,26000,213167,0,63,176.0660115480027,25.627507944591343,25960.98733600229,61159.6781209099
1769780727,200,,Aggregated,241.500000,0.000000,63,72,86,110,280,620,1300,1900,9900,23000,26000,213414,0,63,175.930083818161,25.627507944591343,25960.98733600229,61158.51884599886
1769780728,200,,Aggregated,243.700000,0.000000,63,72,85,110,280,610,1300,1900,9900,23000,26000,213672,0,63,175.7870966715534,25.627507944591343,25960.98733600229,61157.52702272642
1769780729,200,,Aggregated,244.600000,0.000000,63,72,85,110,280,610,1300,1900,9900,23000,26000,213926,0,63,175.6483805285731,25.627507944591343,25960.98733600229,61155.45035666539
1769780730,200,,Aggregated,244.100000,0.000000,63,72,85,110,280,610,1300,1900,9800,23000,26000,214180,0,63,175.5121800325416,25.627507944591343,25960.98733600229,61153.990274535434
1769780731,200,,Aggregated,243.600000,0.000000,63,72,85,110,270,610,1300,1900,9800,23000,26000,214433,0,63,175.3980940570181,25.627507944591343,25960.98733600229,61151.25220465133
1769780732,200,,Aggregated,243.800000,0.000000,63,72,85,100,270,610,1300,1900,9800,23000,26000,214673,0,63,175.28763148177342,25.627507944591343,25960.98733600229,61150.32953375599
1769780733,200,,Aggregated,240.800000,0.000000,63,72,85,100,270,610,1300,1900,9800,23000,26000,214921,0,63,175.15789060619917,25.627507944591343,25960.98733600229,61151.026339910946
1769780734,200,,Aggregated,241.400000,0.000000,63,72,85,100,270,610,1300,1900,9800,23000,26000,215181,0,63,175.0204959826887,25.627507944591343,25960.98733600229,61152.04430688583
1769780735,200,,Aggregated,242.300000,0.000000,63,72,85,100,270,610,1300,1900,9800,23000,26000,215406,0,63,174.90815422485744,25.627507944591343,25960.98733600229,61151.084992989985
1769780736,200,,Aggregated,239.900000,0.000000,63,72,85,100,270,610,1300,1900,9800,23000,26000,215672,0,63,174.80302236882835,25.627507944591343,25960.98733600229,61154.04632033829
1769780737,200,,Aggregated,244.700000,0.000000,63,72,85,100,270,610,1300,1900,9800,23000,26000,215907,0,63,174.7090950883484,25.627507944591343,25960.98733600229,61149.559745631224
1769780738,200,,Aggregated,240.600000,0.000000,63,72,85,100,270,610,1200,1900,9700,23000,26000,216158,0,63,174.61729607030222,25.627507944591343,25960.98733600229,61157.72651486412
1769780739,200,,Aggregated,240.900000,0.000000,63,72,85,100,270,610,1200,1900,9700,23000,26000,216352,0,63,174.54622296232273,25.627507944591343,25960.98733600229,61157.73793632599
1769780741,200,,Aggregated,241.500000,0.000000,63,72,85,100,270,610,1200,1900,9700,23000,26000,216596,0,63,174.5332779209019,25.627507944591343,25960.98733600229,61161.87884356129
1769780742,200,,Aggregated,233.200000,0.000000,63,72,85,100,270,610,1200,1900,9700,23000,26000,216802,0,63,174.48764333705495,25.627507944591343,25960.98733600229,61164.93137978432
1769780743,200,,Aggregated,235.600000,0.000000,63,72,85,110,270,610,1200,1900,9700,23000,26000,217028,0,63,174.44939078272122,25.627507944591343,25960.98733600229,61169.84100669038
1769780744,200,,Aggregated,229.800000,0.000000,63,72,86,110,270,610,1200,1900,9700,23000,26000,217223,0,63,174.47600082488748,25.627507944591343,25960.98733600229,61175.68415867565
1769780745,200,,Aggregated,228.700000,0.000000,63,72,86,110,270,600,1200,1900,9700,23000,26000,217407,0,63,174.48067194039925,25.627507944591343,25960.98733600229,61174.81136761926
1769780746,200,,Aggregated,222.200000,0.000000,63,73,86,110,270,600,1200,1900,9700,23000,26000,217587,0,63,174.5348277129553,25.627507944591343,25960.98733600229,61184.33886675215
1769780747,200,,Aggregated,216.000000,0.000000,63,73,86,110,270,600,1200,1900,9700,23000,26000,217756,0,63,174.59195283338772,25.627507944591343,25960.98733600229,61190.44847903158
1769780748,200,,Aggregated,212.300000,0.000000,63,73,86,110,270,610,1200,1900,9700,23000,26000,217962,0,63,174.70119477146835,25.627507944591343,25960.98733600229,61198.30264908562
1769780749,200,,Aggregated,205.200000,0.000000,63,73,86,110,270,610,1200,1900,9700,23000,26000,218080,0,63,174.75497743488054,25.627507944591343,25960.98733600229,61203.66055117388
1769780750,200,,Aggregated,197.500000,0.000000,63,73,86,110,270,610,1300,1900,9700,23000,26000,218259,0,63,174.85050756409626,25.627507944591343,25960.98733600229,61211.00985984541
1769780751,200,,Aggregated,188.000000,0.000000,63,73,86,110,270,610,1300,1900,9700,23000,26000,218386,0,63,175.12928419747152,25.627507944591343,25960.98733600229,61218.224442042985
1769780752,200,,Aggregated,185.700000,0.000000,63,73,86,110,270,610,1300,1900,9700,23000,26000,218570,0,63,175.26546229338211,25.627507944591343,25960.98733600229,61229.67614951732
1769780753,200,,Aggregated,175.600000,0.000000,63,73,86,110,270,610,1300,1900,9700,23000,26000,218693,0,63,175.33980145492774,25.627507944591343,25960.98733600229,61235.02413428871
1769780754,200,,Aggregated,169.200000,0.000000,63,73,86,110,270,610,1300,1900,9700,23000,26000,218801,0,63,175.61431429179785,25.627507944591343,25960.98733600229,61240.19620568462
1769780755,200,,Aggregated,161.300000,0.000000,63,73,86,110,280,610,1300,1900,9700,23000,26000,218888,0,63,175.89916917903648,25.627507944591343,25960.98733600229,61243.500475128836
1769780756,200,,Aggregated,153.700000,0.000000,63,73,86,110,280,620,1300,2000,9600,23000,26000,219040,0,63,176.42882083044356,25.627507944591343,25960.98733600229,61253.11594685902
1769780758,200,,Aggregated,145.500000,0.000000,63,73,87,110,280,620,1300,2000,9600,23000,26000,219122,0,63,176.80657239874634,25.627507944591343,25960.98733600229,61257.1649035697
1769780759,200,,Aggregated,136.800000,0.000000,63,73,87,110,280,620,1300,2000,9600,23000,26000,219255,0,63,177.07130854306817,25.627507944591343,25960.98733600229,61264.03736744886
1769780760,200,,Aggregated,121.400000,0.000000,63,73,87,110,280,620,1300,2000,9600,23000,26000,219423,0,63,177.49401405081963,25.627507944591343,25960.98733600229,61269.41785956805
1769780761,200,,Aggregated,120.900000,0.000000,63,73,87,110,280,630,1300,2000,9600,23000,26000,219552,0,63,177.69564133288213,25.627507944591343,25960.98733600229,61276.39965475149
1769780763,200,,Aggregated,117.200000,0.000000,63,73,87,110,280,630,1300,2000,9600,23000,26000,219688,0,63,178.0585802346291,25.627507944591343,25960.98733600229,61276.96548286661
1769780764,200,,Aggregated,112.200000,0.000000,63,73,87,110,290,640,1300,2000,9600,23000,26000,219859,0,63,178.54423406764457,25.627507944591343,25960.98733600229,61278.43900863735
1769780766,200,,Aggregated,105.500000,0.000000,63,73,87,110,290,650,1300,2000,9600,23000,26000,220015,0,63,178.95626929812994,25.627507944591343,25960.98733600229,61282.10766538645
1769780767,200,,Aggregated,110.200000,0.000000,63,73,87,110,290,660,1300,2000,9600,23000,26000,220180,0,63,179.47048746722302,25.627507944591343,25960.98733600229,61282.495331092745
1769780768,200,,Aggregated,110.200000,0.000000,63,73,88,110,290,660,1300,2000,9600,23000,26000,220263,0,63,179.63546040050318,25.627507944591343,25960.98733600229,61281.6824251009
1769780770,200,,Aggregated,104.000000,0.000000,63,73,88,110,290,660,1300,2000,9600,23000,26000,220355,0,63,180.08599539010302,25.627507944591343,25960.98733600229,61282.884518163875
1769780771,200,,Aggregated,105.500000,0.000000,63,73,88,110,300,670,1300,2000,9600,23000,26000,220592,0,63,181.1255424921429,25.627507944591343,25960.98733600229,61271.024175854065
1769780772,200,,Aggregated,97.400000,0.000000,63,73,88,110,300,670,1300,2000,9600,23000,26000,220829,0,63,181.36871021567353,25.627507944591343,25960.98733600229,61281.30122402402
1769780773,200,,Aggregated,94.500000,0.000000,63,73,88,110,300,670,1300,2000,9600,23000,26000,220983,0,63,181.37698990667639,25.627507944591343,25960.98733600229,61277.39522044682
1769780775,200,,Aggregated,107.700000,0.000000,63,73,88,110,300,670,1300,2000,9600,23000,26000,221230,0,63,181.3737939012709,25.627507944591343,25960.98733600229,61284.068616372104
1769780776,200,,Aggregated,116.800000,0.000000,63,73,89,110,310,670,1300,2000,9600,23000,26000,221528,0,63,181.51181894694759,25.627507944591343,25960.98733600229,61278.25618883392
1769780777,200,,Aggregated,129.300000,0.000000,63,73,89,110,300,670,1300,2000,9600,23000,26000,221744,0,63,181.4017120179033,25.627507944591343,25960.98733600229,61276.067045782525
1769780778,200,,Aggregated,128.100000,0.000000,63,73,89,110,300,670,1300,2000,9600,23000,26000,221997,0,63,181.31779448750927,25.627507944591343,25960.98733600229,61275.804632495034
1769780779,200,,Aggregated,152.600000,0.000000,63,73,89,110,300,670,1300,2000,9600,23000,26000,222147,0,63,181.25895679706466,25.627507944591343,25960.98733600229,61264.96768806241
1769780780,200,,Aggregated,156.200000,0.000000,63,74,89,110,300,670,1300,2000,9600,23000,26000,222401,0,63,181.2074043718055,25.627507944591343,25960.98733600229,61272.35052000666
1769780781,200,,Aggregated,178.500000,0.000000,63,74,89,110,300,670,1300,2000,9600,23000,26000,222635,0,63,181.15339242678843,25.627507944591343,25960.98733600229,61272.41238798931
1769780782,200,,Aggregated,201.400000,0.000000,63,74,89,110,300,670,1300,2000,9600,23000,26000,222932,0,63,181.0671120178595,25.627507944591343,25960.98733600229,61269.920451079255
1769780783,200,,Aggregated,204.900000,0.000000,63,74,89,110,300,670,1300,2000,9500,23000,26000,223170,0,63,180.9518516196785,25.627507944591343,25960.98733600229,61267.086216785414
1769780784,200,,Aggregated,203.100000,0.000000,63,74,89,110,300,670,1300,2000,9500,23000,26000,223445,0,63,180.8212644893468,25.627507944591343,25960.98733600229,61264.2906487055
1769780785,200,,Aggregated,209.600000,0.000000,63,74,89,110,300,670,1300,2000,9500,23000,26000,223652,0,63,180.76772845120178,25.627507944591343,25960.98733600229,61259.754869171746
1769780786,200,,Aggregated,221.200000,0.000000,63,74,89,110,300,660,1300,1900,9500,23000,26000,223909,0,63,180.63279862552554,25.627507944591343,25960.98733600229,61260.32420760219
1769780787,200,,Aggregated,222.800000,0.000000,63,74,89,110,300,660,1300,1900,9500,23000,26000,224152,0,63,180.5117755788679,25.627507944591343,25960.98733600229,61253.05424444127
1769780788,200,,Aggregated,239.900000,0.000000,63,74,89,110,300,660,1300,1900,9500,23000,26000,224398,0,63,180.39406713990957,25.627507944591343,25960.98733600229,61256.85307801317
1769780789,200,,Aggregated,231.600000,0.000000,63,74,89,110,300,660,1300,1900,9500,23000,26000,224646,0,63,180.27478337821967,25.627507944591343,25960.98733600229,61252.62249049616
1769780790,200,,Aggregated,237.000000,0.000000,63,74,89,110,300,660,1300,1900,9500,23000,26000,224878,0,63,180.16339748676748,25.627507944591343,25960.98733600229,61248.77737261982
1769780791,200,,Aggregated,233.700000,0.000000,63,74,89,110,300,660,1300,1900,9400,23000,26000,225137,0,63,180.03046181622227,25.627507944591343,25960.98733600229,61249.0075776083
1769780793,200,,Aggregated,230.100000,0.000000,63,74,89,110,300,660,1300,1900,9400,23000,26000,225360,0,63,179.93135584535244,25.627507944591343,25960.98733600229,61247.66010383386
1769780794,200,,Aggregated,238.900000,0.000000,63,74,89,110,300,660,1300,1900,9400,23000,26000,225603,0,63,179.82246150095784,25.627507944591343,25960.98733600229,61243.336764138774
1769780795,200,,Aggregated,239.700000,0.000000,63,74,89,110,290,660,1300,1900,9400,23000,26000,225874,0,63,179.69592089016848,25.627507944591343,25960.98733600229,61243.119792450656
1769780796,200,,Aggregated,240.800000,0.000000,63,74,89,110,290,660,1300,1900,9400,23000,26000,226136,0,63,179.56294080090933,25.627507944591343,25960.98733600229,61240.17901616726
1769780797,200,,Aggregated,240.800000,0.000000,63,73,89,110,290,660,1300,1900,9400,23000,26000,226375,0,63,179.4300032975378,25.627507944591343,25960.98733600229,61237.31360795141
1769780798,200,,Aggregated,240.600000,0.000000,63,73,88,110,290,660,1300,1900,9400,23000,26000,226617,0,63,179.3028814985331,25.627507944591343,25960.98733600229,61233.755155173705
1769780799,200,,Aggregated,239.300000,0.000000,63,73,88,110,290,660,1300,1900,9400,23000,26000,226859,0,63,179.1796121712443,25.627507944591343,25960.98733600229,61233.46539921273
1769780800,200,,Aggregated,236.200000,0.000000,63,73,88,110,290,660,1300,1900,9400,23000,26000,227099,0,63,179.0517812294818,25.627507944591343,25960.98733600229,61232.65918828353
1769780801,200,,Aggregated,238.600000,0.000000,63,73,88,110,290,660,1300,1900,9400,23000,26000,227358,0,63,178.91718845718387,25.627507944591343,25960.98733600229,61231.483677724114
1769780802,200,,Aggregated,240.200000,0.000000,63,73,88,110,290,660,1300,1900,9400,23000,26000,227609,0,63,178.81654063519085,25.627507944591343,25960.98733600229,61229.66944628728
1769780803,200,,Aggregated,243.100000,0.000000,63,73,88,110,290,660,1300,1900,9400,23000,26000,227874,0,63,178.67477660581412,25.627507944591343,25960.98733600229,61228.69335246671
1769780804,200,,Aggregated,239.400000,0.000000,63,73,88,110,290,660,1300,1900,9400,23000,26000,228113,0,63,178.54675787212258,25.627507944591343,25960.98733600229,61226.70138922376
1769780805,200,,Aggregated,243.500000,0.000000,63,73,88,110,290,660,1300,1900,9400,23000,26000,228389,0,63,178.41301880276077,25.627507944591343,25960.98733600229,61223.304896470494
1769780806,200,,Aggregated,241.600000,0.000000,63,73,88,110,290,660,1300,1900,9400,23000,26000,228626,0,63,178.28771997049074,25.627507944591343,25960.98733600229,61222.85310507116
1769780807,200,,Aggregated,241.700000,0.000000,63,73,88,110,290,660,1300,1900,9400,23000,26000,228914,0,63,178.1409113059671,25.627507944591343,25960.98733600229,61219.52107778467
1769780808,200,,Aggregated,243.000000,0.000000,63,73,88,110,290,660,1300,1900,9400,23000,26000,229157,0,63,178.0134140804643,25.627507944591343,25960.98733600229,61219.66459676117
1769780809,200,,Aggregated,242.700000,0.000000,63,73,88,110,290,650,1300,1900,9400,23000,26000,229408,0,63,177.88020145894586,25.627507944591343,25960.98733600229,61216.867044741244
1769780810,200,,Aggregated,247.100000,0.000000,63,73,88,110,290,650,1300,1900,9400,23000,26000,229660,0,63,177.75852461684656,25.627507944591343,25960.98733600229,61216.31826613254
1769780811,200,,Aggregated,243.600000,0.000000,63,73,88,110,290,650,1300,1900,9400,23000,26000,229915,0,63,177.62471230317365,25.627507944591343,25960.98733600229,61214.489185133636
1769780812,200,,Aggregated,241.500000,0.000000,63,73,88,110,290,650,1300,1900,9400,23000,26000,230169,0,63,177.49427880112503,25.627507944591343,25960.98733600229,61214.415920475825
1769780813,200,,Aggregated,242.800000,0.000000,63,73,88,110,290,650,1300,1900,9400,23000,26000,230415,0,63,177.3658321279654,25.627507944591343,25960.98733600229,61211.655912158494
1769780814,200,,Aggregated,248.600000,0.000000,63,73,88,110,290,650,1300,1900,9400,23000,26000,230671,0,63,177.23193460751895,25.627507944591343,25960.98733600229,61209.261753753184
1769780815,200,,Aggregated,246.400000,0.000000,63,73,87,110,290,650,1300,1900,9400,23000,26000,230941,0,63,177.09092153960896,25.627507944591343,25960.98733600229,61207.99924656081
1769780816,200,,Aggregated,249.100000,0.000000,63,73,87,110,290,650,1300,1900,9300,23000,26000,231188,0,63,176.96206991213876,25.627507944591343,25960.98733600229,61206.4400920463
1769780817,200,,Aggregated,247.600000,0.000000,63,73,87,110,290,650,1300,1900,9300,23000,26000,231442,0,63,176.8317201374646,25.627507944591343,25960.98733600229,61204.02863784447
1769780818,200,,Aggregated,248.200000,0.000000,63,73,87,110,280,650,1300,1900,9300,23000,26000,231705,0,63,176.69976809732523,25.627507944591343,25960.98733600229,61202.13931507736
1769780819,200,,Aggregated,249.600000,0.000000,63,73,87,110,280,650,1300,1900,9300,23000,26000,231945,0,63,176.57890068728497,25.627507944591343,25960.98733600229,61201.45314190864
1769780820,200,,Aggregated,246.900000,0.000000,63,73,87,110,280,650,1300,1900,9300,23000,26000,232217,0,63,176.44204287721237,25.627507944591343,25960.98733600229,61200.716549606615
1769780821,200,,Aggregated,248.900000,0.000000,63,73,87,110,280,650,1300,1900,9300,23000,26000,232468,0,63,176.31554279543704,25.627507944591343,25960.98733600229,61197.227941049954
1769780822,200,,Aggregated,249.500000,0.000000,63,73,87,110,280,640,1300,1900,9300,23000,26000,232718,0,63,176.18787298658017,25.627507944591343,25960.98733600229,61196.97252898358
1769780823,200,,Aggregated,247.400000,0.000000,63,73,87,110,280,640,1300,1900,9300,23000,26000,232996,0,63,176.04826501082562,25.627507944591343,25960.98733600229,61195.139109684285
1769780825,200,,Aggregated,246.400000,0.000000,63,73,87,110,280,640,1300,1900,9300,23000,26000,233224,0,63,175.93501717651966,25.627507944591343,25960.98733600229,61193.021614413614
1769780826,200,,Aggregated,248.600000,0.000000,63,73,87,110,280,640,1300,1900,9300,23000,26000,233491,0,63,175.80646320921616,25.627507944591343,25960.98733600229,61191.88045363633
1769780827,200,,Aggregated,246.100000,0.000000,63,73,87,110,280,640,1300,1900,9300,23000,26000,233765,0,63,175.6780675954704,25.627507944591343,25960.98733600229,61189.257553525975
1769780828,200,,Aggregated,246.800000,0.000000,63,73,87,110,280,640,1300,1900,9300,23000,26000,234023,0,63,175.5505670561783,25.627507944591343,25960.98733600229,61186.36532306654
1769780829,200,,Aggregated,249.200000,0.000000,63,73,87,110,280,640,1300,1900,9300,23000,26000,234268,0,63,175.43292320400784,25.627507944591343,25960.98733600229,61185.67898304506
1769780830,200,,Aggregated,248.300000,0.000000,63,73,87,110,280,640,1300,1900,9300,23000,26000,234524,0,63,175.31117812764484,25.627507944591343,25960.98733600229,61183.26328648667
1769780831,200,,Aggregated,248.700000,0.000000,63,73,87,110,280,640,1300,1900,9300,23000,26000,234780,0,63,175.19282088581653,25.627507944591343,25960.98733600229,61181.31691370645
1769780832,200,,Aggregated,247.700000,0.000000,63,73,86,110,280,640,1300,1900,9200,23000,26000,235026,0,63,175.0787303692615,25.627507944591343,25960.98733600229,61179.164037170354
1769780833,200,,Aggregated,248.800000,0.000000,63,73,86,110,280,640,1300,1900,9200,23000,26000,235287,0,63,174.95530196531737,25.627507944591343,25960.98733600229,61178.30451321152
1769780834,200,,Aggregated,248.600000,0.000000,63,73,86,110,280,640,1300,1900,9200,23000,26000,235555,0,63,174.83413643998276,25.627507944591343,25960.98733600229,61176.02995054234
1769780835,200,,Aggregated,248.400000,0.000000,63,73,86,110,280,640,1300,1900,9200,23000,26000,235783,0,63,174.73124797532896,25.627507944591343,25960.98733600229,61175.382330363085
1769780836,200,,Aggregated,247.700000,0.000000,63,73,86,110,280,630,1300,1900,9200,23000,26000,236016,0,63,174.62096424901105,25.627507944591343,25960.98733600229,61173.7250059318
1769780837,200,,Aggregated,248.100000,0.000000,63,73,86,110,280,630,1300,1900,9200,23000,26000,236277,0,63,174.50070147355248,25.627507944591343,25960.98733600229,61172.76469567499
1769780838,200,,Aggregated,246.200000,0.000000,63,73,86,110,280,630,1300,1900,9200,23000,26000,236523,0,63,174.38718653797557,25.627507944591343,25960.98733600229,61171.968814872125
1769780839,200,,Aggregated,241.900000,0.000000,63,73,86,110,280,630,1300,1900,9200,23000,26000,236775,0,63,174.27437867515405,25.627507944591343,25960.98733600229,61171.07189948263
1769780840,200,,Aggregated,245.000000,0.000000,63,73,86,110,280,630,1300,1900,9100,23000,26000,237013,0,63,174.16754516397802,25.627507944591343,25960.98733600229,61171.87717551358
1769780841,200,,Aggregated,241.800000,0.000000,63,73,86,110,280,630,1300,1900,9100,23000,26000,237266,0,63,174.06524167181013,25.627507944591343,25960.98733600229,61169.76101084858
1769780842,200,,Aggregated,244.900000,0.000000,63,73,86,110,280,630,1300,1900,9100,23000,26000,237491,0,63,173.9630023224183,25.627507944591343,25960.98733600229,61173.3891221141
1769780843,200,,Aggregated,241.300000,0.000000,63,73,86,110,280,630,1300,1900,9100,23000,26000,237733,0,63,173.85538452202627,25.627507944591343,25960.98733600229,61172.25005363159
1769780844,200,,Aggregated,240.800000,0.000000,63,73,86,110,280,630,1300,1900,9100,23000,26000,237968,0,63,173.75973133496504,25.627507944591343,25960.98733600229,61175.74797031534
1769780845,200,,Aggregated,238.500000,0.000000,63,73,86,110,280,630,1300,1900,9100,23000,26000,238204,0,63,173.67804735519056,25.627507944591343,25960.98733600229,61178.1916718443
1769780846,200,,Aggregated,234.800000,0.000000,63,73,86,110,280,630,1300,1900,9100,23000,26000,238447,0,63,173.60697240572182,25.627507944591343,25960.98733600229,61180.87042822933
1769780847,200,,Aggregated,234.400000,0.000000,63,73,86,110,280,630,1300,1900,9100,23000,26000,238661,0,63,173.55071324767786,25.627507944591343,25960.98733600229,61182.45115037647
1769780848,200,,Aggregated,234.400000,0.000000,63,73,86,110,270,620,1300,1900,9100,23000,26000,238882,0,63,173.51682102478523,25.627507944591343,25960.98733600229,61184.601937358195
1769780849,200,,Aggregated,232.400000,0.000000,63,73,86,110,270,620,1300,1900,9000,23000,26000,239084,0,63,173.54587820155334,25.627507944591343,25960.98733600229,61191.68673353298
1769780850,200,,Aggregated,228.300000,0.000000,63,73,86,110,270,620,1300,1900,9000,23000,26000,239275,0,63,173.57065278087182,25.627507944591343,25960.98733600229,61193.26574861561
1769780851,200,,Aggregated,227.700000,0.000000,63,73,87,110,280,620,1300,1900,9000,23000,26000,239455,0,63,173.59238626296718,25.627507944591343,25960.98733600229,61196.86878536677
1769780852,200,,Aggregated,220.700000,0.000000,63,73,87,110,280,620,1300,1900,9000,23000,26000,239642,0,63,173.68339680506833,25.627507944591343,25960.98733600229,61202.98652156133
1769780853,200,,Aggregated,217.300000,0.000000,63,73,87,110,280,620,1300,1900,9000,23000,26000,239810,0,63,173.73556894674923,25.627507944591343,25960.98733600229,61206.6100913223
1769780854,200,,Aggregated,209.900000,0.000000,63,73,87,110,280,620,1300,1900,9000,23000,26000,239980,0,63,173.81385084171555,25.627507944591343,25960.98733600229,61211.74137428119
1769780856,200,,Aggregated,199.500000,0.000000,63,73,87,110,280,630,1300,1900,9000,23000,26000,240172,0,63,173.9175744199551,25.627507944591343,25960.98733600229,61219.40658777876
1769780857,200,,Aggregated,193.500000,0.000000,63,73,87,110,280,630,1300,1900,9000,23000,26000,240344,0,63,173.96090978552184,25.627507944591343,25960.98733600229,61229.729982857905
1769780858,200,,Aggregated,187.800000,0.000000,63,73,87,110,280,630,1300,1900,9000,23000,26000,240486,0,63,174.0774038576073,25.627507944591343,25960.98733600229,61236.08969337092
1769780859,200,,Aggregated,184.000000,0.000000,63,73,87,110,280,630,1300,1900,9000,23000,26000,240621,0,63,174.14716338706725,25.627507944591343,25960.98733600229,61243.20374364665
1769780860,200,,Aggregated,175.500000,0.000000,63,73,87,110,280,630,1300,1900,9000,23000,26000,240754,0,63,174.29592065203747,25.627507944591343,25960.98733600229,61246.24577369431
1769780861,200,,Aggregated,168.500000,0.000000,63,73,87,110,280,630,1300,1900,9000,23000,26000,240840,0,63,174.4980611092635,25.627507944591343,25960.98733600229,61248.195308088354
1769780862,200,,Aggregated,161.300000,0.000000,63,73,87,110,280,630,1300,1900,9000,23000,26000,240927,0,63,174.64804409321604,25.627507944591343,25960.98733600229,61253.323969501136
1769780863,200,,Aggregated,151.400000,0.000000,63,73,87,110,280,630,1300,1900,8900,23000,26000,241032,0,63,174.85764185087933,25.627507944591343,25960.98733600229,61257.18042417604
1769780864,200,,Aggregated,143.600000,0.000000,63,73,87,110,280,630,1300,1900,8900,23000,26000,241127,0,63,175.20066494147687,25.627507944591343,25960.98733600229,61263.02554255641
1769780865,200,,Aggregated,133.200000,0.000000,63,73,87,110,280,630,1300,1900,8900,23000,26000,241240,0,63,175.72749450589282,25.627507944591343,25960.98733600229,61268.90426960703
1769780866,200,,Aggregated,125.300000,0.000000,63,73,88,110,280,640,1300,1900,8900,23000,26000,241355,0,63,176.12952809991785,25.627507944591343,25960.98733600229,61274.078129725924
1769780867,200,,Aggregated,121.300000,0.000000,63,73,88,110,280,640,1300,2000,8900,23000,26000,241563,0,63,176.85614373583167,25.627507944591343,25960.98733600229,61282.22382566867
1769780868,200,,Aggregated,115.500000,0.000000,63,73,88,110,280,640,1300,2000,8900,23000,26000,241726,0,63,176.90675437057538,25.627507944591343,25960.98733600229,61288.114427078595
1769780870,200,,Aggregated,105.900000,0.000000,63,73,88,110,280,640,1300,2000,8900,23000,26000,241871,0,63,176.98435849358998,25.627507944591343,25960.98733600229,61289.76525916708
1769780872,200,,Aggregated,115.900000,0.000000,63,73,88,110,280,650,1300,2000,8900,23000,26000,242011,0,63,177.4113144770972,25.627507944591343,25960.98733600229,61285.75803992381
1769780873,200,,Aggregated,110.100000,0.000000,63,73,88,110,290,660,1300,2000,8900,23000,26000,242204,0,63,178.014015571077,25.627507944591343,25960.98733600229,61292.163139337084
1769780875,200,,Aggregated,110.100000,0.000000,63,73,88,110,290,660,1300,2000,8900,23000,26000,242264,0,63,178.12017965395202,25.627507944591343,25960.98733600229,61291.25044579467
1769780876,200,,Aggregated,119.500000,0.000000,63,73,88,110,290,660,1300,2000,8900,23000,26000,242490,0,63,179.05716919721647,25.627507944591343,25960.98733600229,61281.402610416924
1769780878,200,,Aggregated,107.100000,0.000000,63,73,89,110,290,660,1300,2000,8900,23000,26000,242651,0,63,179.2791665601819,25.627507944591343,25960.98733600229,61295.379817103574
