Timestamp,User Count,Type,Name,Requests/s,Failures/s,50%,66%,75%,80%,90%,95%,98%,99%,99.9%,99.99%,100%,Total Request Count,Total Failure Count,Total Median Response Time,Total Average Response Time,Total Min Response Time,Total Max Response Time,Total Average Content Size
1770109286,0,,Aggregated,0.000000,0.000000,N/A,N/A,N/A,N/A,N/A,N/A,N/A,N/A,N/A,N/A,N/A,0,0,0,0.0,0,0,0
1770109291,200,,Aggregated,0.000000,0.000000,N/A,N/A,N/A,N/A,N/A,N/A,N/A,N/A,N/A,N/A,N/A,0,0,0,0.0,0,0,0
1770109297,200,,Aggregated,0.000000,0.000000,N/A,N/A,N/A,N/A,N/A,N/A,N/A,N/A,N/A,N/A,N/A,0,0,0,0.0,0,0,0
1770109303,200,,Aggregated,0.000000,0.000000,N/A,N/A,N/A,N/A,N/A,N/A,N/A,N/A,N/A,N/A,N/A,0,0,0,0.0,0,0,0
1770109309,200,,Aggregated,0.000000,0.000000,N/A,N/A,N/A,N/A,N/A,N/A,N/A,N/A,N/A,N/A,N/A,0,0,0,0.0,0,0,0
1770109310,200,,Aggregated,0.000000,0.000000,N/A,N/A,N/A,N/A,N/A,N/A,N/A,N/A,N/A,N/A,N/A,0,0,0,0.0,0,0,0
1770109311,200,,Aggregated,0.000000,0.000000,18000,19000,20000,21000,24000,24000,24000,24000,24000,24000,24000,30,0,14000.0,14299.644510669168,58.4048239979893,23927.905416989233,223.33333333333334
1770109312,200,,Aggregated,0.000000,0.000000,280,5400,12000,14000,19000,21000,24000,24000,25000,25000,25000,293,0,280.0,5574.202838331464,37.12865099078044,25492.992665997008,32744.15699658703
1770109313,200,,Aggregated,0.000000,0.000000,110,650,6000,9900,17000,21000,24000,25000,26000,26000,26000,624,0,110.0,4175.295863580268,35.43863899540156,26396.72365100705,39472.120192307695
1770109314,200,,Aggregated,6.000000,0.000000,82,140,800,4900,15000,20000,24000,25000,27000,27000,27000,876,0,81,3235.547564078022,35.43863899540156,26905.494599981466,43979.51598173516
1770109315,200,,Aggregated,45.900000,0.000000,75,95,160,660,12000,19000,23000,25000,26000,27000,27000,1117,0,75,2552.559432975576,35.43863899540156,26905.494599981466,47414.36436884512
1770109316,200,,Aggregated,72.800000,0.000000,72,83,100,190,9600,17000,23000,25000,26000,27000,27000,1368,0,72,2096.628475588195,35.43863899540156,26905.494599981466,49959.63523391813
1770109317,200,,Aggregated,97.900000,0.000000,71,81,93,110,6400,16000,22000,24000,26000,27000,27000,1616,0,70,1785.724890317898,35.43863899540156,26905.494599981466,51143.8849009901
1770109318,200,,Aggregated,121.400000,0.000000,69,79,89,100,3800,14000,21000,24000,26000,27000,27000,1842,0,69,1574.8773411011787,35.43863899540156,26905.494599981466,52177.72475570033
1770109319,200,,Aggregated,145.200000,0.000000,69,77,85,93,1200,13000,20000,24000,26000,27000,27000,2092,0,69,1394.8111403320224,35.43863899540156,26905.494599981466,53069.15726577438
1770109320,200,,Aggregated,167.300000,0.000000,69,76,84,91,500,12000,19000,23000,26000,27000,27000,2353,0,69,1247.9688761069858,35.43863899540156,26905.494599981466,53412.887377815554
1770109321,200,,Aggregated,189.800000,0.000000,68,76,83,90,250,10000,19000,23000,26000,27000,27000,2575,0,68,1146.2763142232025,35.43863899540156,26905.494599981466,53987.844660194176
1770109322,200,,Aggregated,215.000000,0.000000,68,75,82,87,160,9200,19000,22000,26000,27000,27000,2815,0,68,1054.4200644943487,35.43863899540156,26905.494599981466,54393.903019538186
1770109323,200,,Aggregated,240.800000,0.000000,68,75,81,86,140,7400,18000,22000,26000,27000,27000,3054,0,68,977.422910946869,35.43863899540156,26905.494599981466,54713.304518664045
1770109324,200,,Aggregated,258.600000,0.000000,68,74,81,85,120,6000,18000,22000,26000,27000,27000,3297,0,68,910.4861543962435,35.43863899540156,26905.494599981466,54939.085532302095
1770109325,200,,Aggregated,245.300000,0.000000,68,74,80,84,110,4400,17000,21000,26000,27000,27000,3549,0,68,850.5444817552187,35.43863899540156,26905.494599981466,55192.64356156664
1770109326,200,,Aggregated,240.300000,0.000000,67,73,79,83,110,3500,17000,21000,26000,27000,27000,3772,0,67,804.0688305594567,35.43863899540156,26905.494599981466,55361.64978791092
1770109327,200,,Aggregated,239.800000,0.000000,67,73,79,83,100,1400,16000,20000,26000,27000,27000,4040,0,67,755.2837789288236,35.43863899540156,26905.494599981466,55572.594801980194
1770109328,200,,Aggregated,240.400000,0.000000,67,73,78,82,100,880,15000,20000,26000,27000,27000,4280,0,67,716.5799096003208,35.43863899540156,26905.494599981466,55721.366588785044
1770109329,200,,Aggregated,239.600000,0.000000,67,73,78,82,100,580,15000,20000,26000,27000,27000,4544,0,67,679.6085717388786,35.43863899540156,26905.494599981466,55959.130281690144
1770109330,200,,Aggregated,243.200000,0.000000,67,73,78,82,99,370,13000,19000,26000,27000,27000,4783,0,67,649.0231922867373,35.43863899540156,26905.494599981466,56071.610077357305
1770109331,200,,Aggregated,245.300000,0.000000,67,72,77,82,97,280,13000,19000,26000,27000,27000,5025,0,67,620.9681780908905,35.43863899540156,26905.494599981466,56208.82009950249
1770109332,200,,Aggregated,245.200000,0.000000,67,72,77,81,97,210,13000,19000,26000,27000,27000,5266,0,67,595.7632736111917,35.43863899540156,26905.494599981466,56287.93030763388
1770109333,200,,Aggregated,244.000000,0.000000,67,72,77,81,96,190,12000,19000,26000,27000,27000,5502,0,67,573.1745991064039,35.43863899540156,26905.494599981466,56387.35859687386
1770109334,200,,Aggregated,244.200000,0.000000,67,72,77,81,96,180,12000,19000,26000,27000,27000,5758,0,67,550.6601932468858,35.43863899540156,26905.494599981466,56584.71170545328
1770109335,200,,Aggregated,242.300000,0.000000,66,72,77,80,95,160,11000,18000,25000,27000,27000,6018,0,66,529.6475748844493,35.43863899540156,26905.494599981466,56661.582087072115
1770109336,200,,Aggregated,243.400000,0.000000,66,72,76,80,94,140,11000,18000,25000,27000,27000,6262,0,66,511.5963666091705,35.43863899540156,26905.494599981466,56750.06180134143
1770109337,200,,Aggregated,244.400000,0.000000,66,72,76,80,93,140,10000,18000,25000,27000,27000,6535,0,66,492.8885468985069,35.12576801585965,26905.494599981466,56820.7883703137
1770109338,200,,Aggregated,244.500000,0.000000,66,71,76,79,92,130,9700,17000,25000,27000,27000,6776,0,66,477.4667473333622,35.12576801585965,26905.494599981466,56864.39300472255
1770109339,200,,Aggregated,246.000000,0.000000,66,71,75,79,92,130,9200,17000,25000,27000,27000,7035,0,66,462.29791801861234,35.12576801585965,26905.494599981466,56985.836531627574
1770109340,200,,Aggregated,247.100000,0.000000,66,71,75,79,92,120,8500,17000,25000,27000,27000,7283,0,66,448.7329199084929,33.76232701702975,26905.494599981466,57070.43690786764
1770109341,200,,Aggregated,248.100000,0.000000,66,71,75,79,92,120,8100,17000,25000,27000,27000,7542,0,66,435.63344565343624,33.76232701702975,26905.494599981466,57170.77220896314
1770109342,200,,Aggregated,249.100000,0.000000,66,71,75,79,91,120,7200,16000,25000,27000,27000,7794,0,66,423.7775371778724,33.00930798286572,26905.494599981466,57289.06556325378
1770109343,200,,Aggregated,249.700000,0.000000,66,71,75,79,91,110,6500,16000,25000,27000,27000,8035,0,66,413.01631527633435,33.00930798286572,26905.494599981466,57341.88811449907
1770109344,200,,Aggregated,250.400000,0.000000,65,71,75,79,91,110,5900,16000,25000,27000,27000,8276,0,65,402.90368338236107,33.00930798286572,26905.494599981466,57397.11080231996
1770109345,200,,Aggregated,250.100000,0.000000,65,71,75,79,91,110,5400,15000,25000,27000,27000,8535,0,65,392.7692138531413,33.00930798286572,26905.494599981466,57522.54797891037
1770109346,200,,Aggregated,252.000000,0.000000,65,71,75,78,91,110,4900,15000,25000,27000,27000,8774,0,65,383.86121766678116,33.00930798286572,26905.494599981466,57618.0096877137
1770109347,200,,Aggregated,250.900000,0.000000,65,71,75,78,90,110,4200,15000,25000,27000,27000,9051,0,65,374.0595862729228,33.00930798286572,26905.494599981466,57654.72621809745
1770109348,200,,Aggregated,250.700000,0.000000,65,70,75,78,90,110,3700,14000,25000,27000,27000,9297,0,65,365.81778035185175,33.00930798286572,26905.494599981466,57730.9682693342
1770109349,200,,Aggregated,250.900000,0.000000,65,70,74,78,90,110,3400,13000,25000,27000,27000,9541,0,65,358.0982430859783,32.816807011840865,26905.494599981466,57776.30877266534
1770109350,200,,Aggregated,250.800000,0.000000,65,70,74,77,89,110,3200,13000,25000,27000,27000,9779,0,65,350.9092484212538,32.816807011840865,26905.494599981466,57832.34768381225
1770109351,200,,Aggregated,249.300000,0.000000,65,70,74,77,89,110,1500,13000,25000,26000,27000,10025,0,65,343.95153119247607,32.816807011840865,26905.494599981466,57908.7953117207
1770109352,200,,Aggregated,247.800000,0.000000,65,70,74,77,89,110,1300,13000,25000,26000,27000,10278,0,65,337.1676478586154,32.816807011840865,26905.494599981466,57979.41000194591
1770109353,200,,Aggregated,247.300000,0.000000,65,70,74,77,89,110,1000,13000,25000,26000,27000,10504,0,65,331.271647286992,32.816807011840865,26905.494599981466,57938.36376618431
1770109354,200,,Aggregated,245.900000,0.000000,65,70,74,77,89,110,830,13000,25000,26000,27000,10769,0,65,324.79320080113644,32.816807011840865,26905.494599981466,58038.32509982357
1770109355,200,,Aggregated,245.900000,0.000000,65,70,74,77,89,110,770,12000,25000,26000,27000,11039,0,65,318.4190933544928,32.816807011840865,26905.494599981466,58084.66147295951
1770109356,200,,Aggregated,245.200000,0.000000,65,70,74,77,89,100,630,12000,25000,26000,27000,11290,0,65,312.7565457871802,32.816807011840865,26905.494599981466,58085.55766164748
1770109357,200,,Aggregated,245.700000,0.000000,65,70,74,77,88,100,520,12000,25000,26000,27000,11529,0,65,307.5571158363493,32.816807011840865,26905.494599981466,58148.86937288577
1770109358,200,,Aggregated,248.200000,0.000000,65,70,74,77,88,100,500,12000,25000,26000,27000,11782,0,65,302.29305524572544,32.816807011840865,26905.494599981466,58182.41478526566
1770109359,200,,Aggregated,249.900000,0.000000,65,70,73,77,88,100,370,11000,25000,26000,27000,12035,0,65,297.2844503210878,32.816807011840865,26905.494599981466,58189.46015787287
1770109360,200,,Aggregated,246.100000,0.000000,65,70,73,77,88,100,340,11000,25000,26000,27000,12280,0,65,292.6417466254037,32.816807011840865,26905.494599981466,58220.272557003256
1770109361,200,,Aggregated,247.200000,0.000000,64,70,73,76,87,100,290,11000,25000,26000,27000,12550,0,64,287.6801948520107,32.816807011840865,26905.494599981466,58243.08533864542
1770109362,200,,Aggregated,247.500000,0.000000,64,69,73,76,87,100,250,10000,25000,26000,27000,12767,0,64,283.79917743702856,31.356434017652646,26905.494599981466,58309.689668677056
1770109363,200,,Aggregated,247.300000,0.000000,64,69,73,76,87,100,230,10000,25000,26000,27000,13028,0,64,279.3890129921277,31.356434017652646,26905.494599981466,58297.40090574148
1770109364,200,,Aggregated,250.800000,0.000000,64,69,73,76,87,100,210,9900,25000,26000,27000,13278,0,64,275.30618399580965,31.356434017652646,26905.494599981466,58356.2931164332
1770109366,200,,Aggregated,249.500000,0.000000,64,69,73,76,86,99,200,9700,25000,26000,27000,13535,0,64,271.2479572519433,31.356434017652646,26905.494599981466,58377.68075360177
1770109367,200,,Aggregated,249.100000,0.000000,64,69,73,76,86,99,190,9600,25000,26000,27000,13754,0,64,267.95658200916637,31.356434017652646,26905.494599981466,58365.84768067471
1770109368,200,,Aggregated,248.200000,0.000000,64,69,73,76,86,99,190,9200,24000,26000,27000,14003,0,64,264.39333753571475,31.356434017652646,26905.494599981466,58400.63936299364
1770109369,200,,Aggregated,243.400000,0.000000,64,69,73,76,86,99,190,9000,24000,26000,27000,14236,0,64,261.10635053199064,31.356434017652646,26905.494599981466,58414.15432705816
1770109370,200,,Aggregated,245.400000,0.000000,64,69,73,76,86,99,180,8500,24000,26000,27000,14507,0,64,257.57930590380647,31.356434017652646,26905.494599981466,58429.861101537186
1770109371,200,,Aggregated,243.300000,0.000000,64,69,73,76,86,99,170,8200,24000,26000,27000,14772,0,64,254.16146014476683,31.356434017652646,26905.494599981466,58449.579203899266
1770109372,200,,Aggregated,245.500000,0.000000,64,69,73,76,86,99,160,8100,24000,26000,27000,14994,0,64,251.46663466844012,31.356434017652646,26905.494599981466,58478.486394557825
1770109373,200,,Aggregated,246.100000,0.000000,64,69,73,76,87,100,160,7400,24000,26000,27000,15268,0,64,248.46558639372375,31.356434017652646,26905.494599981466,58474.50294734084
1770109374,200,,Aggregated,243.000000,0.000000,64,69,73,77,87,100,160,7200,24000,26000,27000,15518,0,64,245.66451139151937,31.356434017652646,26905.494599981466,58480.50051553035
1770109375,200,,Aggregated,247.900000,0.000000,64,69,73,77,87,100,160,6900,24000,26000,27000,15772,0,64,242.80306235504153,31.356434017652646,26905.494599981466,58495.676768957645
1770109376,200,,Aggregated,246.400000,0.000000,64,69,73,77,87,100,150,6500,24000,26000,27000,16015,0,64,240.0616079516614,31.356434017652646,26905.494599981466,58491.783890103026
1770109377,200,,Aggregated,247.600000,0.000000,64,69,73,76,87,99,150,6300,24000,26000,27000,16259,0,64,237.42082221887335,31.356434017652646,26905.494599981466,58512.01943538963
1770109378,200,,Aggregated,245.200000,0.000000,64,69,73,76,87,99,150,6000,24000,26000,27000,16499,0,64,234.901506399092,31.356434017652646,26905.494599981466,58501.14412994727
1770109379,200,,Aggregated,248.100000,0.000000,64,69,73,76,87,99,150,5800,24000,26000,27000,16757,0,64,232.33671772256608,31.356434017652646,26905.494599981466,58534.28221041953
1770109380,200,,Aggregated,247.000000,0.000000,64,69,73,76,87,99,150,5400,24000,26000,27000,16993,0,64,230.19274797887388,31.356434017652646,26905.494599981466,58548.143588536455
1770109381,200,,Aggregated,248.300000,0.000000,64,69,73,77,87,99,150,5100,24000,26000,27000,17247,0,64,227.82084526317146,31.356434017652646,26905.494599981466,58575.41902939642
1770109382,200,,Aggregated,246.300000,0.000000,64,69,73,77,87,99,150,5000,24000,26000,27000,17494,0,64,225.54978298090026,31.356434017652646,26905.494599981466,58602.933119926834
1770109383,200,,Aggregated,245.900000,0.000000,64,69,73,77,87,99,150,4400,24000,26000,27000,17744,0,64,223.31534277186043,31.356434017652646,26905.494599981466,58653.374436429214
1770109384,200,,Aggregated,246.000000,0.000000,64,69,73,77,87,99,140,4300,24000,26000,27000,17997,0,64,221.10809482814355,31.356434017652646,26905.494599981466,58714.24642996055
1770109385,200,,Aggregated,243.100000,0.000000,64,69,73,77,87,99,150,4100,24000,26000,27000,18236,0,64,219.15039405171208,31.356434017652646,26905.494599981466,58756.16637420487
1770109386,200,,Aggregated,245.500000,0.000000,64,69,73,77,87,99,140,3800,24000,26000,27000,18490,0,64,217.04471780166082,31.356434017652646,26905.494599981466,58834.121416982154
1770109387,200,,Aggregated,242.600000,0.000000,64,69,73,76,87,99,140,3600,24000,26000,27000,18731,0,64,215.07198166353837,31.356434017652646,26905.494599981466,58894.40019219476
1770109388,200,,Aggregated,245.500000,0.000000,64,69,73,77,87,100,150,3400,24000,26000,27000,18992,0,64,213.30510424883082,31.356434017652646,26905.494599981466,58954.46140480202
1770109389,200,,Aggregated,245.000000,0.000000,64,69,73,77,87,100,150,3300,24000,26000,27000,19201,0,64,211.77929190717654,31.356434017652646,26905.494599981466,59006.30227592313
1770109390,200,,Aggregated,245.200000,0.000000,64,69,73,77,87,100,160,3200,24000,26000,27000,19449,0,64,210.20349347886082,31.356434017652646,26905.494599981466,59073.47220936809
1770109391,200,,Aggregated,244.000000,0.000000,64,70,74,77,88,100,160,3000,24000,26000,27000,19676,0,64,208.84862222508417,31.356434017652646,26905.494599981466,59142.222809514125
1770109392,200,,Aggregated,240.400000,0.000000,64,70,74,77,88,100,180,2900,24000,26000,27000,19869,0,64,207.94357405650405,31.356434017652646,26905.494599981466,59224.869897830795
1770109393,200,,Aggregated,238.600000,0.000000,64,70,74,77,89,110,240,1600,24000,26000,27000,20077,0,64,207.92616364670127,31.356434017652646,26905.494599981466,59323.6259401305
1770109394,200,,Aggregated,235.600000,0.000000,64,70,74,78,90,110,250,1500,24000,26000,27000,20219,0,64,207.82990792357336,31.356434017652646,26905.494599981466,59405.00034620901
1770109395,200,,Aggregated,232.900000,0.000000,65,70,75,78,91,110,300,1600,24000,26000,27000,20387,0,65,208.49266318607096,31.356434017652646,26905.494599981466,59501.76558591259
1770109396,200,,Aggregated,222.000000,0.000000,65,70,75,78,92,120,350,2000,24000,26000,27000,20539,0,65,209.52536288267882,31.356434017652646,26905.494599981466,59643.615560640734
1770109397,200,,Aggregated,215.900000,0.000000,65,70,75,79,93,130,390,2600,24000,26000,27000,20669,0,65,210.7377074343873,31.356434017652646,26905.494599981466,59716.17789926944
1770109398,200,,Aggregated,205.600000,0.000000,65,71,75,79,94,140,450,2600,24000,26000,27000,20801,0,65,212.78328270335416,31.356434017652646,26905.494599981466,59809.40887457334
1770109399,200,,Aggregated,192.900000,0.000000,65,71,76,80,96,150,500,2600,24000,26000,27000,20959,0,65,214.55882318075766,31.356434017652646,26905.494599981466,59925.720549644546
1770109400,200,,Aggregated,183.600000,0.000000,65,71,76,80,97,160,530,2600,24000,26000,27000,21073,0,65,215.58074753536823,31.356434017652646,26905.494599981466,60044.465050064064
1770109401,200,,Aggregated,174.400000,0.000000,65,71,76,81,99,180,580,2500,24000,26000,27000,21236,0,65,216.49220085053707,31.356434017652646,26905.494599981466,60194.88863251083
1770109402,200,,Aggregated,166.700000,0.000000,65,71,77,81,100,190,620,2500,24000,26000,27000,21366,0,65,217.28212132345035,31.356434017652646,26905.494599981466,60275.911494898435
1770109403,200,,Aggregated,154.600000,0.000000,65,71,77,82,100,200,660,2400,24000,26000,27000,21509,0,65,217.73082694354915,31.356434017652646,26905.494599981466,60429.04477195592
1770109405,200,,Aggregated,149.500000,0.000000,65,71,77,82,100,210,690,2400,24000,26000,27000,21542,0,65,218.35460192859676,31.356434017652646,26905.494599981466,60415.48259214558
1770109406,200,,Aggregated,143.700000,0.000000,65,72,77,82,100,230,830,2400,24000,26000,27000,21606,0,65,220.98136352193364,31.356434017652646,26905.494599981466,60447.69554753309
1770109407,200,,Aggregated,120.300000,0.000000,65,72,78,83,110,310,1100,2400,24000,26000,27000,21846,0,65,229.35457075871005,31.356434017652646,26905.494599981466,60568.40780920992
1770109409,200,,Aggregated,110.900000,0.000000,66,72,78,84,120,350,1100,2400,24000,26000,27000,21985,0,66,231.16683622691374,31.356434017652646,26905.494599981466,60638.042210598134
1770109411,200,,Aggregated,113.600000,0.000000,66,72,78,84,120,380,1200,2300,23000,26000,27000,22046,0,66,233.67589401259696,31.356434017652646,26905.494599981466,60629.89345005897
1770109413,200,,Aggregated,108.800000,0.000000,66,72,79,85,130,470,1400,2300,23000,26000,27000,22176,0,66,241.50378727022863,31.356434017652646,26905.494599981466,60575.59843975469
1770109414,200,,Aggregated,90.300000,0.000000,66,73,79,85,140,590,1600,2300,23000,26000,27000,22302,0,66,250.6390850961229,31.356434017652646,26905.494599981466,60641.11138014528
1770109416,200,,Aggregated,87.600000,0.000000,66,73,79,86,150,700,1700,2300,23000,26000,27000,22388,0,66,255.79061148140335,31.356434017652646,26905.494599981466,60594.960201893875
1770109418,200,,Aggregated,78.200000,0.000000,66,73,80,87,190,970,1900,2200,23000,26000,27000,22652,0,66,270.3084228671513,31.356434017652646,26905.494599981466,60508.73706515981
1770109420,200,,Aggregated,78.200000,0.000000,66,73,81,88,200,970,1900,2200,23000,26000,27000,22792,0,66,270.92128893956965,31.356434017652646,26905.494599981466,60680.42115654616
1770109422,200,,Aggregated,65.900000,0.000000,66,73,81,88,210,1000,1900,2200,23000,26000,27000,22828,0,66,272.85068512264246,31.356434017652646,26905.494599981466,60621.207420711406
1770109423,200,,Aggregated,78.200000,0.000000,67,74,82,91,320,1100,1900,2200,23000,26000,27000,23215,0,67,287.6199395047426,31.356434017652646,26905.494599981466,60574.76222270084
1770109424,200,,Aggregated,65.200000,0.000000,67,75,83,92,320,1100,1900,2200,23000,26000,27000,23437,0,67,286.18667878178974,31.356434017652646,26905.494599981466,60554.73379698767
1770109425,200,,Aggregated,84.100000,0.000000,67,75,83,92,310,1100,1900,2200,23000,26000,27000,23648,0,67,284.41788523730656,31.356434017652646,26905.494599981466,60496.865908322055
1770109426,200,,Aggregated,92.400000,0.000000,67,75,84,93,310,1100,1900,2200,23000,26000,27000,23794,0,67,283.3683748746673,31.356434017652646,26905.494599981466,60431.57804488527
1770109427,200,,Aggregated,105.900000,0.000000,67,75,84,93,300,1100,1900,2200,23000,26000,27000,24077,0,67,281.2674055302178,31.356434017652646,26905.494599981466,60490.53507496781
1770109428,200,,Aggregated,132.100000,0.000000,67,75,84,94,290,1000,1900,2200,23000,26000,27000,24308,0,67,279.3628589473504,31.356434017652646,26905.494599981466,60481.39735889419
1770109429,200,,Aggregated,155.500000,0.000000,67,75,85,94,290,1000,1900,2200,23000,26000,27000,24589,0,67,277.1966479040229,31.356434017652646,26905.494599981466,60453.33368579446
1770109430,200,,Aggregated,160.200000,0.000000,67,75,85,94,280,1000,1900,2200,23000,26000,27000,24822,0,67,275.39262805292645,31.356434017652646,26905.494599981466,60438.98352268149
1770109431,200,,Aggregated,155.300000,0.000000,67,75,85,94,270,1000,1900,2200,23000,26000,27000,25118,0,67,273.03214347057565,31.356434017652646,26905.494599981466,60417.23560793057
1770109432,200,,Aggregated,180.600000,0.000000,67,75,84,93,260,1000,1900,2200,23000,26000,27000,25336,0,67,271.2409890370604,31.356434017652646,26905.494599981466,60400.33541206189
1770109433,200,,Aggregated,201.800000,0.000000,67,75,84,93,250,1000,1900,2200,23000,26000,27000,25606,0,67,269.15653620476706,31.356434017652646,26905.494599981466,60360.15496368039
1770109434,200,,Aggregated,230.200000,0.000000,67,75,84,93,250,1000,1900,2200,23000,26000,27000,25850,0,67,267.26231806113265,31.356434017652646,26905.494599981466,60347.00127659574
1770109435,200,,Aggregated,233.000000,0.000000,67,75,84,93,240,1000,1900,2200,23000,26000,27000,26091,0,67,265.3748471230096,31.356434017652646,26905.494599981466,60315.019048714115
1770109436,200,,Aggregated,240.600000,0.000000,67,75,84,92,230,1000,1900,2200,23000,26000,27000,26316,0,67,263.66879823090534,31.356434017652646,26905.494599981466,60292.35468916249
1770109437,200,,Aggregated,241.900000,0.000000,67,75,84,92,220,1000,1900,2200,23000,26000,27000,26554,0,67,261.9105822575022,31.356434017652646,26905.494599981466,60309.12077276493
1770109438,200,,Aggregated,240.400000,0.000000,67,75,83,92,220,990,1900,2200,23000,26000,27000,26809,0,67,260.10773516739727,31.356434017652646,26905.494599981466,60285.374836808536
1770109440,200,,Aggregated,241.700000,0.000000,67,75,83,92,210,970,1900,2200,23000,26000,27000,27064,0,67,258.32454963643875,31.356434017652646,26905.494599981466,60286.59193023943
1770109441,200,,Aggregated,246.400000,0.000000,67,75,83,91,200,920,1900,2200,23000,26000,27000,27300,0,67,256.66173157100394,31.356434017652646,26905.494599981466,60259.48194139194
1770109442,200,,Aggregated,246.200000,0.000000,67,75,83,91,200,890,1900,2200,23000,26000,27000,27560,0,67,254.8602709806379,31.356434017652646,26905.494599981466,60250.25867198839
1770109443,200,,Aggregated,244.700000,0.000000,67,75,83,91,200,870,1900,2200,23000,26000,27000,27786,0,67,253.33322802395594,31.356434017652646,26905.494599981466,60239.081335924566
1770109444,200,,Aggregated,241.600000,0.000000,67,75,83,91,190,840,1900,2200,22000,26000,27000,28045,0,67,251.60382781618497,31.356434017652646,26905.494599981466,60232.8091995008
1770109445,200,,Aggregated,243.100000,0.000000,67,75,83,91,190,810,1900,2200,22000,26000,27000,28305,0,67,250.05445462399476,31.356434017652646,26905.494599981466,60220.9136548313
1770109446,200,,Aggregated,239.500000,0.000000,67,74,82,90,190,800,1900,2200,22000,26000,27000,28538,0,67,248.5211718979925,31.356434017652646,26905.494599981466,60202.509285864464
1770109447,200,,Aggregated,240.900000,0.000000,67,74,82,90,180,780,1900,2200,22000,26000,27000,28784,0,67,246.9836917972469,31.356434017652646,26905.494599981466,60190.154877709836
1770109448,200,,Aggregated,238.900000,0.000000,67,74,82,90,180,760,1900,2200,22000,26000,27000,29038,0,67,245.4026069019506,31.356434017652646,26905.494599981466,60183.549934568495
1770109449,200,,Aggregated,241.000000,0.000000,67,74,82,90,180,750,1900,2200,22000,26000,27000,29286,0,67,243.87594906537618,31.356434017652646,26905.494599981466,60174.89199617565
1770109450,200,,Aggregated,243.500000,0.000000,66,74,82,89,170,740,1900,2200,22000,26000,27000,29522,0,66,242.43797977767514,31.356434017652646,26905.494599981466,60182.25469141657
1770109451,200,,Aggregated,243.200000,0.000000,66,74,82,89,170,730,1900,2200,22000,26000,27000,29764,0,66,240.982443001195,31.356434017652646,26905.494599981466,60177.28578148098
1770109452,200,,Aggregated,240.800000,0.000000,66,74,82,89,170,730,1900,2200,22000,26000,27000,30001,0,66,239.5908843145815,31.356434017652646,26905.494599981466,60173.61077964068
1770109453,200,,Aggregated,242.200000,0.000000,66,74,82,89,170,720,1900,2200,22000,26000,27000,30259,0,66,238.12116013375623,31.356434017652646,26905.494599981466,60178.50147063684
1770109454,200,,Aggregated,239.700000,0.000000,66,74,82,89,160,720,1900,2200,22000,26000,27000,30490,0,66,236.79389851300536,31.356434017652646,26905.494599981466,60178.063594621184
1770109455,200,,Aggregated,242.900000,0.000000,66,74,82,89,160,720,1800,2200,22000,26000,27000,30737,0,66,235.46290538212656,31.356434017652646,26905.494599981466,60179.76015876631
1770109456,200,,Aggregated,242.000000,0.000000,66,74,81,88,160,720,1800,2200,22000,26000,27000,30993,0,66,234.05931785532502,31.356434017652646,26905.494599981466,60182.3486593747
1770109457,200,,Aggregated,243.300000,0.000000,66,74,81,88,160,710,1800,2200,22000,26000,27000,31263,0,66,232.60344287866153,31.356434017652646,26905.494599981466,60181.81623644564
1770109458,200,,Aggregated,243.700000,0.000000,66,74,81,88,160,710,1800,2200,22000,26000,27000,31516,0,66,231.2713658612388,31.356434017652646,26905.494599981466,60179.08262469857
1770109459,200,,Aggregated,245.300000,0.000000,66,74,81,88,150,700,1800,2200,22000,26000,27000,31786,0,66,229.94973993387148,31.356434017652646,26905.494599981466,60154.40366828164
1770109460,200,,Aggregated,243.400000,0.000000,66,74,81,88,150,700,1800,2200,22000,26000,27000,32020,0,66,228.767308628545,31.356434017652646,26905.494599981466,60157.301905059336
1770109461,200,,Aggregated,242.100000,0.000000,66,74,81,88,150,690,1800,2200,22000,26000,27000,32259,0,66,227.58099502460945,31.356434017652646,26905.494599981466,60168.626398834436
1770109462,200,,Aggregated,245.000000,0.000000,66,74,81,88,150,670,1800,2200,22000,26000,27000,32532,0,66,226.25909522066235,31.356434017652646,26905.494599981466,60160.179822943566
1770109463,200,,Aggregated,244.100000,0.000000,66,74,81,88,150,660,1800,2200,22000,26000,27000,32796,0,66,224.99045476666132,31.356434017652646,26905.494599981466,60156.53783998048
1770109464,200,,Aggregated,247.400000,0.000000,66,74,81,87,140,640,1800,2200,22000,26000,27000,33011,0,66,223.9248855738203,31.356434017652646,26905.494599981466,60152.78216352125
1770109465,200,,Aggregated,247.300000,0.000000,66,74,81,87,140,640,1800,2200,22000,26000,27000,33264,0,66,222.70859647472352,31.356434017652646,26905.494599981466,60152.6069023569
1770109466,200,,Aggregated,247.900000,0.000000,66,74,81,87,140,630,1800,2200,22000,26000,27000,33504,0,66,221.5977941916266,31.356434017652646,26905.494599981466,60152.03701050621
1770109467,200,,Aggregated,246.400000,0.000000,66,73,81,87,140,620,1700,2100,22000,26000,27000,33754,0,66,220.4391246214174,31.356434017652646,26905.494599981466,60147.2573324643
1770109468,200,,Aggregated,247.800000,0.000000,66,73,81,87,140,610,1700,2100,21000,26000,27000,34013,0,66,219.2620403965666,31.356434017652646,26905.494599981466,60153.87616499574
1770109469,200,,Aggregated,247.400000,0.000000,66,73,80,87,140,600,1700,2100,21000,26000,27000,34265,0,66,218.13760066859786,31.356434017652646,26905.494599981466,60148.19670217423
1770109470,200,,Aggregated,247.600000,0.000000,66,73,80,86,140,580,1700,2100,21000,26000,27000,34521,0,66,216.9763609445727,31.356434017652646,26905.494599981466,60139.30401784421
1770109471,200,,Aggregated,247.100000,0.000000,66,73,80,86,130,580,1700,2000,21000,26000,27000,34790,0,66,215.80847452925212,31.356434017652646,26905.494599981466,60126.081086519116
1770109472,200,,Aggregated,245.700000,0.000000,66,73,80,86,130,570,1700,2000,21000,26000,27000,35032,0,66,214.7440337091725,31.356434017652646,26905.494599981466,60132.37722653574
1770109473,200,,Aggregated,246.300000,0.000000,66,73,80,86,130,560,1700,2000,21000,26000,27000,35287,0,66,213.66032773539774,31.356434017652646,26905.494599981466,60117.455748575965
1770109474,200,,Aggregated,245.300000,0.000000,66,73,80,86,130,550,1700,2000,21000,26000,27000,35530,0,66,212.6223707242318,31.356434017652646,26905.494599981466,60118.30782437377
1770109475,200,,Aggregated,242.800000,0.000000,66,73,80,86,130,550,1700,2000,21000,26000,27000,35784,0,66,211.5658034515679,31.356434017652646,26905.494599981466,60113.616253074
1770109476,200,,Aggregated,244.800000,0.000000,66,73,80,86,130,550,1700,2000,21000,26000,27000,36021,0,66,210.59954744290374,31.356434017652646,26905.494599981466,60111.981843924375
1770109477,200,,Aggregated,245.000000,0.000000,66,73,80,85,130,540,1700,2000,21000,26000,27000,36284,0,66,209.5334405655074,31.356434017652646,26905.494599981466,60101.37214750303
1770109478,200,,Aggregated,246.900000,0.000000,66,73,79,85,130,540,1700,2000,21000,26000,27000,36526,0,66,208.57340630214225,31.356434017652646,26905.494599981466,60103.00509226305
1770109479,200,,Aggregated,245.300000,0.000000,66,73,79,85,130,540,1700,2000,21000,26000,27000,36768,0,66,207.61615431073386,31.356434017652646,26905.494599981466,60102.27091492602
1770109480,200,,Aggregated,249.000000,0.000000,66,73,79,85,130,530,1700,2000,21000,26000,27000,37028,0,66,206.62748813611665,31.356434017652646,26905.494599981466,60099.14186561521
1770109481,200,,Aggregated,247.700000,0.000000,66,73,79,85,120,530,1700,2000,21000,26000,27000,37262,0,66,205.74829343122093,31.356434017652646,26905.494599981466,60093.94157586818
1770109482,200,,Aggregated,248.500000,0.000000,66,73,79,85,120,530,1700,2000,21000,26000,27000,37515,0,66,204.82122351206533,31.356434017652646,26905.494599981466,60085.4544049047
1770109483,200,,Aggregated,247.800000,0.000000,66,73,79,85,120,520,1700,2000,21000,26000,27000,37772,0,66,203.9130777025844,31.356434017652646,26905.494599981466,60076.97516679022
1770109484,200,,Aggregated,245.800000,0.000000,66,73,79,85,120,520,1700,2000,21000,26000,27000,38009,0,66,203.09151961529048,31.356434017652646,26905.494599981466,60069.70759556947
1770109485,200,,Aggregated,245.500000,0.000000,66,73,79,85,120,520,1700,2000,21000,26000,27000,38270,0,66,202.19565374966243,31.356434017652646,26905.494599981466,60052.783668669974
1770109486,200,,Aggregated,243.300000,0.000000,66,73,79,85,120,520,1700,2000,21000,26000,27000,38507,0,66,201.38071966825876,31.356434017652646,26905.494599981466,60063.7568234347
1770109487,200,,Aggregated,242.900000,0.000000,66,73,79,85,120,510,1700,2000,21000,26000,27000,38762,0,66,200.5110111616955,31.356434017652646,26905.494599981466,60048.32044270162
1770109488,200,,Aggregated,243.200000,0.000000,66,73,79,85,120,510,1700,2000,21000,26000,27000,39002,0,66,199.6745236539832,31.356434017652646,26905.494599981466,60057.39321060458
1770109489,200,,Aggregated,244.800000,0.000000,66,73,79,85,120,510,1700,2000,21000,26000,27000,39261,0,66,198.7989221832503,31.356434017652646,26905.494599981466,60055.551768931
1770109490,200,,Aggregated,242.000000,0.000000,66,73,79,84,120,500,1700,2000,21000,26000,27000,39519,0,66,197.9516790696,31.356434017652646,26905.494599981466,60077.07700093626
1770109491,200,,Aggregated,243.400000,0.000000,66,73,79,84,120,500,1600,2000,21000,26000,27000,39760,0,66,197.19394629470943,31.356434017652646,26905.494599981466,60074.88282193159
1770109492,200,,Aggregated,244.100000,0.000000,66,73,79,84,120,490,1600,2000,20000,26000,27000,40014,0,66,196.3794384548373,31.356434017652646,26905.494599981466,60095.13820162943
1770109493,200,,Aggregated,243.900000,0.000000,65,73,79,84,120,490,1600,2000,20000,26000,27000,40271,0,65,195.55472366362372,31.356434017652646,26905.494599981466,60114.93220928212
1770109494,200,,Aggregated,245.200000,0.000000,65,73,79,84,120,490,1600,2000,20000,26000,27000,40518,0,65,194.90130936560942,31.353152997326106,26905.494599981466,60126.875882323904
1770109495,200,,Aggregated,247.200000,0.000000,65,72,79,84,120,490,1600,2000,20000,26000,27000,40731,0,65,194.31136290365856,31.353152997326106,26905.494599981466,60140.00363359603
1770109496,200,,Aggregated,247.300000,0.000000,66,73,79,84,120,480,1600,2000,20000,26000,27000,40967,0,66,193.7191049804007,31.353152997326106,26905.494599981466,60162.273659286744
1770109498,200,,Aggregated,241.900000,0.000000,65,73,79,84,120,480,1600,2000,20000,26000,27000,41193,0,65,193.05895645260642,31.353152997326106,26905.494599981466,60196.99597018911
1770109499,200,,Aggregated,240.100000,0.000000,66,73,79,85,120,480,1600,2000,20000,26000,27000,41428,0,66,192.548263104049,31.353152997326106,26905.494599981466,60214.358260113935
1770109500,200,,Aggregated,238.200000,0.000000,66,73,79,85,120,480,1600,2000,20000,26000,27000,41653,0,66,192.27169615330456,31.353152997326106,26905.494599981466,60247.86425947711
1770109501,200,,Aggregated,237.900000,0.000000,66,73,79,85,120,480,1600,2000,20000,26000,27000,41830,0,66,192.0668921983844,31.353152997326106,26905.494599981466,60291.072651207265
1770109502,200,,Aggregated,233.900000,0.000000,66,73,80,85,120,480,1600,2000,20000,26000,27000,42027,0,66,192.08724688530225,31.353152997326106,26905.494599981466,60346.57322673519
1770109503,200,,Aggregated,227.900000,0.000000,66,73,80,86,120,480,1600,2000,20000,26000,27000,42191,0,66,192.32466416739558,31.353152997326106,26905.494599981466,60367.53634661421
1770109504,200,,Aggregated,223.600000,0.000000,66,73,80,86,130,490,1600,2000,20000,26000,27000,42361,0,66,192.83851762546962,31.353152997326106,26905.494599981466,60405.888883642976
1770109505,200,,Aggregated,213.500000,0.000000,66,73,80,86,130,490,1600,2000,20000,26000,27000,42538,0,66,193.3165537810352,31.353152997326106,26905.494599981466,60459.63103577977
1770109506,200,,Aggregated,204.400000,0.000000,66,73,80,87,130,500,1600,2000,20000,26000,27000,42686,0,66,194.00234846060454,31.353152997326106,26905.494599981466,60530.156187040244
1770109507,200,,Aggregated,196.000000,0.000000,66,73,81,87,140,500,1600,2000,20000,26000,27000,42772,0,66,194.53656798647265,31.353152997326106,26905.494599981466,60548.09291125035
1770109508,200,,Aggregated,188.400000,0.000000,66,74,81,87,140,510,1600,2000,20000,26000,27000,42967,0,66,195.867010451582,31.353152997326106,26905.494599981466,60577.66618567738
1770109509,200,,Aggregated,178.500000,0.000000,66,74,81,88,140,520,1600,2000,20000,26000,27000,43127,0,66,196.4456437282495,31.353152997326106,26905.494599981466,60651.35256335938
1770109510,200,,Aggregated,171.800000,0.000000,66,74,81,88,150,520,1600,2000,20000,26000,27000,43265,0,66,196.84158812911082,31.353152997326106,26905.494599981466,60717.117207904776
1770109511,200,,Aggregated,160.700000,0.000000,66,74,81,88,150,520,1600,2000,20000,26000,27000,43353,0,66,197.66143806143083,31.353152997326106,26905.494599981466,60723.6699421032
1770109512,200,,Aggregated,155.400000,0.000000,66,74,82,89,160,550,1600,2000,20000,26000,27000,43515,0,66,199.25800258495312,31.353152997326106,26905.494599981466,60759.84193956107
1770109514,200,,Aggregated,147.500000,0.000000,66,74,82,89,160,550,1600,2000,20000,26000,27000,43655,0,66,199.87449964497517,31.353152997326106,26905.494599981466,60806.3002176154
1770109515,200,,Aggregated,134.500000,0.000000,66,74,82,90,170,550,1600,2000,20000,26000,27000,43809,0,66,200.57164385173257,31.353152997326106,26905.494599981466,60818.57819169577
1770109516,200,,Aggregated,134.500000,0.000000,66,74,82,90,170,550,1600,2000,20000,26000,27000,43882,0,66,200.88984708234543,31.353152997326106,26905.494599981466,60852.15705756347
1770109517,200,,Aggregated,133.100000,0.000000,66,74,82,90,180,560,1600,2000,20000,26000,27000,43949,0,66,201.75935407065938,31.353152997326106,26905.494599981466,60837.9111925186
1770109518,200,,Aggregated,128.600000,0.000000,66,75,83,90,190,590,1600,2000,20000,26000,27000,44050,0,66,204.12823560858956,31.353152997326106,26905.494599981466,60860.835300794555
1770109520,200,,Aggregated,119.700000,0.000000,67,75,83,91,200,700,1600,2000,20000,26000,27000,44270,0,67,208.92178865476288,31.353152997326106,26905.494599981466,60869.82493788118
1770109521,200,,Aggregated,102.000000,0.000000,67,75,83,92,210,700,1600,2000,20000,26000,27000,44391,0,67,209.99346200863795,31.353152997326106,26905.494599981466,60922.11898808317
1770109523,200,,Aggregated,102.000000,0.000000,67,75,83,92,220,700,1600,2000,20000,26000,27000,44449,0,67,210.50877146067089,31.353152997326106,26905.494599981466,60895.28637314675
1770109524,200,,Aggregated,105.700000,0.000000,67,75,84,92,230,720,1600,2000,20000,26000,27000,44555,0,67,213.64763190466456,31.353152997326106,26905.494599981466,60884.74550555493
1770109525,200,,Aggregated,103.800000,0.000000,67,75,84,93,240,760,1700,2000,20000,26000,27000,44673,0,67,217.47431748861771,31.353152997326106,26905.494599981466,60863.67338213239
1770109528,200,,Aggregated,90.000000,0.000000,67,75,84,93,250,810,1700,2000,20000,26000,27000,44785,0,67,219.8237178766767,31.353152997326106,26905.494599981466,60873.40296974433
1770109529,200,,Aggregated,83.700000,0.000000,67,75,84,94,270,890,1700,2200,20000,26000,27000,44895,0,67,224.57620619737224,31.353152997326106,26905.494599981466,60860.421940082415
1770109530,200,,Aggregated,73.500000,0.000000,67,76,85,95,310,960,1700,2200,20000,26000,27000,45201,0,67,228.716645294308,31.353152997326106,26905.494599981466,60889.091679387624
1770109531,200,,Aggregated,84.500000,0.000000,67,76,86,96,320,950,1700,2200,20000,26000,27000,45429,0,67,229.03414617702822,31.353152997326106,26905.494599981466,60865.75929472363
1770109532,200,,Aggregated,77.000000,0.000000,67,76,86,98,320,940,1700,2200,20000,26000,27000,45703,0,67,228.79911642426538,31.353152997326106,26905.494599981466,60858.295144738855
1770109534,200,,Aggregated,88.000000,0.000000,67,76,87,98,310,920,1700,2200,20000,26000,27000,45969,0,67,228.13107327041715,31.353152997326106,26905.494599981466,60829.37775457373
1770109535,200,,Aggregated,125.400000,0.000000,67,77,87,99,310,910,1700,2200,20000,26000,27000,46214,0,67,227.58406491043692,31.353152997326106,26905.494599981466,60824.62578439434
1770109536,200,,Aggregated,141.400000,0.000000,67,77,87,99,300,900,1700,2200,20000,26000,27000,46454,0,67,226.81489818206435,31.353152997326106,26905.494599981466,60803.285831144785
1770109537,200,,Aggregated,149.100000,0.000000,67,77,87,99,300,900,1700,2200,20000,26000,27000,46663,0,67,226.17065962427796,31.353152997326106,26905.494599981466,60779.95356063691
1770109538,200,,Aggregated,166.500000,0.000000,67,77,87,99,300,900,1700,2100,20000,26000,27000,46901,0,67,225.43857664385868,31.353152997326106,26905.494599981466,60794.31519583804
1770109539,200,,Aggregated,183.100000,0.000000,67,77,87,99,290,900,1700,2100,19000,26000,27000,47132,0,67,224.7756143128784,31.353152997326106,26905.494599981466,60772.945175252484
1770109540,200,,Aggregated,206.700000,0.000000,67,77,87,99,290,900,1700,2100,19000,26000,27000,47391,0,67,223.9965704396544,31.353152997326106,26905.494599981466,60767.12939165664
1770109541,200,,Aggregated,219.700000,0.000000,67,77,87,99,290,890,1700,2100,19000,26000,27000,47647,0,67,223.2168343704284,31.353152997326106,26905.494599981466,60764.21613113103
1770109542,200,,Aggregated,230.800000,0.000000,67,77,87,99,280,890,1700,2100,19000,26000,27000,47903,0,67,222.39266109212417,31.353152997326106,26905.494599981466,60747.65380038828
1770109543,200,,Aggregated,237.800000,0.000000,67,77,87,99,280,880,1700,2100,19000,26000,27000,48155,0,67,221.59502382166087,31.353152997326106,26905.494599981466,60731.149683314296
1770109544,200,,Aggregated,239.500000,0.000000,67,77,87,98,270,880,1700,2000,19000,26000,27000,48395,0,67,220.82384879227862,31.353152997326106,26905.494599981466,60717.971856596756
1770109545,200,,Aggregated,237.800000,0.000000,67,77,87,98,270,870,1700,2000,19000,26000,27000,48656,0,67,220.0051713806643,31.353152997326106,26905.494599981466,60705.75117148964
1770109546,200,,Aggregated,234.400000,0.000000,67,76,86,98,270,860,1700,2000,19000,26000,27000,48900,0,67,219.2367141915084,31.353152997326106,26905.494599981466,60706.28680981595
1770109547,200,,Aggregated,239.500000,0.000000,67,76,86,97,260,840,1700,2000,19000,26000,27000,49149,0,67,218.44957873958396,31.353152997326106,26905.494599981466,60686.31373985229
1770109548,200,,Aggregated,241.000000,0.000000,67,76,86,97,260,830,1700,2000,19000,26000,27000,49400,0,67,217.66415639088265,31.353152997326106,26905.494599981466,60679.72593117409
1770109549,200,,Aggregated,242.300000,0.000000,67,76,86,97,260,810,1700,2000,19000,26000,27000,49653,0,67,216.8735826301881,31.353152997326106,26905.494599981466,60677.65587174994
1770109550,200,,Aggregated,243.500000,0.000000,67,76,86,96,250,810,1700,2000,19000,26000,27000,49909,0,67,216.07794170824556,31.353152997326106,26905.494599981466,60666.03219860145
1770109551,200,,Aggregated,246.900000,0.000000,67,76,86,96,250,800,1700,2000,19000,26000,27000,50141,0,67,215.36219387789956,31.353152997326106,26905.494599981466,60664.86992680641
1770109552,200,,Aggregated,244.600000,0.000000,67,76,85,96,250,790,1700,2000,19000,26000,27000,50399,0,67,214.5815448839495,31.353152997326106,26905.494599981466,60645.14661005179
1770109553,200,,Aggregated,243.800000,0.000000,67,76,85,96,250,780,1700,2000,19000,26000,27000,50634,0,67,213.87144069903826,30.821752006886527,26905.494599981466,60640.05721451989
1770109554,200,,Aggregated,245.000000,0.000000,67,76,85,95,240,780,1700,2000,19000,26000,27000,50893,0,67,213.10549766742207,30.821752006886527,26905.494599981466,60635.93999174739
1770109555,200,,Aggregated,245.600000,0.000000,67,76,85,95,240,770,1700,2000,19000,26000,27000,51137,0,67,212.40015992915573,30.821752006886527,26905.494599981466,60627.737528599646
1770109556,200,,Aggregated,244.900000,0.000000,67,76,85,95,240,770,1700,2000,19000,26000,27000,51405,0,67,211.64306483190836,30.821752006886527,26905.494599981466,60627.645481957006
1770109557,200,,Aggregated,245.100000,0.000000,67,76,85,95,240,760,1700,2000,19000,26000,27000,51660,0,67,210.9572761600314,30.821752006886527,26905.494599981466,60620.164440572975
1770109558,200,,Aggregated,247.200000,0.000000,67,76,85,95,240,760,1700,2000,19000,26000,27000,51882,0,67,210.42878912143036,30.821752006886527,26905.494599981466,60613.33884584249
1770109559,200,,Aggregated,246.700000,0.000000,67,76,85,95,230,750,1700,2000,19000,26000,27000,52151,0,67,209.7369725044806,30.821752006886527,26905.494599981466,60617.71810703534
1770109560,200,,Aggregated,246.400000,0.000000,67,76,85,94,230,750,1700,2000,19000,26000,27000,52392,0,67,209.11230276668894,30.821752006886527,26905.494599981466,60613.26219651855
1770109561,200,,Aggregated,244.000000,0.000000,67,76,85,94,230,740,1700,2000,19000,26000,27000,52676,0,67,208.3659510706501,30.821752006886527,26905.494599981466,60608.2793871972
1770109562,200,,Aggregated,244.300000,0.000000,67,76,85,94,230,740,1700,2000,19000,26000,27000,52914,0,67,207.74132717604482,30.821752006886527,26905.494599981466,60599.880126242584
1770109563,200,,Aggregated,244.100000,0.000000,67,76,85,94,220,730,1600,2000,19000,26000,27000,53162,0,67,207.10130129624352,30.821752006886527,26905.494599981466,60598.21189947707
1770109564,200,,Aggregated,245.100000,0.000000,67,75,85,94,220,730,1600,2000,19000,26000,27000,53410,0,67,206.45527168418315,30.821752006886527,26905.494599981466,60604.2303501217
1770109565,200,,Aggregated,244.200000,0.000000,67,75,84,94,220,720,1600,2000,19000,26000,27000,53666,0,67,205.8086625691828,30.821752006886527,26905.494599981466,60591.33932098535
1770109566,200,,Aggregated,245.500000,0.000000,67,75,84,94,220,720,1600,2000,19000,26000,27000,53916,0,67,205.17262797203094,30.821752006886527,26905.494599981466,60590.018640106835
1770109567,200,,Aggregated,246.600000,0.000000,67,75,84,93,220,720,1600,2000,19000,26000,27000,54172,0,67,204.5365784622883,30.821752006886527,26905.494599981466,60591.328121538805
1770109568,200,,Aggregated,245.300000,0.000000,67,75,84,93,210,720,1600,2000,19000,26000,27000,54407,0,67,203.9353878963906,30.821752006886527,26905.494599981466,60587.13400849156
1770109569,200,,Aggregated,247.500000,0.000000,67,75,84,93,210,720,1600,2000,19000,26000,27000,54678,0,67,203.2558678857506,30.821752006886527,26905.494599981466,60584.00974797908
1770109570,200,,Aggregated,246.400000,0.000000,67,75,84,93,210,720,1600,2000,19000,26000,27000,54900,0,67,202.69990396334822,30.821752006886527,26905.494599981466,60574.52488160291
1770109571,200,,Aggregated,244.800000,0.000000,67,75,84,93,210,710,1600,2000,19000,26000,27000,55147,0,67,202.11827978983072,30.821752006886527,26905.494599981466,60576.93898126825
1770109572,200,,Aggregated,246.600000,0.000000,67,75,84,93,210,710,1600,2000,19000,26000,27000,55392,0,67,201.5181659459635,30.821752006886527,26905.494599981466,60576.679682986716
1770109573,200,,Aggregated,244.800000,0.000000,67,75,84,93,200,700,1600,2000,19000,26000,27000,55655,0,67,200.88011617459324,30.821752006886527,26905.494599981466,60570.98675770371
1770109574,200,,Aggregated,242.900000,0.000000,67,75,84,92,200,700,1600,2000,19000,26000,27000,55911,0,67,200.29131800981375,30.821752006886527,26905.494599981466,60564.97179445905
1770109576,200,,Aggregated,244.400000,0.000000,67,75,84,92,200,690,1600,2000,19000,26000,27000,56163,0,67,199.68557872205423,30.821752006886527,26905.494599981466,60559.83084949166
1770109577,200,,Aggregated,243.500000,0.000000,67,75,84,92,200,690,1600,2000,19000,26000,27000,56407,0,67,199.11076937379968,30.821752006886527,26905.494599981466,60543.530005141205
1770109578,200,,Aggregated,244.200000,0.000000,67,75,84,92,200,670,1600,2000,19000,26000,27000,56674,0,67,198.48791540249226,30.821752006886527,26905.494599981466,60547.13676465399
1770109579,200,,Aggregated,241.700000,0.000000,67,75,83,92,200,670,1600,2000,19000,26000,27000,56899,0,67,197.9672270581696,30.821752006886527,26905.494599981466,60553.550185416265
1770109580,200,,Aggregated,244.200000,0.000000,67,75,83,92,200,660,1600,2000,19000,26000,27000,57169,0,67,197.33215326168732,30.821752006886527,26905.494599981466,60546.09578617782
1770109581,200,,Aggregated,243.400000,0.000000,67,75,83,92,190,650,1600,2000,19000,26000,27000,57405,0,67,196.77864831953127,30.821752006886527,26905.494599981466,60539.72983189618
1770109582,200,,Aggregated,244.100000,0.000000,67,75,83,91,190,650,1600,2000,19000,26000,27000,57650,0,67,196.2143373517014,30.821752006886527,26905.494599981466,60534.34196010407
1770109583,200,,Aggregated,244.400000,0.000000,67,75,83,91,190,650,1600,2000,19000,26000,27000,57895,0,67,195.6592977573983,30.821752006886527,26905.494599981466,60528.23084895068
1770109584,200,,Aggregated,245.700000,0.000000,67,75,83,91,190,640,1600,2000,19000,26000,27000,58125,0,67,195.21612818817144,30.821752006886527,26905.494599981466,60530.112447311825
1770109585,200,,Aggregated,244.700000,0.000000,67,75,83,91,190,640,1600,2000,19000,26000,27000,58379,0,67,194.64932826769135,30.821752006886527,26905.494599981466,60516.78862262115
1770109586,200,,Aggregated,242.200000,0.000000,67,75,83,91,190,640,1600,2000,19000,26000,27000,58629,0,67,194.10514706643474,30.821752006886527,26905.494599981466,60512.115915332004
1770109587,200,,Aggregated,241.300000,0.000000,67,75,83,91,190,640,1600,2000,19000,26000,27000,58873,0,67,193.58609980415937,30.821752006886527,26905.494599981466,60511.81529733494
1770109588,200,,Aggregated,239.900000,0.000000,67,75,83,91,190,630,1600,2000,18000,26000,27000,59098,0,67,193.098534217711,30.821752006886527,26905.494599981466,60506.022437307525
1770109589,200,,Aggregated,240.900000,0.000000,67,75,83,91,190,630,1600,2000,18000,26000,27000,59350,0,67,192.55164076585385,30.821752006886527,26905.494599981466,60504.397472620054
1770109590,200,,Aggregated,240.200000,0.000000,67,75,83,91,180,620,1600,2000,18000,26000,27000,59592,0,67,192.0512350958461,30.821752006886527,26905.494599981466,60500.653325949796
1770109591,200,,Aggregated,240.600000,0.000000,67,75,83,90,180,620,1600,2000,18000,26000,27000,59867,0,67,191.48245660711135,30.821752006886527,26905.494599981466,60494.58812033341
1770109592,200,,Aggregated,239.200000,0.000000,67,75,82,90,180,620,1600,1900,18000,25000,27000,60113,0,67,190.9625404300087,30.821752006886527,26905.494599981466,60492.649493453995
1770109593,200,,Aggregated,242.000000,0.000000,67,75,82,90,180,610,1600,1900,18000,25000,27000,60386,0,67,190.42596444412945,30.821752006886527,26905.494599981466,60487.33388533766
1770109594,200,,Aggregated,242.600000,0.000000,66,75,82,90,180,610,1600,1900,18000,25000,27000,60611,0,66,189.964423968113,30.821752006886527,26905.494599981466,60480.23111316428
1770109595,200,,Aggregated,243.300000,0.000000,66,75,82,90,180,610,1600,1900,18000,25000,27000,60878,0,66,189.4373252910128,30.821752006886527,26905.494599981466,60479.5504451526
1770109596,200,,Aggregated,241.600000,0.000000,66,75,82,90,180,610,1600,1900,18000,25000,27000,61086,0,66,189.03270300887795,30.821752006886527,26905.494599981466,60472.75585240481
1770109597,200,,Aggregated,242.100000,0.000000,66,75,82,90,180,600,1600,1900,18000,25000,27000,61340,0,66,188.5453752106221,30.821752006886527,26905.494599981466,60480.244489729375
1770109598,200,,Aggregated,240.700000,0.000000,66,74,82,90,180,600,1600,1900,18000,25000,27000,61584,0,66,188.05406730937352,30.821752006886527,26905.494599981466,60482.74420303975
1770109599,200,,Aggregated,242.300000,0.000000,66,74,82,90,180,600,1600,1900,18000,25000,27000,61844,0,66,187.58311406132253,30.821752006886527,26905.494599981466,60489.51414850268
1770109600,200,,Aggregated,240.800000,0.000000,66,74,82,90,170,600,1600,1900,18000,25000,27000,62072,0,66,187.17441561580793,30.821752006886527,26905.494599981466,60496.307481634234
1770109601,200,,Aggregated,244.200000,0.000000,66,74,82,90,170,600,1600,1900,18000,25000,27000,62309,0,66,186.76824980550717,30.821752006886527,26905.494599981466,60504.261792036465
1770109602,200,,Aggregated,243.300000,0.000000,66,74,82,90,170,600,1600,1900,18000,25000,27000,62558,0,66,186.39904450060715,30.821752006886527,26905.494599981466,60524.558186003385
1770109603,200,,Aggregated,239.600000,0.000000,66,74,82,90,170,600,1600,1900,18000,25000,27000,62794,0,66,185.98521749937893,30.821752006886527,26905.494599981466,60537.29787877823
1770109604,200,,Aggregated,238.400000,0.000000,66,75,82,90,170,600,1500,1900,18000,25000,27000,63022,0,66,185.64196099476175,30.821752006886527,26905.494599981466,60554.722160515375
1770109605,200,,Aggregated,237.700000,0.000000,67,75,82,90,170,600,1500,1900,18000,25000,27000,63250,0,67,185.4149760589734,30.821752006886527,26905.494599981466,60563.75413438735
1770109606,200,,Aggregated,239.000000,0.000000,67,75,82,90,170,600,1500,1900,18000,25000,27000,63460,0,67,185.27124973293277,30.821752006886527,26905.494599981466,60581.030144973214
1770109607,200,,Aggregated,236.000000,0.000000,67,75,83,90,170,590,1500,1900,18000,25000,27000,63654,0,67,185.1230512237155,30.821752006886527,26905.494599981466,60597.00689666007
1770109608,200,,Aggregated,236.600000,0.000000,67,75,83,91,180,590,1500,1900,18000,25000,27000,63856,0,67,185.20819205819916,30.821752006886527,26905.494599981466,60624.616151966926
1770109609,200,,Aggregated,231.500000,0.000000,67,75,83,91,180,600,1500,1900,18000,25000,27000,64041,0,67,185.40126505976122,30.821752006886527,26905.494599981466,60644.218547493016
1770109610,200,,Aggregated,225.300000,0.000000,67,75,83,91,180,600,1500,1900,18000,25000,27000,64179,0,67,185.5158685487293,30.821752006886527,26905.494599981466,60661.036289128846
1770109611,200,,Aggregated,218.100000,0.000000,67,75,83,91,180,600,1500,1900,18000,25000,27000,64348,0,67,185.88747072255748,30.821752006886527,26905.494599981466,60683.87519425623
1770109612,200,,Aggregated,211.700000,0.000000,67,75,83,92,180,600,1500,1900,18000,25000,27000,64510,0,67,186.4472959553746,30.821752006886527,26905.494599981466,60707.65453418075
1770109613,200,,Aggregated,205.300000,0.000000,67,75,84,92,190,600,1500,1900,18000,25000,27000,64673,0,67,186.73886975135565,30.821752006886527,26905.494599981466,60740.66117235941
1770109614,200,,Aggregated,197.400000,0.000000,67,75,84,92,190,600,1500,1900,18000,25000,27000,64839,0,67,187.05527323012842,30.821752006886527,26905.494599981466,60785.90823424174
1770109615,200,,Aggregated,188.900000,0.000000,67,75,84,93,190,600,1500,1900,18000,25000,27000,64980,0,67,187.44155412813566,30.821752006886527,26905.494599981466,60812.98641120345
1770109616,200,,Aggregated,182.000000,0.000000,67,75,84,93,190,600,1500,1900,18000,25000,27000,65050,0,67,187.64988081636199,30.821752006886527,26905.494599981466,60823.65627978478
1770109618,200,,Aggregated,175.500000,0.000000,67,76,84,93,200,600,1600,1900,18000,25000,27000,65249,0,67,188.51494837319026,30.821752006886527,26905.494599981466,60858.132048000734
1770109619,200,,Aggregated,155.900000,0.000000,67,76,85,94,200,610,1600,1900,18000,25000,27000,65432,0,67,188.86299932620696,30.821752006886527,26905.494599981466,60893.64170436484
1770109620,200,,Aggregated,152.900000,0.000000,67,76,85,94,210,610,1600,1900,18000,25000,27000,65580,0,67,189.16730198638746,30.821752006886527,26905.494599981466,60916.36694114059
1770109621,200,,Aggregated,152.900000,0.000000,67,76,85,94,210,610,1600,1900,18000,25000,27000,65665,0,67,189.4996045172377,30.821752006886527,26905.494599981466,60929.33299322318
1770109622,200,,Aggregated,147.900000,0.000000,67,76,85,95,220,630,1600,1900,18000,25000,27000,65791,0,67,190.51839861755076,30.821752006886527,26905.494599981466,60933.376449666364
1770109624,200,,Aggregated,142.000000,0.000000,67,76,86,96,230,650,1500,1900,18000,25000,27000,66006,0,67,192.06172079428467,30.821752006886527,26905.494599981466,60967.09164318395
1770109625,200,,Aggregated,130.400000,0.000000,67,76,86,96,230,650,1500,1900,18000,25000,27000,66083,0,67,192.35717623204866,30.821752006886527,26905.494599981466,60972.57237110906
1770109626,200,,Aggregated,130.600000,0.000000,67,76,86,97,240,670,1500,1900,18000,25000,27000,66231,0,67,193.46816435065966,30.821752006886527,26905.494599981466,60967.37977684166
1770109628,200,,Aggregated,122.300000,0.000000,67,76,86,97,250,700,1500,1900,18000,25000,27000,66386,0,67,194.78535711578397,30.821752006886527,26905.494599981466,60991.55731630163
1770109629,200,,Aggregated,122.800000,0.000000,67,76,86,97,250,720,1500,1900,18000,25000,27000,66446,0,67,195.28442390671427,30.821752006886527,26905.494599981466,60989.23403967131
1770109631,200,,Aggregated,121.400000,0.000000,67,77,86,98,260,730,1600,1900,18000,25000,27000,66548,0,67,197.58669610914612,30.821752006886527,26905.494599981466,60966.66090641342
1770109633,200,,Aggregated,98.300000,0.000000,67,77,87,99,280,770,1600,1900,18000,25000,27000,66798,0,67,201.3194125155323,30.821752006886527,26905.494599981466,60975.82152160244
1770109634,200,,Aggregated,88.300000,0.000000,67,77,87,99,290,770,1600,1900,18000,25000,27000,66913,0,67,202.38650172581586,30.821752006886527,26905.494599981466,60981.71491339501
1770109635,200,,Aggregated,97.600000,0.000000,67,77,87,100,300,780,1600,1900,17000,25000,27000,67001,0,67,203.54287705561975,30.821752006886527,26905.494599981466,60962.18847479888
1770109637,200,,Aggregated,90.700000,0.000000,68,77,88,100,320,810,1600,1900,17000,25000,27000,67319,0,68,206.0028855523168,30.821752006886527,26905.494599981466,60984.57523136113
1770109638,200,,Aggregated,82.800000,0.000000,68,77,88,100,330,800,1600,1900,17000,25000,27000,67446,0,68,206.10428410880607,30.821752006886527,26905.494599981466,60953.28407911515
1770109639,200,,Aggregated,100.100000,0.000000,68,77,89,100,330,800,1600,1900,17000,25000,27000,67749,0,68,205.98849188261352,30.821752006886527,26905.494599981466,60972.110466575155
1770109640,200,,Aggregated,103.400000,0.000000,68,78,89,100,330,790,1600,1900,17000,25000,27000,67987,0,68,205.84421866093902,30.821752006886527,26905.494599981466,60958.27868563108
1770109641,200,,Aggregated,128.100000,0.000000,68,78,89,100,330,790,1600,1900,17000,25000,27000,68096,0,68,205.68544567258422,30.821752006886527,26905.494599981466,60951.93763216635
1770109642,200,,Aggregated,133.100000,0.000000,68,78,89,100,320,790,1600,1900,17000,25000,27000,68418,0,68,205.25978426973114,30.821752006886527,26905.494599981466,60942.86892338274
1770109643,200,,Aggregated,153.700000,0.000000,68,78,90,100,320,790,1600,1900,17000,25000,27000,68653,0,68,204.9244580760831,30.821752006886527,26905.494599981466,60936.097300919115
1770109644,200,,Aggregated,167.700000,0.000000,68,78,90,110,320,790,1600,1900,17000,25000,27000,68918,0,68,204.52338845525293,30.821752006886527,26905.494599981466,60931.51228996779
1770109645,200,,Aggregated,182.600000,0.000000,68,78,90,110,320,780,1600,1900,17000,25000,27000,69189,0,68,204.21655569655985,30.821752006886527,26905.494599981466,60921.560912861874
1770109646,200,,Aggregated,193.300000,0.000000,68,78,90,110,320,780,1600,1900,17000,25000,27000,69429,0,68,203.82478949707374,30.821752006886527,26905.494599981466,60910.113986950695
1770109647,200,,Aggregated,199.700000,0.000000,68,78,90,110,310,780,1600,1900,17000,25000,27000,69608,0,68,203.5470484188093,30.821752006886527,26905.494599981466,60871.22514653488
1770109648,200,,Aggregated,219.900000,0.000000,68,78,90,110,310,780,1600,1900,17000,25000,27000,69867,0,68,203.1582557130666,30.821752006886527,26905.494599981466,60888.623899695136
1770109649,200,,Aggregated,216.900000,0.000000,68,78,90,110,310,780,1600,1900,17000,25000,27000,70077,0,68,202.74491446986372,30.821752006886527,26905.494599981466,60883.36572627253
1770109650,200,,Aggregated,232.800000,0.000000,68,78,90,110,310,780,1600,1900,17000,25000,27000,70343,0,68,202.26786207839478,30.821752006886527,26905.494599981466,60873.38066332116
1770109651,200,,Aggregated,225.800000,0.000000,68,78,90,110,300,770,1600,1900,17000,25000,27000,70592,0,68,201.83803877319704,30.821752006886527,26905.494599981466,60871.4405456709
1770109652,200,,Aggregated,234.000000,0.000000,68,78,90,110,300,770,1600,1900,17000,25000,27000,70842,0,68,201.38144210997137,30.821752006886527,26905.494599981466,60864.02052454759
1770109653,200,,Aggregated,236.300000,0.000000,68,78,90,110,300,770,1600,1900,17000,25000,27000,71093,0,68,200.92901654952604,30.821752006886527,26905.494599981466,60857.43670966199
1770109654,200,,Aggregated,230.500000,0.000000,68,78,90,110,300,770,1600,1900,17000,25000,27000,71358,0,68,200.45775336374606,30.821752006886527,26905.494599981466,60847.44285153732
1770109655,200,,Aggregated,228.700000,0.000000,68,78,90,100,300,770,1600,1900,17000,25000,27000,71602,0,68,200.02635620871797,30.821752006886527,26905.494599981466,60831.15885031145
1770109656,200,,Aggregated,229.500000,0.000000,68,78,90,100,290,770,1600,1900,17000,25000,27000,71862,0,68,199.5694377890082,30.821752006886527,26905.494599981466,60831.137346580945
1770109657,200,,Aggregated,239.700000,0.000000,68,78,90,100,290,770,1600,1900,17000,25000,27000,72083,0,68,199.16208643249905,30.821752006886527,26905.494599981466,60823.15909437731
1770109658,200,,Aggregated,239.800000,0.000000,68,78,90,100,290,760,1600,1900,17000,25000,27000,72336,0,68,198.71245886938144,30.821752006886527,26905.494599981466,60820.73870548551
1770109659,200,,Aggregated,242.600000,0.000000,68,78,89,100,290,760,1600,1900,17000,25000,27000,72586,0,68,198.2567889686088,30.821752006886527,26905.494599981466,60810.38671369135
1770109660,200,,Aggregated,240.300000,0.000000,68,78,89,100,290,760,1600,1900,17000,25000,27000,72829,0,68,197.81661394909605,30.821752006886527,26905.494599981466,60811.69398179297
1770109661,200,,Aggregated,240.700000,0.000000,68,78,89,100,280,760,1600,1900,17000,25000,27000,73093,0,68,197.3514627930493,30.821752006886527,26905.494599981466,60801.61061934796
1770109662,200,,Aggregated,242.100000,0.000000,68,78,89,100,280,750,1600,1900,17000,25000,27000,73326,0,68,196.94225972025785,30.821752006886527,26905.494599981466,60802.633977034064
1770109663,200,,Aggregated,241.400000,0.000000,68,78,89,100,280,750,1600,1900,17000,25000,27000,73594,0,68,196.49330746751127,30.821752006886527,26905.494599981466,60799.70598146588
1770109664,200,,Aggregated,245.000000,0.000000,68,78,89,100,280,740,1600,1900,17000,25000,27000,73842,0,68,196.06299557983166,30.821752006886527,26905.494599981466,60791.792299775196
1770109665,200,,Aggregated,242.500000,0.000000,68,78,89,100,270,740,1600,1900,17000,25000,27000,74118,0,68,195.60564083494998,30.821752006886527,26905.494599981466,60793.19066893332
1770109667,200,,Aggregated,245.400000,0.000000,68,78,89,100,270,740,1600,1900,17000,25000,27000,74367,0,68,195.1783247994124,30.821752006886527,26905.494599981466,60792.447712022804
1770109668,200,,Aggregated,246.200000,0.000000,68,78,89,100,270,730,1600,1900,17000,25000,27000,74622,0,68,194.7431590004258,30.821752006886527,26905.494599981466,60782.680724183214
1770109669,200,,Aggregated,244.900000,0.000000,68,78,89,100,270,730,1600,1900,17000,25000,27000,74867,0,68,194.32118611732153,30.821752006886527,26905.494599981466,60778.76800192341
1770109670,200,,Aggregated,246.000000,0.000000,68,77,88,100,260,730,1600,1900,17000,25000,27000,75105,0,68,193.91080783315726,30.821752006886527,26905.494599981466,60778.212369349574
1770109671,200,,Aggregated,245.400000,0.000000,68,77,88,100,260,720,1600,1900,17000,25000,27000,75362,0,68,193.48109097370576,30.821752006886527,26905.494599981466,60776.161911838855
1770109672,200,,Aggregated,244.700000,0.000000,68,77,88,100,260,720,1600,1900,17000,25000,27000,75589,0,68,193.13638560811984,30.821752006886527,26905.494599981466,60776.118548995226
1770109673,200,,Aggregated,246.700000,0.000000,68,77,88,100,260,720,1600,1900,17000,25000,27000,75839,0,68,192.72432279540718,30.821752006886527,26905.494599981466,60770.54105407508
1770109674,200,,Aggregated,243.500000,0.000000,68,77,88,100,260,720,1600,1900,16000,25000,27000,76092,0,68,192.30761325231484,30.821752006886527,26905.494599981466,60766.559782894394
1770109675,200,,Aggregated,245.900000,0.000000,68,77,88,100,260,720,1600,1900,16000,25000,27000,76312,0,68,191.93696961284087,30.821752006886527,26905.494599981466,60763.11682304225
1770109676,200,,Aggregated,243.900000,0.000000,68,77,88,100,250,720,1600,1900,16000,25000,27000,76570,0,68,191.52113015754185,30.821752006886527,26905.494599981466,60764.37795481259
1770109677,200,,Aggregated,241.000000,0.000000,68,77,88,100,250,710,1500,1900,16000,25000,27000,76827,0,68,191.1223145682659,30.821752006886527,26905.494599981466,60758.20829916566
1770109678,200,,Aggregated,239.800000,0.000000,68,77,88,100,250,710,1500,1900,16000,25000,27000,77075,0,68,190.71882730867392,30.821752006886527,26905.494599981466,60755.42519623743
1770109679,200,,Aggregated,242.600000,0.000000,68,77,88,100,250,710,1500,1900,16000,25000,27000,77328,0,68,190.30718778398523,30.821752006886527,26905.494599981466,60756.198970618665
1770109680,200,,Aggregated,241.500000,0.000000,68,77,88,100,250,700,1500,1900,16000,25000,27000,77571,0,68,189.9142370956641,30.821752006886527,26905.494599981466,60752.74882365832
1770109681,200,,Aggregated,243.900000,0.000000,68,77,87,99,250,700,1500,1900,16000,25000,27000,77854,0,68,189.47120054166476,30.821752006886527,26905.494599981466,60751.083142805765
1770109682,200,,Aggregated,242.100000,0.000000,68,77,87,99,250,700,1500,1900,16000,25000,27000,78100,0,68,189.07568921542432,30.821752006886527,26905.494599981466,60743.2104993598
1770109683,200,,Aggregated,242.500000,0.000000,68,77,87,99,250,690,1500,1900,16000,25000,27000,78355,0,68,188.663968457902,30.821752006886527,26905.494599981466,60737.08937527918
1770109684,200,,Aggregated,244.000000,0.000000,68,77,87,99,240,690,1500,1900,16000,25000,27000,78592,0,68,188.30238017966315,30.821752006886527,26905.494599981466,60733.85511247964
1770109685,200,,Aggregated,244.300000,0.000000,68,77,87,99,240,690,1500,1900,16000,25000,27000,78839,0,68,187.9394717933807,30.821752006886527,26905.494599981466,60731.30725909765
1770109686,200,,Aggregated,243.300000,0.000000,68,77,87,99,240,690,1500,1900,16000,25000,27000,79081,0,68,187.57336435136645,30.821752006886527,26905.494599981466,60727.95694288135
1770109687,200,,Aggregated,246.800000,0.000000,68,77,87,98,240,690,1500,1900,16000,25000,27000,79357,0,68,187.16846497513365,30.821752006886527,26905.494599981466,60722.27020930731
1770109688,200,,Aggregated,244.000000,0.000000,68,77,87,98,240,690,1500,1900,16000,25000,27000,79585,0,68,186.80950594997424,30.821752006886527,26905.494599981466,60723.18193126845
1770109689,200,,Aggregated,244.900000,0.000000,68,77,87,98,240,680,1500,1900,16000,25000,27000,79839,0,68,186.4263905008156,30.821752006886527,26905.494599981466,60714.5778879996
1770109690,200,,Aggregated,245.100000,0.000000,67,77,87,98,240,680,1500,1900,16000,25000,27000,80094,0,67,186.03854605638153,30.821752006886527,26905.494599981466,60710.10436487127
1770109691,200,,Aggregated,243.600000,0.000000,67,77,87,98,230,680,1500,1900,16000,25000,27000,80338,0,67,185.66753836890263,30.821752006886527,26905.494599981466,60710.32736687495
1770109692,200,,Aggregated,245.200000,0.000000,67,77,87,97,230,670,1500,1800,16000,25000,27000,80569,0,67,185.31828849866665,30.821752006886527,26905.494599981466,60708.940175501746
1770109693,200,,Aggregated,246.200000,0.000000,67,77,86,97,230,670,1500,1800,16000,25000,27000,80823,0,67,184.94447287073552,30.821752006886527,26905.494599981466,60703.50862996919
1770109694,200,,Aggregated,244.700000,0.000000,67,77,86,97,230,670,1500,1800,16000,25000,27000,81087,0,67,184.5730853227984,30.821752006886527,26905.494599981466,60692.82808588306
1770109695,200,,Aggregated,242.800000,0.000000,67,77,86,97,230,670,1500,1800,16000,25000,27000,81320,0,67,184.24006732063134,30.821752006886527,26905.494599981466,60693.04879488441
1770109696,200,,Aggregated,244.000000,0.000000,67,77,86,97,230,660,1500,1800,16000,25000,27000,81570,0,67,183.87875985548183,30.821752006886527,26905.494599981466,60686.6646929018
1770109697,200,,Aggregated,244.900000,0.000000,67,76,86,97,230,660,1500,1800,16000,25000,27000,81813,0,67,183.53264220590336,30.821752006886527,26905.494599981466,60688.14497695965
1770109698,200,,Aggregated,242.700000,0.000000,67,76,86,97,220,660,1500,1800,16000,25000,27000,82071,0,67,183.16677065746015,30.821752006886527,26905.494599981466,60682.89328751934
1770109699,200,,Aggregated,240.600000,0.000000,67,76,86,96,220,650,1500,1800,16000,25000,27000,82308,0,67,182.8344531183599,30.821752006886527,26905.494599981466,60679.13818826846
1770109700,200,,Aggregated,241.800000,0.000000,67,76,86,96,220,650,1500,1800,16000,25000,27000,82572,0,67,182.47608417742077,30.821752006886527,26905.494599981466,60676.146659884704
1770109701,200,,Aggregated,241.100000,0.000000,67,76,86,96,220,650,1500,1800,16000,25000,27000,82812,0,67,182.13463790048772,30.821752006886527,26905.494599981466,60674.50621890547
1770109702,200,,Aggregated,242.200000,0.000000,67,76,86,96,220,640,1500,1800,15000,25000,27000,83052,0,67,181.79883853795587,30.821752006886527,26905.494599981466,60673.545682223186
1770109703,200,,Aggregated,240.300000,0.000000,67,76,86,96,220,640,1500,1800,15000,25000,27000,83321,0,67,181.46320257384545,30.821752006886527,26905.494599981466,60672.24712857503
1770109704,200,,Aggregated,241.500000,0.000000,67,76,86,96,220,640,1500,1800,15000,25000,27000,83569,0,67,181.13977999329182,30.821752006886527,26905.494599981466,60678.0820998217
1770109705,200,,Aggregated,242.900000,0.000000,67,76,86,96,220,640,1400,1800,15000,25000,27000,83823,0,67,180.80537801798536,30.821752006886527,26905.494599981466,60677.243871013925
1770109706,200,,Aggregated,244.300000,0.000000,67,76,86,96,220,640,1400,1800,15000,25000,27000,84067,0,67,180.50831179244716,30.821752006886527,26905.494599981466,60682.39726646603
1770109707,200,,Aggregated,241.700000,0.000000,67,76,86,96,210,630,1400,1800,15000,25000,27000,84293,0,67,180.23317517871715,30.821752006886527,26905.494599981466,60694.88102214893
1770109708,200,,Aggregated,245.900000,0.000000,67,76,86,96,210,630,1400,1800,15000,25000,27000,84527,0,67,179.94488030657297,30.821752006886527,26905.494599981466,60701.12671690703
1770109709,200,,Aggregated,244.100000,0.000000,67,76,86,96,210,630,1400,1800,15000,25000,27000,84736,0,67,179.78690368267073,30.821752006886527,26905.494599981466,60704.63663614048
1770109711,200,,Aggregated,240.100000,0.000000,67,76,86,96,210,630,1400,1800,15000,25000,27000,84954,0,67,179.7361462989101,30.821752006886527,26905.494599981466,60708.93236339666
1770109712,200,,Aggregated,235.400000,0.000000,67,76,86,96,210,630,1400,1800,15000,25000,27000,85184,0,67,179.5995372005274,30.821752006886527,26905.494599981466,60727.12185386927
1770109713,200,,Aggregated,233.200000,0.000000,67,76,86,96,210,620,1400,1800,15000,25000,27000,85401,0,67,179.39197530035912,30.821752006886527,26905.494599981466,60748.99514057212
1770109714,200,,Aggregated,232.100000,0.000000,67,77,86,96,210,620,1400,1800,15000,25000,27000,85624,0,67,179.25076558818526,30.821752006886527,26905.494599981466,60762.54626039428
1770109715,200,,Aggregated,229.600000,0.000000,67,77,86,96,220,620,1400,1800,15000,25000,27000,85792,0,67,179.22751090918212,30.821752006886527,26905.494599981466,60772.7614462887
1770109716,200,,Aggregated,225.200000,0.000000,67,77,86,97,220,620,1400,1800,15000,25000,27000,85974,0,67,179.35639518351238,30.821752006886527,26905.494599981466,60784.47099122991
1770109717,200,,Aggregated,218.500000,0.000000,68,77,87,97,220,630,1400,1800,15000,25000,27000,86147,0,68,179.59468667604492,30.821752006886527,26905.494599981466,60803.862525682845
1770109718,200,,Aggregated,211.000000,0.000000,68,77,87,97,220,630,1400,1800,15000,25000,27000,86316,0,68,179.8751515521743,30.821752006886527,26905.494599981466,60828.37790212707
1770109719,200,,Aggregated,204.400000,0.000000,68,77,87,98,220,630,1400,1800,15000,25000,27000,86434,0,68,180.11825994920528,30.821752006886527,26905.494599981466,60837.79496494435
1770109720,200,,Aggregated,198.500000,0.000000,68,77,87,98,230,630,1400,1800,15000,25000,27000,86598,0,68,180.53864329132978,30.821752006886527,26905.494599981466,60867.93050647821
1770109721,200,,Aggregated,189.000000,0.000000,68,77,87,99,230,640,1400,1800,15000,25000,27000,86730,0,68,181.11401940790472,30.821752006886527,26905.494599981466,60878.9116453361
1770109722,200,,Aggregated,183.700000,0.000000,68,77,87,99,240,640,1400,1800,15000,25000,27000,86913,0,68,181.7046865286505,30.821752006886527,26905.494599981466,60893.11798004901
1770109723,200,,Aggregated,172.500000,0.000000,68,77,88,99,240,640,1400,1800,15000,25000,27000,87028,0,68,182.0931329946067,30.821752006886527,26905.494599981466,60909.808303074875
1770109724,200,,Aggregated,164.600000,0.000000,68,77,88,100,240,650,1400,1800,15000,25000,27000,87218,0,68,182.514280881625,30.821752006886527,26905.494599981466,60942.565823568526
1770109725,200,,Aggregated,158.200000,0.000000,68,77,88,100,240,650,1400,1800,15000,25000,27000,87346,0,68,182.76871004147208,30.821752006886527,26905.494599981466,60954.34161839123
1770109726,200,,Aggregated,151.700000,0.000000,68,77,88,100,250,650,1400,1800,15000,25000,27000,87472,0,68,183.26880659124464,30.821752006886527,26905.494599981466,60957.06647841595
1770109727,200,,Aggregated,148.900000,0.000000,68,78,88,100,250,650,1400,1800,15000,25000,27000,87675,0,68,183.50741418891877,30.821752006886527,26905.494599981466,60989.02097519247
1770109729,200,,Aggregated,141.500000,0.000000,68,78,88,100,250,660,1400,1800,15000,25000,27000,87816,0,68,183.57639202859994,30.821752006886527,26905.494599981466,61006.20220688713
1770109730,200,,Aggregated,140.500000,0.000000,68,78,89,100,250,670,1400,1800,15000,25000,27000,87905,0,68,184.14405100711707,30.821752006886527,26905.494599981466,60998.26775496274
1770109731,200,,Aggregated,139.300000,0.000000,68,78,89,100,260,670,1400,1800,15000,25000,27000,88092,0,68,184.96830858780254,30.821752006886527,26905.494599981466,61024.400002270355
1770109733,200,,Aggregated,132.600000,0.000000,68,78,89,100,270,690,1400,1800,15000,25000,27000,88210,0,68,185.9243322417048,30.821752006886527,26905.494599981466,61028.90291350187
1770109735,200,,Aggregated,132.800000,0.000000,68,78,89,100,280,720,1400,1800,15000,25000,27000,88411,0,68,187.45995629725164,30.821752006886527,26905.494599981466,61029.35524991234
1770109737,200,,Aggregated,118.600000,0.000000,68,78,90,100,290,740,1400,1800,15000,25000,27000,88554,0,68,188.55859650074825,30.821752006886527,26905.494599981466,61034.91142127967
1770109738,200,,Aggregated,114.400000,0.000000,68,78,90,100,290,760,1500,1800,15000,25000,27000,88644,0,68,189.86237849470098,30.821752006886527,26905.494599981466,61020.47866747891
1770109739,200,,Aggregated,100.000000,0.000000,68,78,90,110,310,780,1500,1800,15000,25000,27000,88952,0,68,191.71261679543107,30.821752006886527,26905.494599981466,61048.95921395809
1770109740,200,,Aggregated,94.900000,0.000000,68,78,90,110,310,780,1500,1800,15000,25000,27000,88989,0,68,191.92293739582544,30.821752006886527,26905.494599981466,61043.349357785795
1770109742,200,,Aggregated,97.000000,0.000000,68,78,91,110,320,780,1500,1800,15000,25000,27000,89175,0,68,192.59980421205398,30.821752006886527,26905.494599981466,61034.097000280344
1770109744,200,,Aggregated,106.500000,0.000000,68,79,91,110,330,790,1500,1800,15000,25000,27000,89330,0,68,193.54890138964396,30.821752006886527,26905.494599981466,61025.707847307734
1770109745,200,,Aggregated,102.300000,0.000000,68,79,91,110,350,800,1500,1800,15000,25000,27000,89642,0,68,195.096121720085,30.821752006886527,26905.494599981466,61022.10765043172
1770109746,200,,Aggregated,101.800000,0.000000,68,79,92,110,350,800,1500,1800,15000,25000,27000,89759,0,68,195.0556305107793,30.821752006886527,26905.494599981466,61004.17196047193
1770109747,200,,Aggregated,101.800000,0.000000,68,79,92,110,340,790,1500,1800,15000,25000,27000,89942,0,68,194.98326486702848,30.821752006886527,26905.494599981466,61020.95270285295
1770109748,200,,Aggregated,123.700000,0.000000,68,79,92,110,350,790,1500,1800,15000,25000,27000,90242,0,68,195.0078591597065,30.821752006886527,26905.494599981466,61012.8133352541
1770109749,200,,Aggregated,138.800000,0.000000,69,79,93,110,340,790,1500,1800,15000,25000,27000,90510,0,69,194.86586709604072,30.821752006886527,26905.494599981466,61005.146624682355
1770109750,200,,Aggregated,159.500000,0.000000,69,79,93,110,340,790,1500,1800,15000,25000,27000,90763,0,69,194.59461124557149,30.821752006886527,26905.494599981466,60999.13262012053
1770109751,200,,Aggregated,166.600000,0.000000,69,79,93,110,340,790,1500,1800,15000,25000,27000,91028,0,69,194.29521661551203,30.821752006886527,26905.494599981466,60987.8724678121
1770109752,200,,Aggregated,169.500000,0.000000,69,79,93,110,340,780,1500,1800,15000,25000,27000,91247,0,69,194.01742054262,30.821752006886527,26905.494599981466,60976.68438414414
1770109753,200,,Aggregated,178.200000,0.000000,69,79,93,110,340,780,1500,1800,15000,25000,27000,91423,0,69,193.83374407014017,30.821752006886527,26905.494599981466,60961.62985244413
1770109754,200,,Aggregated,191.800000,0.000000,69,79,93,110,330,780,1500,1800,15000,25000,27000,91683,0,69,193.5832849788313,30.821752006886527,26905.494599981466,60972.68481616003
1770109755,200,,Aggregated,203.700000,0.000000,69,79,93,110,330,780,1400,1800,15000,25000,27000,91932,0,69,193.31830147097102,30.821752006886527,26905.494599981466,60966.70780576948
1770109756,200,,Aggregated,225.200000,0.000000,69,79,93,110,330,780,1400,1800,14000,25000,27000,92205,0,69,192.97559623707198,30.821752006886527,26905.494599981466,60957.74900493466
1770109757,200,,Aggregated,218.200000,0.000000,69,79,93,110,330,780,1400,1800,14000,25000,27000,92433,0,69,192.6701573344511,30.821752006886527,26905.494599981466,60954.31450888752
1770109758,200,,Aggregated,237.900000,0.000000,69,79,93,110,330,780,1400,1800,14000,25000,27000,92681,0,69,192.3371623595927,30.821752006886527,26905.494599981466,60948.575803023276
1770109759,200,,Aggregated,236.400000,0.000000,69,79,93,110,320,770,1400,1800,14000,25000,27000,92940,0,69,192.02704144672268,30.821752006886527,26905.494599981466,60938.596653755114
1770109760,200,,Aggregated,232.400000,0.000000,69,79,93,110,320,770,1400,1800,14000,25000,27000,93197,0,69,191.6838494581166,30.821752006886527,26905.494599981466,60937.058242218096
1770109761,200,,Aggregated,233.200000,0.000000,69,79,92,110,320,770,1400,1800,14000,25000,27000,93440,0,69,191.3595114909375,30.821752006886527,26905.494599981466,60927.2936322774
1770109762,200,,Aggregated,239.300000,0.000000,69,79,92,110,320,770,1400,1800,14000,25000,27000,93707,0,69,191.00915336499938,30.821752006886527,26905.494599981466,60926.005805329376
1770109763,200,,Aggregated,241.700000,0.000000,69,79,92,110,320,770,1400,1800,14000,25000,27000,93936,0,69,190.6983378701649,30.821752006886527,26905.494599981466,60919.586601515926
1770109764,200,,Aggregated,245.000000,0.000000,69,79,92,110,320,770,1400,1800,14000,25000,27000,94213,0,69,190.3400477903468,30.821752006886527,26905.494599981466,60910.787099444875
1770109765,200,,Aggregated,245.700000,0.000000,69,79,92,110,320,770,1400,1800,14000,25000,27000,94449,0,69,190.02853425471716,30.821752006886527,26905.494599981466,60913.9571620663
1770109766,200,,Aggregated,243.500000,0.000000,68,79,92,110,310,770,1400,1800,14000,25000,27000,94692,0,68,189.70594315779348,30.821752006886527,26905.494599981466,60904.04582224475
1770109767,200,,Aggregated,244.100000,0.000000,68,79,92,110,310,760,1400,1800,14000,25000,27000,94961,0,68,189.3489192586376,30.821752006886527,26905.494599981466,60897.75723718158
1770109768,200,,Aggregated,239.500000,0.000000,68,79,92,110,310,760,1400,1800,13000,25000,27000,95204,0,68,189.02377845451426,30.821752006886527,26905.494599981466,60900.79790765094
1770109769,200,,Aggregated,243.700000,0.000000,68,79,91,110,310,760,1400,1800,13000,25000,27000,95457,0,68,188.6881934584058,30.821752006886527,26905.494599981466,60894.24241281415
1770109770,200,,Aggregated,244.100000,0.000000,68,79,91,110,310,760,1400,1800,13000,25000,27000,95712,0,68,188.36332334725046,30.821752006886527,26905.494599981466,60887.968530591774
1770109771,200,,Aggregated,246.100000,0.000000,68,79,91,110,300,760,1400,1800,13000,25000,27000,95967,0,68,188.0442348354295,30.821752006886527,26905.494599981466,60886.68668396428
1770109772,200,,Aggregated,245.100000,0.000000,68,79,91,110,300,750,1400,1800,13000,25000,27000,96220,0,68,187.72925703890914,30.821752006886527,26905.494599981466,60884.42991062149
1770109773,200,,Aggregated,245.800000,0.000000,68,79,91,110,300,750,1400,1800,13000,25000,27000,96464,0,68,187.42308270977733,30.821752006886527,26905.494599981466,60884.67433446674
1770109774,200,,Aggregated,244.300000,0.000000,68,79,91,110,300,750,1400,1800,13000,25000,27000,96711,0,68,187.1143771190257,30.821752006886527,26905.494599981466,60880.88534913299
1770109776,200,,Aggregated,245.700000,0.000000,68,79,91,110,300,740,1400,1800,13000,25000,27000,96963,0,68,186.8011695369469,30.821752006886527,26905.494599981466,60875.88301723338
1770109777,200,,Aggregated,244.600000,0.000000,68,79,91,110,300,740,1400,1800,13000,25000,27000,97200,0,68,186.50422105133782,30.821752006886527,26905.494599981466,60875.62772633745
1770109778,200,,Aggregated,245.900000,0.000000,68,79,91,110,290,740,1300,1800,13000,25000,27000,97442,0,68,186.20236510108754,30.821752006886527,26905.494599981466,60869.71256747604
1770109779,200,,Aggregated,244.800000,0.000000,68,78,91,110,290,740,1300,1800,13000,25000,27000,97676,0,68,185.91102070453428,30.821752006886527,26905.494599981466,60871.178672345304
1770109780,200,,Aggregated,241.800000,0.000000,68,78,90,110,290,730,1300,1800,13000,25000,27000,97943,0,68,185.5819480776575,30.821752006886527,26905.494599981466,60871.326547073295
1770109781,200,,Aggregated,241.200000,0.000000,68,78,90,110,290,730,1300,1800,13000,25000,27000,98200,0,68,185.27340293460975,30.821752006886527,26905.494599981466,60868.171435845215
1770109782,200,,Aggregated,242.200000,0.000000,68,78,90,110,290,730,1300,1800,13000,25000,27000,98458,0,68,184.96046606224527,30.821752006886527,26905.494599981466,60859.7337544943
1770109783,200,,Aggregated,244.300000,0.000000,68,78,90,110,290,720,1300,1800,13000,25000,27000,98720,0,68,184.65408543005015,30.821752006886527,26905.494599981466,60862.10260332253
1770109784,200,,Aggregated,242.700000,0.000000,68,78,90,100,290,720,1300,1800,13000,25000,27000,98944,0,68,184.37488226028498,30.821752006886527,26905.494599981466,60855.40585583765
1770109785,200,,Aggregated,242.900000,0.000000,68,78,90,100,280,720,1300,1800,13000,25000,27000,99217,0,68,184.10473749808574,30.821752006886527,26905.494599981466,60855.763488111916
1770109786,200,,Aggregated,242.600000,0.000000,68,78,90,100,280,720,1300,1800,13000,25000,27000,99475,0,68,183.8025401112005,30.821752006886527,26905.494599981466,60853.72439306358
1770109787,200,,Aggregated,244.600000,0.000000,68,78,90,100,280,720,1300,1800,13000,25000,27000,99723,0,68,183.5214955405131,30.821752006886527,26905.494599981466,60846.08218765982
1770109788,200,,Aggregated,245.900000,0.000000,68,78,90,100,280,720,1300,1800,13000,25000,27000,99996,0,68,183.2091589634455,30.821752006886527,26905.494599981466,60845.71452858114
1770109789,200,,Aggregated,245.000000,0.000000,68,78,90,100,280,710,1300,1800,13000,25000,27000,100222,0,68,182.93731979886456,30.821752006886527,26905.494599981466,60840.876354493026
1770109790,200,,Aggregated,249.200000,0.000000,68,78,90,100,280,710,1300,1800,13000,25000,27000,100485,0,68,182.63575694050834,30.821752006886527,26905.494599981466,60842.05716276061
1770109791,200,,Aggregated,249.300000,0.000000,68,78,90,100,280,710,1300,1800,13000,25000,27000,100720,0,68,182.36823715071446,30.821752006886527,26905.494599981466,60835.63958498809
1770109792,200,,Aggregated,245.400000,0.000000,68,78,90,100,270,710,1300,1800,13000,25000,27000,100978,0,68,182.07214597008124,30.821752006886527,26905.494599981466,60833.38274673691
1770109793,200,,Aggregated,244.800000,0.000000,68,78,90,100,270,700,1300,1800,13000,25000,27000,101238,0,68,181.7797754047379,30.821752006886527,26905.494599981466,60830.82138129951
1770109794,200,,Aggregated,246.500000,0.000000,68,78,89,100,270,700,1300,1800,13000,25000,27000,101464,0,68,181.51373390592897,30.821752006886527,26905.494599981466,60826.66745840889
1770109795,200,,Aggregated,246.900000,0.000000,68,78,89,100,270,700,1300,1800,13000,25000,27000,101732,0,68,181.21484481491706,30.821752006886527,26905.494599981466,60821.84178036409
1770109796,200,,Aggregated,249.000000,0.000000,68,78,89,100,270,700,1300,1800,13000,25000,27000,101985,0,68,180.9270584935476,30.821752006886527,26905.494599981466,60819.64159435211
1770109797,200,,Aggregated,246.700000,0.000000,68,78,89,100,270,690,1300,1800,13000,25000,27000,102241,0,68,180.63752325227446,30.821752006886527,26905.494599981466,60819.80512710165
1770109798,200,,Aggregated,245.800000,0.000000,68,78,89,100,260,690,1300,1800,13000,25000,27000,102514,0,68,180.3387535877228,30.821752006886527,26905.494599981466,60812.892053768264
1770109799,200,,Aggregated,247.800000,0.000000,68,78,89,100,260,690,1300,1800,13000,25000,27000,102749,0,68,180.08651161735497,30.821752006886527,26905.494599981466,60810.34007143622
1770109800,200,,Aggregated,244.600000,0.000000,68,78,89,100,260,690,1300,1800,13000,25000,27000,103013,0,68,179.81043417080878,30.821752006886527,26905.494599981466,60809.66703231631
1770109801,200,,Aggregated,246.900000,0.000000,68,78,89,100,260,690,1300,1800,13000,25000,27000,103259,0,68,179.55463960354558,30.821752006886527,26905.494599981466,60800.571117287596
1770109802,200,,Aggregated,245.600000,0.000000,68,78,89,100,260,690,1300,1800,13000,25000,27000,103494,0,68,179.2915437190297,30.821752006886527,26905.494599981466,60801.02611745609
1770109803,200,,Aggregated,246.200000,0.000000,68,78,89,100,260,690,1300,1800,13000,25000,27000,103724,0,68,179.05011045627074,30.821752006886527,26905.494599981466,60792.657543095134
1770109804,200,,Aggregated,245.900000,0.000000,68,78,89,100,260,690,1300,1800,13000,25000,27000,103981,0,68,178.78718596858363,30.821752006886527,26905.494599981466,60793.0468450967
1770109805,200,,Aggregated,242.400000,0.000000,68,78,89,100,260,680,1300,1800,13000,25000,27000,104220,0,68,178.53679970611546,30.821752006886527,26905.494599981466,60792.863672999425
1770109806,200,,Aggregated,242.800000,0.000000,68,78,89,100,260,680,1300,1800,13000,25000,27000,104457,0,68,178.28751860245998,30.821752006886527,26905.494599981466,60790.23908402501
1770109807,200,,Aggregated,243.900000,0.000000,68,78,89,100,250,680,1300,1800,13000,25000,27000,104731,0,68,178.02891476663046,30.821752006886527,26905.494599981466,60789.19862313928
1770109808,200,,Aggregated,241.000000,0.000000,68,78,89,100,250,680,1300,1800,13000,25000,27000,104984,0,68,177.76735438409747,30.821752006886527,26905.494599981466,60790.298254972186
1770109809,200,,Aggregated,241.300000,0.000000,68,78,88,100,250,680,1300,1800,13000,25000,27000,105230,0,68,177.5255502511198,30.821752006886527,26905.494599981466,60786.14302955431
1770109810,200,,Aggregated,241.600000,0.000000,68,78,88,100,250,670,1300,1800,13000,25000,27000,105477,0,68,177.28731301251776,30.821752006886527,26905.494599981466,60788.60546849076
1770109811,200,,Aggregated,239.800000,0.000000,68,78,88,100,250,670,1300,1800,13000,25000,27000,105741,0,68,177.03118626035658,30.821752006886527,26905.494599981466,60789.74210571113
1770109812,200,,Aggregated,243.200000,0.000000,68,78,88,100,250,670,1300,1800,13000,25000,27000,105976,0,68,176.80839168646065,30.821752006886527,26905.494599981466,60794.07527175964
1770109813,200,,Aggregated,242.300000,0.000000,68,78,88,100,250,670,1300,1800,13000,25000,27000,106209,0,68,176.62176799327105,30.821752006886527,26905.494599981466,60797.299183685
1770109814,200,,Aggregated,242.600000,0.000000,68,78,88,100,250,670,1300,1800,13000,25000,27000,106455,0,68,176.38621331335509,30.821752006886527,26905.494599981466,60801.887464186744
1770109815,200,,Aggregated,243.700000,0.000000,68,78,88,100,250,670,1300,1800,13000,25000,27000,106670,0,68,176.20873330488604,30.821752006886527,26905.494599981466,60811.00442486172
1770109817,200,,Aggregated,239.300000,0.000000,68,78,88,100,250,670,1300,1800,13000,25000,27000,106910,0,68,176.06380286657927,30.821752006886527,26905.494599981466,60814.28813020297
1770109818,200,,Aggregated,238.600000,0.000000,68,78,88,100,250,670,1300,1800,13000,25000,27000,107121,0,68,175.9247291215712,30.821752006886527,26905.494599981466,60829.899394143074
1770109819,200,,Aggregated,236.800000,0.000000,68,78,89,100,250,670,1300,1800,13000,25000,27000,107346,0,68,175.80893375756742,30.821752006886527,26905.494599981466,60841.128928884165
1770109820,200,,Aggregated,233.300000,0.000000,68,78,89,100,250,670,1300,1800,13000,25000,27000,107538,0,68,175.8458794274298,30.821752006886527,26905.494599981466,60848.121296657926
1770109821,200,,Aggregated,231.800000,0.000000,68,78,89,100,250,670,1300,1800,13000,25000,27000,107740,0,68,175.8791132000999,30.821752006886527,26905.494599981466,60861.3411082235
1770109822,200,,Aggregated,225.800000,0.000000,68,78,89,100,250,670,1300,1800,13000,25000,27000,107902,0,68,175.99703646033993,30.821752006886527,26905.494599981466,60865.79640785157
1770109823,200,,Aggregated,221.400000,0.000000,68,78,89,100,250,670,1300,1800,13000,25000,27000,108110,0,68,176.1728424011063,30.821752006886527,26905.494599981466,60890.19883452039
1770109824,200,,Aggregated,212.300000,0.000000,68,78,89,100,250,670,1300,1800,13000,25000,27000,108257,0,68,176.3963789512247,30.821752006886527,26905.494599981466,60898.59141672132
1770109825,200,,Aggregated,206.800000,0.000000,68,78,89,100,250,670,1300,1800,13000,25000,27000,108403,0,68,176.52959913023452,30.821752006886527,26905.494599981466,60913.683099176225
1770109826,200,,Aggregated,198.600000,0.000000,68,78,90,100,260,670,1300,1800,13000,25000,27000,108577,0,68,176.7002465362815,30.821752006886527,26905.494599981466,60927.16835057148
1770109827,200,,Aggregated,192.800000,0.000000,68,78,90,100,260,670,1300,1800,13000,25000,27000,108747,0,68,176.96883830792177,30.821752006886527,26905.494599981466,60942.97773731689
1770109828,200,,Aggregated,184.700000,0.000000,68,78,90,100,260,670,1300,1800,13000,25000,27000,108880,0,68,177.44783077337058,30.821752006886527,26905.494599981466,60951.376157237326
1770109829,200,,Aggregated,179.700000,0.000000,68,78,90,100,260,670,1300,1800,13000,25000,27000,109064,0,68,177.69401423184024,30.821752006886527,26905.494599981466,60973.05138267439
1770109830,200,,Aggregated,171.100000,0.000000,68,78,90,100,260,670,1300,1800,13000,25000,27000,109255,0,68,177.91709899463208,30.821752006886527,26905.494599981466,60993.98392750904
1770109831,200,,Aggregated,167.300000,0.000000,68,79,90,100,270,670,1300,1800,13000,25000,27000,109347,0,68,178.12502616623848,30.821752006886527,26905.494599981466,60999.003292271394
1770109832,200,,Aggregated,159.000000,0.000000,68,79,91,110,270,670,1300,1800,13000,25000,27000,109589,0,68,178.3804829102598,30.821752006886527,26905.494599981466,61027.879048079645
1770109834,200,,Aggregated,146.300000,0.000000,68,79,91,110,270,680,1300,1800,13000,25000,27000,109699,0,68,178.6556867415605,30.821752006886527,26905.494599981466,61020.93819451408
1770109835,200,,Aggregated,152.700000,0.000000,68,79,91,110,280,680,1300,1800,13000,25000,27000,109893,0,68,178.83781382224922,30.821752006886527,26905.494599981466,61043.319383400216
1770109836,200,,Aggregated,152.700000,0.000000,68,79,91,110,280,680,1300,1800,13000,25000,27000,110000,0,68,178.9196293437326,30.821752006886527,26905.494599981466,61056.82676363637
1770109837,200,,Aggregated,144.200000,0.000000,68,79,91,110,280,680,1300,1800,12000,25000,27000,110090,0,68,179.42314057237323,30.821752006886527,26905.494599981466,61050.84941411572
1770109838,200,,Aggregated,144.200000,0.000000,68,79,91,110,290,680,1300,1800,12000,25000,27000,110192,0,68,179.7878227287231,30.821752006886527,26905.494599981466,61050.78185349209
1770109840,200,,Aggregated,148.300000,0.000000,69,79,91,110,290,690,1300,1800,12000,25000,27000,110288,0,69,180.56631769164886,30.821752006886527,26905.494599981466,61059.7981285362
1770109841,200,,Aggregated,137.200000,0.000000,69,79,92,110,290,700,1300,1800,12000,25000,27000,110364,0,69,181.5473680516809,30.821752006886527,26905.494599981466,61062.539478453116
1770109842,200,,Aggregated,118.300000,0.000000,69,79,92,110,300,740,1300,1800,12000,25000,27000,110653,0,69,183.4638591172866,30.821752006886527,26905.494599981466,61066.726821685814
1770109844,200,,Aggregated,109.300000,0.000000,69,79,92,110,310,750,1300,1800,12000,25000,27000,110736,0,69,183.87522933337144,30.821752006886527,26905.494599981466,61065.82768927901
1770109845,200,,Aggregated,114.000000,0.000000,69,79,92,110,320,750,1300,1800,12000,25000,27000,110883,0,69,184.21554343018468,30.821752006886527,26905.494599981466,61069.3486918644
1770109846,200,,Aggregated,108.700000,0.000000,69,79,93,110,320,750,1300,1800,12000,25000,27000,111168,0,69,184.69562073391887,30.821752006886527,26905.494599981466,61079.15245394358
1770109848,200,,Aggregated,108.700000,0.000000,69,79,93,110,320,750,1300,1800,12000,25000,27000,111169,0,69,184.69542173837388,30.821752006886527,26905.494599981466,61079.637452887044
1770109849,200,,Aggregated,106.200000,0.000000,69,79,93,110,320,760,1300,1800,12000,25000,27000,111200,0,69,185.02400200537147,30.821752006886527,26905.494599981466,61067.03711330935
1770109850,200,,Aggregated,97.700000,0.000000,69,80,93,110,330,780,1300,1800,12000,25000,27000,111577,0,69,187.30610389416995,30.821752006886527,26905.494599981466,61061.73650483523
1770109851,200,,Aggregated,91.200000,0.000000,69,80,93,110,330,780,1300,1800,12000,25000,27000,111714,0,69,187.22734388093633,30.821752006886527,26905.494599981466,61035.968741608034
1770109852,200,,Aggregated,117.400000,0.000000,69,80,93,110,330,780,1300,1800,12000,25000,27000,111959,0,69,187.15892069760244,30.821752006886527,26905.494599981466,61045.37175215927
1770109853,200,,Aggregated,125.700000,0.000000,69,80,94,110,330,780,1300,1800,12000,25000,27000,112119,0,69,187.14468626972138,30.821752006886527,26905.494599981466,61054.60460760442
1770109854,200,,Aggregated,135.300000,0.000000,69,80,94,110,330,770,1300,1800,12000,25000,27000,112409,0,69,187.15778481864305,30.821752006886527,26905.494599981466,61038.88238486242
1770109855,200,,Aggregated,145.000000,0.000000,69,80,94,120,330,770,1300,1800,12000,25000,27000,112653,0,69,187.0324815272537,30.821752006886527,26905.494599981466,61038.92399669783
1770109856,200,,Aggregated,155.600000,0.000000,69,80,94,110,330,770,1300,1800,12000,25000,27000,112887,0,69,186.8356387898681,30.821752006886527,26905.494599981466,61034.27799480897
1770109857,200,,Aggregated,159.700000,0.000000,69,80,94,110,330,770,1300,1800,12000,25000,27000,113134,0,69,186.58901765962923,30.821752006886527,26905.494599981466,61027.32871638941
1770109858,200,,Aggregated,166.000000,0.000000,69,80,94,110,330,770,1300,1800,12000,25000,27000,113391,0,69,186.38411758590672,30.821752006886527,26905.494599981466,61021.46392570839
1770109859,200,,Aggregated,180.000000,0.000000,69,80,94,110,330,770,1300,1800,12000,25000,27000,113621,0,69,186.13638118899073,30.821752006886527,26905.494599981466,61018.44784854913
1770109860,200,,Aggregated,204.800000,0.000000,69,80,94,110,320,770,1300,1800,12000,25000,27000,113861,0,69,185.8852695697159,30.821752006886527,26905.494599981466,61011.47446447862
1770109861,200,,Aggregated,226.900000,0.000000,69,80,94,110,320,770,1300,1800,12000,25000,27000,114116,0,69,185.62709796222703,30.821752006886527,26905.494599981466,61008.62373374461
1770109862,200,,Aggregated,222.400000,0.000000,69,80,94,110,320,770,1300,1800,12000,25000,27000,114337,0,69,185.4261566889609,30.821752006886527,26905.494599981466,61004.638017439676
1770109863,200,,Aggregated,231.700000,0.000000,69,80,94,110,320,770,1300,1800,12000,25000,27000,114631,0,69,185.1634315446676,30.821752006886527,26905.494599981466,61002.67924034511
1770109864,200,,Aggregated,232.300000,0.000000,69,80,94,110,320,770,1300,1800,12000,25000,27000,114878,0,69,184.9537937569596,30.821752006886527,26905.494599981466,60995.39629868208
1770109865,200,,Aggregated,226.000000,0.000000,69,80,94,110,320,770,1300,1800,12000,25000,27000,115149,0,69,184.68800439913753,30.821752006886527,26905.494599981466,60988.83715012723
1770109866,200,,Aggregated,234.800000,0.000000,69,80,94,110,320,770,1300,1800,12000,25000,27000,115417,0,69,184.4121257199415,30.821752006886527,26905.494599981466,60984.41093599729
1770109868,200,,Aggregated,243.600000,0.000000,69,80,94,110,320,770,1300,1800,12000,25000,27000,115676,0,69,184.15671127846505,30.821752006886527,26905.494599981466,60979.113065804486
1770109869,200,,Aggregated,244.800000,0.000000,69,80,94,110,320,760,1300,1800,12000,25000,27000,115923,0,69,183.90419630284472,30.821752006886527,26905.494599981466,60974.24146200495
1770109870,200,,Aggregated,245.100000,0.000000,69,80,93,110,320,760,1300,1800,12000,25000,27000,116161,0,69,183.66102405911388,30.821752006886527,26905.494599981466,60968.443582613785
1770109871,200,,Aggregated,243.600000,0.000000,69,80,93,110,320,760,1300,1800,12000,25000,27000,116414,0,69,183.40576103417797,30.821752006886527,26905.494599981466,60966.032246980605
1770109872,200,,Aggregated,245.100000,0.000000,69,80,93,110,320,760,1300,1800,12000,25000,27000,116664,0,69,183.15245188980134,30.821752006886527,26905.494599981466,60962.29552389769
1770109873,200,,Aggregated,245.300000,0.000000,69,80,93,110,310,760,1300,1800,12000,25000,27000,116891,0,69,182.9238582865803,30.821752006886527,26905.494599981466,60962.30048506729
1770109874,200,,Aggregated,246.600000,0.000000,69,80,93,110,310,760,1300,1800,12000,25000,27000,117129,0,69,182.6916856289609,30.821752006886527,26905.494599981466,60955.17549027141
1770109875,200,,Aggregated,248.000000,0.000000,69,80,93,110,310,760,1300,1800,12000,25000,27000,117385,0,69,182.43090646987068,30.821752006886527,26905.494599981466,60950.87411509136
1770109876,200,,Aggregated,244.100000,0.000000,69,80,93,110,310,760,1300,1800,12000,25000,27000,117660,0,69,182.15458088991738,30.821752006886527,26905.494599981466,60951.50510793813
1770109877,200,,Aggregated,244.800000,0.000000,69,79,93,110,310,760,1300,1800,12000,25000,27000,117890,0,69,181.9237161013215,30.821752006886527,26905.494599981466,60949.17887861566
1770109878,200,,Aggregated,244.800000,0.000000,69,79,93,110,310,750,1300,1800,12000,25000,27000,118143,0,69,181.66604239227829,30.821752006886527,26905.494599981466,60945.06198420558
1770109879,200,,Aggregated,242.100000,0.000000,69,79,93,110,310,750,1300,1800,12000,25000,27000,118400,0,69,181.41715267141072,30.821752006886527,26905.494599981466,60945.00418918919
1770109880,200,,Aggregated,240.300000,0.000000,69,79,92,110,310,750,1300,1700,12000,25000,27000,118649,0,69,181.17351523876195,30.821752006886527,26905.494599981466,60941.364191860026
1770109881,200,,Aggregated,242.200000,0.000000,69,79,92,110,300,750,1300,1700,12000,25000,27000,118894,0,69,180.9409377549405,30.821752006886527,26905.494599981466,60939.66428919878
1770109882,200,,Aggregated,243.000000,0.000000,69,79,92,110,300,750,1300,1700,11000,25000,27000,119159,0,69,180.68551791435686,30.821752006886527,26905.494599981466,60938.51159375288
1770109883,200,,Aggregated,241.400000,0.000000,69,79,92,110,300,750,1300,1700,11000,25000,27000,119394,0,69,180.45659708814543,30.821752006886527,26905.494599981466,60935.33204348627
1770109884,200,,Aggregated,242.100000,0.000000,69,79,92,110,300,740,1300,1700,11000,25000,27000,119652,0,69,180.21582388579412,30.821752006886527,26905.494599981466,60934.568782803464
1770109885,200,,Aggregated,246.100000,0.000000,69,79,92,110,300,740,1300,1700,11000,25000,27000,119909,0,69,179.97087285275327,30.821752006886527,26905.494599981466,60928.29108740795
1770109886,200,,Aggregated,244.000000,0.000000,69,79,92,110,300,740,1300,1700,11000,25000,27000,120165,0,69,179.72805547364825,30.821752006886527,26905.494599981466,60928.136828527444
1770109887,200,,Aggregated,244.900000,0.000000,69,79,92,110,300,740,1300,1700,11000,25000,27000,120407,0,69,179.49494740935316,30.821752006886527,26905.494599981466,60925.48082752664
1770109888,200,,Aggregated,242.600000,0.000000,69,79,92,110,300,730,1300,1700,11000,25000,27000,120676,0,69,179.24309004975325,30.821752006886527,26905.494599981466,60921.00664589479
1770109889,200,,Aggregated,244.400000,0.000000,69,79,92,110,300,730,1300,1700,11000,25000,27000,120921,0,69,179.013879410954,30.821752006886527,26905.494599981466,60924.44022130151
1770109890,200,,Aggregated,245.800000,0.000000,69,79,92,110,300,730,1300,1700,11000,25000,27000,121164,0,69,178.78463635816738,30.821752006886527,26905.494599981466,60921.12656399591
1770109891,200,,Aggregated,246.100000,0.000000,68,79,92,110,290,730,1300,1700,11000,25000,27000,121430,0,68,178.53477527222236,30.821752006886527,26905.494599981466,60917.67983200197
1770109892,200,,Aggregated,246.500000,0.000000,68,79,91,110,290,720,1300,1700,11000,25000,27000,121703,0,68,178.28734847550135,30.821752006886527,26905.494599981466,60912.381683278145
1770109893,200,,Aggregated,247.200000,0.000000,68,79,91,110,290,720,1300,1700,11000,25000,27000,121949,0,68,178.0647770990327,30.821752006886527,26905.494599981466,60911.94603481783
1770109894,200,,Aggregated,246.000000,0.000000,68,79,91,110,290,720,1300,1700,11000,25000,27000,122180,0,68,177.86378214778009,30.821752006886527,26905.494599981466,60909.23440825012
1770109895,200,,Aggregated,247.400000,0.000000,68,79,91,110,290,720,1300,1700,11000,25000,27000,122457,0,68,177.6124244617501,30.821752006886527,26905.494599981466,60908.900054713085
1770109896,200,,Aggregated,249.700000,0.000000,68,79,91,110,290,720,1300,1700,11000,25000,27000,122702,0,68,177.41111107018182,30.821752006886527,26905.494599981466,60904.79509706443
1770109897,200,,Aggregated,247.800000,0.000000,68,79,91,110,290,720,1300,1700,11000,25000,27000,122949,0,68,177.18358497040774,30.821752006886527,26905.494599981466,60902.0956331487
1770109898,200,,Aggregated,245.300000,0.000000,68,79,91,110,290,720,1300,1700,11000,25000,27000,123191,0,68,176.95950522251377,30.821752006886527,26905.494599981466,60897.41148298171
1770109899,200,,Aggregated,247.500000,0.000000,68,79,91,110,290,710,1300,1700,11000,25000,27000,123441,0,68,176.7329274504161,30.821752006886527,26905.494599981466,60895.356105345876
1770109900,200,,Aggregated,244.800000,0.000000,68,79,91,110,280,710,1300,1700,11000,25000,27000,123675,0,68,176.51551234350967,30.821752006886527,26905.494599981466,60891.36992116434
1770109901,200,,Aggregated,244.500000,0.000000,68,79,91,110,280,710,1300,1700,11000,25000,27000,123910,0,68,176.30215398773925,30.821752006886527,26905.494599981466,60886.958332660804
1770109902,200,,Aggregated,245.700000,0.000000,68,79,91,110,280,710,1300,1700,11000,25000,27000,124167,0,68,176.08174712530598,30.821752006886527,26905.494599981466,60887.579606497704
1770109903,200,,Aggregated,243.800000,0.000000,68,79,91,110,280,700,1300,1700,11000,25000,27000,124409,0,68,175.8737077266588,30.821752006886527,26905.494599981466,60885.630412590726
1770109904,200,,Aggregated,242.800000,0.000000,68,79,91,110,280,700,1300,1700,11000,25000,27000,124648,0,68,175.66145933702592,30.821752006886527,26905.494599981466,60880.59263686541
1770109906,200,,Aggregated,240.200000,0.000000,68,79,91,110,280,700,1300,1700,11000,25000,27000,124913,0,68,175.43111420388334,30.821752006886527,26905.494599981466,60879.59549446415
1770109907,200,,Aggregated,238.400000,0.000000,68,78,90,110,280,700,1300,1700,11000,25000,27000,125158,0,68,175.21334934977838,30.821752006886527,26905.494599981466,60876.73974496237
1770109908,200,,Aggregated,242.700000,0.000000,68,78,90,110,280,690,1300,1700,11000,25000,27000,125404,0,68,174.99834513425893,30.821752006886527,26905.494599981466,60874.26555771746
1770109909,200,,Aggregated,239.200000,0.000000,68,78,90,110,280,690,1300,1700,11000,25000,27000,125682,0,68,174.7694017778961,30.821752006886527,26905.494599981466,60871.64749924412
1770109910,200,,Aggregated,241.600000,0.000000,68,78,90,110,280,690,1300,1700,11000,25000,27000,125935,0,68,174.5563005011129,30.821752006886527,26905.494599981466,60871.44197403423
1770109911,200,,Aggregated,242.900000,0.000000,68,78,90,100,270,690,1300,1700,10000,25000,27000,126176,0,68,174.35513919703513,30.821752006886527,26905.494599981466,60864.64644623383
1770109912,200,,Aggregated,242.600000,0.000000,68,78,90,100,270,690,1300,1700,10000,25000,27000,126419,0,68,174.15356144960904,30.821752006886527,26905.494599981466,60868.841044463254
1770109913,200,,Aggregated,242.100000,0.000000,68,78,90,100,270,690,1300,1700,10000,25000,27000,126666,0,68,173.93992489885426,30.821752006886527,26905.494599981466,60864.23276964616
1770109914,200,,Aggregated,244.800000,0.000000,68,78,90,100,270,690,1300,1700,10000,25000,27000,126913,0,68,173.74295427581984,30.821752006886527,26905.494599981466,60864.26994870502
1770109915,200,,Aggregated,244.100000,0.000000,68,78,90,100,270,690,1300,1700,10000,25000,27000,127172,0,68,173.54263878775424,30.821752006886527,26905.494599981466,60862.114364797286
1770109916,200,,Aggregated,243.700000,0.000000,68,78,90,100,270,690,1300,1700,10000,25000,27000,127413,0,68,173.344891664655,30.821752006886527,26905.494599981466,60864.65855917371
1770109917,200,,Aggregated,245.800000,0.000000,68,78,90,100,270,680,1200,1700,10000,25000,27000,127645,0,68,173.17711657334414,30.821752006886527,26905.494599981466,60862.47890634181
1770109918,200,,Aggregated,244.200000,0.000000,68,78,90,100,270,680,1200,1700,10000,25000,27000,127890,0,68,173.03888377864052,30.821752006886527,26905.494599981466,60865.3990460552
1770109919,200,,Aggregated,241.100000,0.000000,68,78,90,100,270,680,1200,1700,10000,25000,27000,128109,0,68,172.88180801098184,30.821752006886527,26905.494599981466,60868.53833844617
1770109920,200,,Aggregated,241.400000,0.000000,68,78,90,100,270,680,1200,1700,10000,25000,27000,128329,0,68,172.71741642084612,30.821752006886527,26905.494599981466,60874.28468233992
1770109921,200,,Aggregated,237.100000,0.000000,68,78,90,100,270,680,1200,1700,10000,25000,27000,128576,0,68,172.61867791048806,30.821752006886527,26905.494599981466,60883.29299402688
1770109922,200,,Aggregated,235.200000,0.000000,68,78,90,100,260,680,1200,1700,10000,25000,27000,128802,0,68,172.51138796341849,30.821752006886527,26905.494599981466,60890.04280989426
1770109923,200,,Aggregated,237.600000,0.000000,68,78,90,100,260,680,1200,1700,10000,25000,27000,129029,0,68,172.40224092516323,30.821752006886527,26905.494599981466,60897.474373977944
1770109924,200,,Aggregated,233.100000,0.000000,68,78,90,100,260,670,1200,1700,10000,25000,27000,129250,0,68,172.28054398576964,30.821752006886527,26905.494599981466,60901.591001934234
1770109925,200,,Aggregated,230.600000,0.000000,68,78,90,100,260,670,1200,1700,10000,25000,27000,129450,0,68,172.23511583301604,30.821752006886527,26905.494599981466,60911.926921591345
1770109926,200,,Aggregated,226.100000,0.000000,68,78,90,100,260,670,1200,1700,10000,25000,27000,129656,0,68,172.1690488883036,30.821752006886527,26905.494599981466,60916.702597642994
1770109927,200,,Aggregated,223.500000,0.000000,68,79,90,100,260,670,1200,1700,10000,25000,27000,129860,0,68,172.20518432091947,30.821752006886527,26905.494599981466,60927.00558293547
1770109928,200,,Aggregated,220.400000,0.000000,68,79,90,110,260,670,1200,1700,10000,25000,27000,130041,0,68,172.23620585405044,30.821752006886527,26905.494599981466,60931.75719196253
1770109929,200,,Aggregated,220.000000,0.000000,68,79,91,110,270,670,1200,1700,10000,25000,27000,130223,0,68,172.29400294081458,30.821752006886527,26905.494599981466,60938.377206791425
1770109930,200,,Aggregated,212.400000,0.000000,68,79,91,110,270,670,1200,1700,10000,25000,27000,130411,0,68,172.45588667411286,30.821752006886527,26905.494599981466,60958.860916640464
1770109932,200,,Aggregated,209.300000,0.000000,68,79,91,110,270,670,1200,1700,10000,25000,27000,130565,0,68,172.55103502786903,30.821752006886527,26905.494599981466,60970.290215601424
1770109933,200,,Aggregated,191.200000,0.000000,68,79,91,110,270,670,1200,1700,10000,25000,27000,130788,0,68,172.87041103765566,30.821752006886527,26905.494599981466,60983.76271523381
1770109934,200,,Aggregated,184.600000,0.000000,68,79,91,110,270,670,1200,1700,10000,25000,27000,130927,0,68,173.01230771480442,30.821752006886527,26905.494599981466,60992.09354067534
1770109935,200,,Aggregated,184.700000,0.000000,68,79,91,110,280,680,1200,1700,10000,25000,27000,131102,0,68,173.1652245158064,30.821752006886527,26905.494599981466,61008.06354594133
1770109936,200,,Aggregated,179.200000,0.000000,68,79,92,110,280,680,1200,1700,10000,25000,27000,131257,0,68,173.41986161391168,30.821752006886527,26905.494599981466,61019.817068803946
1770109937,200,,Aggregated,173.100000,0.000000,69,79,92,110,280,680,1200,1700,10000,25000,27000,131392,0,69,173.5832212679944,30.821752006886527,26905.494599981466,61027.35853781052
1770109938,200,,Aggregated,164.200000,0.000000,69,79,92,110,280,680,1200,1700,10000,25000,27000,131588,0,69,173.7775896551376,30.821752006886527,26905.494599981466,61044.100214305254
1770109939,200,,Aggregated,159.600000,0.000000,69,79,92,110,280,680,1200,1700,10000,25000,27000,131679,0,69,173.91237195190828,30.821752006886527,26905.494599981466,61051.315661570945
1770109940,200,,Aggregated,160.300000,0.000000,69,79,92,110,280,690,1200,1700,10000,25000,27000,131808,0,69,174.42509745634885,30.821752006886527,26905.494599981466,61048.26534808206
1770109941,200,,Aggregated,152.300000,0.000000,69,79,92,110,290,690,1200,1700,9900,25000,27000,132001,0,69,174.65688117716044,30.821752006886527,26905.494599981466,61072.742100438634
1770109943,200,,Aggregated,145.200000,0.000000,69,79,93,110,290,690,1200,1700,9900,25000,27000,132217,0,69,174.7420806423637,30.821752006886527,26905.494599981466,61085.09393648321
1770109944,200,,Aggregated,146.300000,0.000000,69,79,93,110,290,690,1200,1700,9900,25000,27000,132406,0,69,174.94368117101524,30.821752006886527,26905.494599981466,61089.60457230035
1770109946,200,,Aggregated,146.300000,0.000000,69,79,93,110,300,690,1200,1700,9900,25000,27000,132441,0,69,175.0938525898743,30.821752006886527,26905.494599981466,61088.054884816636
1770109947,200,,Aggregated,136.900000,0.000000,69,80,93,110,300,720,1300,1700,9900,25000,27000,132681,0,69,176.77215899236194,30.821752006886527,26905.494599981466,61072.75768195898
1770109949,200,,Aggregated,124.100000,0.000000,69,80,93,110,310,720,1300,1700,9900,25000,27000,132806,0,69,177.1267842198446,30.821752006886527,26905.494599981466,61094.30146981311
1770109950,200,,Aggregated,118.200000,0.000000,69,80,93,110,310,730,1300,1700,9900,25000,27000,132869,0,69,177.56585089610422,30.821752006886527,26905.494599981466,61087.18902076481
1770109952,200,,Aggregated,115.700000,0.000000,69,80,94,110,320,740,1300,1700,9900,25000,27000,133201,0,69,178.98232273850542,30.821752006886527,26905.494599981466,61095.12888792126
1770109953,200,,Aggregated,113.800000,0.000000,69,80,94,110,320,740,1300,1700,9900,25000,27000,133329,0,69,179.13836381107393,30.821752006886527,26905.494599981466,61069.91681479648
1770109954,200,,Aggregated,117.300000,0.000000,69,80,94,110,320,760,1300,1700,9900,25000,27000,133505,0,69,180.08533475515347,30.821752006886527,26905.494599981466,61055.98058499682
1770109955,200,,Aggregated,111.200000,0.000000,69,80,94,120,330,760,1300,1700,9900,25000,27000,133733,0,69,180.3463100836079,30.821752006886527,26905.494599981466,61085.075486230024
1770109957,200,,Aggregated,102.600000,0.000000,69,80,95,120,330,750,1300,1700,9900,25000,27000,133976,0,69,180.3915684670186,30.821752006886527,26905.494599981466,61082.90488594972
1770109958,200,,Aggregated,129.200000,0.000000,69,80,95,120,330,750,1300,1700,9800,25000,27000,134223,0,69,180.42011340414828,30.821752006886527,26905.494599981466,61073.563010810365
1770109959,200,,Aggregated,143.800000,0.000000,69,80,95,120,330,750,1300,1700,9800,25000,27000,134478,0,69,180.3394006157019,30.821752006886527,26905.494599981466,61062.754539776026
1770109960,200,,Aggregated,141.500000,0.000000,69,80,95,120,330,750,1300,1700,9800,25000,27000,134716,0,69,180.17854623250915,30.821752006886527,26905.494599981466,61067.28456159624
1770109961,200,,Aggregated,160.700000,0.000000,69,80,95,120,320,750,1300,1700,9800,25000,27000,134945,0,69,180.0337690176207,30.821752006886527,26905.494599981466,61062.36682352069
1770109962,200,,Aggregated,180.100000,0.000000,69,80,95,120,320,750,1300,1700,9700,25000,27000,135222,0,69,179.85417184504703,30.821752006886527,26905.494599981466,61059.755232136784
1770109963,200,,Aggregated,192.000000,0.000000,69,80,95,120,320,750,1300,1700,9700,25000,27000,135470,0,69,179.67828224281493,30.821752006886527,26905.494599981466,61055.9169853104
1770109964,200,,Aggregated,194.500000,0.000000,69,80,95,120,320,750,1300,1700,9700,25000,27000,135725,0,69,179.49332346981814,30.821752006886527,26905.494599981466,61049.25778596426
1770109965,200,,Aggregated,204.500000,0.000000,69,80,95,120,320,750,1300,1700,9700,25000,27000,135952,0,69,179.32466720760974,30.821752006886527,26905.494599981466,61037.28597593268
1770109966,200,,Aggregated,220.700000,0.000000,69,80,95,120,320,740,1300,1700,9600,25000,27000,136167,0,69,179.1537088778119,30.821752006886527,26905.494599981466,61042.44789853635
1770109967,200,,Aggregated,223.000000,0.000000,69,80,95,120,320,740,1300,1700,9600,25000,27000,136434,0,69,178.94907475632175,30.821752006886527,26905.494599981466,61036.3893384347
1770109968,200,,Aggregated,235.500000,0.000000,69,80,95,120,320,740,1300,1700,9600,25000,27000,136688,0,69,178.7410925429232,30.821752006886527,26905.494599981466,61033.111472843266
1770109969,200,,Aggregated,233.200000,0.000000,69,80,95,120,320,740,1300,1700,9600,25000,27000,136955,0,69,178.53600483999188,30.821752006886527,26905.494599981466,61027.58763097368
1770109970,200,,Aggregated,237.100000,0.000000,69,80,95,120,320,740,1300,1700,9600,25000,27000,137201,0,69,178.33778205988526,30.821752006886527,26905.494599981466,61022.92360842851
1770109971,200,,Aggregated,240.500000,0.000000,69,80,95,120,320,740,1300,1700,9600,25000,27000,137451,0,69,178.1376524799719,30.821752006886527,26905.494599981466,61018.28234789125
1770109972,200,,Aggregated,237.700000,0.000000,69,80,95,120,320,740,1300,1700,9600,25000,27000,137707,0,69,177.95027342201544,30.821752006886527,26905.494599981466,61014.45865497034
1770109973,200,,Aggregated,237.500000,0.000000,69,80,94,120,320,730,1300,1700,9600,25000,27000,137945,0,69,177.75134569249133,30.821752006886527,26905.494599981466,61012.65846533039
1770109974,200,,Aggregated,239.300000,0.000000,69,80,94,120,310,730,1300,1700,9500,25000,27000,138193,0,69,177.5457662068475,30.821752006886527,26905.494599981466,61008.31979188526
1770109975,200,,Aggregated,240.600000,0.000000,69,80,94,110,310,730,1300,1700,9500,25000,27000,138442,0,69,177.3442519888534,30.821752006886527,26905.494599981466,61004.59528900189
1770109976,200,,Aggregated,243.300000,0.000000,69,80,94,110,310,730,1300,1700,9500,25000,27000,138691,0,69,177.14763853425032,30.821752006886527,26905.494599981466,61002.57556005797
1770109977,200,,Aggregated,245.900000,0.000000,69,80,94,110,310,730,1300,1700,9500,25000,27000,138924,0,69,176.95568011136885,30.821752006886527,26905.494599981466,60999.3627954853
1770109978,200,,Aggregated,242.500000,0.000000,69,80,94,110,310,720,1300,1700,9300,25000,27000,139193,0,69,176.74497573207657,30.821752006886527,26905.494599981466,60999.2263978792
1770109979,200,,Aggregated,244.600000,0.000000,69,80,94,110,310,720,1300,1700,9300,25000,27000,139438,0,69,176.5414750585206,30.821752006886527,26905.494599981466,60994.256737761585
1770109980,200,,Aggregated,244.100000,0.000000,69,80,94,110,310,720,1300,1700,9300,25000,27000,139710,0,69,176.3247949211384,30.821752006886527,26905.494599981466,60991.03177295827
1770109981,200,,Aggregated,242.100000,0.000000,69,80,94,110,310,720,1300,1700,9300,25000,27000,139952,0,69,176.13724973047348,30.821752006886527,26905.494599981466,60988.57431833771
1770109982,200,,Aggregated,242.400000,0.000000,69,80,94,110,310,720,1300,1700,9200,24000,27000,140197,0,69,175.95130323657517,30.821752006886527,26905.494599981466,60987.62251688695
1770109983,200,,Aggregated,245.300000,0.000000,69,80,94,110,310,720,1300,1700,9200,24000,27000,140444,0,69,175.75664700450955,30.821752006886527,26905.494599981466,60984.5901498106
1770109984,200,,Aggregated,244.100000,0.000000,69,80,93,110,310,710,1300,1700,9200,24000,27000,140706,0,69,175.54713953142183,30.821752006886527,26905.494599981466,60981.27720921638
1770109985,200,,Aggregated,243.800000,0.000000,69,80,93,110,300,710,1300,1700,9200,24000,27000,140936,0,69,175.36444842889907,30.821752006886527,26905.494599981466,60981.342758415165
1770109987,200,,Aggregated,242.000000,0.000000,69,80,93,110,300,710,1300,1700,9000,24000,27000,141190,0,69,175.16992760759433,30.821752006886527,26905.494599981466,60980.644471988104
1770109988,200,,Aggregated,242.300000,0.000000,69,80,93,110,300,710,1200,1700,9000,24000,27000,141433,0,69,174.9745584059703,30.821752006886527,26905.494599981466,60975.124871847445
1770109989,200,,Aggregated,243.600000,0.000000,69,80,93,110,300,710,1200,1700,9000,24000,27000,141688,0,69,174.77209934375196,30.821752006886527,26905.494599981466,60974.5611343233
1770109990,200,,Aggregated,242.400000,0.000000,69,80,93,110,300,700,1200,1700,9000,24000,27000,141921,0,69,174.588338082116,30.821752006886527,26905.494599981466,60975.434340231535
1770109991,200,,Aggregated,243.400000,0.000000,69,80,93,110,300,700,1200,1700,9000,24000,27000,142201,0,69,174.3794209957091,30.821752006886527,26905.494599981466,60971.32869670396
1770109992,200,,Aggregated,243.200000,0.000000,69,80,93,110,300,700,1200,1700,9000,24000,27000,142440,0,69,174.20191228998132,30.821752006886527,26905.494599981466,60970.31600673968
1770109993,200,,Aggregated,244.300000,0.000000,69,79,93,110,300,700,1200,1700,9000,24000,27000,142683,0,69,174.0180454850414,30.821752006886527,26905.494599981466,60967.82597786702
1770109994,200,,Aggregated,243.100000,0.000000,69,79,93,110,300,700,1200,1700,9000,24000,27000,142957,0,69,173.8259336614807,30.821752006886527,26905.494599981466,60965.8300537924
1770109995,200,,Aggregated,242.800000,0.000000,69,79,93,110,300,690,1200,1700,8800,24000,27000,143195,0,69,173.6422621452587,30.821752006886527,26905.494599981466,60964.60587311009
1770109996,200,,Aggregated,246.300000,0.000000,69,79,93,110,300,690,1200,1700,8800,24000,27000,143457,0,69,173.4410234732033,30.821752006886527,26905.494599981466,60961.29166928069
1770109997,200,,Aggregated,242.200000,0.000000,69,79,93,110,300,690,1200,1700,8800,24000,27000,143707,0,69,173.2536299637217,30.821752006886527,26905.494599981466,60957.44802271288
1770109998,200,,Aggregated,244.900000,0.000000,69,79,93,110,300,690,1200,1700,8800,24000,27000,143950,0,69,173.0708881379203,30.821752006886527,26905.494599981466,60956.07706147968
1770109999,200,,Aggregated,243.100000,0.000000,69,79,92,110,290,690,1200,1700,8800,24000,27000,144187,0,69,172.8887552193643,30.821752006886527,26905.494599981466,60953.44330626201
1770110000,200,,Aggregated,244.900000,0.000000,69,79,92,110,290,690,1200,1700,8800,24000,27000,144458,0,69,172.68357523088872,30.821752006886527,26905.494599981466,60952.92747372939
1770110001,200,,Aggregated,242.600000,0.000000,69,79,92,110,290,690,1200,1700,8800,24000,27000,144717,0,69,172.48969950410654,30.821752006886527,26905.494599981466,60947.87630340596
1770110002,200,,Aggregated,247.200000,0.000000,69,79,92,110,290,690,1200,1700,8800,24000,27000,144958,0,69,172.30847274234566,30.821752006886527,26905.494599981466,60946.58823245354
1770110003,200,,Aggregated,244.200000,0.000000,69,79,92,110,290,690,1200,1700,8500,24000,27000,145211,0,69,172.11741396036595,30.821752006886527,26905.494599981466,60946.81946271288
1770110004,200,,Aggregated,246.000000,0.000000,68,79,92,110,290,680,1200,1700,8500,24000,27000,145465,0,68,171.93312841575323,30.821752006886527,26905.494599981466,60942.713580586395
1770110005,200,,Aggregated,246.100000,0.000000,68,79,92,110,290,680,1200,1700,8500,24000,27000,145727,0,68,171.74505727018473,30.821752006886527,26905.494599981466,60941.12657915142
1770110006,200,,Aggregated,244.400000,0.000000,68,79,92,110,290,680,1200,1700,8500,24000,27000,145958,0,68,171.57496302479672,30.821752006886527,26905.494599981466,60939.41252278053
1770110007,200,,Aggregated,247.600000,0.000000,68,79,92,110,290,680,1200,1700,8200,24000,27000,146206,0,68,171.4204165128417,30.821752006886527,26905.494599981466,60933.549950070446
1770110008,200,,Aggregated,245.300000,0.000000,68,79,92,110,290,680,1200,1700,8200,24000,27000,146434,0,68,171.25413225290225,30.821752006886527,26905.494599981466,60930.55426335414
1770110009,200,,Aggregated,246.000000,0.000000,68,79,92,110,290,680,1200,1700,8200,24000,27000,146675,0,68,171.08363462862113,30.821752006886527,26905.494599981466,60929.6040429521
1770110010,200,,Aggregated,245.000000,0.000000,68,79,92,110,290,680,1200,1700,8200,24000,27000,146918,0,68,170.9135418103014,30.821752006886527,26905.494599981466,60929.163363236636
1770110011,200,,Aggregated,245.000000,0.000000,68,79,92,110,290,670,1200,1700,8200,24000,27000,147175,0,68,170.7370694349167,30.821752006886527,26905.494599981466,60927.134160013586
1770110012,200,,Aggregated,240.300000,0.000000,68,79,92,110,290,670,1200,1700,8200,24000,27000,147419,0,68,170.56269818962812,30.821752006886527,26905.494599981466,60925.118078402375
1770110013,200,,Aggregated,240.300000,0.000000,68,79,91,110,280,670,1200,1700,8200,24000,27000,147677,0,68,170.37928975265905,30.821752006886527,26905.494599981466,60923.44690100693
1770110014,200,,Aggregated,238.300000,0.000000,68,79,91,110,280,670,1200,1700,8200,24000,27000,147953,0,68,170.18827313858762,30.821752006886527,26905.494599981466,60919.47629314715
1770110015,200,,Aggregated,238.300000,0.000000,68,79,91,110,280,670,1200,1700,8100,24000,27000,148194,0,68,170.0196125948003,30.821752006886527,26905.494599981466,60918.83673428074
1770110016,200,,Aggregated,237.800000,0.000000,68,79,91,110,280,670,1200,1700,8100,24000,27000,148451,0,68,169.85174519698677,30.821752006886527,26905.494599981466,60918.10449912766
1770110017,200,,Aggregated,238.400000,0.000000,68,79,91,110,280,670,1200,1700,8100,24000,27000,148695,0,68,169.687704623513,30.821752006886527,26905.494599981466,60918.52319849356
1770110018,200,,Aggregated,242.700000,0.000000,68,79,91,110,280,670,1200,1700,8100,24000,27000,148953,0,68,169.52164394801258,30.821752006886527,26905.494599981466,60917.39724611119
1770110019,200,,Aggregated,241.700000,0.000000,68,79,91,110,280,670,1200,1700,8100,24000,27000,149202,0,68,169.35479789253122,30.821752006886527,26905.494599981466,60915.91662980389
1770110020,200,,Aggregated,243.000000,0.000000,68,79,91,110,280,670,1200,1700,8100,24000,27000,149435,0,68,169.20358625337752,30.821752006886527,26905.494599981466,60916.11453809348
1770110021,200,,Aggregated,245.000000,0.000000,68,79,91,110,280,660,1200,1700,8100,24000,27000,149695,0,68,169.05331000012202,30.821752006886527,26905.494599981466,60921.29648284846
1770110022,200,,Aggregated,245.800000,0.000000,68,79,91,110,280,660,1200,1700,8100,24000,27000,149921,0,68,168.9235537662986,30.821752006886527,26905.494599981466,60924.37171577031
1770110023,200,,Aggregated,243.700000,0.000000,68,79,91,110,280,660,1200,1700,8100,24000,27000,150152,0,68,168.81279512227218,30.821752006886527,26905.494599981466,60923.5086445735
1770110024,200,,Aggregated,245.600000,0.000000,68,79,91,110,280,660,1200,1700,8100,24000,27000,150391,0,68,168.7372408209346,30.821752006886527,26905.494599981466,60929.30668058594
1770110026,200,,Aggregated,240.800000,0.000000,68,79,91,110,280,660,1200,1700,8100,24000,27000,150600,0,68,168.66380719493498,30.821752006886527,26905.494599981466,60932.919907038515
1770110027,200,,Aggregated,238.900000,0.000000,68,79,91,110,280,660,1200,1700,8100,24000,27000,150832,0,68,168.56888214701905,30.821752006886527,26905.494599981466,60940.278170414764
1770110028,200,,Aggregated,232.800000,0.000000,68,79,91,110,280,660,1200,1700,7600,24000,27000,151065,0,68,168.50038493906754,30.821752006886527,26905.494599981466,60949.555687948894
1770110029,200,,Aggregated,232.500000,0.000000,68,79,91,110,280,660,1200,1700,7600,24000,27000,151252,0,68,168.47434248073452,30.821752006886527,26905.494599981466,60951.24974215217
1770110030,200,,Aggregated,230.100000,0.000000,68,79,91,110,280,660,1200,1700,7600,24000,27000,151450,0,68,168.46152196510047,30.821752006886527,26905.494599981466,60959.38983823044
1770110031,200,,Aggregated,223.600000,0.000000,68,79,91,110,280,660,1200,1700,7600,24000,27000,151632,0,68,168.44118391540454,30.821752006886527,26905.494599981466,60965.10884246069
1770110032,200,,Aggregated,219.500000,0.000000,68,79,92,110,280,660,1200,1700,7600,24000,27000,151855,0,68,168.4985874443756,30.821752006886527,26905.494599981466,60975.7072075335
1770110033,200,,Aggregated,213.900000,0.000000,68,79,92,110,280,660,1200,1700,7400,24000,27000,152053,0,68,168.6277015720167,30.821752006886527,26905.494599981466,60985.76889637166
1770110034,200,,Aggregated,211.100000,0.000000,68,79,92,110,280,660,1200,1700,7400,24000,27000,152277,0,68,168.76578583090125,30.821752006886527,26905.494599981466,60993.23056666469
1770110035,200,,Aggregated,203.100000,0.000000,69,79,92,110,280,660,1200,1700,7400,24000,27000,152419,0,69,168.78759797540366,30.821752006886527,26905.494599981466,61003.79984122714
1770110036,200,,Aggregated,198.300000,0.000000,69,79,92,110,280,660,1200,1700,7400,24000,27000,152554,0,69,168.85475509109585,30.821752006886527,26905.494599981466,61016.489721672326
1770110037,200,,Aggregated,196.500000,0.000000,69,79,92,110,280,660,1200,1700,7400,24000,27000,152731,0,69,169.1554193232811,30.821752006886527,26905.494599981466,61021.74475384827
1770110038,200,,Aggregated,193.900000,0.000000,69,79,92,110,280,660,1200,1700,7400,24000,27000,152944,0,69,169.39729817997514,30.821752006886527,26905.494599981466,61033.28229286536
1770110039,200,,Aggregated,183.800000,0.000000,69,79,93,110,290,660,1200,1700,7400,24000,27000,153090,0,69,169.59082605554462,30.821752006886527,26905.494599981466,61034.66155856032
1770110041,200,,Aggregated,173.200000,0.000000,69,79,93,110,290,660,1200,1700,7400,24000,27000,153264,0,69,169.8931517752068,30.821752006886527,26905.494599981466,61042.717383077565
1770110042,200,,Aggregated,168.600000,0.000000,69,80,93,110,290,660,1200,1700,7400,24000,27000,153430,0,69,170.01875419910115,30.821752006886527,26905.494599981466,61053.36412696344
1770110043,200,,Aggregated,166.200000,0.000000,69,80,93,110,290,660,1200,1700,7400,24000,27000,153645,0,69,170.09166032577858,30.821752006886527,26905.494599981466,61073.73401021836
1770110044,200,,Aggregated,158.100000,0.000000,69,80,93,110,290,660,1200,1700,7400,24000,27000,153779,0,69,170.26800548624652,30.821752006886527,26905.494599981466,61076.24042294462
1770110045,200,,Aggregated,162.700000,0.000000,69,80,93,110,300,660,1200,1700,7400,24000,27000,153971,0,69,170.5919341775298,30.821752006886527,26905.494599981466,61076.964356924356
1770110046,200,,Aggregated,154.600000,0.000000,69,80,94,110,300,660,1200,1700,7200,24000,27000,154167,0,69,170.7708729103543,30.821752006886527,26905.494599981466,61084.77159833168
1770110047,200,,Aggregated,149.300000,0.000000,69,80,94,110,300,660,1200,1700,7200,24000,27000,154307,0,69,170.81200274223312,30.821752006886527,26905.494599981466,61092.814240442756
1770110049,200,,Aggregated,147.900000,0.000000,69,80,94,110,300,660,1200,1700,7200,24000,27000,154473,0,69,170.97056263606382,30.821752006886527,26905.494599981466,61096.57465058619
1770110050,200,,Aggregated,153.700000,0.000000,69,80,94,110,300,660,1200,1700,7200,24000,27000,154574,0,69,171.17460864899988,30.821752006886527,26905.494599981466,61096.03173237414
1770110051,200,,Aggregated,151.900000,0.000000,69,80,94,110,300,670,1200,1700,7200,24000,27000,154717,0,69,171.73696882596303,30.821752006886527,26905.494599981466,61090.24716740888
1770110053,200,,Aggregated,145.700000,0.000000,69,80,94,120,310,680,1200,1700,7200,24000,27000,154961,0,69,172.41679634448425,30.821752006886527,26905.494599981466,61099.57857783572
1770110054,200,,Aggregated,141.100000,0.000000,69,80,95,120,310,680,1200,1700,7200,24000,27000,155186,0,69,172.7889304720108,30.821752006886527,26905.494599981466,61092.358904798115
1770110055,200,,Aggregated,141.100000,0.000000,69,80,95,120,320,680,1200,1700,7200,24000,27000,155282,0,69,172.90282869856387,30.821752006886527,26905.494599981466,61097.073698174936
1770110056,200,,Aggregated,143.200000,0.000000,69,80,95,120,320,680,1200,1700,7200,24000,27000,155497,0,69,173.28909962802584,30.821752006886527,26905.494599981466,61090.201521572766
1770110057,200,,Aggregated,143.300000,0.000000,69,80,95,120,320,680,1200,1700,7200,24000,27000,155639,0,69,173.49256770570548,30.821752006886527,26905.494599981466,61095.7781468655
1770110058,200,,Aggregated,138.400000,0.000000,69,81,96,120,320,680,1200,1600,7200,24000,27000,155863,0,69,173.6763050812766,30.821752006886527,26905.494599981466,61094.37873645445
1770110059,200,,Aggregated,139.100000,0.000000,69,81,96,120,330,680,1200,1600,7000,24000,27000,156103,0,69,173.76705309195182,30.821752006886527,26905.494599981466,61090.17371222846
1770110060,200,,Aggregated,136.100000,0.000000,69,81,96,120,320,680,1200,1600,7000,24000,27000,156358,0,69,173.70370884238173,30.821752006886527,26905.494599981466,61094.03995318436
1770110061,200,,Aggregated,142.600000,0.000000,69,81,96,120,320,670,1200,1600,7000,24000,27000,156563,0,69,173.69298413167434,30.821752006886527,26905.494599981466,61071.066018152436
1770110062,200,,Aggregated,154.900000,0.000000,69,81,96,120,320,670,1200,1600,7000,24000,27000,156769,0,69,173.66316514284784,30.821752006886527,26905.494599981466,61076.555600916
1770110063,200,,Aggregated,173.600000,0.000000,69,81,96,120,320,670,1200,1600,7000,24000,27000,156989,0,69,173.58726154760677,30.821752006886527,26905.494599981466,61074.06880736867
1770110065,200,,Aggregated,178.000000,0.000000,69,81,96,120,320,670,1200,1600,6900,24000,27000,157239,0,69,173.46805994692295,30.821752006886527,26905.494599981466,61080.68594941458
1770110066,200,,Aggregated,187.600000,0.000000,69,81,97,120,320,670,1200,1600,6900,24000,27000,157503,0,69,173.42768159468204,30.821752006886527,26905.494599981466,61075.08632216529
1770110067,200,,Aggregated,195.700000,0.000000,69,81,97,120,320,670,1200,1600,6900,24000,27000,157757,0,69,173.37951781377149,30.821752006886527,26905.494599981466,61071.423746648325
1770110068,200,,Aggregated,210.400000,0.000000,69,81,97,120,320,670,1200,1600,6900,24000,27000,157995,0,69,173.23762366077506,30.821752006886527,26905.494599981466,61061.308383176685
1770110069,200,,Aggregated,214.700000,0.000000,69,81,97,120,320,670,1200,1600,6800,24000,27000,158221,0,69,173.12352670207045,30.821752006886527,26905.494599981466,61055.76388722104
1770110070,200,,Aggregated,225.900000,0.000000,69,81,97,120,320,670,1200,1600,6800,24000,27000,158454,0,69,172.9823749051848,30.821752006886527,26905.494599981466,61055.590240700774
1770110071,200,,Aggregated,227.100000,0.000000,69,81,97,120,320,670,1200,1600,6800,24000,27000,158690,0,69,172.83437582519733,30.821752006886527,26905.494599981466,61054.40560841893
1770110072,200,,Aggregated,227.800000,0.000000,69,81,97,120,320,670,1200,1600,6800,24000,27000,158952,0,69,172.67537512340732,30.821752006886527,26905.494599981466,61052.20752176758
1770110073,200,,Aggregated,227.000000,0.000000,69,81,97,120,320,670,1200,1600,6600,24000,27000,159213,0,69,172.50719075987237,30.821752006886527,26905.494599981466,61047.530528286006
1770110074,200,,Aggregated,230.100000,0.000000,69,81,97,120,320,670,1200,1600,6600,24000,27000,159469,0,69,172.33889073563844,30.821752006886527,26905.494599981466,61047.236842270286
1770110075,200,,Aggregated,237.700000,0.000000,69,81,97,120,320,670,1200,1600,6600,24000,27000,159731,0,69,172.16963544577695,30.821752006886527,26905.494599981466,61043.136661011325
1770110076,200,,Aggregated,242.500000,0.000000,69,81,96,120,320,660,1200,1600,6600,24000,27000,159993,0,69,171.9920708448582,30.821752006886527,26905.494599981466,61038.5320982793
1770110077,200,,Aggregated,243.400000,0.000000,69,81,96,120,320,660,1200,1600,6500,24000,27000,160227,0,69,171.83165099643838,30.821752006886527,26905.494599981466,61038.129372702475
1770110078,200,,Aggregated,242.200000,0.000000,69,81,96,120,320,660,1200,1600,6500,24000,27000,160497,0,69,171.67930704054996,30.821752006886527,26905.494599981466,61033.32699676629
1770110079,200,,Aggregated,241.300000,0.000000,69,81,96,120,310,660,1200,1600,6500,24000,27000,160733,0,69,171.52060724939594,30.821752006886527,26905.494599981466,61029.15426825854
1770110080,200,,Aggregated,243.800000,0.000000,69,81,96,120,310,660,1200,1600,6500,24000,27000,160995,0,69,171.350214928451,30.821752006886527,26905.494599981466,61026.04664741141
1770110081,200,,Aggregated,246.400000,0.000000,69,81,96,120,310,660,1200,1600,6400,24000,27000,161246,0,69,171.18218124759014,30.821752006886527,26905.494599981466,61026.055108343775
1770110082,200,,Aggregated,248.200000,0.000000,69,81,96,120,310,660,1200,1600,6400,24000,27000,161484,0,69,171.02405859822613,30.821752006886527,26905.494599981466,61024.776888112756
1770110083,200,,Aggregated,249.300000,0.000000,69,81,96,120,310,660,1200,1600,6400,24000,27000,161749,0,69,170.85828911849728,30.821752006886527,26905.494599981466,61021.463947226875
1770110084,200,,Aggregated,249.100000,0.000000,69,81,96,120,310,660,1200,1600,6400,24000,27000,161993,0,69,170.69779496899278,30.821752006886527,26905.494599981466,61020.16291444692
1770110085,200,,Aggregated,246.300000,0.000000,69,81,96,120,310,660,1200,1600,6300,24000,27000,162254,0,69,170.5273526680565,30.821752006886527,26905.494599981466,61017.52638455755
1770110086,200,,Aggregated,245.500000,0.000000,69,81,96,120,310,660,1200,1600,6300,24000,27000,162501,0,69,170.36726832589218,30.821752006886527,26905.494599981466,61013.73358933176
1770110087,200,,Aggregated,243.300000,0.000000,69,81,95,120,310,650,1200,1600,6300,24000,27000,162771,0,69,170.1929580129507,30.821752006886527,26905.494599981466,61014.26492434156
1770110088,200,,Aggregated,241.400000,0.000000,69,80,95,120,310,650,1200,1600,6000,24000,27000,163012,0,69,170.03675752889978,30.821752006886527,26905.494599981466,61010.90949746031
1770110089,200,,Aggregated,244.200000,0.000000,69,80,95,120,310,650,1200,1600,6000,24000,27000,163258,0,69,169.87415587463875,30.821752006886527,26905.494599981466,61009.70721189773
1770110090,200,,Aggregated,243.600000,0.000000,69,80,95,120,310,650,1200,1600,6000,24000,27000,163507,0,69,169.71081381210496,30.821752006886527,26905.494599981466,61006.59133859712
1770110091,200,,Aggregated,244.700000,0.000000,69,80,95,120,310,650,1200,1600,6000,24000,27000,163750,0,69,169.55333932426672,30.821752006886527,26905.494599981466,61004.07783206107
1770110092,200,,Aggregated,243.700000,0.000000,69,80,95,120,310,650,1200,1600,6000,24000,27000,164013,0,69,169.3826267902807,30.821752006886527,26905.494599981466,61003.883143409366
1770110093,200,,Aggregated,243.500000,0.000000,69,80,95,120,310,650,1200,1600,6000,24000,27000,164268,0,69,169.21742057299753,30.821752006886527,26905.494599981466,61003.10505393625
1770110094,200,,Aggregated,243.600000,0.000000,69,80,95,120,300,650,1200,1600,6000,24000,27000,164522,0,69,169.05441117874503,30.821752006886527,26905.494599981466,61001.87742672712
1770110095,200,,Aggregated,245.100000,0.000000,69,80,95,120,300,650,1200,1600,6000,24000,27000,164779,0,69,168.8941371817799,30.821752006886527,26905.494599981466,60998.213686210016
1770110096,200,,Aggregated,245.400000,0.000000,69,80,95,120,300,650,1200,1600,6000,24000,27000,164996,0,69,168.75330964636504,30.821752006886527,26905.494599981466,60997.15659167495
1770110097,200,,Aggregated,245.200000,0.000000,69,80,95,120,300,640,1200,1600,5900,24000,27000,165272,0,69,168.58573688353303,30.821752006886527,26905.494599981466,60994.24363473547
1770110098,200,,Aggregated,247.500000,0.000000,69,80,94,120,300,640,1200,1600,5900,24000,27000,165506,0,69,168.43916438692457,30.821752006886527,26905.494599981466,60994.08290938093
1770110099,200,,Aggregated,242.300000,0.000000,69,80,94,120,300,640,1200,1600,5900,24000,27000,165762,0,69,168.2759274112477,30.821752006886527,26905.494599981466,60992.277029717305
1770110101,200,,Aggregated,243.200000,0.000000,69,80,94,120,300,640,1200,1600,5900,24000,27000,165996,0,69,168.12836705770837,30.821752006886527,26905.494599981466,60991.02836212921
1770110102,200,,Aggregated,244.200000,0.000000,69,80,94,120,300,640,1200,1600,5800,24000,27000,166261,0,69,167.9626595885347,30.821752006886527,26905.494599981466,60987.201532530176
1770110103,200,,Aggregated,242.000000,0.000000,69,80,94,110,300,640,1200,1600,5800,24000,27000,166502,0,69,167.81203905341215,30.821752006886527,26905.494599981466,60984.223120443
1770110104,200,,Aggregated,243.500000,0.000000,69,80,94,110,300,640,1200,1600,5800,24000,27000,166775,0,69,167.6493365792126,30.821752006886527,26905.494599981466,60982.6172807675
1770110105,200,,Aggregated,241.000000,0.000000,69,80,94,110,300,640,1200,1600,5800,24000,27000,167004,0,69,167.50705900555846,30.821752006886527,26905.494599981466,60981.78698115015
1770110106,200,,Aggregated,242.500000,0.000000,69,80,94,110,300,640,1200,1600,5800,24000,27000,167267,0,69,167.34744762685708,30.821752006886527,26905.494599981466,60977.022628492174
1770110107,200,,Aggregated,242.100000,0.000000,69,80,94,110,300,630,1200,1600,5800,24000,27000,167494,0,69,167.2078144435997,30.821752006886527,26905.494599981466,60977.65576080337
1770110108,200,,Aggregated,240.500000,0.000000,69,80,94,110,300,630,1200,1600,5800,24000,27000,167753,0,69,167.05078779638671,30.821752006886527,26905.494599981466,60972.56980203037
1770110109,200,,Aggregated,244.200000,0.000000,69,80,94,110,300,630,1200,1600,5400,24000,27000,168015,0,69,166.8968502442631,30.821752006886527,26905.494599981466,60973.77896021189
1770110110,200,,Aggregated,240.900000,0.000000,69,80,94,110,300,630,1200,1600,5400,24000,27000,168276,0,69,166.7385477305687,30.821752006886527,26905.494599981466,60970.46044593406
1770110111,200,,Aggregated,245.700000,0.000000,69,80,94,110,300,630,1200,1600,5400,24000,27000,168526,0,69,166.5883174498238,30.821752006886527,26905.494599981466,60967.171457223216
1770110112,200,,Aggregated,246.300000,0.000000,69,80,93,110,300,630,1200,1600,5400,24000,27000,168780,0,69,166.43965709556647,30.821752006886527,26905.494599981466,60967.20407038749
1770110113,200,,Aggregated,246.700000,0.000000,69,80,93,110,300,620,1200,1600,5400,24000,27000,169031,0,69,166.28971563717076,30.821752006886527,26905.494599981466,60963.812442688024
1770110114,200,,Aggregated,245.500000,0.000000,69,80,93,110,290,620,1200,1600,5400,24000,27000,169287,0,69,166.1434086428304,30.821752006886527,26905.494599981466,60960.5503848494
1770110115,200,,Aggregated,245.700000,0.000000,69,80,93,110,290,620,1200,1600,5400,24000,27000,169533,0,69,165.99913045786803,30.821752006886527,26905.494599981466,60959.46940713607
1770110116,200,,Aggregated,243.200000,0.000000,69,80,93,110,290,620,1200,1600,5400,24000,27000,169777,0,69,165.87799757115462,30.821752006886527,26905.494599981466,60958.01380045589
1770110117,200,,Aggregated,245.400000,0.000000,69,80,93,110,290,620,1200,1600,5400,24000,27000,170028,0,69,165.735294517661,30.821752006886527,26905.494599981466,60955.44655586139
1770110118,200,,Aggregated,242.300000,0.000000,69,80,93,110,290,620,1200,1600,5400,24000,27000,170274,0,69,165.59849935098657,30.821752006886527,26905.494599981466,60955.73270141067
1770110119,200,,Aggregated,246.100000,0.000000,69,80,93,110,290,620,1200,1600,5400,24000,27000,170527,0,69,165.45447359817416,30.821752006886527,26905.494599981466,60954.47767802166
1770110120,200,,Aggregated,246.900000,0.000000,69,80,93,110,290,620,1200,1600,5400,24000,27000,170758,0,69,165.33784283377446,30.821752006886527,26905.494599981466,60953.95061431968
1770110121,200,,Aggregated,244.500000,0.000000,69,80,93,110,290,610,1200,1600,5300,24000,27000,171012,0,69,165.2077968738463,30.821752006886527,26905.494599981466,60953.658924519914
1770110122,200,,Aggregated,241.600000,0.000000,69,79,93,110,290,610,1200,1600,5300,24000,27000,171248,0,69,165.0785211526321,30.821752006886527,26905.494599981466,60956.05139330094
1770110123,200,,Aggregated,241.700000,0.000000,69,79,93,110,290,610,1200,1600,5300,24000,27000,171506,0,69,164.95816863023342,30.821752006886527,26905.494599981466,60955.78883537602
1770110124,200,,Aggregated,240.200000,0.000000,69,79,93,110,290,610,1200,1600,5300,24000,27000,171749,0,69,164.83034723826663,30.821752006886527,26905.494599981466,60959.60578518652
1770110125,200,,Aggregated,240.200000,0.000000,69,79,93,110,290,610,1200,1600,5300,24000,27000,171979,0,69,164.7121997417787,30.821752006886527,26905.494599981466,60955.81846620808
1770110126,200,,Aggregated,239.700000,0.000000,69,79,93,110,290,610,1200,1600,5200,24000,27000,172221,0,69,164.62488432985623,30.821752006886527,26905.494599981466,60961.46348006341
1770110127,200,,Aggregated,238.900000,0.000000,69,79,93,110,290,610,1200,1600,5200,24000,27000,172444,0,69,164.51197148564964,30.821752006886527,26905.494599981466,60966.88489016724
1770110128,200,,Aggregated,241.300000,0.000000,69,79,93,110,290,610,1200,1600,5200,24000,27000,172697,0,69,164.41446889288417,30.821752006886527,26905.494599981466,60970.40833367111
1770110129,200,,Aggregated,235.900000,0.000000,69,79,93,110,290,610,1200,1600,5200,24000,27000,172886,0,69,164.3617214985862,30.821752006886527,26905.494599981466,60976.05102206078
1770110130,200,,Aggregated,234.200000,0.000000,69,80,93,110,290,610,1200,1600,5100,24000,27000,173098,0,69,164.3976468814043,30.821752006886527,26905.494599981466,60980.639221712554
1770110131,200,,Aggregated,232.800000,0.000000,69,80,93,110,290,610,1200,1600,5100,24000,27000,173271,0,69,164.41697221299108,30.821752006886527,26905.494599981466,60983.29672593798
1770110132,200,,Aggregated,226.200000,0.000000,69,80,93,110,290,610,1200,1600,5100,24000,27000,173467,0,69,164.52867295573958,30.821752006886527,26905.494599981466,60987.39553920919
1770110133,200,,Aggregated,225.900000,0.000000,69,80,93,110,290,610,1200,1600,5100,24000,27000,173639,0,69,164.61606544618505,30.821752006886527,26905.494599981466,60997.30334775022
1770110135,200,,Aggregated,214.400000,0.000000,69,80,93,110,290,610,1200,1600,5100,24000,27000,173841,0,69,164.76458088233213,30.821752006886527,26905.494599981466,61004.75807778372
1770110136,200,,Aggregated,206.200000,0.000000,69,80,94,110,290,610,1200,1600,5000,24000,27000,174017,0,69,164.84594453011042,30.821752006886527,26905.494599981466,61012.54388364355
1770110137,200,,Aggregated,201.500000,0.000000,69,80,94,110,290,610,1200,1600,5000,24000,27000,174195,0,69,164.92346986607188,30.821752006886527,26905.494599981466,61019.96736416085
1770110138,200,,Aggregated,195.800000,0.000000,69,80,94,110,290,610,1200,1600,5000,24000,27000,174370,0,69,165.04805457032285,30.821752006886527,26905.494599981466,61028.5690715146
1770110139,200,,Aggregated,190.800000,0.000000,69,80,94,110,290,610,1200,1600,5000,24000,27000,174548,0,69,165.10150645175705,30.821752006886527,26905.494599981466,61040.99204803263
1770110140,200,,Aggregated,184.600000,0.000000,69,80,94,110,290,610,1200,1600,5000,24000,27000,174720,0,69,165.27006299559463,30.821752006886527,26905.494599981466,61043.32324862637
1770110141,200,,Aggregated,178.400000,0.000000,69,80,94,110,290,610,1200,1600,5000,24000,27000,174844,0,69,165.34359093723157,30.821752006886527,26905.494599981466,61049.72041934524
1770110142,200,,Aggregated,178.400000,0.000000,69,80,94,110,290,610,1200,1600,5000,24000,27000,175075,0,69,165.43903234383652,30.821752006886527,26905.494599981466,61063.346645723264
1770110143,200,,Aggregated,170.400000,0.000000,69,80,94,120,290,610,1200,1600,5000,24000,27000,175209,0,69,165.48814186156167,30.821752006886527,26905.494599981466,61071.916693777144
1770110144,200,,Aggregated,173.600000,0.000000,69,80,95,120,290,610,1200,1600,5000,24000,27000,175399,0,69,165.5608236579707,30.821752006886527,26905.494599981466,61082.22842205486
1770110145,200,,Aggregated,165.100000,0.000000,69,80,95,120,290,610,1200,1600,5000,24000,27000,175536,0,69,165.7056965273645,30.821752006886527,26905.494599981466,61084.11603887522
1770110147,200,,Aggregated,172.300000,0.000000,69,80,95,120,300,620,1200,1600,5000,24000,27000,175764,0,69,166.2092607893506,30.821752006886527,26905.494599981466,61085.800766937486
1770110148,200,,Aggregated,156.400000,0.000000,69,80,95,120,300,620,1200,1600,5000,24000,27000,175930,0,69,166.28479224852643,30.821752006886527,26905.494599981466,61101.5533791849
1770110149,200,,Aggregated,156.400000,0.000000,69,80,95,120,300,620,1200,1600,4900,24000,27000,176012,0,69,166.31329819883473,30.821752006886527,26905.494599981466,61105.07077358362
1770110150,200,,Aggregated,158.000000,0.000000,69,80,95,120,300,620,1200,1600,4900,24000,27000,176045,0,69,166.38328723316351,30.821752006886527,26905.494599981466,61100.82640234031
1770110152,200,,Aggregated,154.800000,0.000000,69,80,95,120,300,630,1200,1600,4900,24000,27000,176134,0,69,167.0307355472488,30.821752006886527,26905.494599981466,61093.95352969898
1770110153,200,,Aggregated,129.300000,0.000000,69,81,96,120,310,650,1200,1600,4900,24000,27000,176385,0,69,168.51355804388243,30.821752006886527,26905.494599981466,61100.38749326757
1770110154,200,,Aggregated,110.700000,0.000000,69,81,96,120,310,650,1200,1600,4900,24000,27000,176541,0,69,168.53053748539028,30.821752006886527,26905.494599981466,61108.539206190064
1770110155,200,,Aggregated,114.600000,0.000000,69,81,96,120,310,650,1200,1600,4900,24000,27000,176745,0,69,168.63900565778027,30.821752006886527,26905.494599981466,61105.51961865965
1770110156,200,,Aggregated,115.300000,0.000000,69,81,96,120,310,650,1200,1600,4900,24000,27000,176958,0,69,168.90214457541424,30.821752006886527,26905.494599981466,61115.48486081443
1770110158,200,,Aggregated,120.600000,0.000000,69,81,96,120,310,650,1200,1600,4700,24000,27000,177044,0,69,169.09030578932425,30.821752006886527,26905.494599981466,61106.617767334676
1770110159,200,,Aggregated,122.900000,0.000000,69,81,97,120,310,650,1200,1600,4700,24000,27000,177289,0,69,169.36903093988803,30.821752006886527,26905.494599981466,61110.12877843521
1770110160,200,,Aggregated,114.100000,0.000000,69,81,97,120,310,650,1200,1600,4700,24000,27000,177528,0,69,169.42839125770982,30.821752006886527,26905.494599981466,61113.961448334914
1770110161,200,,Aggregated,127.700000,0.000000,69,81,97,120,320,650,1200,1600,4700,24000,27000,177619,0,69,169.59238164301513,30.821752006886527,26905.494599981466,61104.75727258908
1770110162,200,,Aggregated,147.000000,0.000000,69,81,97,120,320,660,1200,1600,4700,24000,27000,177867,0,69,170.18623950008583,30.821752006886527,26905.494599981466,61097.46617416384
1770110163,200,,Aggregated,142.600000,0.000000,69,81,97,120,320,660,1200,1600,4600,24000,27000,178079,0,69,170.23422801122481,30.821752006886527,26905.494599981466,61104.566349766115
1770110164,200,,Aggregated,158.700000,0.000000,69,81,97,120,320,650,1200,1600,4600,24000,27000,178323,0,69,170.14485129950086,30.821752006886527,26905.494599981466,61105.03429731442
1770110165,200,,Aggregated,164.300000,0.000000,69,81,98,120,320,650,1200,1600,4600,24000,27000,178586,0,69,170.08259640523875,30.821752006886527,26905.494599981466,61100.540260714726
1770110166,200,,Aggregated,161.600000,0.000000,69,81,98,120,320,650,1200,1600,4600,24000,27000,178805,0,69,170.0315324790858,30.821752006886527,26905.494599981466,61094.64050781578
1770110167,200,,Aggregated,167.300000,0.000000,69,81,98,120,320,650,1200,1600,4600,24000,27000,179015,0,69,169.9512219230624,30.821752006886527,26905.494599981466,61092.65929670698
1770110169,200,,Aggregated,185.700000,0.000000,69,81,98,120,320,650,1200,1600,4600,24000,27000,179261,0,69,169.85802139244993,30.821752006886527,26905.494599981466,61091.46110420002
1770110170,200,,Aggregated,197.100000,0.000000,69,81,98,120,320,650,1200,1600,4600,24000,27000,179498,0,69,169.7278766694273,30.821752006886527,26905.494599981466,61090.692614959495
1770110171,200,,Aggregated,196.100000,0.000000,69,81,98,120,320,650,1200,1600,4600,24000,27000,179742,0,69,169.6525287193966,30.821752006886527,26905.494599981466,61086.30427501641
1770110172,200,,Aggregated,197.800000,0.000000,69,81,98,120,320,650,1200,1600,4500,24000,27000,180022,0,69,169.50827515503534,30.821752006886527,26905.494599981466,61084.35502882981
1770110173,200,,Aggregated,218.100000,0.000000,69,81,98,120,320,650,1200,1600,4500,24000,27000,180278,0,69,169.3706634675273,30.821752006886527,26905.494599981466,61081.56640299981
1770110174,200,,Aggregated,228.200000,0.000000,69,81,98,120,310,650,1200,1600,4500,24000,27000,180537,0,69,169.23853611960405,30.821752006886527,26905.494599981466,61076.55526014058
1770110175,200,,Aggregated,232.600000,0.000000,69,81,98,120,310,650,1200,1600,4500,24000,27000,180779,0,69,169.10027972449737,30.821752006886527,26905.494599981466,61075.70661415319
1770110176,200,,Aggregated,235.600000,0.000000,69,81,98,120,310,650,1200,1600,4500,24000,27000,181038,0,69,168.96888473765125,30.821752006886527,26905.494599981466,61070.84217125686
1770110177,200,,Aggregated,237.500000,0.000000,69,81,98,120,310,650,1200,1600,4500,24000,27000,181297,0,69,168.89223964931978,30.821752006886527,26905.494599981466,61067.311979790065
1770110178,200,,Aggregated,236.600000,0.000000,69,81,98,120,310,650,1200,1600,4500,24000,27000,181529,0,69,168.76787525946307,30.821752006886527,26905.494599981466,61063.237179734366
1770110179,200,,Aggregated,238.600000,0.000000,69,81,98,120,310,650,1200,1600,4500,24000,27000,181760,0,69,168.64093703307705,30.821752006886527,26905.494599981466,61061.555331205986
1770110180,200,,Aggregated,241.900000,0.000000,69,81,98,120,310,640,1200,1600,4400,24000,27000,182008,0,69,168.5199229056588,30.821752006886527,26905.494599981466,61057.72100127467
1770110181,200,,Aggregated,239.800000,0.000000,69,81,97,120,310,640,1200,1600,4400,24000,27000,182237,0,69,168.39520821412208,30.821752006886527,26905.494599981466,61053.74381162991
1770110182,200,,Aggregated,239.000000,0.000000,69,81,97,120,310,640,1200,1600,4400,24000,27000,182486,0,69,168.2632771143865,30.821752006886527,26905.494599981466,61054.13497473779
1770110183,200,,Aggregated,238.700000,0.000000,69,81,97,120,310,640,1200,1600,4400,24000,27000,182741,0,69,168.131150076895,30.821752006886527,26905.494599981466,61048.90393507751
1770110184,200,,Aggregated,239.500000,0.000000,69,81,97,120,310,640,1200,1600,4400,24000,27000,182988,0,69,168.00068467096673,30.821752006886527,26905.494599981466,61048.706188383934
1770110185,200,,Aggregated,240.000000,0.000000,69,81,97,120,310,640,1200,1600,4400,24000,27000,183240,0,69,167.86930203980023,30.821752006886527,26905.494599981466,61047.84577057411
1770110186,200,,Aggregated,242.800000,0.000000,69,81,97,120,310,640,1200,1600,4400,24000,27000,183496,0,69,167.73290485913634,30.821752006886527,26905.494599981466,61047.316938788856
1770110187,200,,Aggregated,243.000000,0.000000,69,81,97,120,310,640,1200,1600,4400,24000,27000,183752,0,69,167.5911667933909,30.821752006886527,26905.494599981466,61044.14454264443
1770110188,200,,Aggregated,241.300000,0.000000,69,81,97,120,310,640,1200,1600,4400,24000,27000,184021,0,69,167.46038681733114,30.821752006886527,26905.494599981466,61042.03725661745
1770110189,200,,Aggregated,241.700000,0.000000,69,81,97,120,310,640,1200,1600,4400,24000,27000,184282,0,69,167.32289547176006,30.821752006886527,26905.494599981466,61040.6087518043
1770110190,200,,Aggregated,240.400000,0.000000,69,81,97,120,310,640,1200,1600,4400,24000,27000,184512,0,69,167.21323843150614,30.821752006886527,26905.494599981466,61034.86100091051
1770110191,200,,Aggregated,245.100000,0.000000,69,81,97,120,300,630,1200,1600,4400,24000,27000,184745,0,69,167.0922523451086,30.821752006886527,26905.494599981466,61037.50466318439
1770110192,200,,Aggregated,247.100000,0.000000,69,81,97,120,300,630,1200,1600,4300,24000,27000,185002,0,69,166.95081290447524,30.821752006886527,26905.494599981466,61034.75496481119
1770110193,200,,Aggregated,245.600000,0.000000,69,81,97,120,300,630,1200,1600,4300,24000,27000,185254,0,69,166.81116265909915,30.821752006886527,26905.494599981466,61032.60489382146
1770110194,200,,Aggregated,242.900000,0.000000,69,81,97,120,300,630,1200,1600,4300,24000,27000,185486,0,69,166.68016874263182,30.821752006886527,26905.494599981466,61030.498452713415
1770110195,200,,Aggregated,243.000000,0.000000,69,81,96,120,300,630,1200,1600,4300,24000,27000,185739,0,69,166.53757735316734,30.821752006886527,26905.494599981466,61030.46579878216
1770110196,200,,Aggregated,239.300000,0.000000,69,81,96,120,300,630,1200,1600,4300,24000,27000,185983,0,69,166.40233915824015,30.821752006886527,26905.494599981466,61027.44027679949
1770110197,200,,Aggregated,241.000000,0.000000,69,81,96,120,300,630,1200,1600,4300,24000,27000,186229,0,69,166.26837607590213,30.821752006886527,26905.494599981466,61027.22539454113
1770110198,200,,Aggregated,241.400000,0.000000,69,81,96,120,300,630,1200,1600,4300,24000,27000,186483,0,69,166.13366864764285,30.821752006886527,26905.494599981466,61026.434827839534
1770110199,200,,Aggregated,242.200000,0.000000,69,81,96,120,300,630,1200,1600,4300,24000,27000,186745,0,69,165.9854354004316,30.821752006886527,26905.494599981466,61023.65067873303
1770110200,200,,Aggregated,243.400000,0.000000,69,81,96,120,300,630,1200,1600,4300,24000,27000,187000,0,69,165.8435616639758,30.821752006886527,26905.494599981466,61024.218320855616
1770110201,200,,Aggregated,241.400000,0.000000,69,81,96,120,300,620,1200,1600,4200,24000,27000,187251,0,69,165.70577795385,30.821752006886527,26905.494599981466,61020.02503057394
1770110202,200,,Aggregated,241.900000,0.000000,69,81,96,120,300,620,1200,1600,4200,24000,27000,187513,0,69,165.56475318121582,30.821752006886527,26905.494599981466,61019.89663116691
1770110203,200,,Aggregated,242.900000,0.000000,69,81,96,120,300,620,1200,1600,4200,24000,27000,187752,0,69,165.43287304003223,30.821752006886527,26905.494599981466,61016.275096936384
1770110205,200,,Aggregated,243.200000,0.000000,69,81,96,120,300,620,1200,1600,4200,24000,27000,188010,0,69,165.2926277424034,30.616764997830614,26905.494599981466,61015.90461145684
1770110206,200,,Aggregated,244.400000,0.000000,69,81,96,120,300,620,1200,1600,4200,24000,27000,188254,0,69,165.15751991377144,30.616764997830614,26905.494599981466,61013.95606999054
1770110207,200,,Aggregated,244.700000,0.000000,69,81,96,120,300,620,1200,1600,4200,24000,27000,188517,0,69,165.0241705851099,30.616764997830614,26905.494599981466,61009.077239718434
1770110208,200,,Aggregated,244.500000,0.000000,69,80,96,120,300,620,1200,1600,4200,24000,27000,188766,0,69,164.89615935365632,30.616764997830614,26905.494599981466,61008.90762107583
1770110209,200,,Aggregated,244.700000,0.000000,69,80,95,120,300,620,1200,1600,4200,24000,27000,189007,0,69,164.7670459199891,30.616764997830614,26905.494599981466,61008.68384768818
1770110210,200,,Aggregated,246.700000,0.000000,69,80,95,120,300,620,1200,1600,4200,24000,27000,189271,0,69,164.6271827534448,30.616764997830614,26905.494599981466,61005.15135440717
1770110211,200,,Aggregated,245.500000,0.000000,69,80,95,120,300,620,1200,1600,4200,24000,27000,189520,0,69,164.4953580381549,30.616764997830614,26905.494599981466,61003.58936787674
1770110212,200,,Aggregated,245.700000,0.000000,69,80,95,120,300,620,1200,1600,4200,24000,27000,189757,0,69,164.37085178126893,30.616764997830614,26905.494599981466,61002.85983125787
1770110213,200,,Aggregated,246.100000,0.000000,69,80,95,120,300,610,1200,1600,4200,24000,27000,190024,0,69,164.2276548025922,30.616764997830614,26905.494599981466,61000.49768450301
1770110214,200,,Aggregated,245.500000,0.000000,69,80,95,120,290,610,1200,1600,4200,24000,27000,190277,0,69,164.0890879875658,30.616764997830614,26905.494599981466,60998.88541442213
1770110215,200,,Aggregated,245.300000,0.000000,69,80,95,120,290,610,1200,1600,4200,24000,27000,190529,0,69,163.95841965192716,30.616764997830614,26905.494599981466,60996.24395761275
1770110216,200,,Aggregated,246.500000,0.000000,69,80,95,120,290,610,1200,1600,4200,24000,27000,190786,0,69,163.82306680543107,30.616764997830614,26905.494599981466,60994.83563783506
1770110217,200,,Aggregated,245.400000,0.000000,69,80,95,120,290,610,1200,1600,4200,24000,27000,191028,0,69,163.69579527556598,30.616764997830614,26905.494599981466,60992.542365517096
1770110218,200,,Aggregated,246.500000,0.000000,69,80,95,120,290,610,1200,1600,4200,24000,27000,191297,0,69,163.55399582064587,30.616764997830614,26905.494599981466,60992.14348892037
1770110219,200,,Aggregated,244.600000,0.000000,69,80,95,120,290,610,1200,1600,4200,24000,27000,191542,0,69,163.42916503006688,30.616764997830614,26905.494599981466,60988.74370112038
1770110220,200,,Aggregated,245.500000,0.000000,69,80,95,120,290,610,1200,1600,4200,24000,27000,191816,0,69,163.2901872727882,30.616764997830614,26905.494599981466,60985.50671476832
1770110221,200,,Aggregated,245.300000,0.000000,69,80,95,120,290,610,1200,1600,4100,24000,27000,192035,0,69,163.17845406946734,30.616764997830614,26905.494599981466,60985.53416825058
1770110222,200,,Aggregated,245.200000,0.000000,69,80,94,120,290,610,1200,1600,4100,24000,27000,192287,0,69,163.04987374489386,30.616764997830614,26905.494599981466,60983.77796730928
1770110223,200,,Aggregated,245.200000,0.000000,69,80,94,120,290,610,1200,1600,4100,24000,27000,192534,0,69,162.9231179617122,30.616764997830614,26905.494599981466,60983.17782313773
1770110224,200,,Aggregated,245.400000,0.000000,69,80,94,120,290,610,1200,1600,4100,24000,27000,192806,0,69,162.80550702623088,30.616764997830614,26905.494599981466,60985.30342935386
1770110225,200,,Aggregated,244.800000,0.000000,69,80,94,120,290,610,1200,1600,4100,24000,27000,193028,0,69,162.6906965462456,30.616764997830614,26905.494599981466,60985.66907909733
1770110226,200,,Aggregated,244.500000,0.000000,69,80,94,120,290,610,1200,1600,4100,24000,27000,193278,0,69,162.600338376326,30.616764997830614,26905.494599981466,60984.24186922464
1770110227,200,,Aggregated,244.800000,0.000000,69,80,94,120,290,610,1200,1600,4100,24000,27000,193504,0,69,162.5079693787708,30.616764997830614,26905.494599981466,60981.74892508682
1770110228,200,,Aggregated,244.100000,0.000000,69,80,94,120,290,610,1200,1600,4100,24000,27000,193753,0,69,162.40565986347485,30.616764997830614,26905.494599981466,60988.951675586955
1770110229,200,,Aggregated,244.900000,0.000000,69,80,94,120,290,610,1200,1600,4100,24000,27000,193998,0,69,162.30358477229535,30.616764997830614,26905.494599981466,60989.88911225889
1770110230,200,,Aggregated,242.400000,0.000000,69,80,94,120,290,610,1200,1600,4000,24000,27000,194229,0,69,162.24773056517265,30.616764997830614,26905.494599981466,60991.94699555679
1770110231,200,,Aggregated,241.900000,0.000000,69,80,94,120,290,610,1200,1600,4000,24000,27000,194487,0,69,162.2205796882832,30.616764997830614,26905.494599981466,60993.445890985
1770110232,200,,Aggregated,236.900000,0.000000,69,80,94,120,290,610,1100,1600,4000,24000,27000,194702,0,69,162.1487279570477,30.616764997830614,26905.494599981466,60996.70710110836
1770110233,200,,Aggregated,235.300000,0.000000,69,80,94,120,290,600,1100,1600,4000,24000,27000,194903,0,69,162.0755024212262,30.616764997830614,26905.494599981466,60998.167765503866
1770110234,200,,Aggregated,235.400000,0.000000,69,80,94,120,290,600,1100,1600,4000,24000,27000,195120,0,69,162.01571903475397,30.616764997830614,26905.494599981466,61006.19698646986
1770110235,200,,Aggregated,232.900000,0.000000,69,80,95,120,290,600,1100,1600,4000,24000,27000,195342,0,69,162.00775287392077,30.616764997830614,26905.494599981466,61010.12208843976
1770110236,200,,Aggregated,229.500000,0.000000,69,80,95,120,290,600,1100,1600,4000,24000,27000,195555,0,69,162.01670057564507,30.616764997830614,26905.494599981466,61017.33685152515
1770110237,200,,Aggregated,224.100000,0.000000,69,80,95,120,290,600,1100,1600,4000,24000,27000,195740,0,69,162.05664953392548,30.616764997830614,26905.494599981466,61021.636185756615
1770110238,200,,Aggregated,221.300000,0.000000,69,80,95,120,290,600,1100,1600,4000,24000,27000,195931,0,69,162.05464280162658,30.616764997830614,26905.494599981466,61027.465424052345
1770110240,200,,Aggregated,213.600000,0.000000,69,80,95,120,290,600,1100,1600,3900,24000,27000,196102,0,69,162.1279908537715,30.616764997830614,26905.494599981466,61032.58566460312
1770110241,200,,Aggregated,213.600000,0.000000,69,80,95,120,290,600,1100,1600,3900,24000,27000,196241,0,69,162.28204261438418,30.616764997830614,26905.494599981466,61036.160134732294
1770110242,200,,Aggregated,203.200000,0.000000,69,80,95,120,290,600,1100,1600,3900,24000,27000,196485,0,69,162.3738269678024,30.616764997830614,26905.494599981466,61049.51498587678
1770110243,200,,Aggregated,196.200000,0.000000,69,80,95,120,290,600,1100,1600,3900,24000,27000,196631,0,69,162.3939845163761,30.616764997830614,26905.494599981466,61058.76597789769
1770110244,200,,Aggregated,194.100000,0.000000,69,80,95,120,290,600,1100,1600,3900,24000,27000,196772,0,69,162.49011457528223,30.616764997830614,26905.494599981466,61062.888917122356
1770110245,200,,Aggregated,186.400000,0.000000,69,80,96,120,290,600,1100,1600,3900,24000,27000,196965,0,69,162.59976874771743,30.616764997830614,26905.494599981466,61066.76697890488
1770110246,200,,Aggregated,180.200000,0.000000,69,81,96,120,290,610,1100,1600,3900,24000,27000,197166,0,69,162.6607262975573,30.616764997830614,26905.494599981466,61079.009874927724
1770110247,200,,Aggregated,179.000000,0.000000,69,81,96,120,290,610,1200,1600,3900,24000,27000,197292,0,69,162.78216625657998,30.616764997830614,26905.494599981466,61081.16414755793
1770110248,200,,Aggregated,175.100000,0.000000,69,81,96,120,290,610,1200,1600,3900,24000,27000,197426,0,69,162.99104565624683,30.616764997830614,26905.494599981466,61084.55326046215
1770110249,200,,Aggregated,166.600000,0.000000,69,81,96,120,290,610,1100,1600,3900,24000,27000,197646,0,69,163.17638982327114,30.616764997830614,26905.494599981466,61098.725883650564
1770110250,200,,Aggregated,162.400000,0.000000,69,81,96,120,300,610,1100,1600,3900,24000,27000,197823,0,69,163.25061507147302,30.616764997830614,26905.494599981466,61108.99198273204
1770110252,200,,Aggregated,161.300000,0.000000,69,81,96,120,300,610,1100,1600,3900,24000,27000,197962,0,69,163.28787192413662,30.616764997830614,26905.494599981466,61110.59542740526
1770110253,200,,Aggregated,163.500000,0.000000,69,81,97,120,300,610,1100,1600,3900,24000,27000,198213,0,69,163.64910487917507,30.616764997830614,26905.494599981466,61116.06424402032
1770110254,200,,Aggregated,149.300000,0.000000,69,81,97,120,300,610,1100,1600,3900,24000,27000,198327,0,69,163.78712762370674,30.616764997830614,26905.494599981466,61114.45312539392
1770110256,200,,Aggregated,149.600000,0.000000,69,81,97,120,300,610,1100,1600,3900,24000,27000,198515,0,69,164.0188615679875,30.616764997830614,26905.494599981466,61122.0972067602
1770110257,200,,Aggregated,147.200000,0.000000,69,81,97,120,300,610,1100,1600,3900,24000,27000,198571,0,69,164.2514036406375,30.616764997830614,26905.494599981466,61119.28355097169
1770110259,200,,Aggregated,140.200000,0.000000,69,81,97,120,310,630,1200,1600,3900,24000,27000,198818,0,69,165.34491947627566,30.616764997830614,26905.494599981466,61111.04287338169
1770110260,200,,Aggregated,129.700000,0.000000,69,81,97,120,310,620,1200,1600,3900,24000,27000,198984,0,69,165.46719735238577,30.616764997830614,26905.494599981466,61121.922049008965
1770110261,200,,Aggregated,129.700000,0.000000,69,81,98,120,310,620,1200,1600,3900,24000,27000,199102,0,69,165.59587646580133,30.616764997830614,26905.494599981466,61115.43713774849
1770110262,200,,Aggregated,127.000000,0.000000,69,81,98,120,310,640,1200,1600,3900,24000,27000,199289,0,69,166.16755306684107,30.616764997830614,26905.494599981466,61104.37020106478
1770110264,200,,Aggregated,122.600000,0.000000,69,81,98,120,320,640,1200,1600,3900,24000,27000,199584,0,69,166.52264755145103,30.616764997830614,26905.494599981466,61124.27039241623
1770110265,200,,Aggregated,118.400000,0.000000,69,81,98,120,320,640,1200,1600,3900,24000,27000,199769,0,69,166.49124404923057,30.616764997830614,26905.494599981466,61123.49761474503
1770110266,200,,Aggregated,135.300000,0.000000,69,81,98,130,320,640,1200,1600,3900,24000,27000,199941,0,69,166.6420070018094,30.616764997830614,26905.494599981466,61106.42075912394
1770110267,200,,Aggregated,135.300000,0.000000,69,82,99,130,320,640,1200,1600,3800,24000,27000,200129,0,69,166.69255278750498,30.616764997830614,26905.494599981466,61113.01204223276
1770110268,200,,Aggregated,135.000000,0.000000,69,82,99,130,320,640,1200,1600,3800,24000,27000,200388,0,69,166.68826194056726,30.616764997830614,26905.494599981466,61116.53266662674
1770110269,200,,Aggregated,152.300000,0.000000,69,82,99,130,320,640,1200,1600,3800,24000,27000,200624,0,69,166.61134318737626,30.616764997830614,26905.494599981466,61113.18550123614
1770110270,200,,Aggregated,168.200000,0.000000,69,82,99,130,310,640,1200,1600,3800,24000,27000,200910,0,69,166.53299191479894,30.616764997830614,26905.494599981466,61109.907943855455
1770110271,200,,Aggregated,175.500000,0.000000,69,82,99,130,310,640,1200,1500,3800,24000,27000,201154,0,69,166.4177208800326,30.616764997830614,26905.494599981466,61106.7732235004
1770110272,200,,Aggregated,183.700000,0.000000,69,82,99,130,310,640,1200,1500,3800,24000,27000,201439,0,69,166.3243210383451,30.616764997830614,26905.494599981466,61104.91716599069
1770110273,200,,Aggregated,192.600000,0.000000,69,82,99,130,310,630,1200,1500,3800,24000,27000,201711,0,69,166.2218396035824,30.616764997830614,26905.494599981466,61101.00498733336
1770110274,200,,Aggregated,203.900000,0.000000,69,82,99,130,310,630,1200,1500,3800,24000,27000,201930,0,69,166.13036278684243,30.616764997830614,26905.494599981466,61093.827162878224
1770110275,200,,Aggregated,219.400000,0.000000,69,82,99,130,310,630,1200,1500,3800,24000,27000,202153,0,69,166.0349604055931,30.616764997830614,26905.494599981466,61092.29969874303
1770110276,200,,Aggregated,214.500000,0.000000,69,82,99,130,310,630,1200,1500,3800,24000,27000,202365,0,69,165.93165728702,30.616764997830614,26905.494599981466,61091.56549798631
1770110277,200,,Aggregated,222.800000,0.000000,69,82,99,130,310,630,1100,1500,3800,24000,27000,202647,0,69,165.8373026085597,30.616764997830614,26905.494599981466,61089.85087368676
1770110278,200,,Aggregated,234.400000,0.000000,69,82,99,130,310,630,1100,1500,3800,24000,27000,202885,0,69,165.7329766911211,30.616764997830614,26905.494599981466,61087.73222268773
1770110279,200,,Aggregated,233.100000,0.000000,69,82,99,130,310,630,1100,1500,3700,24000,27000,203155,0,69,165.60258669527673,30.616764997830614,26905.494599981466,61084.23570180404
1770110280,200,,Aggregated,230.900000,0.000000,69,82,99,130,310,630,1100,1500,3700,24000,27000,203401,0,69,165.477855101548,30.616764997830614,26905.494599981466,61082.83536462456
1770110282,200,,Aggregated,236.300000,0.000000,69,82,99,130,310,630,1100,1500,3700,24000,27000,203654,0,69,165.34856714491792,30.616764997830614,26905.494599981466,61080.5546466065
1770110283,200,,Aggregated,237.300000,0.000000,69,82,99,130,310,630,1100,1500,3700,24000,27000,203897,0,69,165.24260041438427,30.616764997830614,26905.494599981466,61076.682084581924
1770110284,200,,Aggregated,242.800000,0.000000,69,81,98,120,310,630,1100,1500,3700,24000,27000,204149,0,69,165.11706394086136,30.616764997830614,26905.494599981466,61074.3368667003
1770110285,200,,Aggregated,239.700000,0.000000,69,81,98,120,310,630,1100,1500,3700,24000,27000,204339,0,69,165.02780846121715,30.616764997830614,26905.494599981466,61065.63123045527
1770110286,200,,Aggregated,239.700000,0.000000,69,81,98,120,310,630,1100,1500,3700,24000,27000,204605,0,69,164.92170699354327,30.616764997830614,26905.494599981466,61070.064861562525
1770110287,200,,Aggregated,230.900000,0.000000,69,81,98,120,310,620,1100,1500,3700,24000,27000,204836,0,69,164.84173968026064,30.616764997830614,26905.494599981466,61069.56826924955
1770110288,200,,Aggregated,237.500000,0.000000,69,81,98,120,310,620,1100,1500,3700,24000,27000,205107,0,69,164.70893692734884,30.616764997830614,26905.494599981466,61065.336205005195
1770110289,200,,Aggregated,236.700000,0.000000,69,81,98,120,310,620,1100,1500,3700,24000,27000,205325,0,69,164.60180742704776,30.616764997830614,26905.494599981466,61063.01726044076
1770110290,200,,Aggregated,239.500000,0.000000,69,81,98,120,310,620,1100,1500,3700,24000,27000,205595,0,69,164.472249919534,30.616764997830614,26905.494599981466,61062.76245531263
1770110291,200,,Aggregated,238.000000,0.000000,69,81,98,120,310,620,1100,1500,3700,24000,27000,205824,0,69,164.35719732481476,30.616764997830614,26905.494599981466,61059.507977689675
1770110292,200,,Aggregated,238.100000,0.000000,69,81,98,120,300,620,1100,1500,3700,24000,27000,206106,0,69,164.21719818364673,30.616764997830614,26905.494599981466,61058.460544574154
1770110293,200,,Aggregated,236.300000,0.000000,69,81,98,120,300,620,1100,1500,3700,24000,27000,206341,0,69,164.1001048261846,30.616764997830614,26905.494599981466,61057.28159212178
1770110294,200,,Aggregated,237.300000,0.000000,69,81,98,120,300,620,1100,1500,3700,24000,27000,206605,0,69,163.9673332675723,30.616764997830614,26905.494599981466,61055.42500907529
1770110295,200,,Aggregated,238.800000,0.000000,69,81,98,120,300,620,1100,1500,3700,24000,27000,206870,0,69,163.83898002816565,30.616764997830614,26905.494599981466,61054.15310581525
1770110296,200,,Aggregated,240.000000,0.000000,69,81,98,120,300,620,1100,1500,3700,24000,27000,207106,0,69,163.7208413166615,30.616764997830614,26905.494599981466,61053.18625727888
1770110297,200,,Aggregated,247.900000,0.000000,69,81,98,120,300,620,1100,1500,3700,24000,27000,207381,0,69,163.5864325033576,30.616764997830614,26905.494599981466,61052.63709790193
1770110298,200,,Aggregated,243.500000,0.000000,69,81,97,120,300,610,1100,1500,3700,24000,27000,207649,0,69,163.45462891885322,30.616764997830614,26905.494599981466,61049.0515244475
1770110299,200,,Aggregated,246.300000,0.000000,69,81,97,120,300,610,1100,1500,3700,24000,27000,207896,0,69,163.33222759186253,30.616764997830614,26905.494599981466,61048.171499211145
1770110300,200,,Aggregated,244.800000,0.000000,69,81,97,120,300,610,1100,1500,3700,24000,27000,208154,0,69,163.20222097668,30.616764997830614,26905.494599981466,61047.123158815106
1770110301,200,,Aggregated,248.200000,0.000000,69,81,97,120,300,610,1100,1500,3700,24000,27000,208405,0,69,163.08035796837967,30.616764997830614,26905.494599981466,61045.40231760275
1770110302,200,,Aggregated,247.000000,0.000000,69,81,97,120,300,610,1100,1500,3700,24000,27000,208672,0,69,162.94995276024525,30.616764997830614,26905.494599981466,61043.975080509124
1770110303,200,,Aggregated,248.000000,0.000000,69,81,97,120,300,610,1100,1500,3700,24000,27000,208929,0,69,162.82729718883763,30.616764997830614,26905.494599981466,61039.4777268833
1770110304,200,,Aggregated,247.400000,0.000000,69,81,97,120,300,610,1100,1500,3600,24000,27000,209201,0,69,162.70585703558635,30.616764997830614,26905.494599981466,61040.60131165721
1770110305,200,,Aggregated,248.000000,0.000000,69,81,97,120,300,610,1100,1500,3600,24000,27000,209441,0,69,162.59066285965744,30.616764997830614,26905.494599981466,61039.22220577633
1770110306,200,,Aggregated,248.400000,0.000000,69,81,97,120,300,610,1100,1500,3600,24000,27000,209686,0,69,162.47277919061267,30.616764997830614,26905.494599981466,61037.04281640167
1770110307,200,,Aggregated,249.200000,0.000000,69,81,97,120,300,610,1100,1500,3600,24000,27000,209931,0,69,162.36313189398305,30.616764997830614,26905.494599981466,61036.05399393134
1770110308,200,,Aggregated,248.700000,0.000000,69,81,97,120,300,610,1100,1500,3600,24000,27000,210178,0,69,162.24509071236582,30.616764997830614,26905.494599981466,61034.59471019802
1770110309,200,,Aggregated,248.800000,0.000000,69,81,97,120,300,610,1100,1500,3600,24000,27000,210444,0,69,162.12067974266134,30.616764997830614,26905.494599981466,61033.39660432229
1770110310,200,,Aggregated,245.600000,0.000000,69,81,96,120,300,610,1100,1500,3600,24000,27000,210693,0,69,162.00114423704983,30.616764997830614,26905.494599981466,61030.53748344748
1770110311,200,,Aggregated,245.600000,0.000000,69,81,96,120,300,610,1100,1500,3600,24000,27000,210947,0,69,161.8805191991774,30.616764997830614,26905.494599981466,61029.33835987239
1770110312,200,,Aggregated,245.100000,0.000000,69,81,96,120,300,610,1100,1500,3600,24000,27000,211208,0,69,161.75636323672853,30.616764997830614,26905.494599981466,61027.69601056778
1770110314,200,,Aggregated,245.900000,0.000000,69,81,96,120,300,610,1100,1500,3600,24000,27000,211461,0,69,161.63963775867416,30.616764997830614,26905.494599981466,61025.337797513486
1770110315,200,,Aggregated,246.000000,0.000000,69,81,96,120,300,610,1100,1500,3600,24000,27000,211718,0,69,161.5206465745116,30.616764997830614,26905.494599981466,61024.832333575796
1770110316,200,,Aggregated,244.500000,0.000000,69,81,96,120,300,610,1100,1500,3600,24000,27000,211965,0,69,161.40679871651759,30.616764997830614,26905.494599981466,61021.7413582431
1770110317,200,,Aggregated,243.500000,0.000000,69,80,96,120,300,610,1100,1500,3600,24000,27000,212233,0,69,161.28480328297522,30.616764997830614,26905.494599981466,61021.032893093914
1770110318,200,,Aggregated,244.200000,0.000000,69,80,96,120,290,610,1100,1500,3600,24000,27000,212479,0,69,161.1719357885946,30.616764997830614,26905.494599981466,61019.964857703584
1770110319,200,,Aggregated,245.900000,0.000000,69,80,96,120,290,600,1100,1500,3600,24000,27000,212755,0,69,161.04874449403715,30.616764997830614,26905.494599981466,61015.10790815727
1770110320,200,,Aggregated,246.800000,0.000000,69,80,96,120,290,600,1100,1500,3600,24000,27000,212991,0,69,160.93633351857005,30.616764997830614,26905.494599981466,61015.515923208026
1770110321,200,,Aggregated,249.900000,0.000000,69,80,96,120,290,600,1100,1500,3500,24000,27000,213254,0,69,160.8197033536341,30.616764997830614,26905.494599981466,61013.51187785458
1770110322,200,,Aggregated,248.700000,0.000000,69,80,96,120,290,600,1100,1500,3500,24000,27000,213493,0,69,160.71239762057948,30.616764997830614,26905.494599981466,61013.815296051864
1770110323,200,,Aggregated,249.900000,0.000000,69,80,96,120,290,600,1100,1500,3500,24000,27000,213756,0,69,160.60997094712255,30.616764997830614,26905.494599981466,61011.667288871424
1770110324,200,,Aggregated,248.800000,0.000000,69,80,96,120,290,600,1100,1500,3500,24000,27000,214022,0,69,160.49276351953603,30.616764997830614,26905.494599981466,61010.64944258067
1770110325,200,,Aggregated,249.500000,0.000000,69,80,95,120,290,600,1100,1500,3500,24000,27000,214265,0,69,160.38894899285486,30.616764997830614,26905.494599981466,61010.42274286514
1770110326,200,,Aggregated,247.800000,0.000000,69,80,95,120,290,600,1100,1500,3500,24000,27000,214503,0,69,160.29913657448884,30.616764997830614,26905.494599981466,61006.18694377235
1770110327,200,,Aggregated,246.700000,0.000000,69,80,95,120,290,600,1100,1500,3500,24000,27000,214758,0,69,160.1897949888177,30.616764997830614,26905.494599981466,61007.8332960821
1770110328,200,,Aggregated,247.000000,0.000000,69,80,95,120,290,600,1100,1500,3400,24000,27000,215009,0,69,160.0846204949407,30.616764997830614,26905.494599981466,61008.43902348274
1770110329,200,,Aggregated,245.000000,0.000000,69,80,95,120,290,600,1100,1500,3400,24000,27000,215269,0,69,159.97331570983238,30.616764997830614,26905.494599981466,61009.85734592533
1770110330,200,,Aggregated,246.100000,0.000000,69,80,95,120,290,600,1100,1500,3400,24000,27000,215507,0,69,159.87339274839294,30.616764997830614,26905.494599981466,61011.74432385027
1770110331,200,,Aggregated,244.300000,0.000000,69,80,95,120,290,600,1100,1500,3400,24000,27000,215756,0,69,159.80625069849748,30.616764997830614,26905.494599981466,61009.74185654165
1770110332,200,,Aggregated,243.900000,0.000000,69,80,95,120,290,600,1100,1500,3400,24000,27000,215992,0,69,159.7349253266313,30.616764997830614,26905.494599981466,61010.124314789435
1770110333,200,,Aggregated,240.100000,0.000000,69,80,95,120,290,600,1100,1500,3400,24000,27000,216239,0,69,159.6424465885552,30.616764997830614,26905.494599981466,61013.630149972945
1770110334,200,,Aggregated,240.600000,0.000000,69,80,95,120,290,600,1100,1500,3400,24000,27000,216443,0,69,159.58862633901413,30.616764997830614,26905.494599981466,61016.78727424773
1770110335,200,,Aggregated,239.700000,0.000000,69,80,95,120,290,600,1100,1500,3400,24000,27000,216678,0,69,159.54872794040017,30.616764997830614,26905.494599981466,61019.49472027617
1770110336,200,,Aggregated,236.500000,0.000000,69,80,95,120,290,600,1100,1500,3400,24000,27000,216893,0,69,159.50002915789364,30.616764997830614,26905.494599981466,61023.27564743906
1770110337,200,,Aggregated,234.100000,0.000000,69,80,95,120,290,600,1100,1500,3400,24000,27000,217103,0,69,159.46979052002615,30.616764997830614,26905.494599981466,61028.14237942359
1770110338,200,,Aggregated,233.100000,0.000000,69,80,95,120,290,600,1100,1500,3400,24000,27000,217326,0,69,159.4049652015798,30.616764997830614,26905.494599981466,61035.52853777275
1770110339,200,,Aggregated,229.000000,0.000000,69,80,95,120,290,600,1100,1500,3400,24000,27000,217515,0,69,159.36227768366555,30.616764997830614,26905.494599981466,61038.15763050824
1770110340,200,,Aggregated,227.600000,0.000000,69,80,95,120,290,600,1100,1500,3400,24000,27000,217730,0,69,159.3706893250651,30.616764997830614,26905.494599981466,61044.105580305884
1770110341,200,,Aggregated,218.900000,0.000000,69,80,96,120,290,600,1100,1500,3400,24000,27000,217929,0,69,159.4214052216513,30.616764997830614,26905.494599981466,61046.10440097463
1770110342,200,,Aggregated,216.900000,0.000000,69,80,96,120,290,600,1100,1500,3400,24000,27000,218112,0,69,159.42915435926943,30.616764997830614,26905.494599981466,61054.69868691314
1770110343,200,,Aggregated,214.100000,0.000000,69,80,96,120,290,600,1100,1500,3400,24000,27000,218292,0,69,159.47511200679705,30.616764997830614,26905.494599981466,61060.074661462626
1770110345,200,,Aggregated,210.300000,0.000000,69,80,96,120,290,600,1100,1500,3400,24000,27000,218445,0,69,159.58921421768324,30.616764997830614,26905.494599981466,61061.66983908993
1770110346,200,,Aggregated,199.700000,0.000000,69,80,96,120,290,600,1100,1500,3400,24000,27000,218674,0,69,159.82032114194598,30.616764997830614,26905.494599981466,61072.16386035834
1770110347,200,,Aggregated,193.300000,0.000000,69,80,96,120,290,600,1100,1500,3400,24000,27000,218799,0,69,159.86316804306765,30.616764997830614,26905.494599981466,61072.91093652165
1770110348,200,,Aggregated,187.000000,0.000000,69,81,96,120,290,600,1100,1500,3400,24000,27000,218987,0,69,159.94701559301322,30.616764997830614,26905.494599981466,61080.51626352249
1770110349,200,,Aggregated,182.800000,0.000000,69,81,96,120,290,600,1100,1500,3400,24000,27000,219167,0,69,160.04037155695602,30.616764997830614,26905.494599981466,61091.33676602773
1770110350,200,,Aggregated,174.800000,0.000000,69,81,96,120,290,600,1100,1500,3400,24000,27000,219348,0,69,160.17465424870696,30.616764997830614,26905.494599981466,61094.12740029542
1770110351,200,,Aggregated,179.100000,0.000000,69,81,97,120,290,600,1100,1500,3400,24000,27000,219525,0,69,160.22688800463592,30.616764997830614,26905.494599981466,61100.43215579091
1770110352,200,,Aggregated,168.600000,0.000000,69,81,97,120,290,600,1100,1500,3400,24000,27000,219672,0,69,160.3151310447016,30.616764997830614,26905.494599981466,61106.08579154376
1770110353,200,,Aggregated,170.900000,0.000000,69,81,97,120,290,600,1100,1500,3400,24000,27000,219829,0,69,160.49243477289673,30.616764997830614,26905.494599981466,61106.181864085265
1770110355,200,,Aggregated,167.000000,0.000000,69,81,97,120,300,600,1100,1500,3400,24000,27000,219942,0,69,160.7030486362137,30.616764997830614,26905.494599981466,61110.0840994444
1770110356,200,,Aggregated,161.200000,0.000000,69,81,97,120,300,600,1100,1500,3400,23000,27000,220126,0,69,160.9274685965503,30.616764997830614,26905.494599981466,61120.02227360693
1770110357,200,,Aggregated,149.700000,0.000000,69,81,97,120,300,610,1100,1500,3400,23000,27000,220340,0,69,161.22349262360063,30.616764997830614,26905.494599981466,61124.43559498956
1770110358,200,,Aggregated,150.700000,0.000000,69,81,98,120,300,610,1100,1500,3400,23000,27000,220502,0,69,161.36775186188783,30.616764997830614,26905.494599981466,61124.46857624874
1770110359,200,,Aggregated,145.500000,0.000000,69,81,98,120,300,610,1100,1500,3400,23000,27000,220715,0,69,161.4723250223241,30.616764997830614,26905.494599981466,61126.27274992638
1770110361,200,,Aggregated,149.600000,0.000000,69,81,98,120,300,610,1100,1500,3400,23000,27000,220880,0,69,161.51076556362074,30.616764997830614,26905.494599981466,61128.52174483883
1770110362,200,,Aggregated,154.900000,0.000000,69,81,98,120,300,610,1100,1500,3400,23000,27000,221106,0,69,161.80238545871876,30.616764997830614,26905.494599981466,61130.59439363925
1770110364,200,,Aggregated,142.500000,0.000000,69,81,98,120,300,610,1100,1500,3400,23000,27000,221219,0,69,161.88798178626837,30.616764997830614,26905.494599981466,61133.466121806894
1770110365,200,,Aggregated,140.100000,0.000000,69,81,98,120,300,610,1100,1500,3400,23000,27000,221263,0,69,162.08692614208684,30.616764997830614,26905.494599981466,61129.54869092438
1770110366,200,,Aggregated,133.900000,0.000000,69,81,99,130,310,610,1100,1500,3400,23000,27000,221627,0,69,163.0062575666256,30.616764997830614,26905.494599981466,61131.91499230689
1770110367,200,,Aggregated,132.100000,0.000000,69,81,99,130,310,610,1100,1500,3400,23000,27000,221651,0,69,163.04363309921257,30.616764997830614,26905.494599981466,61130.27746321921
1770110368,200,,Aggregated,135.400000,0.000000,69,81,99,130,310,610,1100,1500,3300,23000,27000,222015,0,69,163.20688880996718,30.616764997830614,26905.494599981466,61129.612836970475
1770110369,200,,Aggregated,140.700000,0.000000,69,82,99,130,310,610,1100,1500,3300,23000,27000,222122,0,69,163.2059331555885,30.616764997830614,26905.494599981466,61125.22249484518
1770110370,200,,Aggregated,137.800000,0.000000,69,82,99,130,310,610,1100,1500,3300,23000,27000,222450,0,69,163.2270786231672,30.616764997830614,26905.494599981466,61122.743209710046
1770110371,200,,Aggregated,148.500000,0.000000,69,82,99,130,310,610,1100,1500,3300,23000,27000,222642,0,69,163.17206634593364,30.616764997830614,26905.494599981466,61122.74095633349
1770110372,200,,Aggregated,136.000000,0.000000,69,82,100,130,310,610,1100,1500,3300,23000,27000,222913,0,69,163.14987413675806,30.616764997830614,26905.494599981466,61116.69493030913
1770110373,200,,Aggregated,159.100000,0.000000,69,82,100,130,310,610,1100,1500,3300,23000,27000,223080,0,69,163.1276399890177,30.616764997830614,26905.494599981466,61112.99660211583
1770110375,200,,Aggregated,173.400000,0.000000,69,82,100,130,310,610,1100,1500,3300,23000,27000,223361,0,69,163.06542798629172,30.616764997830614,26905.494599981466,61113.39669414087
1770110376,200,,Aggregated,186.100000,0.000000,69,82,100,130,310,610,1100,1500,3300,23000,27000,223580,0,69,162.98797479034295,30.616764997830614,26905.494599981466,61109.88826370874
1770110377,200,,Aggregated,209.600000,0.000000,69,82,100,130,310,610,1100,1500,3300,23000,27000,223828,0,69,162.90934545521174,30.616764997830614,26905.494599981466,61106.79511946673
1770110378,200,,Aggregated,208.900000,0.000000,69,82,100,130,310,610,1100,1500,3300,23000,27000,224066,0,69,162.81266491726095,30.616764997830614,26905.494599981466,61106.581663438454
1770110379,200,,Aggregated,217.600000,0.000000,69,82,100,130,310,610,1100,1500,3300,23000,27000,224320,0,69,162.71519938250609,30.616764997830614,26905.494599981466,61103.39692849501
1770110380,200,,Aggregated,226.000000,0.000000,69,82,99,130,310,610,1100,1500,3300,23000,27000,224570,0,69,162.61231637136146,30.616764997830614,26905.494599981466,61100.44205370263
1770110381,200,,Aggregated,225.200000,0.000000,69,82,99,130,310,610,1100,1500,3300,23000,27000,224822,0,69,162.50825310654847,30.616764997830614,26905.494599981466,61099.604665023886
1770110382,200,,Aggregated,239.200000,0.000000,69,82,99,130,310,610,1100,1500,3300,23000,27000,225074,0,69,162.40005174400508,30.616764997830614,26905.494599981466,61098.18047842043
1770110383,200,,Aggregated,231.400000,0.000000,69,82,99,130,310,610,1100,1500,3300,23000,27000,225320,0,69,162.29297138176366,30.616764997830614,26905.494599981466,61093.6228519439
1770110384,200,,Aggregated,238.500000,0.000000,69,82,99,130,310,610,1100,1500,3300,23000,27000,225583,0,69,162.18593663765787,30.616764997830614,26905.494599981466,61091.846770368335
1770110385,200,,Aggregated,233.800000,0.000000,69,82,99,130,310,610,1100,1500,3300,23000,27000,225838,0,69,162.07802049765186,30.616764997830614,26905.494599981466,61089.31368945882
1770110386,200,,Aggregated,244.100000,0.000000,69,81,99,130,300,610,1100,1500,3200,23000,27000,226090,0,69,161.97263698813595,30.616764997830614,26905.494599981466,61087.9477597417
1770110387,200,,Aggregated,240.300000,0.000000,69,81,99,130,300,600,1100,1500,3200,23000,27000,226342,0,69,161.88246802912627,30.616764997830614,26905.494599981466,61085.14433026128
1770110388,200,,Aggregated,241.800000,0.000000,69,81,99,130,300,600,1100,1500,3200,23000,27000,226594,0,69,161.7898946280281,30.616764997830614,26905.494599981466,61081.59115422297
1770110389,200,,Aggregated,240.900000,0.000000,69,81,99,130,300,600,1100,1500,3200,23000,27000,226839,0,69,161.68252471893857,30.616764997830614,26905.494599981466,61079.98084103703
1770110390,200,,Aggregated,245.000000,0.000000,69,81,99,130,300,600,1100,1500,3200,23000,27000,227083,0,69,161.57383175860474,30.616764997830614,26905.494599981466,61079.116847143996
1770110391,200,,Aggregated,245.500000,0.000000,69,81,99,130,300,600,1100,1500,3200,23000,27000,227332,0,69,161.46789684364393,30.616764997830614,26905.494599981466,61077.65528390196
1770110392,200,,Aggregated,244.800000,0.000000,69,81,99,130,300,600,1100,1500,3200,23000,27000,227619,0,69,161.34645589542026,30.616764997830614,26905.494599981466,61077.53833818794
1770110393,200,,Aggregated,244.200000,0.000000,69,81,98,130,300,600,1100,1500,3200,23000,27000,227863,0,69,161.2391990063046,30.616764997830614,26905.494599981466,61074.80568587265
1770110394,200,,Aggregated,246.600000,0.000000,69,81,98,130,300,600,1100,1500,3200,23000,27000,228128,0,69,161.12905087064976,30.616764997830614,26905.494599981466,61073.8834470122
1770110395,200,,Aggregated,246.000000,0.000000,69,81,98,130,300,600,1100,1500,3200,23000,27000,228385,0,69,161.04700778460204,30.616764997830614,26905.494599981466,61071.69629791799
1770110396,200,,Aggregated,246.600000,0.000000,69,81,98,120,300,600,1100,1500,3200,23000,27000,228631,0,69,160.94095172947925,30.616764997830614,26905.494599981466,61067.74557693401
1770110397,200,,Aggregated,246.500000,0.000000,69,81,98,120,300,600,1100,1500,3200,23000,27000,228863,0,69,160.85303078677893,30.616764997830614,26905.494599981466,61066.84188794169
1770110398,200,,Aggregated,248.800000,0.000000,69,81,98,120,300,600,1100,1500,3200,23000,27000,229125,0,69,160.74432692399154,30.616764997830614,26905.494599981466,61067.420818330604
1770110399,200,,Aggregated,251.100000,0.000000,69,81,98,120,300,600,1100,1500,3200,23000,27000,229375,0,69,160.63822944349073,30.616764997830614,26905.494599981466,61066.010611444144
1770110400,200,,Aggregated,248.700000,0.000000,69,81,98,120,300,600,1100,1500,3200,23000,27000,229622,0,69,160.53399078718425,30.616764997830614,26905.494599981466,61065.05037844806
1770110401,200,,Aggregated,248.600000,0.000000,69,81,98,120,300,600,1100,1500,3200,23000,27000,229893,0,69,160.425134319235,30.616764997830614,26905.494599981466,61064.48540842914
1770110402,200,,Aggregated,246.300000,0.000000,69,81,98,120,300,600,1100,1500,3200,23000,27000,230150,0,69,160.3258310378585,30.616764997830614,26905.494599981466,61063.45339995655
1770110403,200,,Aggregated,246.200000,0.000000,69,81,98,120,300,600,1100,1500,3200,23000,27000,230404,0,69,160.22464467929274,30.616764997830614,26905.494599981466,61059.76581135744
1770110404,200,,Aggregated,244.400000,0.000000,69,81,98,120,300,600,1100,1500,3200,23000,27000,230666,0,69,160.11840132672242,30.616764997830614,26905.494599981466,61059.81588097075
1770110405,200,,Aggregated,245.000000,0.000000,69,81,98,120,300,600,1100,1500,3200,23000,27000,230918,0,69,160.01251496402537,30.616764997830614,26905.494599981466,61059.02166136897
1770110406,200,,Aggregated,244.900000,0.000000,69,81,98,120,300,590,1100,1500,3200,23000,27000,231191,0,69,159.9013871657631,30.616764997830614,26905.494599981466,61057.18178908349
1770110407,200,,Aggregated,245.900000,0.000000,69,81,97,120,300,590,1100,1500,3200,23000,27000,231427,0,69,159.80274843995704,30.616764997830614,26905.494599981466,61054.573100805006
1770110408,200,,Aggregated,246.000000,0.000000,69,81,97,120,300,590,1100,1500,3200,23000,27000,231679,0,69,159.70195982696106,30.616764997830614,26905.494599981466,61052.83178881124
1770110410,200,,Aggregated,244.800000,0.000000,69,81,97,120,300,590,1100,1500,3200,23000,27000,231936,0,69,159.59978731511472,30.616764997830614,26905.494599981466,61052.13295909217
1770110411,200,,Aggregated,245.500000,0.000000,69,81,97,120,300,590,1100,1500,3200,23000,27000,232183,0,69,159.49577706440672,30.616764997830614,26905.494599981466,61049.70679593252
1770110412,200,,Aggregated,248.000000,0.000000,69,81,97,120,300,590,1100,1500,3200,23000,27000,232447,0,69,159.38763416109398,30.616764997830614,26905.494599981466,61048.68353646208
1770110413,200,,Aggregated,248.400000,0.000000,69,81,97,120,300,590,1100,1500,3200,23000,27000,232688,0,69,159.2872310606983,30.616764997830614,26905.494599981466,61047.426128549814
1770110414,200,,Aggregated,248.300000,0.000000,69,81,97,120,300,590,1100,1500,3200,23000,27000,232962,0,69,159.17376051655117,30.616764997830614,26905.494599981466,61045.742451558624
1770110415,200,,Aggregated,248.400000,0.000000,69,81,97,120,290,590,1100,1500,3200,23000,27000,233188,0,69,159.07880788528294,30.616764997830614,26905.494599981466,61045.31021750691
1770110416,200,,Aggregated,248.700000,0.000000,69,81,97,120,290,590,1100,1500,3200,23000,27000,233451,0,69,158.97503028223252,30.616764997830614,26905.494599981466,61042.36703205384
1770110417,200,,Aggregated,247.900000,0.000000,69,81,97,120,290,590,1100,1500,3200,23000,27000,233705,0,69,158.87088387556062,30.616764997830614,26905.494599981466,61041.329038745425
1770110418,200,,Aggregated,246.300000,0.000000,69,81,97,120,290,590,1100,1500,3200,23000,27000,233947,0,69,158.77201125221842,30.616764997830614,26905.494599981466,61039.96256417052
1770110419,200,,Aggregated,245.400000,0.000000,69,81,97,120,290,590,1100,1500,3200,23000,27000,234191,0,69,158.67561403918054,30.616764997830614,26905.494599981466,61038.1185314551
1770110420,200,,Aggregated,246.200000,0.000000,69,81,97,120,290,590,1100,1500,3200,23000,27000,234442,0,69,158.57179330619405,30.616764997830614,26905.494599981466,61037.63367058803
1770110421,200,,Aggregated,245.900000,0.000000,69,81,97,120,290,590,1100,1500,3200,23000,27000,234702,0,69,158.46835512747685,30.616764997830614,26905.494599981466,61035.65652614805
1770110422,200,,Aggregated,243.700000,0.000000,69,81,96,120,290,590,1100,1500,3200,23000,27000,234957,0,69,158.37066718562536,30.616764997830614,26905.494599981466,61035.05257557766
1770110423,200,,Aggregated,243.900000,0.000000,69,81,96,120,290,590,1100,1500,3100,23000,27000,235223,0,69,158.26513492465506,30.616764997830614,26905.494599981466,61034.16472028671
1770110424,200,,Aggregated,242.900000,0.000000,69,81,96,120,290,590,1100,1500,3100,23000,27000,235454,0,69,158.176284066868,30.616764997830614,26905.494599981466,61030.750736874295
1770110425,200,,Aggregated,244.400000,0.000000,69,81,96,120,290,590,1100,1500,3100,23000,27000,235715,0,69,158.08118064271352,30.616764997830614,26905.494599981466,61030.578257641646
1770110426,200,,Aggregated,242.000000,0.000000,69,81,96,120,290,590,1100,1500,3100,23000,27000,235955,0,69,157.986458472536,30.616764997830614,26905.494599981466,61029.25785425187
1770110427,200,,Aggregated,242.500000,0.000000,69,80,96,120,290,590,1100,1500,3100,23000,27000,236228,0,69,157.8858039094096,30.616764997830614,26905.494599981466,61028.01214504631
1770110428,200,,Aggregated,243.900000,0.000000,69,80,96,120,290,580,1100,1500,3100,23000,27000,236450,0,69,157.79938805329257,30.616764997830614,26905.494599981466,61030.588526115454
1770110429,200,,Aggregated,243.700000,0.000000,69,80,96,120,290,580,1100,1500,3100,23000,27000,236706,0,69,157.7040191419948,30.616764997830614,26905.494599981466,61027.64765574172
1770110430,200,,Aggregated,243.900000,0.000000,69,80,96,120,290,580,1100,1500,3100,23000,27000,236946,0,69,157.6122305741009,30.616764997830614,26905.494599981466,61029.272830096306
1770110431,200,,Aggregated,243.300000,0.000000,69,80,96,120,290,580,1100,1500,3100,23000,27000,237195,0,69,157.5467583527029,30.616764997830614,26905.494599981466,61026.99088092076
1770110432,200,,Aggregated,244.800000,0.000000,69,80,96,120,290,580,1100,1500,3100,23000,27000,237434,0,69,157.47249326809143,30.616764997830614,26905.494599981466,61029.052102900176
1770110433,200,,Aggregated,241.800000,0.000000,69,80,96,120,290,580,1100,1500,3100,23000,27000,237666,0,69,157.3988895881742,30.616764997830614,26905.494599981466,61030.72050272231
1770110434,200,,Aggregated,242.500000,0.000000,69,80,96,120,290,580,1100,1500,3100,23000,27000,237891,0,69,157.34122829618187,30.616764997830614,26905.494599981466,61031.20788512386
1770110435,200,,Aggregated,239.500000,0.000000,69,80,96,120,290,580,1100,1500,3100,23000,27000,238130,0,69,157.30761297082282,30.616764997830614,26905.494599981466,61034.7238315206
1770110436,200,,Aggregated,238.800000,0.000000,69,80,96,120,290,580,1100,1500,3100,23000,27000,238353,0,69,157.26937293623726,30.616764997830614,26905.494599981466,61035.00022655473
1770110437,200,,Aggregated,235.900000,0.000000,69,80,96,120,290,580,1100,1500,3100,23000,27000,238553,0,69,157.22596951958766,30.616764997830614,26905.494599981466,61036.747716440375
1770110438,200,,Aggregated,234.800000,0.000000,69,80,96,120,290,580,1100,1500,3100,23000,27000,238762,0,69,157.18531188846197,30.616764997830614,26905.494599981466,61041.42726648294
1770110439,200,,Aggregated,231.300000,0.000000,69,81,96,120,290,580,1100,1500,3100,23000,27000,238989,0,69,157.19732638765282,30.616764997830614,26905.494599981466,61047.053763980766
1770110440,200,,Aggregated,226.600000,0.000000,69,81,96,120,290,580,1100,1500,3100,23000,27000,239204,0,69,157.18429783947172,30.616764997830614,26905.494599981466,61051.21925218642
1770110442,200,,Aggregated,222.100000,0.000000,69,81,96,120,290,580,1100,1500,3100,23000,27000,239422,0,69,157.17365030567333,30.616764997830614,26905.494599981466,61055.194472521325
1770110443,200,,Aggregated,217.400000,0.000000,69,81,96,120,290,580,1100,1500,3100,23000,27000,239617,0,69,157.14983358013734,30.616764997830614,26905.494599981466,61059.85256889119
1770110444,200,,Aggregated,214.000000,0.000000,69,81,97,120,290,580,1100,1500,3100,23000,27000,239870,0,69,157.21819063282263,30.616764997830614,26905.494599981466,61064.51672572643
1770110445,200,,Aggregated,209.600000,0.000000,69,81,97,120,290,580,1100,1500,3100,23000,27000,240053,0,69,157.23451940539792,30.616764997830614,26905.494599981466,61068.586649614874
1770110446,200,,Aggregated,207.700000,0.000000,69,81,97,120,290,580,1100,1500,3100,23000,27000,240277,0,69,157.24456025694906,30.616764997830614,26905.494599981466,61074.67863757247
1770110447,200,,Aggregated,203.400000,0.000000,69,81,97,120,290,580,1100,1500,3100,23000,27000,240401,0,69,157.30864900187956,30.616764997830614,26905.494599981466,61077.16351013515
1770110448,200,,Aggregated,198.700000,0.000000,69,81,97,120,290,580,1100,1500,3100,23000,27000,240627,0,69,157.39103102025504,30.616764997830614,26905.494599981466,61082.82673182976
1770110449,200,,Aggregated,193.600000,0.000000,69,81,97,120,290,580,1100,1500,3100,23000,27000,240797,0,69,157.4681393005644,30.616764997830614,26905.494599981466,61088.19095752854
1770110450,200,,Aggregated,188.100000,0.000000,69,81,97,120,290,580,1100,1500,3100,23000,27000,240940,0,69,157.63135216309942,30.616764997830614,26905.494599981466,61088.31088237736
1770110451,200,,Aggregated,188.300000,0.000000,69,81,97,120,290,580,1100,1500,3100,23000,27000,241126,0,69,157.74465207999725,30.616764997830614,26905.494599981466,61093.55329993447
1770110453,200,,Aggregated,180.900000,0.000000,69,81,97,120,290,580,1100,1500,3100,23000,27000,241299,0,69,157.82780331842824,30.616764997830614,26905.494599981466,61100.28731573691
1770110454,200,,Aggregated,171.900000,0.000000,69,81,98,120,290,580,1100,1500,3100,23000,27000,241518,0,69,157.89092843153878,30.616764997830614,26905.494599981466,61108.39802416383
1770110455,200,,Aggregated,170.400000,0.000000,69,81,98,120,290,580,1100,1500,3100,23000,27000,241665,0,69,157.93984888535564,30.616764997830614,26905.494599981466,61113.98444954793
1770110456,200,,Aggregated,170.800000,0.000000,69,81,98,120,290,580,1100,1500,3100,23000,27000,241877,0,69,158.0737748726521,30.616764997830614,26905.494599981466,61115.17732979986
1770110457,200,,Aggregated,166.100000,0.000000,69,81,98,120,290,580,1100,1500,3000,23000,27000,242030,0,69,158.13357375594998,30.616764997830614,26905.494599981466,61119.82724042474
1770110458,200,,Aggregated,162.200000,0.000000,69,81,98,120,290,580,1100,1500,3000,23000,27000,242203,0,69,158.17104880162756,30.616764997830614,26905.494599981466,61121.757781695516
1770110459,200,,Aggregated,162.400000,0.000000,69,81,98,120,290,580,1100,1500,3000,23000,27000,242373,0,69,158.21382329919882,30.616764997830614,26905.494599981466,61129.831037285505
1770110460,200,,Aggregated,165.700000,0.000000,69,81,98,120,300,580,1100,1500,3000,23000,27000,242526,0,69,158.4287018291678,30.616764997830614,26905.494599981466,61123.01243165681
1770110461,200,,Aggregated,166.300000,0.000000,69,81,99,130,300,580,1100,1500,3000,23000,27000,242673,0,69,158.50893677629873,30.616764997830614,26905.494599981466,61129.286471919004
1770110463,200,,Aggregated,164.200000,0.000000,69,81,99,130,300,580,1100,1500,3000,23000,27000,242781,0,69,158.7628697592017,30.616764997830614,26905.494599981466,61130.01596912444
1770110464,200,,Aggregated,162.600000,0.000000,69,81,99,130,300,590,1100,1500,3000,23000,27000,243053,0,69,158.98567168323973,30.616764997830614,26905.494599981466,61138.6007866597
1770110465,200,,Aggregated,148.200000,0.000000,69,82,99,130,300,590,1100,1500,3000,23000,27000,243212,0,69,159.0995584898905,30.616764997830614,26905.494599981466,61127.630889923195
1770110467,200,,Aggregated,153.700000,0.000000,69,82,99,130,300,590,1100,1500,3000,23000,27000,243377,0,69,159.29734113163272,30.616764997830614,26905.494599981466,61130.37350283716
1770110468,200,,Aggregated,148.800000,0.000000,69,82,99,130,300,590,1100,1500,3000,23000,27000,243530,0,69,159.65216167965437,30.616764997830614,26905.494599981466,61128.26473124461
1770110469,200,,Aggregated,150.200000,0.000000,69,82,100,130,300,590,1100,1500,3000,23000,27000,243687,0,69,159.89647398856775,30.616764997830614,26905.494599981466,61136.69312683894
1770110470,200,,Aggregated,138.800000,0.000000,69,82,100,130,310,590,1100,1500,3000,23000,27000,243966,0,69,160.22299753843302,30.616764997830614,26905.494599981466,61135.837395374765
1770110471,200,,Aggregated,134.900000,0.000000,69,82,100,130,310,590,1100,1500,3000,23000,27000,244107,0,69,160.24814609171506,30.616764997830614,26905.494599981466,61128.986280606456
1770110472,200,,Aggregated,128.100000,0.000000,69,82,100,130,310,590,1100,1500,3000,23000,27000,244268,0,69,160.2644904051825,30.616764997830614,26905.494599981466,61132.43479702622
1770110473,200,,Aggregated,144.200000,0.000000,69,82,100,130,310,590,1100,1500,3000,23000,27000,244581,0,69,160.38120161877757,30.616764997830614,26905.494599981466,61127.3298171158
1770110474,200,,Aggregated,152.400000,0.000000,69,82,100,130,310,590,1100,1500,3000,23000,27000,244803,0,69,160.34531116102946,30.616764997830614,26905.494599981466,61128.50042278894
1770110475,200,,Aggregated,153.200000,0.000000,69,82,100,130,310,590,1100,1500,3000,23000,27000,245056,0,69,160.34128786119226,30.616764997830614,26905.494599981466,61119.29842566597
1770110476,200,,Aggregated,155.100000,0.000000,69,82,100,130,310,590,1100,1500,3000,23000,27000,245270,0,69,160.3006351464843,30.616764997830614,26905.494599981466,61118.71587638113
1770110477,200,,Aggregated,168.700000,0.000000,69,82,100,130,310,590,1100,1500,3000,23000,27000,245468,0,69,160.25856843477032,30.616764997830614,26905.494599981466,61114.93550279466
1770110478,200,,Aggregated,179.100000,0.000000,69,82,100,130,310,590,1100,1400,3000,23000,27000,245733,0,69,160.1964837921483,30.616764997830614,26905.494599981466,61117.51326439672
1770110479,200,,Aggregated,190.800000,0.000000,69,82,100,130,310,590,1100,1400,3000,23000,27000,245957,0,69,160.12377865244736,30.616764997830614,26905.494599981466,61115.88746000317
