Timestamp,User Count,Type,Name,Requests/s,Failures/s,50%,66%,75%,80%,90%,95%,98%,99%,99.9%,99.99%,100%,Total Request Count,Total Failure Count,Total Median Response Time,Total Average Response Time,Total Min Response Time,Total Max Response Time,Total Average Content Size
1769434892,0,,Aggregated,0.000000,0.000000,N/A,N/A,N/A,N/A,N/A,N/A,N/A,N/A,N/A,N/A,N/A,0,0,0,0.0,0,0,0
1769434897,50,,Aggregated,0.000000,0.000000,N/A,N/A,N/A,N/A,N/A,N/A,N/A,N/A,N/A,N/A,N/A,0,0,0,0.0,0,0,0
1769434898,50,,Aggregated,0.000000,0.000000,N/A,N/A,N/A,N/A,N/A,N/A,N/A,N/A,N/A,N/A,N/A,0,0,0,0.0,0,0,0
1769434899,50,,Aggregated,0.000000,0.000000,2500,4100,4400,4700,5400,6400,6700,6700,6700,6700,6700,33,0,2500.0,2531.568055484854,39.82194800005345,6692.721495000001,230.8181818181818
1769434900,50,,Aggregated,0.000000,0.000000,1300,3400,4000,4500,6000,6600,7500,7700,7700,7700,7700,95,0,1300.0,2210.4225406842115,39.82194800005345,7657.69632599995,235.0
1769434901,50,,Aggregated,0.000000,0.000000,1400,2400,3600,4000,5600,6300,6700,7500,7700,7700,7700,123,0,1400.0,1971.0452595609768,39.82194800005345,7657.69632599995,21695.18699186992
1769434902,50,,Aggregated,11.250000,0.000000,1400,2000,2500,3400,4900,6100,6700,7500,7700,7700,7700,163,0,1400.0,1815.389395141106,39.82194800005345,7657.69632599995,38287.0
1769434903,50,,Aggregated,12.666667,0.000000,330,1600,2000,2400,4200,5800,6600,6700,7700,7700,7700,219,0,330.0,1388.7542925616444,39.82194800005345,7657.69632599995,42867.93607305936
1769434904,50,,Aggregated,15.400000,0.000000,180,1200,1700,2000,3700,5400,6400,6700,7700,7700,7700,272,0,180.0,1147.1756783051471,39.82194800005345,7657.69632599995,47087.69852941176
1769434905,50,,Aggregated,20.400000,0.000000,110,450,1400,1800,3100,4900,6300,6700,7700,7700,7700,332,0,110.0,952.577756698794,39.82194800005345,7657.69632599995,49780.551204819276
1769434906,50,,Aggregated,26.000000,0.000000,75,200,960,1600,2600,4400,6200,6700,7700,7700,7700,389,0,75,821.3882477429299,39.82194800005345,7657.69632599995,51025.68637532134
1769434907,50,,Aggregated,30.600000,0.000000,67,140,350,1200,2400,4100,6000,6600,7700,7700,7700,459,0,67,705.793216897603,39.82194800005345,7657.69632599995,52146.37690631808
1769434908,50,,Aggregated,36.800000,0.000000,65,100,210,550,2100,3700,5800,6400,7700,7700,7700,525,0,65,625.2583952076188,39.82194800005345,7657.69632599995,52973.76761904762
1769434909,50,,Aggregated,42.500000,0.000000,63,88,180,350,1900,3600,5700,6400,7700,7700,7700,574,0,63,577.6081273188142,39.82194800005345,7657.69632599995,53192.75958188153
1769434910,50,,Aggregated,48.500000,0.000000,62,77,150,250,1900,3500,5600,6300,7700,7700,7700,639,0,62,525.3128624694824,39.82194800005345,7657.69632599995,53899.3082942097
1769434911,50,,Aggregated,54.400000,0.000000,61,74,130,190,1700,3000,5400,6300,7700,7700,7700,690,0,61,491.1661265217382,39.82194800005345,7657.69632599995,54350.88695652174
1769434912,50,,Aggregated,51.500000,0.000000,61,71,110,160,1600,2600,5100,6200,7700,7700,7700,747,0,61,458.2344295742962,39.82194800005345,7657.69632599995,54412.53547523427
1769434913,50,,Aggregated,54.600000,0.000000,60,68,92,140,1400,2500,4900,6100,7700,7700,7700,816,0,60,424.5282415220574,39.82194800005345,7657.69632599995,54919.875
1769434914,50,,Aggregated,57.100000,0.000000,60,67,86,130,1300,2400,4700,6100,7700,7700,7700,869,0,60,402.53641304027525,39.82194800005345,7657.69632599995,54911.379746835446
1769434915,50,,Aggregated,58.100000,0.000000,60,67,84,120,1100,2300,4500,6000,7700,7700,7700,936,0,60,378.6758504017083,39.82194800005345,7657.69632599995,55332.36004273504
1769434916,50,,Aggregated,58.900000,0.000000,59,66,80,110,630,2200,4400,6000,7700,7700,7700,998,0,59,359.04062032064036,39.82194800005345,7657.69632599995,55649.798597194385
1769434917,50,,Aggregated,61.600000,0.000000,59,65,76,100,550,2100,4200,5800,7500,7700,7700,1059,0,59,341.980265286118,39.82194800005345,7657.69632599995,55785.799811142584
1769434918,50,,Aggregated,61.000000,0.000000,59,65,74,96,380,2000,4100,5700,7500,7700,7700,1138,0,59,322.64364024077213,39.82194800005345,7657.69632599995,55936.13620386643
1769434919,50,,Aggregated,61.200000,0.000000,59,64,73,91,320,1900,4000,5700,7500,7700,7700,1189,0,59,311.3890690151379,39.82194800005345,7657.69632599995,56102.25735912532
1769434920,50,,Aggregated,62.300000,0.000000,59,64,71,86,250,1900,4000,5600,7500,7700,7700,1249,0,59,299.25381886148864,39.82194800005345,7657.69632599995,56250.642113690956
1769434921,50,,Aggregated,61.700000,0.000000,59,64,70,82,230,1800,3700,5400,7500,7700,7700,1318,0,59,286.8760727769345,39.82194800005345,7657.69632599995,56422.569802731414
1769434922,50,,Aggregated,61.400000,0.000000,59,64,69,80,200,1700,3700,5400,7500,7700,7700,1372,0,59,278.02497341545177,39.82194800005345,7657.69632599995,56420.182944606415
1769434923,50,,Aggregated,62.200000,0.000000,59,63,69,76,180,1700,3600,5100,7500,7700,7700,1439,0,59,267.8094287199443,39.82194800005345,7657.69632599995,56484.817929117446
1769434924,50,,Aggregated,61.000000,0.000000,59,63,68,75,180,1600,3600,5100,7500,7700,7700,1494,0,59,260.11496072222184,35.920340999950895,7657.69632599995,56451.85408299866
1769434925,50,,Aggregated,61.500000,0.000000,59,63,68,74,160,1600,3500,5100,7500,7700,7700,1560,0,58,251.50478325448668,32.042382999975416,7657.69632599995,56699.36217948718
1769434926,50,,Aggregated,61.500000,0.000000,59,63,67,73,150,1500,3400,4900,7500,7700,7700,1620,0,58,244.38673590493767,32.042382999975416,7657.69632599995,56650.32469135802
1769434927,50,,Aggregated,61.200000,0.000000,58,63,67,73,150,1400,3100,4900,7500,7700,7700,1679,0,58,237.81932602203597,32.042382999975416,7657.69632599995,56846.97855866587
1769434928,50,,Aggregated,61.800000,0.000000,58,62,67,72,140,1300,3000,4700,7500,7700,7700,1740,0,58,231.39109549999904,32.042382999975416,7657.69632599995,57034.03333333333
1769434929,50,,Aggregated,61.900000,0.000000,58,62,67,71,140,1300,2800,4700,7500,7700,7700,1795,0,58,225.91095393704654,32.042382999975416,7657.69632599995,57067.01058495822
1769434930,50,,Aggregated,60.900000,0.000000,58,62,67,70,130,1100,2600,4500,7500,7700,7700,1861,0,58,219.98576481085365,32.042382999975416,7657.69632599995,57167.578183772166
1769434931,50,,Aggregated,61.500000,0.000000,58,62,66,69,130,1000,2600,4400,7500,7700,7700,1922,0,58,214.74272408376586,32.042382999975416,7657.69632599995,57224.683662851196
1769434932,50,,Aggregated,61.900000,0.000000,58,62,66,69,130,630,2600,4400,7500,7700,7700,1994,0,58,209.07960045737136,32.042382999975416,7657.69632599995,57327.22567703109
1769434933,50,,Aggregated,61.900000,0.000000,58,62,65,69,120,570,2500,4300,6700,7700,7700,2061,0,58,204.11525365793221,32.042382999975416,7657.69632599995,57388.5152838428
1769434934,50,,Aggregated,62.600000,0.000000,57,61,65,68,120,550,2400,4200,6700,7700,7700,2123,0,57,199.72518867828427,32.042382999975416,7657.69632599995,57534.469618464434
1769434935,50,,Aggregated,62.900000,0.000000,57,61,65,68,110,480,2400,4200,6700,7700,7700,2190,0,57,195.19166325479355,32.042382999975416,7657.69632599995,57583.000456621005
1769434936,50,,Aggregated,62.400000,0.000000,57,61,64,67,110,450,2400,4100,6700,7700,7700,2258,0,57,190.93281939459595,32.042382999975416,7657.69632599995,57660.420283436666
1769434937,50,,Aggregated,60.700000,0.000000,57,61,64,67,100,350,2300,4000,6700,7700,7700,2320,0,57,187.3075502495681,32.042382999975416,7657.69632599995,57765.541810344825
1769434938,50,,Aggregated,61.800000,0.000000,57,61,64,67,100,320,2300,4000,6700,7700,7700,2375,0,57,184.22448829852556,32.042382999975416,7657.69632599995,57799.455157894736
1769434939,50,,Aggregated,62.600000,0.000000,57,61,64,67,97,310,2200,4000,6700,7700,7700,2436,0,57,180.99685138546707,32.042382999975416,7657.69632599995,57825.66420361248
1769434940,50,,Aggregated,63.200000,0.000000,57,61,64,67,95,250,2200,4000,6700,7700,7700,2495,0,57,178.08479145731374,32.042382999975416,7657.69632599995,57858.32865731463
1769434941,50,,Aggregated,62.200000,0.000000,57,61,64,67,92,250,2200,3800,6700,7700,7700,2555,0,57,175.2819754990209,32.042382999975416,7657.69632599995,57901.830528375736
1769434942,50,,Aggregated,63.000000,0.000000,57,60,64,67,90,230,2100,3700,6700,7700,7700,2615,0,57,172.47967015984656,32.042382999975416,7657.69632599995,57989.62829827916
1769434943,50,,Aggregated,62.300000,0.000000,57,60,64,67,88,210,2100,3700,6700,7700,7700,2659,0,57,170.49231034862672,32.042382999975416,7657.69632599995,58028.468597217
1769434944,50,,Aggregated,62.100000,0.000000,57,60,64,66,86,200,2000,3700,6700,7700,7700,2736,0,57,167.30307642945863,32.042382999975416,7657.69632599995,58110.79605263158
1769434945,50,,Aggregated,60.800000,0.000000,57,60,64,66,85,190,2000,3700,6700,7700,7700,2797,0,57,164.7864606396135,32.042382999975416,7657.69632599995,58113.28494815874
1769434946,50,,Aggregated,60.900000,0.000000,57,60,63,66,83,190,1900,3600,6700,7700,7700,2854,0,57,162.53609719481395,32.042382999975416,7657.69632599995,58161.57007708479
1769434947,50,,Aggregated,63.000000,0.000000,57,60,63,66,82,180,1900,3600,6700,7700,7700,2918,0,57,160.1434139797805,32.042382999975416,7657.69632599995,58186.92015078821
1769434948,50,,Aggregated,61.300000,0.000000,56,60,63,66,81,180,1900,3600,6700,7700,7700,2983,0,56,157.8379143905463,30.830755000010868,7657.69632599995,58160.65303385853
1769434949,50,,Aggregated,60.200000,0.000000,56,60,63,65,80,170,1900,3600,6700,7700,7700,3044,0,56,155.8023687325885,30.830755000010868,7657.69632599995,58225.53843626807
1769434950,50,,Aggregated,59.900000,0.000000,56,60,63,65,78,160,1900,3500,6700,7700,7700,3111,0,56,153.60530002603664,30.830755000010868,7657.69632599995,58266.683702989394
1769434951,50,,Aggregated,60.200000,0.000000,56,60,63,65,77,160,1900,3500,6700,7700,7700,3179,0,56,151.47068309594215,30.830755000010868,7657.69632599995,58256.498584460525
1769434952,50,,Aggregated,60.400000,0.000000,56,60,62,65,77,150,1800,3400,6700,7700,7700,3236,0,56,149.7323470491348,30.830755000010868,7657.69632599995,58312.09116192831
1769434953,50,,Aggregated,61.400000,0.000000,56,60,62,65,76,150,1800,3400,6700,7700,7700,3297,0,56,147.8892057989083,30.830755000010868,7657.69632599995,58351.41461935092
1769434954,50,,Aggregated,62.400000,0.000000,56,59,62,65,76,150,1700,3100,6700,7700,7700,3366,0,56,145.96033659269187,30.830755000010868,7657.69632599995,58316.62834224599
1769434955,50,,Aggregated,62.100000,0.000000,56,59,62,65,75,150,1700,3000,6700,7700,7700,3424,0,56,144.4331917832946,30.830755000010868,7657.69632599995,58371.12091121495
1769434956,50,,Aggregated,62.700000,0.000000,56,59,62,64,75,140,1700,3000,6700,7700,7700,3486,0,56,142.79733203930033,30.830755000010868,7657.69632599995,58388.12593230063
1769434957,50,,Aggregated,62.300000,0.000000,56,59,62,64,74,140,1700,2800,6700,7700,7700,3550,0,56,141.21250582676103,30.830755000010868,7657.69632599995,58408.91014084507
1769434958,50,,Aggregated,61.900000,0.000000,56,59,62,64,74,140,1700,2700,6700,7700,7700,3611,0,56,139.75751015342067,30.830755000010868,7657.69632599995,58445.20742176683
1769434959,50,,Aggregated,63.400000,0.000000,56,59,62,64,74,140,1600,2700,6700,7700,7700,3677,0,56,138.34274948463485,30.830755000010868,7657.69632599995,58429.46206146315
1769434960,50,,Aggregated,63.200000,0.000000,56,59,62,64,74,140,1600,2600,6700,7700,7700,3736,0,56,137.12248287821265,30.830755000010868,7657.69632599995,58459.11456102784
1769434961,50,,Aggregated,64.000000,0.000000,56,59,62,64,74,130,1600,2600,6700,7700,7700,3809,0,56,135.66839800315114,30.830755000010868,7657.69632599995,58489.8768705697
1769434962,50,,Aggregated,63.100000,0.000000,56,59,62,64,74,130,1600,2600,6700,7700,7700,3870,0,56,134.4604670005175,30.830755000010868,7657.69632599995,58482.76124031008
1769434963,50,,Aggregated,63.000000,0.000000,56,59,62,64,74,130,1600,2600,6700,7700,7700,3935,0,56,133.30893263710354,30.830755000010868,7657.69632599995,58498.55552731893
1769434964,50,,Aggregated,62.400000,0.000000,56,59,62,64,74,130,1500,2600,6700,7700,7700,3996,0,56,132.1470027745251,30.830755000010868,7657.69632599995,58520.882882882885
1769434965,50,,Aggregated,63.100000,0.000000,56,59,62,64,74,130,1400,2500,6600,7700,7700,4052,0,56,131.1189403613038,30.830755000010868,7657.69632599995,58473.80848963475
1769434966,50,,Aggregated,63.000000,0.000000,56,59,62,64,73,130,1400,2500,6600,7700,7700,4116,0,56,129.97763086127387,30.830755000010868,7657.69632599995,58536.56243926142
1769434967,50,,Aggregated,62.400000,0.000000,56,59,62,64,74,130,1400,2500,6600,7700,7700,4183,0,56,128.8903593538138,30.830755000010868,7657.69632599995,58535.78962467129
1769434968,50,,Aggregated,62.800000,0.000000,56,59,62,64,74,120,1400,2400,6600,7700,7700,4244,0,56,127.88552515339376,30.830755000010868,7657.69632599995,58513.49717247879
1769434969,50,,Aggregated,61.500000,0.000000,56,59,62,64,73,120,1300,2400,6600,7700,7700,4310,0,56,126.84726394153219,30.830755000010868,7657.69632599995,58587.72180974478
1769434970,50,,Aggregated,63.200000,0.000000,56,59,62,64,73,120,1300,2400,6600,7700,7700,4373,0,56,125.87014054767974,30.382032000034087,7657.69632599995,58584.57763549051
1769434971,50,,Aggregated,62.700000,0.000000,56,59,62,64,73,120,1300,2400,6600,7700,7700,4433,0,56,124.91432956891576,30.382032000034087,7657.69632599995,58620.698172794946
1769434972,50,,Aggregated,63.400000,0.000000,56,59,62,64,73,120,1300,2400,6600,7700,7700,4490,0,56,124.05810637015674,30.382032000034087,7657.69632599995,58722.86325167038
1769434973,50,,Aggregated,62.200000,0.000000,56,59,62,64,73,120,1200,2400,6600,7700,7700,4563,0,56,123.02969401577997,30.382032000034087,7657.69632599995,58766.22835853605
1769434974,50,,Aggregated,62.200000,0.000000,56,59,62,64,73,110,1200,2300,6600,7700,7700,4615,0,56,122.23330376836475,30.382032000034087,7657.69632599995,58802.7269772481
1769434975,50,,Aggregated,62.700000,0.000000,56,59,62,64,73,110,1100,2300,6600,7700,7700,4688,0,56,121.23968268152797,30.382032000034087,7657.69632599995,58875.080418088735
1769434976,50,,Aggregated,62.300000,0.000000,56,59,62,64,73,110,1000,2300,6600,7700,7700,4744,0,56,120.51256006365998,30.382032000034087,7657.69632599995,58975.132588532884
1769434977,50,,Aggregated,61.900000,0.000000,56,59,62,64,73,110,1000,2200,6600,7700,7700,4807,0,56,119.6457063467865,30.382032000034087,7657.69632599995,59028.57769918868
1769434978,50,,Aggregated,62.900000,0.000000,56,59,62,64,73,110,960,2200,6600,7700,7700,4861,0,56,119.13328918206167,30.382032000034087,7657.69632599995,59092.936227113765
1769434979,50,,Aggregated,62.400000,0.000000,56,60,62,64,73,110,670,2200,6600,7700,7700,4916,0,56,118.73177349043978,30.382032000034087,7657.69632599995,59142.01993490643
1769434980,50,,Aggregated,61.000000,0.000000,56,60,62,64,73,120,630,2200,6600,7700,7700,4962,0,56,118.3605712069733,30.382032000034087,7657.69632599995,59222.24667472793
1769434981,50,,Aggregated,60.600000,0.000000,56,60,62,65,73,120,960,2300,6400,7700,7700,5020,0,56,119.96205154422348,30.382032000034087,7657.69632599995,60005.84860557769
1769434982,50,,Aggregated,59.600000,0.000000,56,60,62,65,74,130,960,2300,6400,7700,7700,5074,0,56,120.03041038884535,30.382032000034087,7657.69632599995,60342.719944816716
1769434983,50,,Aggregated,59.000000,0.000000,56,60,62,65,74,130,960,2200,6400,7700,7700,5113,0,56,120.01082702210095,30.382032000034087,7657.69632599995,60806.75884999022
1769434984,50,,Aggregated,58.000000,0.000000,56,60,62,65,75,130,1000,2300,6400,7700,7700,5153,0,56,122.05087476906708,30.382032000034087,7657.69632599995,61788.21754317873
1769434985,50,,Aggregated,56.600000,0.000000,56,60,63,65,76,140,1300,2400,6400,7700,7700,5183,0,56,123.72551827590257,30.382032000034087,7657.69632599995,63002.04823461316
1769434986,50,,Aggregated,55.100000,0.000000,56,60,63,65,77,150,1400,2400,6400,7700,7700,5218,0,56,126.30235377826797,30.382032000034087,7657.69632599995,64443.39287083174
1769434987,50,,Aggregated,52.500000,0.000000,56,60,63,66,78,150,1400,2500,6400,7700,7700,5254,0,56,128.76855161305713,30.382032000034087,7657.69632599995,66424.25142748382
1769434988,50,,Aggregated,49.400000,0.000000,56,60,63,66,78,150,1500,2500,6400,7700,7700,5274,0,56,129.49329329143004,30.382032000034087,7657.69632599995,67207.36196435343
1769434989,50,,Aggregated,47.000000,0.000000,57,60,63,66,80,170,1500,2400,6400,7700,7700,5314,0,57,131.49486619683898,30.382032000034087,7657.69632599995,68782.72788859616
1769434990,50,,Aggregated,43.300000,0.000000,57,60,63,66,82,180,1500,2400,6400,7700,7700,5350,0,57,132.4620940314023,30.382032000034087,7657.69632599995,69518.03794392523
1769434991,50,,Aggregated,40.600000,0.000000,57,60,63,66,83,200,1600,2500,6400,7700,7700,5394,0,57,134.1881850491291,30.382032000034087,7657.69632599995,70634.27530589544
1769434992,50,,Aggregated,39.200000,0.000000,57,60,64,67,85,210,1600,2400,6400,7700,7700,5437,0,57,134.71011327827878,30.382032000034087,7657.69632599995,71060.21537612654
1769434993,50,,Aggregated,37.800000,0.000000,57,60,64,67,86,210,1600,2400,6400,7700,7700,5472,0,57,134.44145239784393,30.382032000034087,7657.69632599995,71097.74214181287
1769434994,50,,Aggregated,36.500000,0.000000,57,60,64,67,88,230,1500,2400,6400,7700,7700,5528,0,57,134.4931172870843,30.382032000034087,7657.69632599995,71012.00271345876
1769434996,50,,Aggregated,35.900000,0.000000,57,60,64,67,91,230,1600,2400,6400,7700,7700,5560,0,57,135.2012255026982,30.382032000034087,7657.69632599995,71371.10845323741
1769434997,50,,Aggregated,37.100000,0.000000,57,60,64,67,99,240,1500,2400,6400,7700,7700,5633,0,57,135.13146412054016,30.382032000034087,7657.69632599995,71274.57287413457
1769434998,50,,Aggregated,36.300000,0.000000,57,60,64,67,100,240,1500,2400,6400,7700,7700,5681,0,57,134.96537710896013,30.382032000034087,7657.69632599995,71187.1056152086
1769434999,50,,Aggregated,40.200000,0.000000,57,61,64,68,110,250,1500,2400,6400,7700,7700,5731,0,57,135.42726093247288,30.382032000034087,7657.69632599995,70996.08183563079
1769435000,50,,Aggregated,42.100000,0.000000,57,61,65,68,110,250,1500,2400,6400,7700,7700,5802,0,57,134.88982405722209,30.382032000034087,7657.69632599995,70855.35332643916
1769435001,50,,Aggregated,44.000000,0.000000,57,61,65,68,110,240,1500,2400,6400,7700,7700,5848,0,57,134.32566307028083,30.382032000034087,7657.69632599995,70781.94921340629
1769435002,50,,Aggregated,46.900000,0.000000,57,61,65,68,110,240,1500,2400,6400,7700,7700,5932,0,57,133.63184560131515,30.382032000034087,7657.69632599995,70569.82636547538
1769435003,50,,Aggregated,48.700000,0.000000,57,61,65,68,110,240,1500,2400,6400,7700,7700,5981,0,57,132.97703769503448,30.382032000034087,7657.69632599995,70482.62481190436
1769435004,50,,Aggregated,51.000000,0.000000,57,61,64,68,110,240,1500,2400,6300,7700,7700,6056,0,57,132.0683966444851,30.382032000034087,7657.69632599995,70309.41611624835
1769435005,50,,Aggregated,52.900000,0.000000,57,61,64,68,110,240,1500,2300,6300,7700,7700,6106,0,57,131.45317582099594,30.382032000034087,7657.69632599995,70175.25319358008
1769435006,50,,Aggregated,55.100000,0.000000,57,61,64,68,110,240,1500,2300,6300,7700,7700,6168,0,57,130.6942570998706,30.382032000034087,7657.69632599995,70097.81290531777
1769435007,50,,Aggregated,56.200000,0.000000,57,61,64,68,110,240,1500,2300,6300,7700,7700,6220,0,57,130.0785071221869,30.382032000034087,7657.69632599995,70021.20450160772
1769435008,50,,Aggregated,60.000000,0.000000,57,60,64,68,110,230,1500,2300,6300,7700,7700,6292,0,57,129.26512989319812,30.382032000034087,7657.69632599995,69872.69898283534
1769435009,50,,Aggregated,58.700000,0.000000,57,60,64,67,110,230,1400,2300,6300,7700,7700,6356,0,57,128.52718967039067,30.382032000034087,7657.69632599995,69774.92432347388
1769435010,50,,Aggregated,61.400000,0.000000,57,60,64,67,110,230,1400,2200,6300,7700,7700,6420,0,57,127.80616662834944,30.382032000034087,7657.69632599995,69662.89158878505
1769435011,50,,Aggregated,62.400000,0.000000,57,60,64,67,110,230,1400,2200,6300,7700,7700,6494,0,57,126.99406693224569,30.382032000034087,7657.69632599995,69517.59670465045
1769435012,50,,Aggregated,61.400000,0.000000,57,60,64,67,100,220,1400,2200,6300,7700,7700,6561,0,57,126.26636618396628,30.382032000034087,7657.69632599995,69397.4656302393
1769435013,50,,Aggregated,62.000000,0.000000,57,60,64,67,100,220,1400,2200,6300,7700,7700,6618,0,57,125.66264206210386,30.382032000034087,7657.69632599995,69333.0294650952
1769435014,50,,Aggregated,63.300000,0.000000,57,60,64,67,100,220,1400,2200,6300,7700,7700,6676,0,57,125.05213698277477,30.382032000034087,7657.69632599995,69206.12043139605
1769435015,50,,Aggregated,62.800000,0.000000,57,60,64,67,100,220,1400,2200,6300,7700,7700,6734,0,57,124.4626441831014,30.382032000034087,7657.69632599995,69149.44163944163
1769435016,50,,Aggregated,62.300000,0.000000,57,60,63,67,100,220,1300,2100,6300,7700,7700,6806,0,57,123.73898686100574,30.382032000034087,7657.69632599995,69022.29385836027
1769435017,50,,Aggregated,61.900000,0.000000,57,60,63,66,99,210,1300,2100,6300,7700,7700,6860,0,57,123.20752417521938,30.382032000034087,7657.69632599995,68940.22959183673
1769435018,50,,Aggregated,61.400000,0.000000,57,60,63,66,97,210,1300,2100,6300,7700,7700,6924,0,57,122.59423285196483,30.382032000034087,7657.69632599995,68863.12478336222
1769435019,50,,Aggregated,62.500000,0.000000,56,60,63,66,97,210,1300,2100,6300,7700,7700,6983,0,56,122.03777724445138,30.382032000034087,7657.69632599995,68771.23399684949
1769435020,50,,Aggregated,60.300000,0.000000,56,60,63,66,95,210,1200,2000,6200,7700,7700,7041,0,56,121.47882332992529,30.382032000034087,7657.69632599995,68692.39426217867
1769435021,50,,Aggregated,61.500000,0.000000,56,60,63,66,94,210,1200,2000,6200,7700,7700,7095,0,56,120.96073816194561,30.382032000034087,7657.69632599995,68602.52487667372
1769435022,50,,Aggregated,61.600000,0.000000,56,60,63,66,93,210,1100,2000,6200,7700,7700,7157,0,56,120.38763661059164,30.382032000034087,7657.69632599995,68522.25792929999
1769435023,50,,Aggregated,61.300000,0.000000,56,60,63,66,91,210,1000,2000,6200,7700,7700,7227,0,56,119.76456608426793,30.382032000034087,7657.69632599995,68449.32558461325
1769435024,50,,Aggregated,60.400000,0.000000,56,60,63,66,90,200,1000,2000,6200,7700,7700,7287,0,56,119.2176706850561,30.382032000034087,7657.69632599995,68376.64772883216
1769435025,50,,Aggregated,61.700000,0.000000,56,60,63,66,89,200,1000,2000,6200,7700,7700,7346,0,56,118.70441453825264,30.382032000034087,7657.69632599995,68296.68050639804
1769435026,50,,Aggregated,62.000000,0.000000,56,60,63,66,88,200,670,2000,6200,7700,7700,7415,0,56,118.11937945987916,30.382032000034087,7657.69632599995,68224.19420094404
1769435027,50,,Aggregated,61.200000,0.000000,56,60,63,66,87,200,630,2000,6200,7700,7700,7466,0,56,117.684565794,30.382032000034087,7657.69632599995,68143.69140101795
1769435028,50,,Aggregated,61.000000,0.000000,56,60,63,66,86,190,610,1900,6200,7700,7700,7533,0,56,117.12531063746232,30.382032000034087,7657.69632599995,68093.743130227
1769435029,50,,Aggregated,60.700000,0.000000,56,60,63,65,86,190,580,1900,6200,7700,7700,7607,0,56,116.52719262508263,30.382032000034087,7657.69632599995,68015.06796371762
1769435030,50,,Aggregated,60.900000,0.000000,56,60,63,65,85,190,570,1900,6200,7700,7700,7667,0,56,116.05966798095771,30.382032000034087,7657.69632599995,67939.55536715795
1769435031,50,,Aggregated,61.500000,0.000000,56,60,63,65,84,190,570,1900,6200,7700,7700,7731,0,56,115.55920141417712,30.382032000034087,7657.69632599995,67873.43228560341
1769435032,50,,Aggregated,61.000000,0.000000,56,60,63,65,83,180,550,1900,6200,7700,7700,7803,0,56,114.98439034332989,30.382032000034087,7657.69632599995,67814.67909778291
1769435033,50,,Aggregated,62.200000,0.000000,56,60,63,65,83,180,550,1900,6200,7700,7700,7855,0,56,114.58419743450071,30.382032000034087,7657.69632599995,67763.48555060472
1769435034,50,,Aggregated,62.200000,0.000000,56,60,63,65,82,180,520,1900,6200,7700,7700,7921,0,56,114.08651827483942,30.382032000034087,7657.69632599995,67698.28986239112
1769435035,50,,Aggregated,61.700000,0.000000,56,60,63,65,82,180,520,1900,6200,7700,7700,7987,0,56,113.60169438625302,30.382032000034087,7657.69632599995,67602.35232252411
1769435036,50,,Aggregated,62.400000,0.000000,56,60,63,65,82,180,510,1900,6100,7700,7700,8048,0,56,113.16877688021899,30.382032000034087,7657.69632599995,67553.46148111332
1769435037,50,,Aggregated,62.000000,0.000000,56,60,63,65,81,180,500,1900,6100,7700,7700,8111,0,56,112.71914797201357,29.70436200007498,7657.69632599995,67516.84095672543
1769435038,50,,Aggregated,63.800000,0.000000,56,60,63,65,80,170,500,1900,6100,7700,7700,8172,0,56,112.30129276639765,29.70436200007498,7657.69632599995,67472.16703377386
1769435039,50,,Aggregated,63.300000,0.000000,56,60,62,65,80,170,500,1800,6100,7700,7700,8233,0,56,111.84933682436562,29.70436200007498,7657.69632599995,67389.79339244503
1769435040,50,,Aggregated,64.100000,0.000000,56,60,62,65,79,170,480,1800,6100,7700,7700,8308,0,56,111.32510475252793,29.70436200007498,7657.69632599995,67341.34352431391
1769435041,50,,Aggregated,63.000000,0.000000,56,60,62,65,79,170,470,1800,6100,7700,7700,8361,0,56,110.9696687401031,29.70436200007498,7657.69632599995,67271.22174381054
1769435042,50,,Aggregated,63.100000,0.000000,56,60,62,65,78,170,460,1800,6100,7700,7700,8428,0,56,110.54176826756061,29.70436200007498,7657.69632599995,67215.55766492644
1769435043,50,,Aggregated,63.600000,0.000000,56,60,62,65,78,170,450,1800,6100,7700,7700,8483,0,56,110.18898471378061,29.70436200007498,7657.69632599995,67174.89237298125
1769435044,50,,Aggregated,62.900000,0.000000,56,60,62,65,78,160,440,1800,6100,7700,7700,8554,0,56,109.73569317827932,29.70436200007498,7657.69632599995,67096.12076221651
1769435045,50,,Aggregated,63.100000,0.000000,56,60,62,65,77,160,430,1800,6100,7700,7700,8610,0,56,109.37923453449488,29.70436200007498,7657.69632599995,67061.17886178862
1769435046,50,,Aggregated,62.200000,0.000000,56,60,62,65,77,160,420,1800,6100,7700,7700,8673,0,56,108.97999434232686,29.70436200007498,7657.69632599995,67013.58318920789
1769435047,50,,Aggregated,63.300000,0.000000,56,60,62,65,77,160,410,1700,6100,7700,7700,8731,0,56,108.62789427419546,29.70436200007498,7657.69632599995,66964.45206734624
1769435048,50,,Aggregated,61.800000,0.000000,56,59,62,65,77,160,410,1700,6100,7700,7700,8798,0,56,108.21429956387821,29.70436200007498,7657.69632599995,66912.73289383951
1769435049,50,,Aggregated,61.900000,0.000000,56,59,62,65,76,160,400,1700,6100,7700,7700,8852,0,56,107.88407742284234,29.70436200007498,7657.69632599995,66853.41233619521
1769435050,50,,Aggregated,61.100000,0.000000,56,59,62,65,76,160,400,1700,6100,7700,7700,8915,0,56,107.51346516601248,29.70436200007498,7657.69632599995,66807.90117779023
1769435051,50,,Aggregated,61.400000,0.000000,56,59,62,65,76,160,390,1700,6100,7700,7700,8974,0,56,107.1889059256743,29.70436200007498,7657.69632599995,66752.94851794072
1769435052,50,,Aggregated,60.700000,0.000000,56,59,62,65,76,150,380,1700,6000,7700,7700,9038,0,56,106.85887990584214,29.70436200007498,7657.69632599995,66702.46592166409
1769435053,50,,Aggregated,60.300000,0.000000,56,60,62,65,76,150,380,1700,6000,7700,7700,9097,0,56,106.5563094561945,29.70436200007498,7657.69632599995,66650.0850829944
1769435054,50,,Aggregated,60.000000,0.000000,56,60,62,65,76,150,370,1700,6000,7700,7700,9155,0,56,106.25304727700728,29.70436200007498,7657.69632599995,66604.9220098307
1769435055,50,,Aggregated,59.300000,0.000000,56,59,62,65,76,150,360,1700,6000,7700,7700,9205,0,56,105.98408259793614,29.70436200007498,7657.69632599995,66562.79956545356
1769435056,50,,Aggregated,60.300000,0.000000,56,60,62,65,76,150,360,1700,6000,7700,7700,9269,0,56,105.65326109019324,29.70436200007498,7657.69632599995,66511.77840112202
1769435057,50,,Aggregated,59.500000,0.000000,56,59,62,65,75,150,350,1700,6000,7700,7700,9333,0,56,105.32323255887717,29.70436200007498,7657.69632599995,66459.36119147112
1769435058,50,,Aggregated,59.000000,0.000000,56,59,62,64,75,150,350,1700,6000,7700,7700,9391,0,56,105.02130400010651,29.70436200007498,7657.69632599995,66428.10701735705
1769435059,50,,Aggregated,59.900000,0.000000,56,59,62,64,75,150,350,1700,6000,7700,7700,9452,0,56,104.71076567911557,29.70436200007498,7657.69632599995,66385.04168429962
1769435060,50,,Aggregated,60.700000,0.000000,56,59,62,64,75,150,350,1700,6000,7700,7700,9505,0,56,104.45379321536034,29.70436200007498,7657.69632599995,66329.96159915834
1769435061,50,,Aggregated,59.900000,0.000000,56,59,62,64,75,150,350,1700,6000,7700,7700,9585,0,56,104.07658970965053,29.70436200007498,7657.69632599995,66282.26124152321
1769435062,50,,Aggregated,59.500000,0.000000,56,59,62,64,75,140,340,1700,6000,7700,7700,9642,0,56,103.78229627566904,29.70436200007498,7657.69632599995,66248.8817672682
1769435063,50,,Aggregated,59.200000,0.000000,56,59,62,64,75,140,340,1600,6000,7700,7700,9716,0,56,103.41655758192675,29.70436200007498,7657.69632599995,66188.87021407987
1769435064,50,,Aggregated,61.000000,0.000000,56,59,62,64,75,140,340,1600,6000,7700,7700,9781,0,56,103.09482934669259,29.70436200007498,7657.69632599995,66158.85471833147
1769435065,50,,Aggregated,60.200000,0.000000,56,59,62,64,75,140,330,1600,6000,7700,7700,9843,0,56,102.7843583868739,29.70436200007498,7657.69632599995,66106.85075688307
1769435066,50,,Aggregated,61.500000,0.000000,56,59,62,64,74,140,330,1600,6000,7700,7700,9911,0,56,102.44340875956007,29.70436200007498,7657.69632599995,66101.36706689537
1769435067,50,,Aggregated,61.900000,0.000000,56,59,62,64,74,140,330,1600,6000,7700,7700,9968,0,56,102.17146136055375,29.70436200007498,7657.69632599995,66068.52738764045
1769435068,50,,Aggregated,63.300000,0.000000,56,59,62,64,74,140,330,1600,5800,7500,7700,10027,0,56,101.89036933230274,29.70436200007498,7657.69632599995,66042.13553405805
1769435069,50,,Aggregated,62.300000,0.000000,56,59,62,64,74,140,330,1600,5800,7500,7700,10099,0,56,101.53698280701055,29.70436200007498,7657.69632599995,66010.15536191702
1769435070,50,,Aggregated,62.400000,0.000000,56,59,62,64,74,140,330,1600,5800,7500,7700,10149,0,56,101.289525657109,29.70436200007498,7657.69632599995,66003.73307715046
1769435071,50,,Aggregated,62.300000,0.000000,56,59,62,64,74,140,330,1600,5800,7500,7700,10214,0,56,101.06486929577036,29.70436200007498,7657.69632599995,65988.15537497553
1769435072,50,,Aggregated,64.700000,0.000000,56,59,62,64,74,140,330,1600,5800,7500,7700,10268,0,56,100.83003584008553,29.70436200007498,7657.69632599995,65998.97925594078
1769435073,50,,Aggregated,63.000000,0.000000,56,59,62,64,74,140,330,1600,5800,7500,7700,10323,0,56,100.94371773321696,29.70436200007498,7657.69632599995,66094.26658916981
1769435074,50,,Aggregated,63.100000,0.000000,56,59,62,64,74,140,330,1600,5800,7500,7700,10371,0,56,100.7464850226592,29.70436200007498,7657.69632599995,66101.66097772635
1769435075,50,,Aggregated,61.900000,0.000000,56,59,62,64,74,140,330,1600,5800,7500,7700,10427,0,56,100.80568356037195,29.70436200007498,7657.69632599995,66350.62549151242
1769435076,50,,Aggregated,61.000000,0.000000,56,59,62,64,74,140,330,1600,5800,7500,7700,10471,0,56,100.80295493228897,29.70436200007498,7657.69632599995,66463.02922356986
1769435077,50,,Aggregated,59.500000,0.000000,56,59,62,64,74,140,330,1600,5800,7500,7700,10522,0,56,101.33108997643012,29.70436200007498,7657.69632599995,66908.41208895647
1769435078,50,,Aggregated,56.900000,0.000000,56,59,62,64,74,140,340,1600,5800,7500,7700,10571,0,56,101.94843233781089,29.70436200007498,7657.69632599995,67491.94153817046
1769435079,50,,Aggregated,55.600000,0.000000,56,59,62,64,74,150,340,1600,5800,7500,7700,10615,0,56,102.06799660706531,29.70436200007498,7657.69632599995,67751.243805935
1769435080,50,,Aggregated,54.600000,0.000000,56,59,62,64,75,150,350,1600,5800,7500,7700,10666,0,56,102.2540239879053,29.70436200007498,7657.69632599995,68035.21948246766
1769435081,50,,Aggregated,53.600000,0.000000,56,59,62,64,75,150,350,1600,5800,7500,7700,10703,0,56,102.73705191105279,29.70436200007498,7657.69632599995,68494.17602541344
1769435082,50,,Aggregated,51.100000,0.000000,56,59,62,64,75,150,350,1600,5800,7500,7700,10739,0,56,102.9816844341185,29.70436200007498,7657.69632599995,68732.55666263153
1769435083,50,,Aggregated,51.000000,0.000000,56,59,62,64,76,160,380,1600,5800,7500,7700,10786,0,56,104.00067244900782,29.70436200007498,7657.69632599995,69634.95012052661
1769435084,50,,Aggregated,47.000000,0.000000,56,59,62,64,76,160,380,1600,5800,7500,7700,10814,0,56,104.08495227760285,29.70436200007498,7657.69632599995,69763.21120769373
1769435085,50,,Aggregated,46.600000,0.000000,56,59,62,64,76,160,400,1600,5800,7500,7700,10845,0,56,104.45234347468859,29.70436200007498,7657.69632599995,70127.44278469341
1769435086,50,,Aggregated,44.500000,0.000000,56,59,62,65,77,170,410,1600,5800,7500,7700,10896,0,56,105.32295608535217,29.70436200007498,7657.69632599995,70623.2342143906
1769435088,50,,Aggregated,42.900000,0.000000,56,59,62,65,77,180,430,1600,5800,7500,7700,10945,0,56,105.76023852489699,29.70436200007498,7657.69632599995,70939.82174508908
1769435089,50,,Aggregated,42.200000,0.000000,56,59,62,65,78,180,440,1600,5800,7500,7700,11000,0,56,105.96486125090892,29.70436200007498,7657.69632599995,71139.997
1769435090,50,,Aggregated,41.400000,0.000000,56,59,62,65,78,180,440,1600,5700,7500,7700,11045,0,56,106.0143376411045,29.70436200007498,7657.69632599995,71237.99348121321
1769435091,50,,Aggregated,42.100000,0.000000,56,59,62,65,79,190,440,1600,5700,7500,7700,11106,0,56,106.3083147992975,29.70436200007498,7657.69632599995,71422.30866198451
1769435092,50,,Aggregated,41.800000,0.000000,56,59,62,65,80,190,430,1600,5700,7500,7700,11155,0,56,106.21134772998649,29.70436200007498,7657.69632599995,71395.6143433438
1769435093,50,,Aggregated,42.700000,0.000000,56,59,62,65,81,190,430,1600,5700,7500,7700,11208,0,56,106.35353150169509,29.70436200007498,7657.69632599995,71404.28265524625
1769435094,50,,Aggregated,44.400000,0.000000,56,59,62,65,82,190,420,1600,5700,7500,7700,11262,0,56,106.27562326185384,29.70436200007498,7657.69632599995,71353.07325519445
1769435095,50,,Aggregated,45.800000,0.000000,56,59,62,65,82,190,410,1600,5700,7500,7700,11332,0,56,106.07576183674547,29.70436200007498,7657.69632599995,71284.98905753618
1769435096,50,,Aggregated,47.100000,0.000000,56,59,62,65,83,190,410,1600,5700,7500,7700,11390,0,56,106.03287569692716,29.70436200007498,7657.69632599995,71326.55724319578
1769435097,50,,Aggregated,49.800000,0.000000,56,59,62,65,83,190,410,1600,5700,7500,7700,11447,0,56,105.85637050947854,29.70436200007498,7657.69632599995,71257.11260592294
1769435098,50,,Aggregated,52.600000,0.000000,56,59,62,65,83,190,400,1600,5700,7500,7700,11513,0,56,105.6423595917659,29.70436200007498,7657.69632599995,71205.68235907235
1769435099,50,,Aggregated,54.100000,0.000000,56,59,62,65,84,190,400,1600,5700,7500,7700,11578,0,56,105.4801166792193,29.70436200007498,7657.69632599995,71120.07859733979
1769435100,50,,Aggregated,55.700000,0.000000,56,59,62,65,83,190,400,1600,5700,7500,7700,11652,0,56,105.15767999459332,29.70436200007498,7657.69632599995,71020.82346378305
1769435101,50,,Aggregated,56.200000,0.000000,56,59,62,65,83,190,390,1600,5700,7500,7700,11716,0,56,104.88835875802339,29.70436200007498,7657.69632599995,70983.69434960738
1769435102,50,,Aggregated,58.000000,0.000000,56,59,62,65,83,190,390,1600,5700,7500,7700,11773,0,56,104.65879313734825,29.70436200007498,7657.69632599995,70920.34043998981
1769435103,50,,Aggregated,59.100000,0.000000,56,59,62,65,83,180,380,1600,5700,7500,7700,11844,0,56,104.44550882556581,29.70436200007498,7657.69632599995,70822.1317966903
1769435104,50,,Aggregated,60.100000,0.000000,56,59,62,65,82,180,370,1600,5700,7500,7700,11912,0,56,104.16347554063132,29.70436200007498,7657.69632599995,70751.81195433177
1769435105,50,,Aggregated,61.200000,0.000000,56,59,62,65,82,180,370,1600,5700,7500,7700,11964,0,56,103.95604329271153,29.70436200007498,7657.69632599995,70717.80549983283
1769435106,50,,Aggregated,62.400000,0.000000,56,59,62,65,82,180,370,1600,5600,7500,7700,12024,0,56,103.70738642789425,29.70436200007498,7657.69632599995,70646.78218562875
1769435107,50,,Aggregated,62.700000,0.000000,56,59,62,65,81,180,360,1600,5600,7500,7700,12089,0,56,103.4473632434445,29.70436200007498,7657.69632599995,70576.52055587724
1769435108,50,,Aggregated,62.400000,0.000000,56,59,62,65,81,180,360,1600,5600,7500,7700,12132,0,56,103.26931649901087,29.70436200007498,7657.69632599995,70548.74183976262
1769435109,50,,Aggregated,62.300000,0.000000,56,59,62,65,81,180,350,1600,5600,7500,7700,12210,0,56,102.95212620909093,29.70436200007498,7657.69632599995,70475.13374283374
1769435110,50,,Aggregated,61.600000,0.000000,56,59,62,65,80,180,350,1600,5600,7500,7700,12261,0,56,102.73653831922356,29.70436200007498,7657.69632599995,70411.90204714134
1769435111,50,,Aggregated,63.100000,0.000000,56,59,62,65,80,180,350,1600,5600,7500,7700,12318,0,56,102.50325055358006,29.70436200007498,7657.69632599995,70362.67632732587
1769435112,50,,Aggregated,62.600000,0.000000,56,59,62,65,80,180,350,1600,5600,7500,7700,12394,0,56,102.20336113296752,29.70436200007498,7657.69632599995,70294.03719541714
1769435113,50,,Aggregated,61.300000,0.000000,56,59,62,64,79,180,350,1600,5600,7500,7700,12454,0,56,101.96396514702104,29.70436200007498,7657.69632599995,70248.67231411595
1769435114,50,,Aggregated,62.500000,0.000000,56,59,62,64,79,170,350,1600,5600,7500,7700,12522,0,56,101.69543421378367,29.70436200007498,7657.69632599995,70185.87006867913
1769435115,50,,Aggregated,62.500000,0.000000,56,59,62,64,78,170,340,1600,5600,7500,7700,12596,0,56,101.412437360273,29.70436200007498,7657.69632599995,70121.20498570974
1769435116,50,,Aggregated,61.300000,0.000000,56,59,62,64,78,170,340,1600,5600,7500,7700,12649,0,56,101.21202954605099,29.70436200007498,7657.69632599995,70062.53166258203
1769435117,50,,Aggregated,62.100000,0.000000,56,59,62,64,78,170,340,1600,5600,7500,7700,12721,0,56,100.95666648046523,29.70436200007498,7657.69632599995,70013.49178523701
1769435118,50,,Aggregated,62.700000,0.000000,56,59,62,64,78,170,330,1600,5600,7500,7700,12780,0,56,100.72643221259771,29.70436200007498,7657.69632599995,69966.81932707355
1769435119,50,,Aggregated,61.200000,0.000000,56,59,62,64,78,170,330,1600,5600,7500,7700,12843,0,56,100.49161717745056,29.70436200007498,7657.69632599995,69911.4471696644
1769435120,50,,Aggregated,62.600000,0.000000,56,59,62,64,78,170,330,1600,5600,7500,7700,12908,0,56,100.2597187443444,29.70436200007498,7657.69632599995,69855.57499225286
1769435121,50,,Aggregated,61.100000,0.000000,56,59,62,64,77,170,330,1600,5600,7500,7700,12966,0,56,100.04870249421548,29.70436200007498,7657.69632599995,69810.74949868888
1769435122,50,,Aggregated,61.700000,0.000000,56,59,62,64,77,170,330,1600,5400,7500,7700,13025,0,56,99.83586300767735,29.70436200007498,7657.69632599995,69760.85412667946
1769435123,50,,Aggregated,62.900000,0.000000,56,59,62,64,77,160,330,1600,5400,7500,7700,13091,0,56,99.62080473416833,29.70436200007498,7657.69632599995,69699.46314261707
1769435124,50,,Aggregated,61.700000,0.000000,56,59,62,64,77,160,330,1600,5400,7500,7700,13148,0,56,99.42945409993898,29.70436200007498,7657.69632599995,69679.46524186188
1769435125,50,,Aggregated,62.200000,0.000000,56,59,62,64,77,160,330,1600,5400,7500,7700,13214,0,56,99.22819106500671,29.70436200007498,7657.69632599995,69624.06674738914
1769435126,50,,Aggregated,63.500000,0.000000,56,59,62,64,76,160,320,1600,5400,7500,7700,13282,0,56,98.98774729980414,29.70436200007498,7657.69632599995,69574.84670983285
1769435127,50,,Aggregated,62.900000,0.000000,56,59,62,64,76,160,320,1600,5400,7500,7700,13344,0,56,98.78943397766784,29.70436200007498,7657.69632599995,69531.37185251799
1769435128,50,,Aggregated,62.900000,0.000000,56,59,62,64,77,160,320,1600,5400,7500,7700,13412,0,56,98.59360830293767,29.70436200007498,7657.69632599995,69489.78683268714
1769435129,50,,Aggregated,64.400000,0.000000,56,59,62,64,76,160,320,1600,5400,7500,7700,13477,0,56,98.37439064725086,29.70436200007498,7657.69632599995,69440.07664910589
1769435130,50,,Aggregated,63.500000,0.000000,56,59,62,64,76,160,320,1600,5400,7500,7700,13543,0,56,98.15276599468355,29.70436200007498,7657.69632599995,69392.87528612568
1769435131,50,,Aggregated,64.200000,0.000000,56,59,62,64,76,160,320,1600,5400,7500,7700,13609,0,56,97.93567052355058,29.70436200007498,7657.69632599995,69346.72768021162
1769435132,50,,Aggregated,63.900000,0.000000,56,59,62,64,76,160,320,1600,5400,7500,7700,13677,0,56,97.71459372318482,29.70436200007498,7657.69632599995,69297.70271258317
1769435133,50,,Aggregated,63.900000,0.000000,56,59,62,64,76,160,320,1500,5400,7500,7700,13743,0,56,97.49701146816552,29.70436200007498,7657.69632599995,69244.93946008878
1769435134,50,,Aggregated,63.700000,0.000000,56,59,62,64,76,160,320,1500,5400,7500,7700,13802,0,56,97.30487614765963,29.70436200007498,7657.69632599995,69218.12903926967
1769435135,50,,Aggregated,63.100000,0.000000,56,59,62,64,76,160,320,1500,5400,7500,7700,13864,0,56,97.09461340947765,29.70436200007498,7657.69632599995,69149.71696480093
1769435136,50,,Aggregated,63.300000,0.000000,56,59,61,64,75,150,320,1500,5400,7500,7700,13927,0,56,96.8888244169598,29.70436200007498,7657.69632599995,69120.45429740791
1769435137,50,,Aggregated,62.700000,0.000000,56,59,61,64,75,150,320,1500,5400,7500,7700,13995,0,56,96.66426757463371,29.70436200007498,7657.69632599995,69081.92168631653
1769435138,50,,Aggregated,62.800000,0.000000,56,59,61,64,75,150,320,1500,5100,7500,7700,14061,0,56,96.46097349576834,29.70436200007498,7657.69632599995,69019.48005120546
1769435139,50,,Aggregated,63.800000,0.000000,56,59,61,64,75,150,320,1500,5100,7500,7700,14129,0,56,96.24929646839824,29.70436200007498,7657.69632599995,68991.59551277514
1769435140,50,,Aggregated,64.100000,0.000000,56,59,61,64,75,150,320,1500,5100,7500,7700,14187,0,56,96.06896465433134,29.70436200007498,7657.69632599995,68954.64763515895
1769435141,50,,Aggregated,65.400000,0.000000,55,59,61,64,75,150,320,1500,5100,7500,7700,14242,0,55,95.90228888449656,29.70436200007498,7657.69632599995,68914.15840471844
1769435142,50,,Aggregated,64.600000,0.000000,55,59,61,64,75,150,310,1500,5100,7500,7700,14301,0,55,95.72209355751349,29.70436200007498,7657.69632599995,68872.1753024264
1769435143,50,,Aggregated,63.900000,0.000000,55,59,61,63,74,150,310,1500,5100,7500,7700,14363,0,55,95.53534356659472,29.70436200007498,7657.69632599995,68833.14391143911
1769435144,50,,Aggregated,63.100000,0.000000,55,59,61,63,74,150,310,1500,5100,7500,7700,14422,0,55,95.35677532450428,29.70436200007498,7657.69632599995,68806.50249618638
1769435145,50,,Aggregated,63.500000,0.000000,55,59,61,63,74,150,310,1500,5100,7500,7700,14483,0,55,95.17697882096249,29.70436200007498,7657.69632599995,68761.95228889042
1769435146,50,,Aggregated,62.500000,0.000000,55,59,61,63,74,150,310,1500,5100,7500,7700,14544,0,55,95.00854283120181,29.70436200007498,7657.69632599995,68717.7525440044
1769435147,50,,Aggregated,63.300000,0.000000,55,59,61,63,74,150,310,1500,5100,7500,7700,14597,0,55,94.86536730115773,29.70436200007498,7657.69632599995,68687.07535795026
1769435148,50,,Aggregated,61.600000,0.000000,55,59,61,63,74,150,310,1500,5100,7500,7700,14669,0,55,94.67480028229593,29.70436200007498,7657.69632599995,68640.66821187538
1769435149,50,,Aggregated,59.900000,0.000000,55,59,61,63,74,150,310,1500,5100,7500,7700,14730,0,55,94.50431016829592,29.70436200007498,7657.69632599995,68605.39694501019
1769435150,50,,Aggregated,58.900000,0.000000,55,59,61,63,74,150,310,1500,5100,7500,7700,14799,0,55,94.31821708027559,29.70436200007498,7657.69632599995,68556.38901277113
1769435151,50,,Aggregated,58.300000,0.000000,55,59,61,63,74,140,310,1500,5100,7500,7700,14852,0,55,94.17024697003762,29.70436200007498,7657.69632599995,68511.28750336655
1769435152,50,,Aggregated,58.500000,0.000000,55,59,61,63,74,140,310,1500,5100,7500,7700,14923,0,55,93.98688405977343,29.70436200007498,7657.69632599995,68480.51933257388
1769435153,50,,Aggregated,59.800000,0.000000,55,59,61,63,74,140,310,1500,5100,7500,7700,14986,0,55,93.81841384085145,29.70436200007498,7657.69632599995,68440.04971306553
1769435154,50,,Aggregated,60.700000,0.000000,55,59,61,63,74,140,310,1500,5100,7500,7700,15036,0,55,93.68914917504651,29.70436200007498,7657.69632599995,68420.43941207769
1769435155,50,,Aggregated,61.400000,0.000000,55,59,61,63,74,140,300,1500,5100,7500,7700,15108,0,55,93.50030946975113,29.70436200007498,7657.69632599995,68370.41779189833
1769435156,50,,Aggregated,61.600000,0.000000,55,59,61,63,73,140,300,1500,5100,7500,7700,15161,0,55,93.3602255646726,29.70436200007498,7657.69632599995,68349.6357100455
1769435157,50,,Aggregated,60.000000,0.000000,55,59,61,63,73,140,300,1500,5100,7500,7700,15235,0,55,93.17488026130623,29.70436200007498,7657.69632599995,68313.16770594027
1769435158,50,,Aggregated,62.400000,0.000000,55,59,61,63,73,140,300,1500,5100,7500,7700,15289,0,55,93.03245398920792,29.70436200007498,7657.69632599995,68270.61076591013
1769435159,50,,Aggregated,61.700000,0.000000,55,59,61,63,73,140,300,1500,5100,7500,7700,15356,0,55,92.85773843299039,29.70436200007498,7657.69632599995,68247.41592862725
1769435160,50,,Aggregated,63.800000,0.000000,55,59,61,63,73,140,300,1500,5100,7500,7700,15415,0,55,92.72025562575422,29.70436200007498,7657.69632599995,68234.08699318845
1769435161,50,,Aggregated,62.600000,0.000000,55,59,61,63,73,140,300,1500,5100,7500,7700,15487,0,55,92.56305368664044,29.70436200007498,7657.69632599995,68188.37076257507
1769435162,50,,Aggregated,63.500000,0.000000,55,59,61,63,73,140,290,1500,5100,7500,7700,15547,0,55,92.4110815411334,29.70436200007498,7657.69632599995,68179.20029587702
1769435163,50,,Aggregated,62.400000,0.000000,55,59,61,63,73,140,290,1500,5100,7500,7700,15615,0,55,92.27322104124244,29.70436200007498,7657.69632599995,68152.97976304835
1769435164,50,,Aggregated,62.700000,0.000000,55,59,61,63,73,140,290,1500,5100,7500,7700,15671,0,55,92.16488924784643,29.70436200007498,7657.69632599995,68140.74200752983
1769435165,50,,Aggregated,61.800000,0.000000,55,59,61,63,73,140,290,1500,5100,7500,7700,15731,0,55,92.05713970230768,29.70436200007498,7657.69632599995,68131.9919267688
1769435166,50,,Aggregated,61.800000,0.000000,55,59,61,63,73,140,290,1500,5100,7500,7700,15786,0,55,92.16695062074,29.70436200007498,7657.69632599995,68263.15532750539
1769435167,50,,Aggregated,62.400000,0.000000,55,59,61,63,73,140,290,1500,5100,7500,7700,15845,0,55,92.2509892068792,29.70436200007498,7657.69632599995,68419.02574944777
1769435168,50,,Aggregated,62.200000,0.000000,55,59,61,63,73,140,290,1500,5100,7500,7700,15897,0,55,92.27537004132861,29.70436200007498,7657.69632599995,68490.88029187897
1769435169,50,,Aggregated,61.500000,0.000000,55,59,61,63,73,140,290,1500,5100,7500,7700,15946,0,55,92.29873638969028,29.70436200007498,7657.69632599995,68572.8264768594
1769435170,50,,Aggregated,60.100000,0.000000,55,59,61,63,73,140,290,1500,5100,7500,7700,15988,0,55,92.5374752533776,29.70436200007498,7657.69632599995,68792.98755316487
1769435171,50,,Aggregated,59.500000,0.000000,55,59,61,63,73,140,300,1500,4900,7500,7700,16033,0,55,92.6535658095803,29.70436200007498,7657.69632599995,68950.94342917732
1769435173,50,,Aggregated,58.200000,0.000000,55,59,61,63,74,140,310,1500,4900,7500,7700,16081,0,55,93.50772361519816,29.70436200007498,7657.69632599995,69451.86822958771
1769435174,50,,Aggregated,54.000000,0.000000,55,59,61,63,74,150,310,1500,4900,7500,7700,16130,0,55,93.76720921841303,29.70436200007498,7657.69632599995,69676.92324860509
1769435175,50,,Aggregated,52.300000,0.000000,55,59,61,63,74,150,310,1500,4900,7500,7700,16180,0,55,94.08198462342413,29.70436200007498,7657.69632599995,69901.64901112484
1769435176,50,,Aggregated,50.700000,0.000000,55,59,61,63,74,150,310,1500,4900,7500,7700,16221,0,55,94.08231681937009,29.70436200007498,7657.69632599995,69920.56272732877
1769435177,50,,Aggregated,50.200000,0.000000,55,59,61,63,74,150,310,1500,4900,7500,7700,16267,0,55,94.3173415051947,29.70436200007498,7657.69632599995,70177.25007684268
1769435178,50,,Aggregated,47.400000,0.000000,55,59,61,63,74,150,310,1500,4900,7500,7700,16303,0,55,94.61903280886965,29.70436200007498,7657.69632599995,70382.06219714163
1769435179,50,,Aggregated,47.600000,0.000000,55,59,61,63,75,150,310,1500,4900,7500,7700,16348,0,55,94.84923412961842,29.70436200007498,7657.69632599995,70537.03260337656
1769435180,50,,Aggregated,44.800000,0.000000,55,59,61,64,75,160,320,1500,4900,7500,7700,16394,0,55,95.3496039569356,29.70436200007498,7657.69632599995,70876.51219958521
1769435181,50,,Aggregated,44.700000,0.000000,55,59,61,64,76,160,320,1500,4900,7500,7700,16460,0,55,95.85994782636715,29.70436200007498,7657.69632599995,71205.19629404617
1769435182,50,,Aggregated,43.900000,0.000000,55,59,61,64,76,160,320,1500,4900,7500,7700,16499,0,55,95.91107247639269,29.70436200007498,7657.69632599995,71275.93472331656
1769435183,50,,Aggregated,45.600000,0.000000,55,59,61,64,76,160,320,1500,4900,7500,7700,16550,0,55,95.8466444798189,29.70436200007498,7657.69632599995,71273.70018126888
1769435184,50,,Aggregated,45.600000,0.000000,55,59,61,64,76,170,320,1500,4900,7500,7700,16598,0,55,96.19920654036649,29.70436200007498,7657.69632599995,71432.89926497168
1769435185,50,,Aggregated,44.900000,0.000000,55,59,61,64,77,170,320,1500,4900,7500,7700,16656,0,55,96.22822282883064,29.70436200007498,7657.69632599995,71482.74357588857
1769435186,50,,Aggregated,43.200000,0.000000,55,59,61,64,77,170,320,1500,4900,7500,7700,16696,0,55,96.20564899706534,29.70436200007498,7657.69632599995,71474.85810972688
1769435187,50,,Aggregated,44.100000,0.000000,55,59,62,64,77,170,320,1500,4900,7500,7700,16763,0,55,96.22208592244846,29.70436200007498,7657.69632599995,71422.3690270238
1769435188,50,,Aggregated,46.800000,0.000000,55,59,62,64,78,170,320,1500,4900,7500,7700,16829,0,55,96.27318314255176,29.70436200007498,7657.69632599995,71457.23572404777
1769435189,50,,Aggregated,48.500000,0.000000,55,59,62,64,78,170,320,1500,4900,7500,7700,16891,0,55,96.32789498579145,29.70436200007498,7657.69632599995,71474.31454620804
1769435190,50,,Aggregated,52.400000,0.000000,55,59,62,64,78,170,320,1500,4900,7500,7700,16953,0,55,96.21085197469493,29.70436200007498,7657.69632599995,71428.60591045833
1769435191,50,,Aggregated,50.500000,0.000000,55,59,62,64,78,170,320,1500,4700,7500,7700,17021,0,55,96.08810373227206,29.70436200007498,7657.69632599995,71384.46942012808
1769435192,50,,Aggregated,53.600000,0.000000,55,59,62,64,78,170,320,1500,4700,7500,7700,17091,0,55,95.94847759124707,29.70436200007498,7657.69632599995,71332.43929553566
1769435193,50,,Aggregated,52.400000,0.000000,55,59,62,64,78,170,320,1500,4700,7500,7700,17149,0,55,95.83756116164223,29.70436200007498,7657.69632599995,71289.24590355123
1769435194,50,,Aggregated,54.600000,0.000000,55,59,62,64,78,170,310,1500,4700,7500,7700,17215,0,55,95.72343731548078,29.70436200007498,7657.69632599995,71222.50781295382
1769435195,50,,Aggregated,57.400000,0.000000,55,59,62,64,78,170,310,1500,4700,7500,7700,17265,0,55,95.60105406672466,29.70436200007498,7657.69632599995,71179.43208803938
1769435196,50,,Aggregated,60.400000,0.000000,55,59,62,64,78,170,310,1500,4700,7500,7700,17320,0,55,95.4689214856237,29.70436200007498,7657.69632599995,71169.60606235566
1769435197,50,,Aggregated,61.400000,0.000000,55,59,62,64,78,170,310,1500,4700,7500,7700,17378,0,55,95.46106896512845,29.70436200007498,7657.69632599995,71189.66382782829
1769435198,50,,Aggregated,60.900000,0.000000,55,59,62,64,78,170,310,1500,4700,7500,7700,17446,0,55,95.32161822463611,29.70436200007498,7657.69632599995,71141.61475409837
1769435199,50,,Aggregated,60.100000,0.000000,55,59,61,64,78,170,310,1500,4700,7500,7700,17512,0,55,95.16907449503213,29.70436200007498,7657.69632599995,71094.90389447236
1769435200,50,,Aggregated,60.000000,0.000000,55,59,61,64,78,170,310,1500,4700,7500,7700,17577,0,55,95.01286249815121,28.974618000006558,7657.69632599995,71051.94430221312
1769435201,50,,Aggregated,62.300000,0.000000,55,59,61,64,78,170,310,1500,4700,7500,7700,17636,0,55,94.88106223877321,28.974618000006558,7657.69632599995,71007.7425153096
1769435202,50,,Aggregated,61.200000,0.000000,55,59,61,64,77,170,310,1500,4700,7500,7700,17697,0,55,94.7386906655933,28.974618000006558,7657.69632599995,70967.77210826694
1769435203,50,,Aggregated,62.800000,0.000000,55,59,61,64,77,160,310,1500,4700,7500,7700,17758,0,55,94.59727674833903,28.974618000006558,7657.69632599995,70929.10029282577
1769435204,50,,Aggregated,62.200000,0.000000,55,59,61,64,77,160,310,1500,4700,7500,7700,17817,0,55,94.49128099118848,28.974618000006558,7657.69632599995,70886.15973508447
1769435205,50,,Aggregated,60.100000,0.000000,55,59,61,64,77,160,310,1500,4700,7500,7700,17880,0,55,94.33818956795328,28.974618000006558,7657.69632599995,70848.86062639821
1769435206,50,,Aggregated,60.600000,0.000000,55,59,61,64,77,160,310,1500,4700,7500,7700,17954,0,55,94.160166546508,28.974618000006558,7657.69632599995,70792.63573576919
1769435207,50,,Aggregated,59.900000,0.000000,55,59,61,64,77,160,310,1500,4500,7500,7700,18012,0,55,94.03258694775731,28.974618000006558,7657.69632599995,70754.71896513435
1769435208,50,,Aggregated,60.000000,0.000000,55,59,61,64,77,160,310,1500,4500,7500,7700,18075,0,55,93.90169745576793,28.974618000006558,7657.69632599995,70711.29654218534
1769435209,50,,Aggregated,61.100000,0.000000,55,59,61,64,77,160,310,1500,4500,7500,7700,18140,0,55,93.77215323406858,28.974618000006558,7657.69632599995,70679.99564498346
1769435210,50,,Aggregated,60.100000,0.000000,55,59,61,64,76,160,310,1500,4500,7500,7700,18193,0,55,93.65705381031184,28.974618000006558,7657.69632599995,70638.5848952894
1769435211,50,,Aggregated,61.700000,0.000000,55,59,61,64,76,160,300,1500,4500,7500,7700,18258,0,55,93.51645084363037,28.974618000006558,7657.69632599995,70602.06216453062
1769435212,50,,Aggregated,61.400000,0.000000,55,59,61,63,76,160,300,1500,4500,7500,7700,18317,0,55,93.37986112267318,28.974618000006558,7657.69632599995,70561.65731287874
1769435213,50,,Aggregated,61.200000,0.000000,55,59,61,63,76,160,300,1500,4500,7500,7700,18371,0,55,93.26191654912662,28.974618000006558,7657.69632599995,70529.80833923031
1769435214,50,,Aggregated,61.900000,0.000000,55,59,61,63,76,160,300,1500,4500,7500,7700,18446,0,55,93.0998841339047,28.974618000006558,7657.69632599995,70484.13970508511
1769435215,50,,Aggregated,63.200000,0.000000,55,59,61,63,76,160,300,1500,4500,7500,7700,18506,0,55,92.9659821645415,28.974618000006558,7657.69632599995,70460.62012320329
1769435216,50,,Aggregated,62.600000,0.000000,55,59,61,63,76,160,300,1500,4500,7500,7700,18563,0,55,92.84815617933548,28.974618000006558,7657.69632599995,70423.88062274417
1769435217,50,,Aggregated,64.200000,0.000000,55,59,61,63,76,160,300,1500,4500,7500,7700,18628,0,55,92.71556926615868,28.974618000006558,7657.69632599995,70390.20834228044
1769435218,50,,Aggregated,62.000000,0.000000,55,59,61,63,76,160,300,1500,4500,7500,7700,18681,0,55,92.60110967806888,28.974618000006558,7657.69632599995,70356.18858733472
1769435219,50,,Aggregated,61.600000,0.000000,55,59,61,63,76,160,290,1500,4500,7500,7700,18751,0,55,92.45769780849045,28.974618000006558,7657.69632599995,70318.01274598688
1769435220,50,,Aggregated,61.200000,0.000000,55,59,61,63,75,160,290,1500,4500,7500,7700,18811,0,55,92.34045329716683,28.974618000006558,7657.69632599995,70286.22375205996
1769435221,50,,Aggregated,59.600000,0.000000,55,59,61,63,75,150,290,1500,4500,7500,7700,18877,0,55,92.1963445906132,28.974618000006558,7657.69632599995,70243.30677544101
1769435222,50,,Aggregated,60.000000,0.000000,55,59,61,63,75,150,290,1500,4500,7500,7700,18936,0,55,92.0749231134878,28.974618000006558,7657.69632599995,70213.96144909167
1769435223,50,,Aggregated,60.800000,0.000000,55,59,61,63,75,150,290,1500,4400,7500,7700,19003,0,55,91.93539388354499,28.974618000006558,7657.69632599995,70180.28705993791
1769435224,50,,Aggregated,60.600000,0.000000,55,59,61,63,75,150,290,1500,4400,7500,7700,19067,0,55,91.81103798709839,28.974618000006558,7657.69632599995,70144.79650705407
1769435225,50,,Aggregated,60.900000,0.000000,55,59,61,63,75,150,290,1500,4400,7500,7700,19129,0,55,91.68810497417559,28.974618000006558,7657.69632599995,70111.27518427519
1769435226,50,,Aggregated,60.700000,0.000000,55,59,61,63,75,150,290,1500,4400,7500,7700,19188,0,55,91.56981359000444,28.974618000006558,7657.69632599995,70069.51850114655
1769435227,50,,Aggregated,60.000000,0.000000,55,58,61,63,75,150,290,1500,4400,7500,7700,19243,0,55,91.46238302702314,28.974618000006558,7657.69632599995,70043.96845606195
1769435228,50,,Aggregated,61.900000,0.000000,55,58,61,63,75,150,290,1500,4400,7500,7700,19305,0,55,91.34354187448874,28.974618000006558,7657.69632599995,70019.43004403004
1769435229,50,,Aggregated,61.600000,0.000000,55,58,61,63,75,150,290,1500,4400,7500,7700,19358,0,55,91.22951425049105,28.974618000006558,7657.69632599995,69987.73907428453
1769435230,50,,Aggregated,61.900000,0.000000,55,58,61,63,74,150,290,1500,4400,7500,7700,19421,0,55,91.10159558158728,28.974618000006558,7657.69632599995,69945.20632305236
1769435231,50,,Aggregated,62.400000,0.000000,55,58,61,63,74,150,290,1500,4400,7500,7700,19478,0,55,90.98811536281993,28.974618000006558,7657.69632599995,69928.6936543793
1769435232,50,,Aggregated,61.000000,0.000000,55,58,61,63,74,150,280,1500,4400,7500,7700,19544,0,55,90.86286146536054,28.974618000006558,7657.69632599995,69887.89270364307
1769435233,50,,Aggregated,60.900000,0.000000,55,58,61,63,74,150,280,1500,4400,7500,7700,19609,0,55,90.73170304584659,28.974618000006558,7657.69632599995,69855.90529858739
1769435234,50,,Aggregated,59.500000,0.000000,55,58,61,63,74,150,280,1500,4400,7500,7700,19666,0,55,90.62555141035314,28.974618000006558,7657.69632599995,69825.2639072511
1769435235,50,,Aggregated,59.900000,0.000000,55,58,61,63,74,150,280,1500,4400,7500,7700,19728,0,55,90.50379055347751,28.974618000006558,7657.69632599995,69793.23864557988
1769435237,50,,Aggregated,60.700000,0.000000,55,58,61,63,74,150,280,1500,4400,7500,7700,19790,0,55,90.38270897301696,28.974618000006558,7657.69632599995,69760.98165740274
1769435238,50,,Aggregated,59.200000,0.000000,55,58,61,63,74,150,280,1500,4400,7500,7700,19859,0,55,90.26036892235285,28.974618000006558,7657.69632599995,69728.68764791782
1769435239,50,,Aggregated,59.600000,0.000000,55,58,61,63,74,150,280,1500,4400,7500,7700,19912,0,55,90.16618030343538,28.974618000006558,7657.69632599995,69697.94686621134
1769435240,50,,Aggregated,60.700000,0.000000,55,58,61,63,74,150,280,1500,4400,7500,7700,19984,0,55,90.0376748883609,28.974618000006558,7657.69632599995,69666.67343875101
1769435241,50,,Aggregated,59.900000,0.000000,55,58,61,63,74,150,280,1500,4300,6700,7700,20047,0,55,89.92469541342864,28.974618000006558,7657.69632599995,69631.60951763357
1769435242,50,,Aggregated,61.800000,0.000000,55,58,61,63,74,150,270,1500,4300,6700,7700,20108,0,55,89.81653773950688,28.974618000006558,7657.69632599995,69597.264471852
1769435243,50,,Aggregated,61.600000,0.000000,55,58,61,63,74,140,270,1500,4300,6700,7700,20164,0,55,89.71949926021642,28.974618000006558,7657.69632599995,69568.62229716327
1769435244,50,,Aggregated,62.700000,0.000000,55,58,61,63,73,140,270,1500,4300,6700,7700,20239,0,55,89.58994745239409,28.974618000006558,7657.69632599995,69521.3139483176
1769435245,50,,Aggregated,61.400000,0.000000,55,58,61,63,73,140,270,1500,4300,6700,7700,20292,0,55,89.49837194115932,28.974618000006558,7657.69632599995,69509.11309875813
1769435246,50,,Aggregated,62.100000,0.000000,55,58,61,63,73,140,270,1500,4300,6700,7700,20354,0,55,89.38871634312689,28.974618000006558,7657.69632599995,69479.91451311781
1769435247,50,,Aggregated,62.200000,0.000000,55,58,61,63,73,140,270,1500,4300,6700,7700,20411,0,55,89.29062797055525,28.974618000006558,7657.69632599995,69438.3864582823
1769435248,50,,Aggregated,62.100000,0.000000,55,58,61,63,73,140,270,1500,4300,6700,7700,20475,0,55,89.18153280156304,28.974618000006558,7657.69632599995,69412.90075702076
1769435249,50,,Aggregated,61.400000,0.000000,55,58,61,63,73,140,270,1500,4300,6700,7700,20526,0,55,89.0887196991135,28.974618000006558,7657.69632599995,69390.07551398227
1769435250,50,,Aggregated,61.200000,0.000000,55,58,61,63,73,140,270,1500,4300,6700,7700,20594,0,55,88.97528664960682,28.974618000006558,7657.69632599995,69359.49461008061
1769435251,50,,Aggregated,60.700000,0.000000,55,58,61,63,73,140,270,1500,4300,6700,7700,20654,0,55,88.87243429858636,28.974618000006558,7657.69632599995,69333.72082889512
1769435252,50,,Aggregated,60.900000,0.000000,55,58,61,63,73,140,270,1500,4300,6700,7700,20721,0,55,88.76776039669909,28.974618000006558,7657.69632599995,69309.4545147435
1769435253,50,,Aggregated,60.800000,0.000000,55,58,61,63,73,140,270,1500,4300,6700,7700,20784,0,55,88.67477397069867,28.974618000006558,7657.69632599995,69289.16483833718
1769435254,50,,Aggregated,61.000000,0.000000,55,58,61,63,73,140,270,1500,4300,6700,7700,20834,0,55,88.58776915378712,28.974618000006558,7657.69632599995,69270.03580685418
1769435255,50,,Aggregated,61.600000,0.000000,55,58,61,63,73,140,270,1400,4300,6700,7700,20901,0,55,88.47796663485006,28.974618000006558,7657.69632599995,69238.50758336921
1769435256,50,,Aggregated,58.600000,0.000000,55,58,61,63,73,140,270,1400,4300,6700,7700,20947,0,55,88.46262281477065,28.974618000006558,7657.69632599995,69275.77070702249
1769435257,50,,Aggregated,59.900000,0.000000,55,58,61,63,73,140,270,1400,4200,6700,7700,21015,0,55,88.34899031501318,28.974618000006558,7657.69632599995,69259.08446347847
1769435258,50,,Aggregated,58.800000,0.000000,55,58,61,63,73,140,270,1400,4200,6700,7700,21065,0,55,88.27014615528138,28.974618000006558,7657.69632599995,69249.3882743888
1769435259,50,,Aggregated,60.000000,0.000000,55,58,61,63,73,140,270,1400,4200,6700,7700,21129,0,55,88.2709056413935,28.974618000006558,7657.69632599995,69276.22116522315
1769435260,50,,Aggregated,58.800000,0.000000,55,58,61,63,73,140,270,1400,4200,6700,7700,21191,0,55,88.25304923113602,28.974618000006558,7657.69632599995,69316.98777783022
1769435261,50,,Aggregated,59.300000,0.000000,55,58,61,63,73,140,270,1400,4200,6700,7700,21243,0,55,88.17043088739835,28.974618000006558,7657.69632599995,69311.7677823283
1769435262,50,,Aggregated,58.500000,0.000000,55,58,61,63,73,140,270,1400,4200,6700,7700,21307,0,55,88.09216989529274,28.974618000006558,7657.69632599995,69298.63063781855
1769435263,50,,Aggregated,57.000000,0.000000,55,58,61,63,73,140,270,1400,4200,6700,7700,21361,0,55,88.05034568297377,28.974618000006558,7657.69632599995,69283.75375684659
1769435264,50,,Aggregated,57.900000,0.000000,55,58,61,63,73,140,270,1400,4200,6700,7700,21413,0,55,88.09981444318885,28.974618000006558,7657.69632599995,69350.05860925606
1769435265,50,,Aggregated,57.400000,0.000000,55,58,61,63,73,140,270,1400,4200,6700,7700,21456,0,55,88.25563080252626,28.974618000006558,7657.69632599995,69511.72581096197
1769435266,50,,Aggregated,58.100000,0.000000,55,58,61,63,73,140,270,1400,4200,6700,7700,21507,0,55,88.37106592142113,28.974618000006558,7657.69632599995,69611.19175152275
1769435267,50,,Aggregated,56.600000,0.000000,55,58,61,63,73,140,270,1500,4200,6700,7700,21553,0,55,88.5972487858305,28.974618000006558,7657.69632599995,69839.23778592308
1769435268,50,,Aggregated,55.500000,0.000000,55,58,61,63,73,140,270,1500,4200,6700,7700,21601,0,55,88.81412656478892,28.974618000006558,7657.69632599995,70057.06346928384
1769435269,50,,Aggregated,53.200000,0.000000,55,58,61,63,73,140,270,1500,4200,6700,7700,21645,0,55,88.94350130792365,28.974618000006558,7657.69632599995,70164.99214599215
1769435270,50,,Aggregated,52.800000,0.000000,55,58,61,63,73,150,270,1500,4200,6700,7700,21697,0,55,89.02314536392163,28.974618000006558,7657.69632599995,70234.38309443701
1769435271,50,,Aggregated,52.600000,0.000000,55,58,61,63,73,150,270,1500,4200,6700,7700,21739,0,55,89.37450067615835,28.974618000006558,7657.69632599995,70511.04181425089
1769435272,50,,Aggregated,51.500000,0.000000,55,58,61,63,74,150,270,1500,4200,6700,7700,21782,0,55,89.54738868910142,28.974618000006558,7657.69632599995,70627.705766229
1769435273,50,,Aggregated,51.000000,0.000000,55,58,61,63,74,150,280,1500,4200,6700,7700,21825,0,55,89.82931180467386,28.974618000006558,7657.69632599995,70795.58991981672
1769435274,50,,Aggregated,47.500000,0.000000,55,58,61,63,74,150,280,1500,4200,6700,7700,21880,0,55,90.14300461860182,28.974618000006558,7657.69632599995,70986.66540219379
1769435275,50,,Aggregated,46.200000,0.000000,55,58,61,63,74,150,280,1500,4200,6700,7700,21909,0,55,90.19859370322737,28.974618000006558,7657.69632599995,71056.53945866995
1769435276,50,,Aggregated,46.200000,0.000000,55,58,61,63,74,150,290,1500,4200,6700,7700,21966,0,55,90.60296487967804,28.974618000006558,7657.69632599995,71364.04220158426
1769435277,50,,Aggregated,44.300000,0.000000,55,58,61,63,74,150,290,1500,4100,6700,7700,22002,0,55,90.66588455395005,28.974618000006558,7657.69632599995,71423.57376602128
1769435278,50,,Aggregated,45.000000,0.000000,55,58,61,63,75,160,290,1500,4100,6700,7700,22052,0,55,90.83295848313108,28.974618000006558,7657.69632599995,71454.20356430256
1769435279,50,,Aggregated,44.400000,0.000000,55,58,61,63,75,160,290,1500,4100,6700,7700,22093,0,55,91.00543581274636,28.974618000006558,7657.69632599995,71535.9134114878
1769435280,50,,Aggregated,43.600000,0.000000,55,58,61,63,75,160,290,1500,4100,6700,7700,22156,0,55,91.12142843437464,28.974618000006558,7657.69632599995,71631.5607510381
1769435281,50,,Aggregated,43.700000,0.000000,55,58,61,63,76,160,290,1500,4100,6700,7700,22216,0,55,91.27406367545935,28.974618000006558,7657.69632599995,71649.98771155924
1769435282,50,,Aggregated,44.100000,0.000000,55,58,61,63,76,160,290,1500,4100,6700,7700,22268,0,55,91.25542267109775,28.974618000006558,7657.69632599995,71636.39541045447
1769435283,50,,Aggregated,45.500000,0.000000,55,58,61,63,76,160,290,1500,4100,6700,7700,22333,0,55,91.24659201173164,28.974618000006558,7657.69632599995,71586.91962566605
1769435284,50,,Aggregated,46.100000,0.000000,55,58,61,63,76,160,290,1500,4100,6700,7700,22376,0,55,91.19209983857719,28.974618000006558,7657.69632599995,71569.53293707543
1769435285,50,,Aggregated,49.000000,0.000000,55,58,61,63,76,160,290,1500,4100,6700,7700,22446,0,55,91.17057510384932,28.974618000006558,7657.69632599995,71529.36639044818
1769435286,50,,Aggregated,49.400000,0.000000,55,58,61,63,76,160,290,1500,4100,6700,7700,22510,0,55,91.09978717529991,28.974618000006558,7657.69632599995,71494.32474455798
1769435287,50,,Aggregated,50.900000,0.000000,55,58,61,63,76,160,290,1500,4100,6700,7700,22567,0,55,91.02540782859934,28.974618000006558,7657.69632599995,71471.42602029513
1769435288,50,,Aggregated,53.700000,0.000000,55,58,61,63,76,160,290,1500,4100,6700,7700,22614,0,55,90.96370143557094,28.974618000006558,7657.69632599995,71437.24276996551
1769435289,50,,Aggregated,55.200000,0.000000,55,58,61,63,76,160,290,1500,4100,6700,7700,22694,0,55,90.96179828421612,28.974618000006558,7657.69632599995,71444.9822420023
1769435290,50,,Aggregated,56.500000,0.000000,55,58,61,63,76,160,290,1500,4100,6700,7700,22750,0,55,90.95973085995605,28.974618000006558,7657.69632599995,71460.84958241758
1769435291,50,,Aggregated,55.500000,0.000000,55,58,61,63,76,160,290,1500,4100,6700,7700,22812,0,55,90.86382928752408,28.974618000006558,7657.69632599995,71425.86493950553
1769435292,50,,Aggregated,57.300000,0.000000,55,58,61,63,76,160,290,1500,4100,6700,7700,22866,0,55,90.78228833162778,28.974618000006558,7657.69632599995,71396.28601416951
1769435293,50,,Aggregated,57.600000,0.000000,55,58,61,63,76,160,290,1500,4100,6700,7700,22933,0,55,90.6783468957834,28.974618000006558,7657.69632599995,71361.80381982296
1769435294,50,,Aggregated,59.800000,0.000000,55,58,61,63,76,160,290,1500,4100,6700,7700,23002,0,55,90.58372545243904,28.974618000006558,7657.69632599995,71325.86109903487
1769435295,50,,Aggregated,58.100000,0.000000,55,58,61,63,76,160,290,1500,4100,6700,7700,23066,0,55,90.48948923814281,28.974618000006558,7657.69632599995,71296.89334951877
1769435296,50,,Aggregated,59.700000,0.000000,55,58,61,63,76,160,290,1500,4100,6700,7700,23120,0,55,90.43838304485301,28.974618000006558,7657.69632599995,71256.81544117647
1769435297,50,,Aggregated,61.100000,0.000000,55,58,61,63,76,160,290,1500,4100,6700,7700,23177,0,55,90.350224058118,28.974618000006558,7657.69632599995,71233.33934504034
1769435298,50,,Aggregated,59.900000,0.000000,55,58,61,63,76,160,290,1500,4100,6700,7700,23243,0,55,90.25518823977112,28.974618000006558,7657.69632599995,71193.58563868691
1769435299,50,,Aggregated,61.300000,0.000000,55,58,61,63,76,160,290,1500,4100,6700,7700,23300,0,55,90.17627841304729,28.974618000006558,7657.69632599995,71170.46270386266
1769435300,50,,Aggregated,61.300000,0.000000,55,58,61,63,76,160,290,1500,4100,6700,7700,23350,0,55,90.11772128376886,28.974618000006558,7657.69632599995,71144.38608137045
1769435301,50,,Aggregated,63.300000,0.000000,55,58,61,63,76,160,280,1500,4100,6700,7700,23420,0,55,90.02258255269011,28.974618000006558,7657.69632599995,71103.51327924851
1769435302,50,,Aggregated,61.400000,0.000000,55,58,61,63,75,160,280,1500,4100,6700,7700,23489,0,55,89.9150108944613,28.974618000006558,7657.69632599995,71070.15918089318
1769435303,50,,Aggregated,60.600000,0.000000,55,58,61,63,75,160,280,1500,4100,6700,7700,23548,0,55,89.82562061168684,28.974618000006558,7657.69632599995,71032.81331747919
1769435304,50,,Aggregated,61.200000,0.000000,55,58,61,63,75,160,280,1500,4100,6700,7700,23610,0,55,89.7299896822957,28.974618000006558,7657.69632599995,71011.92520118594
1769435305,50,,Aggregated,62.000000,0.000000,55,58,61,63,75,160,280,1500,4100,6700,7700,23675,0,55,89.62745733782478,28.974618000006558,7657.69632599995,70977.64168954594
1769435306,50,,Aggregated,61.300000,0.000000,55,58,61,63,75,160,280,1500,4100,6700,7700,23738,0,55,89.52681601912556,28.974618000006558,7657.69632599995,70949.05004633921
1769435307,50,,Aggregated,60.400000,0.000000,55,58,61,63,75,160,280,1500,4100,6700,7700,23800,0,55,89.43000725907571,28.974618000006558,7657.69632599995,70918.53613445378
1769435308,50,,Aggregated,60.800000,0.000000,55,58,61,63,75,160,280,1500,4100,6700,7700,23867,0,55,89.33503137667068,28.974618000006558,7657.69632599995,70884.2267985084
1769435309,50,,Aggregated,59.700000,0.000000,55,58,61,63,75,160,280,1500,4100,6700,7700,23926,0,55,89.24259868072384,28.974618000006558,7657.69632599995,70858.94186240909
1769435310,50,,Aggregated,60.400000,0.000000,55,58,61,63,75,150,280,1500,4100,6700,7700,23999,0,55,89.13422970994623,28.974618000006558,7657.69632599995,70816.97970748782
1769435311,50,,Aggregated,60.900000,0.000000,55,58,61,63,75,150,270,1500,4000,6700,7700,24049,0,55,89.06196376922122,28.974618000006558,7657.69632599995,70794.7698449
1769435312,50,,Aggregated,61.400000,0.000000,55,58,61,63,75,150,270,1500,4000,6700,7700,24117,0,55,88.96856132441846,28.974618000006558,7657.69632599995,70754.23232574532
1769435313,50,,Aggregated,63.500000,0.000000,55,58,61,63,75,150,270,1500,4000,6700,7700,24172,0,55,88.88210635735554,28.974618000006558,7657.69632599995,70742.66891444646
1769435314,50,,Aggregated,61.400000,0.000000,55,58,61,63,74,150,270,1500,4000,6700,7700,24245,0,55,88.77476518614132,28.974618000006558,7657.69632599995,70705.93429573107
1769435315,50,,Aggregated,62.700000,0.000000,55,58,61,63,74,150,270,1500,4000,6700,7700,24307,0,55,88.68523854074947,28.974618000006558,7657.69632599995,70678.08627144444
1769435316,50,,Aggregated,61.400000,0.000000,55,58,61,63,74,150,270,1500,4000,6700,7700,24367,0,55,88.60327614614017,28.974618000006558,7657.69632599995,70656.8785242336
1769435317,50,,Aggregated,63.400000,0.000000,55,58,61,63,74,150,270,1500,4000,6700,7700,24434,0,55,88.51103272092156,28.974618000006558,7657.69632599995,70624.74367684375
1769435318,50,,Aggregated,62.800000,0.000000,55,58,61,63,74,150,270,1500,4000,6700,7700,24490,0,55,88.42834141784395,28.974618000006558,7657.69632599995,70601.07349938751
1769435319,50,,Aggregated,62.800000,0.000000,55,58,61,63,74,150,270,1400,4000,6700,7700,24563,0,55,88.3219677552415,28.974618000006558,7657.69632599995,70567.09033912796
1769435320,50,,Aggregated,63.300000,0.000000,55,58,61,63,74,150,270,1400,4000,6700,7700,24626,0,55,88.23057144530166,28.974618000006558,7657.69632599995,70546.70295622513
1769435321,50,,Aggregated,62.200000,0.000000,55,58,61,63,74,150,270,1400,4000,6700,7700,24688,0,55,88.13975250380753,28.974618000006558,7657.69632599995,70513.97529163967
1769435322,50,,Aggregated,63.500000,0.000000,55,58,61,63,74,150,270,1400,4000,6700,7700,24753,0,55,88.04695933139413,28.974618000006558,7657.69632599995,70488.00298953662
1769435324,50,,Aggregated,62.200000,0.000000,55,58,61,63,74,150,270,1400,4000,6700,7700,24815,0,55,87.95547885524877,28.974618000006558,7657.69632599995,70461.70860366714
1769435325,50,,Aggregated,63.300000,0.000000,55,58,61,63,74,150,270,1400,4000,6700,7700,24881,0,55,87.86402497479995,28.974618000006558,7657.69632599995,70432.30513243037
1769435326,50,,Aggregated,62.400000,0.000000,55,58,61,63,74,150,270,1400,4000,6700,7700,24950,0,55,87.7672078153907,28.974618000006558,7657.69632599995,70405.41018036072
1769435327,50,,Aggregated,62.700000,0.000000,55,58,61,63,74,150,270,1400,4000,6700,7700,25001,0,55,87.69597647082108,28.974618000006558,7657.69632599995,70381.20659173634
1769435328,50,,Aggregated,63.600000,0.000000,55,58,61,63,74,150,270,1400,4000,6700,7700,25072,0,55,87.60154623939037,28.974618000006558,7657.69632599995,70349.43570516912
1769435329,50,,Aggregated,62.900000,0.000000,55,58,61,63,73,150,270,1400,4000,6700,7700,25127,0,55,87.52520579798606,28.974618000006558,7657.69632599995,70323.09368408484
1769435330,50,,Aggregated,63.000000,0.000000,55,58,61,63,73,150,270,1400,4000,6700,7700,25178,0,55,87.45160690900768,28.974618000006558,7657.69632599995,70299.53157518468
1769435331,50,,Aggregated,62.900000,0.000000,55,58,61,63,73,150,270,1400,4000,6700,7700,25246,0,55,87.35627319587229,28.974618000006558,7657.69632599995,70269.60659114315
1769435332,50,,Aggregated,60.600000,0.000000,55,58,61,63,73,150,270,1400,4000,6700,7700,25311,0,55,87.26632628687105,28.974618000006558,7657.69632599995,70249.78491564932
1769435333,50,,Aggregated,61.500000,0.000000,55,58,61,63,73,150,270,1400,4000,6700,7700,25376,0,55,87.17838538496976,28.974618000006558,7657.69632599995,70219.70078026481
1769435334,50,,Aggregated,62.100000,0.000000,55,58,61,63,73,150,270,1400,4000,6700,7700,25442,0,55,87.0887427953381,28.974618000006558,7657.69632599995,70196.88408930115
1769435335,50,,Aggregated,61.800000,0.000000,55,58,61,63,73,150,270,1400,4000,6700,7700,25508,0,55,87.00382312839074,28.974618000006558,7657.69632599995,70159.73737650934
1769435336,50,,Aggregated,62.200000,0.000000,55,58,61,63,73,140,260,1400,4000,6700,7700,25567,0,55,86.92873235635746,28.974618000006558,7657.69632599995,70138.33214690813
1769435337,50,,Aggregated,61.300000,0.000000,55,58,61,63,73,140,260,1400,4000,6700,7700,25631,0,55,86.84602303995135,28.974618000006558,7657.69632599995,70107.6361437322
1769435338,50,,Aggregated,60.500000,0.000000,55,58,61,63,73,140,260,1400,4000,6700,7700,25690,0,55,86.77501193367033,28.974618000006558,7657.69632599995,70090.568119891
1769435339,50,,Aggregated,62.600000,0.000000,55,58,61,63,73,140,260,1400,4000,6700,7700,25757,0,55,86.69898499953375,28.974618000006558,7657.69632599995,70064.08025002912
1769435340,50,,Aggregated,61.600000,0.000000,55,58,61,63,73,140,260,1400,4000,6700,7700,25819,0,55,86.63010847259733,28.974618000006558,7657.69632599995,70037.43967620745
1769435341,50,,Aggregated,63.100000,0.000000,55,58,61,63,73,140,260,1400,4000,6700,7700,25886,0,55,86.55657415541172,28.974618000006558,7657.69632599995,70007.3185891988
1769435342,50,,Aggregated,63.900000,0.000000,55,58,61,63,73,140,260,1400,4000,6700,7700,25947,0,55,86.48809441449825,28.974618000006558,7657.69632599995,69987.53836667052
1769435343,50,,Aggregated,63.700000,0.000000,55,58,61,63,73,140,260,1400,3900,6700,7700,26013,0,55,86.42073027313211,28.974618000006558,7657.69632599995,69962.07869142352
1769435344,50,,Aggregated,63.000000,0.000000,55,58,61,63,73,140,260,1400,3900,6700,7700,26068,0,55,86.36558040877647,28.974618000006558,7657.69632599995,69937.6829062452
1769435345,50,,Aggregated,62.700000,0.000000,55,58,61,63,73,140,260,1400,3900,6700,7700,26137,0,55,86.29384129012452,28.974618000006558,7657.69632599995,69912.66204996748
1769435346,50,,Aggregated,62.100000,0.000000,55,58,61,63,73,140,260,1400,3900,6700,7700,26199,0,55,86.23566906225365,28.974618000006558,7657.69632599995,69890.22592465361
1769435347,50,,Aggregated,62.000000,0.000000,55,58,61,63,73,140,260,1400,3900,6700,7700,26256,0,55,86.17123400053264,28.974618000006558,7657.69632599995,69868.07567794029
1769435348,50,,Aggregated,62.800000,0.000000,55,58,61,63,73,140,260,1400,3900,6700,7700,26311,0,55,86.10140473824576,28.974618000006558,7657.69632599995,69857.51107901637
1769435349,50,,Aggregated,61.300000,0.000000,55,58,61,63,73,140,260,1400,3900,6700,7700,26375,0,55,86.08289579256817,28.974618000006558,7657.69632599995,69879.71215165876
1769435350,50,,Aggregated,61.400000,0.000000,55,58,61,63,73,140,260,1400,3900,6700,7700,26447,0,55,86.0603736359128,28.974618000006558,7657.69632599995,69899.01194842515
1769435351,50,,Aggregated,60.500000,0.000000,55,58,61,63,73,140,260,1400,3900,6700,7700,26503,0,55,86.0149584230458,28.974618000006558,7657.69632599995,69885.3377730823
1769435352,50,,Aggregated,61.000000,0.000000,55,58,61,63,73,140,260,1400,3900,6700,7700,26561,0,55,85.94408809208934,28.974618000006558,7657.69632599995,69862.76013704303
1769435353,50,,Aggregated,60.300000,0.000000,55,58,61,63,72,140,260,1400,3900,6700,7700,26616,0,55,85.87708512015269,28.974618000006558,7657.69632599995,69864.90329125339
1769435354,50,,Aggregated,60.400000,0.000000,55,58,61,63,72,140,260,1400,3900,6700,7700,26666,0,55,85.81907592563505,28.974618000006558,7657.69632599995,69850.95826145653
1769435355,50,,Aggregated,60.400000,0.000000,55,58,61,63,72,140,260,1400,3900,6700,7700,26728,0,55,85.77476802053964,28.974618000006558,7657.69632599995,69838.63162226877
1769435356,50,,Aggregated,59.800000,0.000000,55,58,61,63,73,140,260,1400,3900,6700,7700,26796,0,55,85.98768277772734,28.974618000006558,7657.69632599995,69987.9934318555
1769435357,50,,Aggregated,60.100000,0.000000,55,58,61,63,73,140,260,1400,3900,6700,7700,26845,0,55,85.93733739865831,28.974618000006558,7657.69632599995,69997.74311789905
1769435358,50,,Aggregated,60.200000,0.000000,55,58,61,63,73,140,260,1400,3900,6700,7700,26903,0,55,85.88285237698331,28.974618000006558,7657.69632599995,69999.68665204624
1769435359,50,,Aggregated,59.600000,0.000000,55,58,61,63,73,140,260,1400,3900,6700,7700,26962,0,55,85.92625732256448,28.974618000006558,7657.69632599995,70028.07733105852
1769435360,50,,Aggregated,59.100000,0.000000,55,58,61,63,73,140,260,1400,3800,6700,7700,27007,0,55,86.12026052327111,28.974618000006558,7657.69632599995,70201.06731588107
1769435361,50,,Aggregated,57.600000,0.000000,55,58,61,63,73,140,260,1400,3800,6700,7700,27056,0,55,86.19839328152656,28.974618000006558,7657.69632599995,70281.60932879953
1769435362,50,,Aggregated,56.600000,0.000000,55,58,61,63,73,140,260,1400,3800,6700,7700,27105,0,55,86.42001158616429,28.974618000006558,7657.69632599995,70447.55731414868
1769435363,50,,Aggregated,54.900000,0.000000,55,58,61,63,73,140,260,1400,3800,6700,7700,27155,0,55,86.5312139038108,28.974618000006558,7657.69632599995,70536.26996869821
1769435364,50,,Aggregated,53.800000,0.000000,55,58,61,63,73,140,260,1400,3800,6700,7700,27206,0,55,86.53903477563708,28.974618000006558,7657.69632599995,70598.29147982063
1769435365,50,,Aggregated,52.600000,0.000000,55,58,61,63,73,150,270,1400,3800,6700,7700,27248,0,55,86.76861696131756,28.974618000006558,7657.69632599995,70759.84145625366
1769435366,50,,Aggregated,51.600000,0.000000,55,58,61,63,73,150,270,1400,3800,6700,7700,27288,0,55,86.87615157446429,28.974618000006558,7657.69632599995,70840.72196569921
1769435367,50,,Aggregated,50.900000,0.000000,55,58,61,63,73,150,270,1400,3800,6700,7700,27333,0,55,87.10685408436619,28.974618000006558,7657.69632599995,71020.15420919767
1769435368,50,,Aggregated,48.300000,0.000000,55,58,61,63,73,150,270,1400,3800,6700,7700,27373,0,55,87.2774454154452,28.974618000006558,7657.69632599995,71151.97808059036
1769435369,50,,Aggregated,47.800000,0.000000,55,58,61,63,73,150,270,1400,3800,6700,7700,27415,0,55,87.4009532114894,28.974618000006558,7657.69632599995,71232.66788254605
1769435370,50,,Aggregated,46.000000,0.000000,55,58,61,63,74,150,270,1400,3800,6700,7700,27460,0,55,87.4985844170059,28.974618000006558,7657.69632599995,71274.67039329934
1769435371,50,,Aggregated,45.900000,0.000000,55,58,61,63,74,150,270,1400,3800,6700,7700,27508,0,55,87.68078837283636,28.974618000006558,7657.69632599995,71393.74909117348
1769435372,50,,Aggregated,45.200000,0.000000,55,58,61,63,74,150,270,1500,3800,6700,7700,27555,0,55,87.78588391155803,28.974618000006558,7657.69632599995,71471.31591362729
1769435373,50,,Aggregated,45.100000,0.000000,55,58,61,63,74,150,270,1500,3800,6700,7700,27604,0,55,87.94805066225838,28.974618000006558,7657.69632599995,71593.54883350238
1769435374,50,,Aggregated,45.000000,0.000000,55,58,61,63,74,150,270,1500,3800,6700,7700,27661,0,55,88.05085876537295,28.974618000006558,7657.69632599995,71664.94519359387
1769435375,50,,Aggregated,44.100000,0.000000,55,58,61,63,74,160,270,1500,3800,6700,7700,27716,0,55,88.06280334315855,28.974618000006558,7657.69632599995,71640.98499061914
1769435376,50,,Aggregated,43.800000,0.000000,55,58,61,63,74,160,270,1500,3800,6700,7700,27771,0,55,88.1636023962401,28.974618000006558,7657.69632599995,71709.42702819488
1769435377,50,,Aggregated,44.200000,0.000000,55,58,61,63,74,160,270,1500,3800,6700,7700,27830,0,55,88.16831934132168,28.974618000006558,7657.69632599995,71693.13413582464
1769435378,50,,Aggregated,45.900000,0.000000,55,58,61,63,75,160,270,1500,3800,6700,7700,27889,0,55,88.18654451991769,28.974618000006558,7657.69632599995,71659.27143318154
1769435379,50,,Aggregated,47.200000,0.000000,55,58,61,63,75,160,270,1500,3800,6700,7700,27950,0,55,88.13032954125167,28.974618000006558,7657.69632599995,71633.14790697674
1769435380,50,,Aggregated,48.700000,0.000000,55,58,61,63,75,160,270,1500,3700,6700,7700,28005,0,55,88.14116820042794,28.974618000006558,7657.69632599995,71648.57482592395
1769435381,50,,Aggregated,50.900000,0.000000,55,58,61,63,75,160,270,1500,3700,6700,7700,28068,0,55,88.17625991417214,28.974618000006558,7657.69632599995,71660.17169018099
1769435382,50,,Aggregated,51.900000,0.000000,55,58,61,63,75,160,270,1500,3700,6700,7700,28127,0,55,88.1507476944922,28.974618000006558,7657.69632599995,71638.70128346428
1769435383,50,,Aggregated,53.100000,0.000000,55,58,61,63,75,160,270,1500,3700,6700,7700,28187,0,55,88.10472967367879,28.974618000006558,7657.69632599995,71606.87355873275
1769435384,50,,Aggregated,54.100000,0.000000,55,58,61,63,75,160,270,1500,3700,6700,7700,28250,0,55,88.04240948605255,28.974618000006558,7657.69632599995,71580.28155752212
1769435385,50,,Aggregated,56.000000,0.000000,55,58,61,63,75,160,270,1500,3700,6700,7700,28304,0,55,87.97700825953879,28.974618000006558,7657.69632599995,71555.3591718485
1769435387,50,,Aggregated,57.800000,0.000000,55,58,61,63,75,160,270,1500,3700,6700,7700,28365,0,55,87.9140164142072,28.974618000006558,7657.69632599995,71529.52363828663
1769435388,50,,Aggregated,57.700000,0.000000,55,58,61,63,75,160,270,1400,3700,6700,7700,28431,0,55,87.83347735946641,28.974618000006558,7657.69632599995,71504.64412085399
1769435389,50,,Aggregated,58.100000,0.000000,55,58,61,63,75,160,270,1400,3700,6700,7700,28494,0,55,87.77103362757038,28.974618000006558,7657.69632599995,71474.83912402611
1769435390,50,,Aggregated,59.400000,0.000000,55,58,61,63,75,160,270,1400,3700,6700,7700,28563,0,55,87.68578695889761,28.974618000006558,7657.69632599995,71441.42348492805
1769435391,50,,Aggregated,59.000000,0.000000,55,58,61,63,75,160,270,1400,3700,6700,7700,28620,0,55,87.63026796352167,28.974618000006558,7657.69632599995,71413.90258560448
1769435392,50,,Aggregated,59.800000,0.000000,55,58,61,63,75,160,270,1400,3700,6700,7700,28689,0,55,87.54701645069507,28.974618000006558,7657.69632599995,71385.57021855067
1769435393,50,,Aggregated,60.600000,0.000000,55,58,61,63,75,160,270,1400,3700,6700,7700,28751,0,55,87.4699485285378,28.974618000006558,7657.69632599995,71353.91614204724
1769435394,50,,Aggregated,61.200000,0.000000,55,58,61,63,75,160,270,1400,3700,6700,7700,28809,0,55,87.39998084772088,28.974618000006558,7657.69632599995,71328.420701864
1769435395,50,,Aggregated,61.500000,0.000000,55,58,61,63,74,150,270,1400,3700,6700,7700,28867,0,55,87.33239517667201,28.974618000006558,7657.69632599995,71304.71701250563
1769435396,50,,Aggregated,61.200000,0.000000,55,58,61,63,74,150,270,1400,3700,6700,7700,28926,0,55,87.25933631424972,28.974618000006558,7657.69632599995,71277.72872156538
1769435397,50,,Aggregated,60.800000,0.000000,55,58,61,63,74,150,270,1400,3700,6700,7700,28977,0,55,87.19904443707031,28.974618000006558,7657.69632599995,71262.15753873762
1769435398,50,,Aggregated,61.600000,0.000000,55,58,61,63,74,150,270,1400,3700,6700,7700,29043,0,55,87.12215408680184,28.974618000006558,7657.69632599995,71230.15291120064
1769435399,50,,Aggregated,60.900000,0.000000,55,58,61,63,74,150,270,1400,3700,6700,7700,29102,0,55,87.05178873414143,28.974618000006558,7657.69632599995,71212.33557831077
1769435400,50,,Aggregated,61.000000,0.000000,55,58,61,63,74,150,270,1400,3700,6700,7700,29160,0,55,86.98600046069906,28.974618000006558,7657.69632599995,71188.05919067215
1769435401,50,,Aggregated,60.600000,0.000000,55,58,61,63,74,150,270,1400,3700,6700,7700,29239,0,55,86.90436669232818,28.974618000006558,7657.69632599995,71149.91562638941
1769435402,50,,Aggregated,59.700000,0.000000,55,58,61,63,74,150,270,1400,3700,6700,7700,29302,0,55,86.83940163497319,28.974618000006558,7657.69632599995,71126.75987987168
1769435403,50,,Aggregated,61.100000,0.000000,55,58,61,63,74,150,270,1400,3700,6700,7700,29371,0,55,86.7787182222936,28.974618000006558,7657.69632599995,71102.14596030097
1769435404,50,,Aggregated,61.100000,0.000000,55,58,61,63,74,150,270,1400,3700,6700,7700,29438,0,55,86.7023507603093,28.974618000006558,7657.69632599995,71076.9896052721
1769435405,50,,Aggregated,61.000000,0.000000,55,58,61,63,74,150,270,1400,3700,6700,7700,29498,0,55,86.63551015112843,28.974618000006558,7657.69632599995,71046.09902366262
1769435406,50,,Aggregated,62.100000,0.000000,55,58,61,63,74,150,260,1400,3700,6700,7700,29559,0,55,86.56575810125466,28.974618000006558,7657.69632599995,71028.64464291756
1769435407,50,,Aggregated,62.900000,0.000000,55,58,61,63,74,150,260,1400,3700,6700,7700,29608,0,55,86.50896251840675,28.974618000006558,7657.69632599995,71007.96112537153
1769435408,50,,Aggregated,63.100000,0.000000,55,58,61,63,74,150,260,1400,3700,6700,7700,29676,0,55,86.43479053443815,28.974618000006558,7657.69632599995,70986.25923305028
1769435409,50,,Aggregated,62.800000,0.000000,55,58,61,63,74,150,260,1400,3700,6700,7700,29746,0,55,86.35940418049444,28.974618000006558,7657.69632599995,70959.81200833725
1769435410,50,,Aggregated,62.600000,0.000000,55,58,61,63,74,150,260,1400,3700,6700,7700,29804,0,55,86.2923346964497,28.974618000006558,7657.69632599995,70934.2869077976
1769435411,50,,Aggregated,61.700000,0.000000,55,58,61,63,74,150,260,1400,3700,6700,7700,29869,0,55,86.21798573102497,28.974618000006558,7657.69632599995,70909.52167799391
1769435412,50,,Aggregated,62.300000,0.000000,55,58,61,63,74,150,260,1400,3700,6700,7700,29923,0,55,86.15566767606812,28.974618000006558,7657.69632599995,70885.69565217392
1769435413,50,,Aggregated,61.400000,0.000000,55,58,61,63,74,150,260,1400,3700,6700,7700,29987,0,55,86.08527896088256,28.974618000006558,7657.69632599995,70865.40951078801
1769435414,50,,Aggregated,60.900000,0.000000,55,58,61,63,74,150,260,1400,3600,6700,7700,30042,0,55,86.02226640090491,28.974618000006558,7657.69632599995,70847.1385393782
1769435415,50,,Aggregated,62.200000,0.000000,55,58,61,63,73,150,260,1400,3600,6700,7700,30112,0,55,85.94005953118304,28.974618000006558,7657.69632599995,70817.05393198725
1769435416,50,,Aggregated,61.000000,0.000000,55,58,61,63,73,150,260,1400,3600,6700,7700,30174,0,55,85.87298783386312,28.974618000006558,7657.69632599995,70802.32766620269
1769435417,50,,Aggregated,61.400000,0.000000,55,58,61,63,73,150,260,1400,3600,6700,7700,30236,0,55,85.81307721176694,28.974618000006558,7657.69632599995,70780.03935705782
1769435418,50,,Aggregated,61.500000,0.000000,55,58,61,63,73,150,260,1400,3600,6700,7700,30307,0,55,85.73908880958153,28.974618000006558,7657.69632599995,70753.29016398852
1769435419,50,,Aggregated,61.300000,0.000000,55,58,61,63,73,150,260,1400,3600,6700,7700,30369,0,55,85.6686446454275,28.974618000006558,7657.69632599995,70727.08630511377
1769435420,50,,Aggregated,61.700000,0.000000,55,58,61,63,73,150,260,1400,3600,6700,7700,30425,0,55,85.60241716239888,28.974618000006558,7657.69632599995,70710.34054231718
1769435421,50,,Aggregated,63.000000,0.000000,55,58,61,63,73,150,260,1400,3600,6700,7700,30485,0,55,85.53717551336672,28.974618000006558,7657.69632599995,70684.69483352469
1769435422,50,,Aggregated,62.700000,0.000000,55,58,61,63,73,150,260,1400,3600,6700,7700,30539,0,55,85.47810139699997,28.974618000006558,7657.69632599995,70664.2260715806
1769435423,50,,Aggregated,61.800000,0.000000,55,58,61,63,73,150,260,1400,3600,6700,7700,30613,0,55,85.3982808831863,28.974618000006558,7657.69632599995,70640.97713389737
1769435424,50,,Aggregated,61.200000,0.000000,55,58,61,63,73,150,260,1400,3600,6700,7700,30677,0,55,85.32870360132937,28.974618000006558,7657.69632599995,70617.75405026568
1769435425,50,,Aggregated,60.800000,0.000000,55,58,61,63,73,150,260,1400,3600,6700,7700,30736,0,55,85.26661013121365,28.974618000006558,7657.69632599995,70594.80973451327
1769435426,50,,Aggregated,61.800000,0.000000,55,58,60,63,73,140,260,1400,3600,6700,7700,30799,0,55,85.19521656001767,28.974618000006558,7657.69632599995,70570.55910906199
1769435427,50,,Aggregated,60.600000,0.000000,55,58,60,63,73,140,260,1400,3600,6700,7700,30867,0,55,85.1200239019336,28.974618000006558,7657.69632599995,70546.2664658049
1769435428,50,,Aggregated,60.800000,0.000000,55,58,60,63,73,140,260,1400,3600,6700,7700,30932,0,55,85.05174127366438,28.974618000006558,7657.69632599995,70529.26037760248
1769435429,50,,Aggregated,62.100000,0.000000,55,58,60,62,73,140,260,1400,3600,6700,7700,30998,0,55,84.9797116634295,28.974618000006558,7657.69632599995,70501.6268146332
1769435430,50,,Aggregated,62.000000,0.000000,55,58,60,62,73,140,260,1400,3600,6700,7700,31057,0,55,84.91827880728943,28.974618000006558,7657.69632599995,70479.49402711145
1769435431,50,,Aggregated,62.500000,0.000000,55,58,60,62,73,140,260,1400,3600,6700,7700,31121,0,55,84.85017469721386,28.974618000006558,7657.69632599995,70457.00832235468
1769435432,50,,Aggregated,62.500000,0.000000,55,58,60,62,73,140,260,1400,3600,6700,7700,31182,0,55,84.78632270117355,28.974618000006558,7657.69632599995,70442.69193765635
1769435433,50,,Aggregated,63.700000,0.000000,55,58,60,62,73,140,260,1400,3600,6700,7700,31258,0,55,84.7077773555567,28.974618000006558,7657.69632599995,70412.6774585706
1769435434,50,,Aggregated,63.900000,0.000000,55,58,60,62,73,140,260,1400,3600,6700,7700,31318,0,55,84.64400260157075,28.974618000006558,7657.69632599995,70396.22693019989
1769435435,50,,Aggregated,64.300000,0.000000,55,58,60,62,72,140,260,1400,3600,6700,7700,31393,0,55,84.56739047571094,28.974618000006558,7657.69632599995,70367.0879495429
1769435436,50,,Aggregated,63.800000,0.000000,55,58,60,62,72,140,260,1400,3600,6700,7700,31448,0,55,84.51300588310843,28.974618000006558,7657.69632599995,70345.854935131
1769435437,50,,Aggregated,65.000000,0.000000,55,58,60,62,72,140,260,1400,3600,6700,7700,31514,0,55,84.45066303966466,28.974618000006558,7657.69632599995,70327.70603541283
1769435438,50,,Aggregated,64.000000,0.000000,55,58,60,62,72,140,260,1400,3600,6700,7700,31580,0,55,84.38478140180473,28.974618000006558,7657.69632599995,70302.90949968334
1769435439,50,,Aggregated,64.900000,0.000000,55,58,60,62,72,140,260,1400,3600,6700,7700,31644,0,55,84.32689070401946,28.974618000006558,7657.69632599995,70283.64628365567
1769435440,50,,Aggregated,64.200000,0.000000,55,58,60,62,72,140,260,1400,3600,6700,7700,31716,0,55,84.2676266528879,28.974618000006558,7657.69632599995,70265.32289696053
1769435441,50,,Aggregated,64.000000,0.000000,55,58,60,62,72,140,260,1400,3600,6700,7700,31771,0,55,84.2167011428344,28.974618000006558,7657.69632599995,70252.94598848006
1769435442,50,,Aggregated,64.300000,0.000000,55,58,60,62,72,140,260,1400,3600,6700,7700,31823,0,55,84.17882127275846,28.974618000006558,7657.69632599995,70235.83606196776
1769435443,50,,Aggregated,64.000000,0.000000,55,58,60,62,72,140,260,1400,3600,6700,7700,31885,0,55,84.124168724102,28.974618000006558,7657.69632599995,70222.30697820292
1769435444,50,,Aggregated,63.800000,0.000000,55,58,60,62,72,140,260,1400,3600,6700,7700,31944,0,55,84.20793404129078,28.974618000006558,7657.69632599995,70313.98390934135
1769435445,50,,Aggregated,62.000000,0.000000,55,58,60,62,72,140,260,1400,3600,6700,7700,32007,0,55,84.1446543042457,28.974618000006558,7657.69632599995,70309.97666135532
1769435446,50,,Aggregated,62.200000,0.000000,55,58,60,62,72,140,260,1400,3600,6700,7700,32077,0,55,84.15288291398802,28.974618000006558,7657.69632599995,70367.10643139944
1769435447,50,,Aggregated,60.900000,0.000000,55,58,60,62,72,140,260,1400,3600,6700,7700,32129,0,55,84.10644465566918,28.974618000006558,7657.69632599995,70356.20324317594
1769435448,50,,Aggregated,61.500000,0.000000,55,58,60,62,72,140,260,1400,3600,6700,7700,32192,0,55,84.06758161738928,28.974618000006558,7657.69632599995,70332.17656560637
1769435449,50,,Aggregated,60.400000,0.000000,55,58,60,62,72,140,260,1400,3600,6700,7700,32247,0,55,84.08445676199327,28.974618000006558,7657.69632599995,70366.77579309703
1769435450,50,,Aggregated,60.300000,0.000000,55,58,60,62,72,140,260,1400,3600,6700,7700,32300,0,55,84.04212591941173,28.974618000006558,7657.69632599995,70368.68281733747
1769435451,50,,Aggregated,60.100000,0.000000,55,58,60,62,72,140,260,1400,3600,6700,7700,32365,0,55,84.0588324231423,28.974618000006558,7657.69632599995,70393.72930634946
1769435452,50,,Aggregated,59.700000,0.000000,55,58,60,62,72,140,260,1400,3600,6700,7700,32410,0,55,84.14177989376736,28.974618000006558,7657.69632599995,70450.85921012034
1769435453,50,,Aggregated,58.500000,0.000000,55,58,60,62,72,140,260,1400,3600,6700,7700,32471,0,55,84.1855891776354,28.974618000006558,7657.69632599995,70464.60450863848
1769435454,50,,Aggregated,58.700000,0.000000,55,58,60,62,72,140,260,1400,3600,6700,7700,32517,0,55,84.29902268653312,28.974618000006558,7657.69632599995,70579.70556939447
1769435455,50,,Aggregated,57.900000,0.000000,55,58,60,62,72,140,260,1400,3600,6700,7700,32571,0,55,84.34266193165692,28.974618000006558,7657.69632599995,70621.8608578183
1769435456,50,,Aggregated,57.700000,0.000000,55,58,60,62,72,140,260,1400,3600,6700,7700,32623,0,55,84.36959209315505,28.974618000006558,7657.69632599995,70660.79517518316
1769435457,50,,Aggregated,56.500000,0.000000,55,58,60,62,72,140,260,1400,3600,6700,7700,32649,0,55,84.42725015923907,28.974618000006558,7657.69632599995,70740.93803791847
1769435458,50,,Aggregated,55.400000,0.000000,55,58,60,62,72,140,260,1400,3600,6700,7700,32700,0,55,84.64145145941883,28.974618000006558,7657.69632599995,70915.6841590214
1769435459,50,,Aggregated,54.000000,0.000000,55,58,60,62,73,140,260,1400,3600,6700,7700,32745,0,55,84.87955929479297,28.974618000006558,7657.69632599995,71042.63108871583
1769435460,50,,Aggregated,51.400000,0.000000,55,58,60,62,73,150,260,1400,3600,6700,7700,32791,0,55,84.97922216971111,28.974618000006558,7657.69632599995,71123.14073983715
1769435461,50,,Aggregated,49.300000,0.000000,55,58,60,62,73,150,260,1400,3600,6700,7700,32838,0,55,85.3147936651135,28.974618000006558,7657.69632599995,71293.22138985322
1769435462,50,,Aggregated,47.800000,0.000000,55,58,60,62,73,150,260,1400,3600,6700,7700,32885,0,55,85.32014994298302,28.974618000006558,7657.69632599995,71301.41620799756
1769435463,50,,Aggregated,47.400000,0.000000,55,58,60,62,73,150,260,1400,3600,6700,7700,32926,0,55,85.40463910505368,28.974618000006558,7657.69632599995,71372.52915628986
1769435464,50,,Aggregated,46.300000,0.000000,55,58,60,62,73,150,260,1400,3600,6700,7700,32975,0,55,85.4775017115087,28.974618000006558,7657.69632599995,71402.01610310841
1769435465,50,,Aggregated,46.600000,0.000000,55,58,60,62,73,150,260,1400,3600,6700,7700,33027,0,55,85.63881066481969,28.974618000006558,7657.69632599995,71500.93435673842
1769435466,50,,Aggregated,44.600000,0.000000,55,58,60,62,73,150,260,1400,3600,6700,7700,33070,0,55,85.66324976020562,28.974618000006558,7657.69632599995,71489.45890535228
1769435468,50,,Aggregated,45.000000,0.000000,55,58,60,63,73,150,260,1400,3600,6700,7700,33127,0,55,85.78772933827389,28.974618000006558,7657.69632599995,71550.00658073474
1769435469,50,,Aggregated,45.300000,0.000000,55,58,60,63,74,150,260,1400,3600,6700,7700,33176,0,55,85.91726678888355,28.974618000006558,7657.69632599995,71633.18609838438
1769435470,50,,Aggregated,46.500000,0.000000,55,58,60,63,74,150,260,1400,3600,6700,7700,33236,0,55,85.97736963759176,28.974618000006558,7657.69632599995,71645.83590083043
1769435471,50,,Aggregated,47.200000,0.000000,55,58,60,63,74,150,260,1400,3600,6700,7700,33290,0,55,85.94550164815266,28.974618000006558,7657.69632599995,71641.68281766296
1769435472,50,,Aggregated,48.500000,0.000000,55,58,60,63,74,150,260,1400,3600,6700,7700,33354,0,55,85.94698906068243,28.974618000006558,7657.69632599995,71651.29906457996
1769435473,50,,Aggregated,48.900000,0.000000,55,58,60,63,74,150,260,1400,3600,6700,7700,33403,0,55,85.91984786243749,28.974618000006558,7657.69632599995,71644.19085112115
1769435474,50,,Aggregated,50.600000,0.000000,55,58,60,63,74,150,260,1400,3600,6700,7700,33472,0,55,85.98675891646752,28.974618000006558,7657.69632599995,71687.55183436902
1769435475,50,,Aggregated,50.800000,0.000000,55,58,60,63,74,150,260,1400,3600,6700,7700,33533,0,55,85.96176068332692,28.974618000006558,7657.69632599995,71665.34106700862
1769435476,50,,Aggregated,53.000000,0.000000,55,58,60,63,74,150,260,1400,3600,6700,7700,33586,0,55,85.95791769022807,28.974618000006558,7657.69632599995,71680.23092955397
1769435477,50,,Aggregated,53.700000,0.000000,55,58,60,63,74,150,260,1400,3600,6700,7700,33631,0,55,85.91805508162108,28.974618000006558,7657.69632599995,71664.89206386964
1769435478,50,,Aggregated,54.000000,0.000000,55,58,60,63,74,150,260,1400,3600,6700,7700,33701,0,55,85.87295650301175,28.974618000006558,7657.69632599995,71641.19889617519
1769435479,50,,Aggregated,54.700000,0.000000,55,58,60,63,74,150,260,1400,3600,6700,7700,33753,0,55,85.86929507048264,28.974618000006558,7657.69632599995,71656.70772968329
1769435480,50,,Aggregated,56.300000,0.000000,55,58,60,63,74,150,260,1400,3600,6700,7700,33821,0,55,85.83528683176137,28.974618000006558,7657.69632599995,71627.77865823009
1769435481,50,,Aggregated,56.700000,0.000000,55,58,60,63,74,150,260,1400,3600,6700,7700,33890,0,55,85.77401867403367,28.974618000006558,7657.69632599995,71605.78946591915
1769435482,50,,Aggregated,57.300000,0.000000,55,58,60,63,74,150,260,1400,3600,6700,7700,33950,0,55,85.71457833431515,28.974618000006558,7657.69632599995,71582.71357879235
1769435483,50,,Aggregated,57.900000,0.000000,55,58,60,63,74,150,260,1400,3500,6700,7700,34018,0,55,85.6855475238403,28.974618000006558,7657.69632599995,71557.78164501146
1769435484,50,,Aggregated,57.800000,0.000000,55,58,60,63,74,150,260,1400,3500,6700,7700,34078,0,55,85.63670298609065,28.974618000006558,7657.69632599995,71535.24957450555
1769435485,50,,Aggregated,58.700000,0.000000,55,58,60,63,74,150,260,1400,3500,6700,7700,34143,0,55,85.57358790750656,28.974618000006558,7657.69632599995,71509.27897372814
1769435486,50,,Aggregated,58.500000,0.000000,55,58,60,62,74,150,260,1400,3500,6700,7700,34217,0,55,85.50093578534054,28.974618000006558,7657.69632599995,71481.7599146623
1769435487,50,,Aggregated,58.800000,0.000000,55,58,60,62,74,150,260,1400,3500,6700,7700,34264,0,55,85.46443721836327,28.974618000006558,7657.69632599995,71462.61233364465
1769435488,50,,Aggregated,59.000000,0.000000,55,58,60,62,74,150,260,1400,3500,6700,7700,34322,0,55,85.41154351346073,28.974618000006558,7657.69632599995,71441.83176971039
1769435489,50,,Aggregated,59.800000,0.000000,55,58,60,62,74,150,260,1400,3500,6700,7700,34381,0,55,85.35675287961371,28.974618000006558,7657.69632599995,71418.40237340392
1769435490,50,,Aggregated,59.500000,0.000000,55,58,60,62,74,150,260,1400,3500,6700,7700,34445,0,55,85.29821036371018,28.974618000006558,7657.69632599995,71392.31885614748
